question,arch,recipe_actual,map_basis,variant,subject,comparator,statistic,value,n,reference,note
Q1_concentration,vit_base,mixup,canon,baseline,legacy-nomixdir,ties,n_distinct_values,161,196,196 positions,few distinct values = ties dominate any Spearman
Q1_concentration,vit_base,mixup,canon,baseline,legacy-nomixdir,ties,zero_fraction,0.005102,196,0.0 = no empty positions,fraction of positions never a sink
Q1_concentration,vit_base,mixup,canon,baseline,legacy-nomixdir,uniform,entropy_bits,6.939065,196,uniform=7.6147,
Q1_concentration,vit_base,mixup,canon,baseline,legacy-nomixdir,uniform,entropy_normalized,0.911271,196,uniform=1.0,
Q1_concentration,vit_base,mixup,canon,baseline,legacy-nomixdir,uniform,gini,0.516226,196,"uniform=0.0, one-hot=0.9949",
Q1_concentration,vit_base,mixup,canon,baseline,legacy-nomixdir,uniform,top5_share,0.15122,196,uniform=0.02551,
Q1_concentration,vit_base,mixup,canon,baseline,legacy-nomixdir,uniform,top20_share,0.379761,196,uniform=0.10204,
Q1_concentration,vit_base,mixup,canon,baseline,legacy-nomixdir,uniform,total_mass,5.5211,196,mean sinks/image (no uniform ref),
Q1_concentration,vit_base,mixup,canon,baseline,legacy-nomixdir,uniform,top10_positions,169 180 26 15 20 170 174 179 166 82,196,,highest-frequency positions
Q1_concentration,vit_base,mixup,canon,baseline,s1,ties,n_distinct_values,175,196,196 positions,few distinct values = ties dominate any Spearman
Q1_concentration,vit_base,mixup,canon,baseline,s1,ties,zero_fraction,0.0,196,0.0 = no empty positions,fraction of positions never a sink
Q1_concentration,vit_base,mixup,canon,baseline,s1,uniform,entropy_bits,7.32289,196,uniform=7.6147,
Q1_concentration,vit_base,mixup,canon,baseline,s1,uniform,entropy_normalized,0.961677,196,uniform=1.0,
Q1_concentration,vit_base,mixup,canon,baseline,s1,uniform,gini,0.33838,196,"uniform=0.0, one-hot=0.9949",
Q1_concentration,vit_base,mixup,canon,baseline,s1,uniform,top5_share,0.101808,196,uniform=0.02551,
Q1_concentration,vit_base,mixup,canon,baseline,s1,uniform,top20_share,0.270736,196,uniform=0.10204,
Q1_concentration,vit_base,mixup,canon,baseline,s1,uniform,total_mass,11.2859,196,mean sinks/image (no uniform ref),
Q1_concentration,vit_base,mixup,canon,baseline,s1,uniform,top10_positions,15 26 169 25 180 21 43 179 16 141,196,,highest-frequency positions
Q1_concentration,vit_base,mixup,canon,baseline,MEAN,uniform,entropy_bits,7.130977,2,uniform=7.6147,mean over repeats
Q1_concentration,vit_base,mixup,canon,baseline,MEAN,uniform,entropy_normalized,0.936474,2,uniform=1.0,mean over repeats
Q1_concentration,vit_base,mixup,canon,baseline,MEAN,uniform,gini,0.427303,2,"uniform=0.0, one-hot=0.9949",mean over repeats
Q1_concentration,vit_base,mixup,canon,baseline,MEAN,uniform,top5_share,0.126514,2,uniform=0.02551,mean over repeats
Q1_concentration,vit_base,mixup,canon,baseline,MEAN,uniform,top20_share,0.325249,2,uniform=0.10204,mean over repeats
Q1_concentration,vit_base,mixup,canon,baseline,MEAN,uniform,total_mass,8.4035,2,mean sinks/image (no uniform ref),mean over repeats
Q1_concentration,vit_base,mixup,mad,baseline,legacy-nomixdir,ties,n_distinct_values,177,196,196 positions,few distinct values = ties dominate any Spearman
Q1_concentration,vit_base,mixup,mad,baseline,legacy-nomixdir,ties,zero_fraction,0.0,196,0.0 = no empty positions,fraction of positions never a sink
Q1_concentration,vit_base,mixup,mad,baseline,legacy-nomixdir,uniform,entropy_bits,7.332646,196,uniform=7.6147,
Q1_concentration,vit_base,mixup,mad,baseline,legacy-nomixdir,uniform,entropy_normalized,0.962958,196,uniform=1.0,
Q1_concentration,vit_base,mixup,mad,baseline,legacy-nomixdir,uniform,gini,0.335009,196,"uniform=0.0, one-hot=0.9949",
Q1_concentration,vit_base,mixup,mad,baseline,legacy-nomixdir,uniform,top5_share,0.098487,196,uniform=0.02551,
Q1_concentration,vit_base,mixup,mad,baseline,legacy-nomixdir,uniform,top20_share,0.271143,196,uniform=0.10204,
Q1_concentration,vit_base,mixup,mad,baseline,legacy-nomixdir,uniform,total_mass,10.3049,196,mean sinks/image (no uniform ref),
Q1_concentration,vit_base,mixup,mad,baseline,legacy-nomixdir,uniform,top10_positions,169 180 26 15 20 170 174 179 166 82,196,,highest-frequency positions
Q1_concentration,vit_base,mixup,mad,baseline,s1,ties,n_distinct_values,171,196,196 positions,few distinct values = ties dominate any Spearman
Q1_concentration,vit_base,mixup,mad,baseline,s1,ties,zero_fraction,0.0,196,0.0 = no empty positions,fraction of positions never a sink
Q1_concentration,vit_base,mixup,mad,baseline,s1,uniform,entropy_bits,7.160979,196,uniform=7.6147,
Q1_concentration,vit_base,mixup,mad,baseline,s1,uniform,entropy_normalized,0.940414,196,uniform=1.0,
Q1_concentration,vit_base,mixup,mad,baseline,s1,uniform,gini,0.429528,196,"uniform=0.0, one-hot=0.9949",
Q1_concentration,vit_base,mixup,mad,baseline,s1,uniform,top5_share,0.120844,196,uniform=0.02551,
Q1_concentration,vit_base,mixup,mad,baseline,s1,uniform,top20_share,0.316304,196,uniform=0.10204,
Q1_concentration,vit_base,mixup,mad,baseline,s1,uniform,total_mass,9.5247,196,mean sinks/image (no uniform ref),
Q1_concentration,vit_base,mixup,mad,baseline,s1,uniform,top10_positions,15 26 169 25 180 179 21 43 16 20,196,,highest-frequency positions
Q1_concentration,vit_base,mixup,mad,baseline,MEAN,uniform,entropy_bits,7.246812,2,uniform=7.6147,mean over repeats
Q1_concentration,vit_base,mixup,mad,baseline,MEAN,uniform,entropy_normalized,0.951686,2,uniform=1.0,mean over repeats
Q1_concentration,vit_base,mixup,mad,baseline,MEAN,uniform,gini,0.382268,2,"uniform=0.0, one-hot=0.9949",mean over repeats
Q1_concentration,vit_base,mixup,mad,baseline,MEAN,uniform,top5_share,0.109665,2,uniform=0.02551,mean over repeats
Q1_concentration,vit_base,mixup,mad,baseline,MEAN,uniform,top20_share,0.293723,2,uniform=0.10204,mean over repeats
Q1_concentration,vit_base,mixup,mad,baseline,MEAN,uniform,total_mass,9.9148,2,mean sinks/image (no uniform ref),mean over repeats
Q1_concentration,vit_base,mixup,canon,registers,legacy-nomixdir,ties,n_distinct_values,9,196,196 positions,few distinct values = ties dominate any Spearman
Q1_concentration,vit_base,mixup,canon,registers,legacy-nomixdir,ties,zero_fraction,0.403061,196,0.0 = no empty positions,fraction of positions never a sink
Q1_concentration,vit_base,mixup,canon,registers,legacy-nomixdir,uniform,entropy_bits,6.515495,196,uniform=7.6147,
Q1_concentration,vit_base,mixup,canon,registers,legacy-nomixdir,uniform,entropy_normalized,0.855646,196,uniform=1.0,
Q1_concentration,vit_base,mixup,canon,registers,legacy-nomixdir,uniform,gini,0.613011,196,"uniform=0.0, one-hot=0.9949",
Q1_concentration,vit_base,mixup,canon,registers,legacy-nomixdir,uniform,top5_share,0.171674,196,uniform=0.02551,
Q1_concentration,vit_base,mixup,canon,registers,legacy-nomixdir,uniform,top20_share,0.403433,196,uniform=0.10204,
Q1_concentration,vit_base,mixup,canon,registers,legacy-nomixdir,uniform,total_mass,0.0233,196,mean sinks/image (no uniform ref),
Q1_concentration,vit_base,mixup,canon,registers,legacy-nomixdir,uniform,top10_positions,2 7 16 17 3 25 192 6 11 24,196,,highest-frequency positions
Q1_concentration,vit_base,mixup,canon,registers,MEAN,uniform,entropy_bits,6.515495,1,uniform=7.6147,mean over repeats
Q1_concentration,vit_base,mixup,canon,registers,MEAN,uniform,entropy_normalized,0.855646,1,uniform=1.0,mean over repeats
Q1_concentration,vit_base,mixup,canon,registers,MEAN,uniform,gini,0.613011,1,"uniform=0.0, one-hot=0.9949",mean over repeats
Q1_concentration,vit_base,mixup,canon,registers,MEAN,uniform,top5_share,0.171674,1,uniform=0.02551,mean over repeats
Q1_concentration,vit_base,mixup,canon,registers,MEAN,uniform,top20_share,0.403433,1,uniform=0.10204,mean over repeats
Q1_concentration,vit_base,mixup,canon,registers,MEAN,uniform,total_mass,0.0233,1,mean sinks/image (no uniform ref),mean over repeats
Q1_concentration,vit_base,mixup,mad,registers,legacy-nomixdir,ties,n_distinct_values,77,196,196 positions,few distinct values = ties dominate any Spearman
Q1_concentration,vit_base,mixup,mad,registers,legacy-nomixdir,ties,zero_fraction,0.0,196,0.0 = no empty positions,fraction of positions never a sink
Q1_concentration,vit_base,mixup,mad,registers,legacy-nomixdir,uniform,entropy_bits,7.551112,196,uniform=7.6147,
Q1_concentration,vit_base,mixup,mad,registers,legacy-nomixdir,uniform,entropy_normalized,0.991648,196,uniform=1.0,
Q1_concentration,vit_base,mixup,mad,registers,legacy-nomixdir,uniform,gini,0.166798,196,"uniform=0.0, one-hot=0.9949",
Q1_concentration,vit_base,mixup,mad,registers,legacy-nomixdir,uniform,top5_share,0.047763,196,uniform=0.02551,
Q1_concentration,vit_base,mixup,mad,registers,legacy-nomixdir,uniform,top20_share,0.16747,196,uniform=0.10204,
Q1_concentration,vit_base,mixup,mad,registers,legacy-nomixdir,uniform,total_mass,1.3274,196,mean sinks/image (no uniform ref),
Q1_concentration,vit_base,mixup,mad,registers,legacy-nomixdir,uniform,top10_positions,2 17 7 8 16 40 3 54 19 10,196,,highest-frequency positions
Q1_concentration,vit_base,mixup,mad,registers,MEAN,uniform,entropy_bits,7.551112,1,uniform=7.6147,mean over repeats
Q1_concentration,vit_base,mixup,mad,registers,MEAN,uniform,entropy_normalized,0.991648,1,uniform=1.0,mean over repeats
Q1_concentration,vit_base,mixup,mad,registers,MEAN,uniform,gini,0.166798,1,"uniform=0.0, one-hot=0.9949",mean over repeats
Q1_concentration,vit_base,mixup,mad,registers,MEAN,uniform,top5_share,0.047763,1,uniform=0.02551,mean over repeats
Q1_concentration,vit_base,mixup,mad,registers,MEAN,uniform,top20_share,0.16747,1,uniform=0.10204,mean over repeats
Q1_concentration,vit_base,mixup,mad,registers,MEAN,uniform,total_mass,1.3274,1,mean sinks/image (no uniform ref),mean over repeats
Q1_concentration,vit_base,mixup,canon,saga,legacy-nomixdir,ties,n_distinct_values,156,196,196 positions,few distinct values = ties dominate any Spearman
Q1_concentration,vit_base,mixup,canon,saga,legacy-nomixdir,ties,zero_fraction,0.010204,196,0.0 = no empty positions,fraction of positions never a sink
Q1_concentration,vit_base,mixup,canon,saga,legacy-nomixdir,uniform,entropy_bits,6.998107,196,uniform=7.6147,
Q1_concentration,vit_base,mixup,canon,saga,legacy-nomixdir,uniform,entropy_normalized,0.919025,196,uniform=1.0,
Q1_concentration,vit_base,mixup,canon,saga,legacy-nomixdir,uniform,gini,0.49918,196,"uniform=0.0, one-hot=0.9949",
Q1_concentration,vit_base,mixup,canon,saga,legacy-nomixdir,uniform,top5_share,0.128326,196,uniform=0.02551,
Q1_concentration,vit_base,mixup,canon,saga,legacy-nomixdir,uniform,top20_share,0.352415,196,uniform=0.10204,
Q1_concentration,vit_base,mixup,canon,saga,legacy-nomixdir,uniform,total_mass,4.886,196,mean sinks/image (no uniform ref),
Q1_concentration,vit_base,mixup,canon,saga,legacy-nomixdir,uniform,top10_positions,26 16 180 15 54 29 17 40 166 25,196,,highest-frequency positions
Q1_concentration,vit_base,mixup,canon,saga,s1,ties,n_distinct_values,155,196,196 positions,few distinct values = ties dominate any Spearman
Q1_concentration,vit_base,mixup,canon,saga,s1,ties,zero_fraction,0.0,196,0.0 = no empty positions,fraction of positions never a sink
Q1_concentration,vit_base,mixup,canon,saga,s1,uniform,entropy_bits,6.95634,196,uniform=7.6147,
Q1_concentration,vit_base,mixup,canon,saga,s1,uniform,entropy_normalized,0.91354,196,uniform=1.0,
Q1_concentration,vit_base,mixup,canon,saga,s1,uniform,gini,0.503972,196,"uniform=0.0, one-hot=0.9949",
Q1_concentration,vit_base,mixup,canon,saga,s1,uniform,top5_share,0.16048,196,uniform=0.02551,
Q1_concentration,vit_base,mixup,canon,saga,s1,uniform,top20_share,0.37793,196,uniform=0.10204,
Q1_concentration,vit_base,mixup,canon,saga,s1,uniform,total_mass,4.1812,196,mean sinks/image (no uniform ref),
Q1_concentration,vit_base,mixup,canon,saga,s1,uniform,top10_positions,26 15 16 180 169 20 21 152 71 127,196,,highest-frequency positions
Q1_concentration,vit_base,mixup,canon,saga,MEAN,uniform,entropy_bits,6.977223,2,uniform=7.6147,mean over repeats
Q1_concentration,vit_base,mixup,canon,saga,MEAN,uniform,entropy_normalized,0.916282,2,uniform=1.0,mean over repeats
Q1_concentration,vit_base,mixup,canon,saga,MEAN,uniform,gini,0.501576,2,"uniform=0.0, one-hot=0.9949",mean over repeats
Q1_concentration,vit_base,mixup,canon,saga,MEAN,uniform,top5_share,0.144403,2,uniform=0.02551,mean over repeats
Q1_concentration,vit_base,mixup,canon,saga,MEAN,uniform,top20_share,0.365172,2,uniform=0.10204,mean over repeats
Q1_concentration,vit_base,mixup,canon,saga,MEAN,uniform,total_mass,4.5336,2,mean sinks/image (no uniform ref),mean over repeats
Q1_concentration,vit_base,mixup,mad,saga,legacy-nomixdir,ties,n_distinct_values,172,196,196 positions,few distinct values = ties dominate any Spearman
Q1_concentration,vit_base,mixup,mad,saga,legacy-nomixdir,ties,zero_fraction,0.0,196,0.0 = no empty positions,fraction of positions never a sink
Q1_concentration,vit_base,mixup,mad,saga,legacy-nomixdir,uniform,entropy_bits,7.508535,196,uniform=7.6147,
Q1_concentration,vit_base,mixup,mad,saga,legacy-nomixdir,uniform,entropy_normalized,0.986057,196,uniform=1.0,
Q1_concentration,vit_base,mixup,mad,saga,legacy-nomixdir,uniform,gini,0.208738,196,"uniform=0.0, one-hot=0.9949",
Q1_concentration,vit_base,mixup,mad,saga,legacy-nomixdir,uniform,top5_share,0.060625,196,uniform=0.02551,
Q1_concentration,vit_base,mixup,mad,saga,legacy-nomixdir,uniform,top20_share,0.192768,196,uniform=0.10204,
Q1_concentration,vit_base,mixup,mad,saga,legacy-nomixdir,uniform,total_mass,15.1737,196,mean sinks/image (no uniform ref),
Q1_concentration,vit_base,mixup,mad,saga,legacy-nomixdir,uniform,top10_positions,26 16 180 29 15 54 40 166 17 25,196,,highest-frequency positions
Q1_concentration,vit_base,mixup,mad,saga,s1,ties,n_distinct_values,173,196,196 positions,few distinct values = ties dominate any Spearman
Q1_concentration,vit_base,mixup,mad,saga,s1,ties,zero_fraction,0.0,196,0.0 = no empty positions,fraction of positions never a sink
Q1_concentration,vit_base,mixup,mad,saga,s1,uniform,entropy_bits,7.545442,196,uniform=7.6147,
Q1_concentration,vit_base,mixup,mad,saga,s1,uniform,entropy_normalized,0.990903,196,uniform=1.0,
Q1_concentration,vit_base,mixup,mad,saga,s1,uniform,gini,0.162611,196,"uniform=0.0, one-hot=0.9949",
Q1_concentration,vit_base,mixup,mad,saga,s1,uniform,top5_share,0.05672,196,uniform=0.02551,
Q1_concentration,vit_base,mixup,mad,saga,s1,uniform,top20_share,0.171892,196,uniform=0.10204,
Q1_concentration,vit_base,mixup,mad,saga,s1,uniform,total_mass,18.66,196,mean sinks/image (no uniform ref),
Q1_concentration,vit_base,mixup,mad,saga,s1,uniform,top10_positions,26 15 16 180 20 169 21 71 25 17,196,,highest-frequency positions
Q1_concentration,vit_base,mixup,mad,saga,MEAN,uniform,entropy_bits,7.526988,2,uniform=7.6147,mean over repeats
Q1_concentration,vit_base,mixup,mad,saga,MEAN,uniform,entropy_normalized,0.98848,2,uniform=1.0,mean over repeats
Q1_concentration,vit_base,mixup,mad,saga,MEAN,uniform,gini,0.185674,2,"uniform=0.0, one-hot=0.9949",mean over repeats
Q1_concentration,vit_base,mixup,mad,saga,MEAN,uniform,top5_share,0.058672,2,uniform=0.02551,mean over repeats
Q1_concentration,vit_base,mixup,mad,saga,MEAN,uniform,top20_share,0.18233,2,uniform=0.10204,mean over repeats
Q1_concentration,vit_base,mixup,mad,saga,MEAN,uniform,total_mass,16.91685,2,mean sinks/image (no uniform ref),mean over repeats
Q1_concentration,vit_small,mixup,canon,baseline,legacy-mixupdir,ties,n_distinct_values,181,196,196 positions,few distinct values = ties dominate any Spearman
Q1_concentration,vit_small,mixup,canon,baseline,legacy-mixupdir,ties,zero_fraction,0.0,196,0.0 = no empty positions,fraction of positions never a sink
Q1_concentration,vit_small,mixup,canon,baseline,legacy-mixupdir,uniform,entropy_bits,7.452863,196,uniform=7.6147,
Q1_concentration,vit_small,mixup,canon,baseline,legacy-mixupdir,uniform,entropy_normalized,0.978746,196,uniform=1.0,
Q1_concentration,vit_small,mixup,canon,baseline,legacy-mixupdir,uniform,gini,0.261652,196,"uniform=0.0, one-hot=0.9949",
Q1_concentration,vit_small,mixup,canon,baseline,legacy-mixupdir,uniform,top5_share,0.066078,196,uniform=0.02551,
Q1_concentration,vit_small,mixup,canon,baseline,legacy-mixupdir,uniform,top20_share,0.210818,196,uniform=0.10204,
Q1_concentration,vit_small,mixup,canon,baseline,legacy-mixupdir,uniform,total_mass,15.391,196,mean sinks/image (no uniform ref),
Q1_concentration,vit_small,mixup,canon,baseline,legacy-mixupdir,uniform,top10_positions,15 26 169 180 17 40 30 39 25 16,196,,highest-frequency positions
Q1_concentration,vit_small,mixup,canon,baseline,legacy-nomixdir,ties,n_distinct_values,180,196,196 positions,few distinct values = ties dominate any Spearman
Q1_concentration,vit_small,mixup,canon,baseline,legacy-nomixdir,ties,zero_fraction,0.0,196,0.0 = no empty positions,fraction of positions never a sink
Q1_concentration,vit_small,mixup,canon,baseline,legacy-nomixdir,uniform,entropy_bits,7.443065,196,uniform=7.6147,
Q1_concentration,vit_small,mixup,canon,baseline,legacy-nomixdir,uniform,entropy_normalized,0.977459,196,uniform=1.0,
Q1_concentration,vit_small,mixup,canon,baseline,legacy-nomixdir,uniform,gini,0.268556,196,"uniform=0.0, one-hot=0.9949",
Q1_concentration,vit_small,mixup,canon,baseline,legacy-nomixdir,uniform,top5_share,0.068784,196,uniform=0.02551,
Q1_concentration,vit_small,mixup,canon,baseline,legacy-nomixdir,uniform,top20_share,0.213237,196,uniform=0.10204,
Q1_concentration,vit_small,mixup,canon,baseline,legacy-nomixdir,uniform,total_mass,16.0066,196,mean sinks/image (no uniform ref),
Q1_concentration,vit_small,mixup,canon,baseline,legacy-nomixdir,uniform,top10_positions,26 15 180 169 16 25 54 29 179 40,196,,highest-frequency positions
Q1_concentration,vit_small,mixup,canon,baseline,s1,ties,n_distinct_values,180,196,196 positions,few distinct values = ties dominate any Spearman
Q1_concentration,vit_small,mixup,canon,baseline,s1,ties,zero_fraction,0.0,196,0.0 = no empty positions,fraction of positions never a sink
Q1_concentration,vit_small,mixup,canon,baseline,s1,uniform,entropy_bits,7.468972,196,uniform=7.6147,
Q1_concentration,vit_small,mixup,canon,baseline,s1,uniform,entropy_normalized,0.980861,196,uniform=1.0,
Q1_concentration,vit_small,mixup,canon,baseline,s1,uniform,gini,0.247725,196,"uniform=0.0, one-hot=0.9949",
Q1_concentration,vit_small,mixup,canon,baseline,s1,uniform,top5_share,0.066092,196,uniform=0.02551,
Q1_concentration,vit_small,mixup,canon,baseline,s1,uniform,top20_share,0.204644,196,uniform=0.10204,
Q1_concentration,vit_small,mixup,canon,baseline,s1,uniform,total_mass,19.6771,196,mean sinks/image (no uniform ref),
Q1_concentration,vit_small,mixup,canon,baseline,s1,uniform,top10_positions,15 26 180 169 25 29 17 40 16 24,196,,highest-frequency positions
Q1_concentration,vit_small,mixup,canon,baseline,s2,ties,n_distinct_values,180,196,196 positions,few distinct values = ties dominate any Spearman
Q1_concentration,vit_small,mixup,canon,baseline,s2,ties,zero_fraction,0.0,196,0.0 = no empty positions,fraction of positions never a sink
Q1_concentration,vit_small,mixup,canon,baseline,s2,uniform,entropy_bits,7.431189,196,uniform=7.6147,
Q1_concentration,vit_small,mixup,canon,baseline,s2,uniform,entropy_normalized,0.975899,196,uniform=1.0,
Q1_concentration,vit_small,mixup,canon,baseline,s2,uniform,gini,0.277896,196,"uniform=0.0, one-hot=0.9949",
Q1_concentration,vit_small,mixup,canon,baseline,s2,uniform,top5_share,0.070128,196,uniform=0.02551,
Q1_concentration,vit_small,mixup,canon,baseline,s2,uniform,top20_share,0.222166,196,uniform=0.10204,
Q1_concentration,vit_small,mixup,canon,baseline,s2,uniform,total_mass,14.8443,196,mean sinks/image (no uniform ref),
Q1_concentration,vit_small,mixup,canon,baseline,s2,uniform,top10_positions,26 15 40 29 180 169 25 16 30 21,196,,highest-frequency positions
Q1_concentration,vit_small,mixup,canon,baseline,MEAN,uniform,entropy_bits,7.449022,4,uniform=7.6147,mean over repeats
Q1_concentration,vit_small,mixup,canon,baseline,MEAN,uniform,entropy_normalized,0.978241,4,uniform=1.0,mean over repeats
Q1_concentration,vit_small,mixup,canon,baseline,MEAN,uniform,gini,0.263958,4,"uniform=0.0, one-hot=0.9949",mean over repeats
Q1_concentration,vit_small,mixup,canon,baseline,MEAN,uniform,top5_share,0.06777,4,uniform=0.02551,mean over repeats
Q1_concentration,vit_small,mixup,canon,baseline,MEAN,uniform,top20_share,0.212716,4,uniform=0.10204,mean over repeats
Q1_concentration,vit_small,mixup,canon,baseline,MEAN,uniform,total_mass,16.47975,4,mean sinks/image (no uniform ref),mean over repeats
Q1_concentration,vit_small,mixup,mad,baseline,legacy-mixupdir,ties,n_distinct_values,178,196,196 positions,few distinct values = ties dominate any Spearman
Q1_concentration,vit_small,mixup,mad,baseline,legacy-mixupdir,ties,zero_fraction,0.0,196,0.0 = no empty positions,fraction of positions never a sink
Q1_concentration,vit_small,mixup,mad,baseline,legacy-mixupdir,uniform,entropy_bits,7.425172,196,uniform=7.6147,
Q1_concentration,vit_small,mixup,mad,baseline,legacy-mixupdir,uniform,entropy_normalized,0.975109,196,uniform=1.0,
Q1_concentration,vit_small,mixup,mad,baseline,legacy-mixupdir,uniform,gini,0.284188,196,"uniform=0.0, one-hot=0.9949",
Q1_concentration,vit_small,mixup,mad,baseline,legacy-mixupdir,uniform,top5_share,0.070499,196,uniform=0.02551,
Q1_concentration,vit_small,mixup,mad,baseline,legacy-mixupdir,uniform,top20_share,0.220801,196,uniform=0.10204,
Q1_concentration,vit_small,mixup,mad,baseline,legacy-mixupdir,uniform,total_mass,13.8967,196,mean sinks/image (no uniform ref),
Q1_concentration,vit_small,mixup,mad,baseline,legacy-mixupdir,uniform,top10_positions,15 26 169 180 17 30 39 40 25 16,196,,highest-frequency positions
Q1_concentration,vit_small,mixup,mad,baseline,legacy-nomixdir,ties,n_distinct_values,176,196,196 positions,few distinct values = ties dominate any Spearman
Q1_concentration,vit_small,mixup,mad,baseline,legacy-nomixdir,ties,zero_fraction,0.0,196,0.0 = no empty positions,fraction of positions never a sink
Q1_concentration,vit_small,mixup,mad,baseline,legacy-nomixdir,uniform,entropy_bits,7.456759,196,uniform=7.6147,
Q1_concentration,vit_small,mixup,mad,baseline,legacy-nomixdir,uniform,entropy_normalized,0.979257,196,uniform=1.0,
Q1_concentration,vit_small,mixup,mad,baseline,legacy-nomixdir,uniform,gini,0.257624,196,"uniform=0.0, one-hot=0.9949",
Q1_concentration,vit_small,mixup,mad,baseline,legacy-nomixdir,uniform,top5_share,0.067068,196,uniform=0.02551,
Q1_concentration,vit_small,mixup,mad,baseline,legacy-nomixdir,uniform,top20_share,0.208856,196,uniform=0.10204,
Q1_concentration,vit_small,mixup,mad,baseline,legacy-nomixdir,uniform,total_mass,16.6488,196,mean sinks/image (no uniform ref),
Q1_concentration,vit_small,mixup,mad,baseline,legacy-nomixdir,uniform,top10_positions,26 15 180 169 16 25 54 29 179 40,196,,highest-frequency positions
Q1_concentration,vit_small,mixup,mad,baseline,s1,ties,n_distinct_values,186,196,196 positions,few distinct values = ties dominate any Spearman
Q1_concentration,vit_small,mixup,mad,baseline,s1,ties,zero_fraction,0.0,196,0.0 = no empty positions,fraction of positions never a sink
Q1_concentration,vit_small,mixup,mad,baseline,s1,uniform,entropy_bits,7.447654,196,uniform=7.6147,
Q1_concentration,vit_small,mixup,mad,baseline,s1,uniform,entropy_normalized,0.978061,196,uniform=1.0,
Q1_concentration,vit_small,mixup,mad,baseline,s1,uniform,gini,0.265989,196,"uniform=0.0, one-hot=0.9949",
Q1_concentration,vit_small,mixup,mad,baseline,s1,uniform,top5_share,0.069925,196,uniform=0.02551,
Q1_concentration,vit_small,mixup,mad,baseline,s1,uniform,top20_share,0.213428,196,uniform=0.10204,
Q1_concentration,vit_small,mixup,mad,baseline,s1,uniform,total_mass,18.2352,196,mean sinks/image (no uniform ref),
Q1_concentration,vit_small,mixup,mad,baseline,s1,uniform,top10_positions,15 26 180 169 25 29 40 17 24 16,196,,highest-frequency positions
Q1_concentration,vit_small,mixup,mad,baseline,s2,ties,n_distinct_values,176,196,196 positions,few distinct values = ties dominate any Spearman
Q1_concentration,vit_small,mixup,mad,baseline,s2,ties,zero_fraction,0.0,196,0.0 = no empty positions,fraction of positions never a sink
Q1_concentration,vit_small,mixup,mad,baseline,s2,uniform,entropy_bits,7.460255,196,uniform=7.6147,
Q1_concentration,vit_small,mixup,mad,baseline,s2,uniform,entropy_normalized,0.979716,196,uniform=1.0,
Q1_concentration,vit_small,mixup,mad,baseline,s2,uniform,gini,0.254638,196,"uniform=0.0, one-hot=0.9949",
Q1_concentration,vit_small,mixup,mad,baseline,s2,uniform,top5_share,0.066275,196,uniform=0.02551,
Q1_concentration,vit_small,mixup,mad,baseline,s2,uniform,top20_share,0.211547,196,uniform=0.10204,
Q1_concentration,vit_small,mixup,mad,baseline,s2,uniform,total_mass,16.2957,196,mean sinks/image (no uniform ref),
Q1_concentration,vit_small,mixup,mad,baseline,s2,uniform,top10_positions,26 15 29 40 180 169 25 16 30 21,196,,highest-frequency positions
Q1_concentration,vit_small,mixup,mad,baseline,MEAN,uniform,entropy_bits,7.44746,4,uniform=7.6147,mean over repeats
Q1_concentration,vit_small,mixup,mad,baseline,MEAN,uniform,entropy_normalized,0.978036,4,uniform=1.0,mean over repeats
Q1_concentration,vit_small,mixup,mad,baseline,MEAN,uniform,gini,0.26561,4,"uniform=0.0, one-hot=0.9949",mean over repeats
Q1_concentration,vit_small,mixup,mad,baseline,MEAN,uniform,top5_share,0.068442,4,uniform=0.02551,mean over repeats
Q1_concentration,vit_small,mixup,mad,baseline,MEAN,uniform,top20_share,0.213658,4,uniform=0.10204,mean over repeats
Q1_concentration,vit_small,mixup,mad,baseline,MEAN,uniform,total_mass,16.2691,4,mean sinks/image (no uniform ref),mean over repeats
Q1_concentration,vit_small,mixup,canon,registers,legacy-mixupdir,ties,n_distinct_values,105,196,196 positions,few distinct values = ties dominate any Spearman
Q1_concentration,vit_small,mixup,canon,registers,legacy-mixupdir,ties,zero_fraction,0.0,196,0.0 = no empty positions,fraction of positions never a sink
Q1_concentration,vit_small,mixup,canon,registers,legacy-mixupdir,uniform,entropy_bits,7.544604,196,uniform=7.6147,
Q1_concentration,vit_small,mixup,canon,registers,legacy-mixupdir,uniform,entropy_normalized,0.990793,196,uniform=1.0,
Q1_concentration,vit_small,mixup,canon,registers,legacy-mixupdir,uniform,gini,0.165231,196,"uniform=0.0, one-hot=0.9949",
Q1_concentration,vit_small,mixup,canon,registers,legacy-mixupdir,uniform,top5_share,0.045937,196,uniform=0.02551,
Q1_concentration,vit_small,mixup,canon,registers,legacy-mixupdir,uniform,top20_share,0.154647,196,uniform=0.10204,
Q1_concentration,vit_small,mixup,canon,registers,legacy-mixupdir,uniform,total_mass,2.5361,196,mean sinks/image (no uniform ref),
Q1_concentration,vit_small,mixup,canon,registers,legacy-mixupdir,uniform,top10_positions,15 29 40 16 26 43 54 25 90 152,196,,highest-frequency positions
Q1_concentration,vit_small,mixup,canon,registers,legacy-nomixdir,ties,n_distinct_values,107,196,196 positions,few distinct values = ties dominate any Spearman
Q1_concentration,vit_small,mixup,canon,registers,legacy-nomixdir,ties,zero_fraction,0.0,196,0.0 = no empty positions,fraction of positions never a sink
Q1_concentration,vit_small,mixup,canon,registers,legacy-nomixdir,uniform,entropy_bits,7.574297,196,uniform=7.6147,
Q1_concentration,vit_small,mixup,canon,registers,legacy-nomixdir,uniform,entropy_normalized,0.994693,196,uniform=1.0,
Q1_concentration,vit_small,mixup,canon,registers,legacy-nomixdir,uniform,gini,0.125685,196,"uniform=0.0, one-hot=0.9949",
Q1_concentration,vit_small,mixup,canon,registers,legacy-nomixdir,uniform,top5_share,0.042128,196,uniform=0.02551,
Q1_concentration,vit_small,mixup,canon,registers,legacy-nomixdir,uniform,top20_share,0.146573,196,uniform=0.10204,
Q1_concentration,vit_small,mixup,canon,registers,legacy-nomixdir,uniform,total_mass,3.5368,196,mean sinks/image (no uniform ref),
Q1_concentration,vit_small,mixup,canon,registers,legacy-nomixdir,uniform,top10_positions,26 29 15 16 25 40 82 19 57 20,196,,highest-frequency positions
Q1_concentration,vit_small,mixup,canon,registers,MEAN,uniform,entropy_bits,7.559451,2,uniform=7.6147,mean over repeats
Q1_concentration,vit_small,mixup,canon,registers,MEAN,uniform,entropy_normalized,0.992743,2,uniform=1.0,mean over repeats
Q1_concentration,vit_small,mixup,canon,registers,MEAN,uniform,gini,0.145458,2,"uniform=0.0, one-hot=0.9949",mean over repeats
Q1_concentration,vit_small,mixup,canon,registers,MEAN,uniform,top5_share,0.044033,2,uniform=0.02551,mean over repeats
Q1_concentration,vit_small,mixup,canon,registers,MEAN,uniform,top20_share,0.15061,2,uniform=0.10204,mean over repeats
Q1_concentration,vit_small,mixup,canon,registers,MEAN,uniform,total_mass,3.03645,2,mean sinks/image (no uniform ref),mean over repeats
Q1_concentration,vit_small,mixup,mad,registers,legacy-mixupdir,ties,n_distinct_values,118,196,196 positions,few distinct values = ties dominate any Spearman
Q1_concentration,vit_small,mixup,mad,registers,legacy-mixupdir,ties,zero_fraction,0.0,196,0.0 = no empty positions,fraction of positions never a sink
Q1_concentration,vit_small,mixup,mad,registers,legacy-mixupdir,uniform,entropy_bits,7.559244,196,uniform=7.6147,
Q1_concentration,vit_small,mixup,mad,registers,legacy-mixupdir,uniform,entropy_normalized,0.992716,196,uniform=1.0,
Q1_concentration,vit_small,mixup,mad,registers,legacy-mixupdir,uniform,gini,0.14943,196,"uniform=0.0, one-hot=0.9949",
Q1_concentration,vit_small,mixup,mad,registers,legacy-mixupdir,uniform,top5_share,0.044886,196,uniform=0.02551,
Q1_concentration,vit_small,mixup,mad,registers,legacy-mixupdir,uniform,top20_share,0.150032,196,uniform=0.10204,
Q1_concentration,vit_small,mixup,mad,registers,legacy-mixupdir,uniform,total_mass,3.8765,196,mean sinks/image (no uniform ref),
Q1_concentration,vit_small,mixup,mad,registers,legacy-mixupdir,uniform,top10_positions,15 29 40 16 26 43 54 25 90 76,196,,highest-frequency positions
Q1_concentration,vit_small,mixup,mad,registers,legacy-nomixdir,ties,n_distinct_values,121,196,196 positions,few distinct values = ties dominate any Spearman
Q1_concentration,vit_small,mixup,mad,registers,legacy-nomixdir,ties,zero_fraction,0.0,196,0.0 = no empty positions,fraction of positions never a sink
Q1_concentration,vit_small,mixup,mad,registers,legacy-nomixdir,uniform,entropy_bits,7.572288,196,uniform=7.6147,
Q1_concentration,vit_small,mixup,mad,registers,legacy-nomixdir,uniform,entropy_normalized,0.994429,196,uniform=1.0,
Q1_concentration,vit_small,mixup,mad,registers,legacy-nomixdir,uniform,gini,0.131849,196,"uniform=0.0, one-hot=0.9949",
Q1_concentration,vit_small,mixup,mad,registers,legacy-nomixdir,uniform,top5_share,0.040273,196,uniform=0.02551,
Q1_concentration,vit_small,mixup,mad,registers,legacy-nomixdir,uniform,top20_share,0.14646,196,uniform=0.10204,
Q1_concentration,vit_small,mixup,mad,registers,legacy-nomixdir,uniform,total_mass,4.0325,196,mean sinks/image (no uniform ref),
Q1_concentration,vit_small,mixup,mad,registers,legacy-nomixdir,uniform,top10_positions,15 25 29 16 26 77 82 90 57 105,196,,highest-frequency positions
Q1_concentration,vit_small,mixup,mad,registers,MEAN,uniform,entropy_bits,7.565766,2,uniform=7.6147,mean over repeats
Q1_concentration,vit_small,mixup,mad,registers,MEAN,uniform,entropy_normalized,0.993572,2,uniform=1.0,mean over repeats
Q1_concentration,vit_small,mixup,mad,registers,MEAN,uniform,gini,0.140639,2,"uniform=0.0, one-hot=0.9949",mean over repeats
Q1_concentration,vit_small,mixup,mad,registers,MEAN,uniform,top5_share,0.042579,2,uniform=0.02551,mean over repeats
Q1_concentration,vit_small,mixup,mad,registers,MEAN,uniform,top20_share,0.148246,2,uniform=0.10204,mean over repeats
Q1_concentration,vit_small,mixup,mad,registers,MEAN,uniform,total_mass,3.9545,2,mean sinks/image (no uniform ref),mean over repeats
Q1_concentration,vit_small,mixup,canon,saga,legacy-mixupdir,ties,n_distinct_values,159,196,196 positions,few distinct values = ties dominate any Spearman
Q1_concentration,vit_small,mixup,canon,saga,legacy-mixupdir,ties,zero_fraction,0.0,196,0.0 = no empty positions,fraction of positions never a sink
Q1_concentration,vit_small,mixup,canon,saga,legacy-mixupdir,uniform,entropy_bits,7.239201,196,uniform=7.6147,
Q1_concentration,vit_small,mixup,canon,saga,legacy-mixupdir,uniform,entropy_normalized,0.950686,196,uniform=1.0,
Q1_concentration,vit_small,mixup,canon,saga,legacy-mixupdir,uniform,gini,0.391818,196,"uniform=0.0, one-hot=0.9949",
Q1_concentration,vit_small,mixup,canon,saga,legacy-mixupdir,uniform,top5_share,0.107597,196,uniform=0.02551,
Q1_concentration,vit_small,mixup,canon,saga,legacy-mixupdir,uniform,top20_share,0.289645,196,uniform=0.10204,
Q1_concentration,vit_small,mixup,canon,saga,legacy-mixupdir,uniform,total_mass,5.4667,196,mean sinks/image (no uniform ref),
Q1_concentration,vit_small,mixup,canon,saga,legacy-mixupdir,uniform,top10_positions,15 26 180 169 29 21 40 54 20 166,196,,highest-frequency positions
Q1_concentration,vit_small,mixup,canon,saga,legacy-nomixdir,ties,n_distinct_values,173,196,196 positions,few distinct values = ties dominate any Spearman
Q1_concentration,vit_small,mixup,canon,saga,legacy-nomixdir,ties,zero_fraction,0.0,196,0.0 = no empty positions,fraction of positions never a sink
Q1_concentration,vit_small,mixup,canon,saga,legacy-nomixdir,uniform,entropy_bits,7.303269,196,uniform=7.6147,
Q1_concentration,vit_small,mixup,canon,saga,legacy-nomixdir,uniform,entropy_normalized,0.9591,196,uniform=1.0,
Q1_concentration,vit_small,mixup,canon,saga,legacy-nomixdir,uniform,gini,0.362853,196,"uniform=0.0, one-hot=0.9949",
Q1_concentration,vit_small,mixup,canon,saga,legacy-nomixdir,uniform,top5_share,0.089395,196,uniform=0.02551,
Q1_concentration,vit_small,mixup,canon,saga,legacy-nomixdir,uniform,top20_share,0.262719,196,uniform=0.10204,
Q1_concentration,vit_small,mixup,canon,saga,legacy-nomixdir,uniform,total_mass,9.6784,196,mean sinks/image (no uniform ref),
Q1_concentration,vit_small,mixup,canon,saga,legacy-nomixdir,uniform,top10_positions,15 26 16 25 169 180 29 17 38 18,196,,highest-frequency positions
Q1_concentration,vit_small,mixup,canon,saga,s1,ties,n_distinct_values,175,196,196 positions,few distinct values = ties dominate any Spearman
Q1_concentration,vit_small,mixup,canon,saga,s1,ties,zero_fraction,0.0,196,0.0 = no empty positions,fraction of positions never a sink
Q1_concentration,vit_small,mixup,canon,saga,s1,uniform,entropy_bits,7.309333,196,uniform=7.6147,
Q1_concentration,vit_small,mixup,canon,saga,s1,uniform,entropy_normalized,0.959896,196,uniform=1.0,
Q1_concentration,vit_small,mixup,canon,saga,s1,uniform,gini,0.355969,196,"uniform=0.0, one-hot=0.9949",
Q1_concentration,vit_small,mixup,canon,saga,s1,uniform,top5_share,0.093801,196,uniform=0.02551,
Q1_concentration,vit_small,mixup,canon,saga,s1,uniform,top20_share,0.26421,196,uniform=0.10204,
Q1_concentration,vit_small,mixup,canon,saga,s1,uniform,total_mass,10.3592,196,mean sinks/image (no uniform ref),
Q1_concentration,vit_small,mixup,canon,saga,s1,uniform,top10_positions,15 26 169 180 29 25 16 54 40 39,196,,highest-frequency positions
Q1_concentration,vit_small,mixup,canon,saga,s2,ties,n_distinct_values,172,196,196 positions,few distinct values = ties dominate any Spearman
Q1_concentration,vit_small,mixup,canon,saga,s2,ties,zero_fraction,0.0,196,0.0 = no empty positions,fraction of positions never a sink
Q1_concentration,vit_small,mixup,canon,saga,s2,uniform,entropy_bits,7.31162,196,uniform=7.6147,
Q1_concentration,vit_small,mixup,canon,saga,s2,uniform,entropy_normalized,0.960197,196,uniform=1.0,
Q1_concentration,vit_small,mixup,canon,saga,s2,uniform,gini,0.354291,196,"uniform=0.0, one-hot=0.9949",
Q1_concentration,vit_small,mixup,canon,saga,s2,uniform,top5_share,0.097476,196,uniform=0.02551,
Q1_concentration,vit_small,mixup,canon,saga,s2,uniform,top20_share,0.25715,196,uniform=0.10204,
Q1_concentration,vit_small,mixup,canon,saga,s2,uniform,total_mass,8.0984,196,mean sinks/image (no uniform ref),
Q1_concentration,vit_small,mixup,canon,saga,s2,uniform,top10_positions,15 26 169 180 29 16 21 40 20 17,196,,highest-frequency positions
Q1_concentration,vit_small,mixup,canon,saga,MEAN,uniform,entropy_bits,7.290856,4,uniform=7.6147,mean over repeats
Q1_concentration,vit_small,mixup,canon,saga,MEAN,uniform,entropy_normalized,0.95747,4,uniform=1.0,mean over repeats
Q1_concentration,vit_small,mixup,canon,saga,MEAN,uniform,gini,0.366233,4,"uniform=0.0, one-hot=0.9949",mean over repeats
Q1_concentration,vit_small,mixup,canon,saga,MEAN,uniform,top5_share,0.097067,4,uniform=0.02551,mean over repeats
Q1_concentration,vit_small,mixup,canon,saga,MEAN,uniform,top20_share,0.268431,4,uniform=0.10204,mean over repeats
Q1_concentration,vit_small,mixup,canon,saga,MEAN,uniform,total_mass,8.400675,4,mean sinks/image (no uniform ref),mean over repeats
Q1_concentration,vit_small,mixup,mad,saga,legacy-mixupdir,ties,n_distinct_values,171,196,196 positions,few distinct values = ties dominate any Spearman
Q1_concentration,vit_small,mixup,mad,saga,legacy-mixupdir,ties,zero_fraction,0.0,196,0.0 = no empty positions,fraction of positions never a sink
Q1_concentration,vit_small,mixup,mad,saga,legacy-mixupdir,uniform,entropy_bits,7.444079,196,uniform=7.6147,
Q1_concentration,vit_small,mixup,mad,saga,legacy-mixupdir,uniform,entropy_normalized,0.977592,196,uniform=1.0,
Q1_concentration,vit_small,mixup,mad,saga,legacy-mixupdir,uniform,gini,0.268431,196,"uniform=0.0, one-hot=0.9949",
Q1_concentration,vit_small,mixup,mad,saga,legacy-mixupdir,uniform,top5_share,0.072193,196,uniform=0.02551,
Q1_concentration,vit_small,mixup,mad,saga,legacy-mixupdir,uniform,top20_share,0.218982,196,uniform=0.10204,
Q1_concentration,vit_small,mixup,mad,saga,legacy-mixupdir,uniform,total_mass,11.5288,196,mean sinks/image (no uniform ref),
Q1_concentration,vit_small,mixup,mad,saga,legacy-mixupdir,uniform,top10_positions,26 15 180 169 29 40 54 21 20 25,196,,highest-frequency positions
Q1_concentration,vit_small,mixup,mad,saga,legacy-nomixdir,ties,n_distinct_values,177,196,196 positions,few distinct values = ties dominate any Spearman
Q1_concentration,vit_small,mixup,mad,saga,legacy-nomixdir,ties,zero_fraction,0.0,196,0.0 = no empty positions,fraction of positions never a sink
Q1_concentration,vit_small,mixup,mad,saga,legacy-nomixdir,uniform,entropy_bits,7.449538,196,uniform=7.6147,
Q1_concentration,vit_small,mixup,mad,saga,legacy-nomixdir,uniform,entropy_normalized,0.978309,196,uniform=1.0,
Q1_concentration,vit_small,mixup,mad,saga,legacy-nomixdir,uniform,gini,0.26444,196,"uniform=0.0, one-hot=0.9949",
Q1_concentration,vit_small,mixup,mad,saga,legacy-nomixdir,uniform,top5_share,0.069301,196,uniform=0.02551,
Q1_concentration,vit_small,mixup,mad,saga,legacy-nomixdir,uniform,top20_share,0.216317,196,uniform=0.10204,
Q1_concentration,vit_small,mixup,mad,saga,legacy-nomixdir,uniform,total_mass,15.769,196,mean sinks/image (no uniform ref),
Q1_concentration,vit_small,mixup,mad,saga,legacy-nomixdir,uniform,top10_positions,15 26 16 25 169 29 180 17 38 39,196,,highest-frequency positions
Q1_concentration,vit_small,mixup,mad,saga,s1,ties,n_distinct_values,178,196,196 positions,few distinct values = ties dominate any Spearman
Q1_concentration,vit_small,mixup,mad,saga,s1,ties,zero_fraction,0.0,196,0.0 = no empty positions,fraction of positions never a sink
Q1_concentration,vit_small,mixup,mad,saga,s1,uniform,entropy_bits,7.459177,196,uniform=7.6147,
Q1_concentration,vit_small,mixup,mad,saga,s1,uniform,entropy_normalized,0.979575,196,uniform=1.0,
Q1_concentration,vit_small,mixup,mad,saga,s1,uniform,gini,0.254013,196,"uniform=0.0, one-hot=0.9949",
Q1_concentration,vit_small,mixup,mad,saga,s1,uniform,top5_share,0.071062,196,uniform=0.02551,
Q1_concentration,vit_small,mixup,mad,saga,s1,uniform,top20_share,0.213987,196,uniform=0.10204,
Q1_concentration,vit_small,mixup,mad,saga,s1,uniform,total_mass,16.2113,196,mean sinks/image (no uniform ref),
Q1_concentration,vit_small,mixup,mad,saga,s1,uniform,top10_positions,15 26 169 180 29 16 25 54 40 20,196,,highest-frequency positions
Q1_concentration,vit_small,mixup,mad,saga,s2,ties,n_distinct_values,185,196,196 positions,few distinct values = ties dominate any Spearman
Q1_concentration,vit_small,mixup,mad,saga,s2,ties,zero_fraction,0.0,196,0.0 = no empty positions,fraction of positions never a sink
Q1_concentration,vit_small,mixup,mad,saga,s2,uniform,entropy_bits,7.451093,196,uniform=7.6147,
Q1_concentration,vit_small,mixup,mad,saga,s2,uniform,entropy_normalized,0.978513,196,uniform=1.0,
Q1_concentration,vit_small,mixup,mad,saga,s2,uniform,gini,0.262846,196,"uniform=0.0, one-hot=0.9949",
Q1_concentration,vit_small,mixup,mad,saga,s2,uniform,top5_share,0.072412,196,uniform=0.02551,
Q1_concentration,vit_small,mixup,mad,saga,s2,uniform,top20_share,0.210221,196,uniform=0.10204,
Q1_concentration,vit_small,mixup,mad,saga,s2,uniform,total_mass,14.1979,196,mean sinks/image (no uniform ref),
Q1_concentration,vit_small,mixup,mad,saga,s2,uniform,top10_positions,15 26 169 180 29 40 16 21 25 17,196,,highest-frequency positions
Q1_concentration,vit_small,mixup,mad,saga,MEAN,uniform,entropy_bits,7.450972,4,uniform=7.6147,mean over repeats
Q1_concentration,vit_small,mixup,mad,saga,MEAN,uniform,entropy_normalized,0.978497,4,uniform=1.0,mean over repeats
Q1_concentration,vit_small,mixup,mad,saga,MEAN,uniform,gini,0.262432,4,"uniform=0.0, one-hot=0.9949",mean over repeats
Q1_concentration,vit_small,mixup,mad,saga,MEAN,uniform,top5_share,0.071242,4,uniform=0.02551,mean over repeats
Q1_concentration,vit_small,mixup,mad,saga,MEAN,uniform,top20_share,0.214877,4,uniform=0.10204,mean over repeats
Q1_concentration,vit_small,mixup,mad,saga,MEAN,uniform,total_mass,14.42675,4,mean sinks/image (no uniform ref),mean over repeats
Q1_concentration,vit_small,nomix,canon,baseline,s1,ties,n_distinct_values,123,196,196 positions,few distinct values = ties dominate any Spearman
Q1_concentration,vit_small,nomix,canon,baseline,s1,ties,zero_fraction,0.0,196,0.0 = no empty positions,fraction of positions never a sink
Q1_concentration,vit_small,nomix,canon,baseline,s1,uniform,entropy_bits,7.55388,196,uniform=7.6147,
Q1_concentration,vit_small,nomix,canon,baseline,s1,uniform,entropy_normalized,0.992012,196,uniform=1.0,
Q1_concentration,vit_small,nomix,canon,baseline,s1,uniform,gini,0.164793,196,"uniform=0.0, one-hot=0.9949",
Q1_concentration,vit_small,nomix,canon,baseline,s1,uniform,top5_share,0.043747,196,uniform=0.02551,
Q1_concentration,vit_small,nomix,canon,baseline,s1,uniform,top20_share,0.15701,196,uniform=0.10204,
Q1_concentration,vit_small,nomix,canon,baseline,s1,uniform,total_mass,3.6711,196,mean sinks/image (no uniform ref),
Q1_concentration,vit_small,nomix,canon,baseline,s1,uniform,top10_positions,20 21 35 6 7 62 33 34 49 48,196,,highest-frequency positions
Q1_concentration,vit_small,nomix,canon,baseline,s2,ties,n_distinct_values,146,196,196 positions,few distinct values = ties dominate any Spearman
Q1_concentration,vit_small,nomix,canon,baseline,s2,ties,zero_fraction,0.0,196,0.0 = no empty positions,fraction of positions never a sink
Q1_concentration,vit_small,nomix,canon,baseline,s2,uniform,entropy_bits,7.525701,196,uniform=7.6147,
Q1_concentration,vit_small,nomix,canon,baseline,s2,uniform,entropy_normalized,0.988311,196,uniform=1.0,
Q1_concentration,vit_small,nomix,canon,baseline,s2,uniform,gini,0.198607,196,"uniform=0.0, one-hot=0.9949",
Q1_concentration,vit_small,nomix,canon,baseline,s2,uniform,top5_share,0.047422,196,uniform=0.02551,
Q1_concentration,vit_small,nomix,canon,baseline,s2,uniform,top20_share,0.174725,196,uniform=0.10204,
Q1_concentration,vit_small,nomix,canon,baseline,s2,uniform,total_mass,4.4304,196,mean sinks/image (no uniform ref),
Q1_concentration,vit_small,nomix,canon,baseline,s2,uniform,top10_positions,21 16 19 17 15 22 23 18 24 20,196,,highest-frequency positions
Q1_concentration,vit_small,nomix,canon,baseline,MEAN,uniform,entropy_bits,7.539791,2,uniform=7.6147,mean over repeats
Q1_concentration,vit_small,nomix,canon,baseline,MEAN,uniform,entropy_normalized,0.990161,2,uniform=1.0,mean over repeats
Q1_concentration,vit_small,nomix,canon,baseline,MEAN,uniform,gini,0.1817,2,"uniform=0.0, one-hot=0.9949",mean over repeats
Q1_concentration,vit_small,nomix,canon,baseline,MEAN,uniform,top5_share,0.045585,2,uniform=0.02551,mean over repeats
Q1_concentration,vit_small,nomix,canon,baseline,MEAN,uniform,top20_share,0.165867,2,uniform=0.10204,mean over repeats
Q1_concentration,vit_small,nomix,canon,baseline,MEAN,uniform,total_mass,4.05075,2,mean sinks/image (no uniform ref),mean over repeats
Q1_concentration,vit_small,nomix,mad,baseline,s1,ties,n_distinct_values,117,196,196 positions,few distinct values = ties dominate any Spearman
Q1_concentration,vit_small,nomix,mad,baseline,s1,ties,zero_fraction,0.0,196,0.0 = no empty positions,fraction of positions never a sink
Q1_concentration,vit_small,nomix,mad,baseline,s1,uniform,entropy_bits,7.544462,196,uniform=7.6147,
Q1_concentration,vit_small,nomix,mad,baseline,s1,uniform,entropy_normalized,0.990775,196,uniform=1.0,
Q1_concentration,vit_small,nomix,mad,baseline,s1,uniform,gini,0.176281,196,"uniform=0.0, one-hot=0.9949",
Q1_concentration,vit_small,nomix,mad,baseline,s1,uniform,top5_share,0.044433,196,uniform=0.02551,
Q1_concentration,vit_small,nomix,mad,baseline,s1,uniform,top20_share,0.164993,196,uniform=0.10204,
Q1_concentration,vit_small,nomix,mad,baseline,s1,uniform,total_mass,3.2656,196,mean sinks/image (no uniform ref),
Q1_concentration,vit_small,nomix,mad,baseline,s1,uniform,top10_positions,91 90 76 20 62 77 92 35 49 21,196,,highest-frequency positions
Q1_concentration,vit_small,nomix,mad,baseline,s2,ties,n_distinct_values,121,196,196 positions,few distinct values = ties dominate any Spearman
Q1_concentration,vit_small,nomix,mad,baseline,s2,ties,zero_fraction,0.0,196,0.0 = no empty positions,fraction of positions never a sink
Q1_concentration,vit_small,nomix,mad,baseline,s2,uniform,entropy_bits,7.538426,196,uniform=7.6147,
Q1_concentration,vit_small,nomix,mad,baseline,s2,uniform,entropy_normalized,0.989982,196,uniform=1.0,
Q1_concentration,vit_small,nomix,mad,baseline,s2,uniform,gini,0.185041,196,"uniform=0.0, one-hot=0.9949",
Q1_concentration,vit_small,nomix,mad,baseline,s2,uniform,top5_share,0.042636,196,uniform=0.02551,
Q1_concentration,vit_small,nomix,mad,baseline,s2,uniform,top20_share,0.160186,196,uniform=0.10204,
Q1_concentration,vit_small,nomix,mad,baseline,s2,uniform,total_mass,2.906,196,mean sinks/image (no uniform ref),
Q1_concentration,vit_small,nomix,mad,baseline,s2,uniform,top10_positions,21 34 23 33 91 22 35 32 90 16,196,,highest-frequency positions
Q1_concentration,vit_small,nomix,mad,baseline,MEAN,uniform,entropy_bits,7.541444,2,uniform=7.6147,mean over repeats
Q1_concentration,vit_small,nomix,mad,baseline,MEAN,uniform,entropy_normalized,0.990378,2,uniform=1.0,mean over repeats
Q1_concentration,vit_small,nomix,mad,baseline,MEAN,uniform,gini,0.180661,2,"uniform=0.0, one-hot=0.9949",mean over repeats
Q1_concentration,vit_small,nomix,mad,baseline,MEAN,uniform,top5_share,0.043534,2,uniform=0.02551,mean over repeats
Q1_concentration,vit_small,nomix,mad,baseline,MEAN,uniform,top20_share,0.162589,2,uniform=0.10204,mean over repeats
Q1_concentration,vit_small,nomix,mad,baseline,MEAN,uniform,total_mass,3.0858,2,mean sinks/image (no uniform ref),mean over repeats
Q1_concentration,vit_small,nomix,canon,saga,s1,ties,n_distinct_values,75,196,196 positions,few distinct values = ties dominate any Spearman
Q1_concentration,vit_small,nomix,canon,saga,s1,ties,zero_fraction,0.0,196,0.0 = no empty positions,fraction of positions never a sink
Q1_concentration,vit_small,nomix,canon,saga,s1,uniform,entropy_bits,7.53246,196,uniform=7.6147,
Q1_concentration,vit_small,nomix,canon,saga,s1,uniform,entropy_normalized,0.989199,196,uniform=1.0,
Q1_concentration,vit_small,nomix,canon,saga,s1,uniform,gini,0.192494,196,"uniform=0.0, one-hot=0.9949",
Q1_concentration,vit_small,nomix,canon,saga,s1,uniform,top5_share,0.042981,196,uniform=0.02551,
Q1_concentration,vit_small,nomix,canon,saga,s1,uniform,top20_share,0.162258,196,uniform=0.10204,
Q1_concentration,vit_small,nomix,canon,saga,s1,uniform,total_mass,1.1796,196,mean sinks/image (no uniform ref),
Q1_concentration,vit_small,nomix,canon,saga,s1,uniform,top10_positions,24 6 33 23 11 10 35 7 12 20,196,,highest-frequency positions
Q1_concentration,vit_small,nomix,canon,saga,s2,ties,n_distinct_values,93,196,196 positions,few distinct values = ties dominate any Spearman
Q1_concentration,vit_small,nomix,canon,saga,s2,ties,zero_fraction,0.0,196,0.0 = no empty positions,fraction of positions never a sink
Q1_concentration,vit_small,nomix,canon,saga,s2,uniform,entropy_bits,7.520307,196,uniform=7.6147,
Q1_concentration,vit_small,nomix,canon,saga,s2,uniform,entropy_normalized,0.987603,196,uniform=1.0,
Q1_concentration,vit_small,nomix,canon,saga,s2,uniform,gini,0.200405,196,"uniform=0.0, one-hot=0.9949",
Q1_concentration,vit_small,nomix,canon,saga,s2,uniform,top5_share,0.043192,196,uniform=0.02551,
Q1_concentration,vit_small,nomix,canon,saga,s2,uniform,top20_share,0.159893,196,uniform=0.10204,
Q1_concentration,vit_small,nomix,canon,saga,s2,uniform,total_mass,1.6855,196,mean sinks/image (no uniform ref),
Q1_concentration,vit_small,nomix,canon,saga,s2,uniform,top10_positions,19 21 18 20 37 105 24 34 16 33,196,,highest-frequency positions
Q1_concentration,vit_small,nomix,canon,saga,MEAN,uniform,entropy_bits,7.526384,2,uniform=7.6147,mean over repeats
Q1_concentration,vit_small,nomix,canon,saga,MEAN,uniform,entropy_normalized,0.988401,2,uniform=1.0,mean over repeats
Q1_concentration,vit_small,nomix,canon,saga,MEAN,uniform,gini,0.19645,2,"uniform=0.0, one-hot=0.9949",mean over repeats
Q1_concentration,vit_small,nomix,canon,saga,MEAN,uniform,top5_share,0.043086,2,uniform=0.02551,mean over repeats
Q1_concentration,vit_small,nomix,canon,saga,MEAN,uniform,top20_share,0.161076,2,uniform=0.10204,mean over repeats
Q1_concentration,vit_small,nomix,canon,saga,MEAN,uniform,total_mass,1.43255,2,mean sinks/image (no uniform ref),mean over repeats
Q1_concentration,vit_small,nomix,mad,saga,s1,ties,n_distinct_values,110,196,196 positions,few distinct values = ties dominate any Spearman
Q1_concentration,vit_small,nomix,mad,saga,s1,ties,zero_fraction,0.0,196,0.0 = no empty positions,fraction of positions never a sink
Q1_concentration,vit_small,nomix,mad,saga,s1,uniform,entropy_bits,7.572985,196,uniform=7.6147,
Q1_concentration,vit_small,nomix,mad,saga,s1,uniform,entropy_normalized,0.994521,196,uniform=1.0,
Q1_concentration,vit_small,nomix,mad,saga,s1,uniform,gini,0.134424,196,"uniform=0.0, one-hot=0.9949",
Q1_concentration,vit_small,nomix,mad,saga,s1,uniform,top5_share,0.036983,196,uniform=0.02551,
Q1_concentration,vit_small,nomix,mad,saga,s1,uniform,top20_share,0.142102,196,uniform=0.10204,
Q1_concentration,vit_small,nomix,mad,saga,s1,uniform,total_mass,3.2934,196,mean sinks/image (no uniform ref),
Q1_concentration,vit_small,nomix,mad,saga,s1,uniform,top10_positions,62 63 90 21 174 20 33 35 77 92,196,,highest-frequency positions
Q1_concentration,vit_small,nomix,mad,saga,s2,ties,n_distinct_values,114,196,196 positions,few distinct values = ties dominate any Spearman
Q1_concentration,vit_small,nomix,mad,saga,s2,ties,zero_fraction,0.0,196,0.0 = no empty positions,fraction of positions never a sink
Q1_concentration,vit_small,nomix,mad,saga,s2,uniform,entropy_bits,7.527887,196,uniform=7.6147,
Q1_concentration,vit_small,nomix,mad,saga,s2,uniform,entropy_normalized,0.988598,196,uniform=1.0,
Q1_concentration,vit_small,nomix,mad,saga,s2,uniform,gini,0.192341,196,"uniform=0.0, one-hot=0.9949",
Q1_concentration,vit_small,nomix,mad,saga,s2,uniform,top5_share,0.04159,196,uniform=0.02551,
Q1_concentration,vit_small,nomix,mad,saga,s2,uniform,top20_share,0.155235,196,uniform=0.10204,
Q1_concentration,vit_small,nomix,mad,saga,s2,uniform,total_mass,2.3371,196,mean sinks/image (no uniform ref),
Q1_concentration,vit_small,nomix,mad,saga,s2,uniform,top10_positions,105 19 92 37 91 33 21 94 23 104,196,,highest-frequency positions
Q1_concentration,vit_small,nomix,mad,saga,MEAN,uniform,entropy_bits,7.550436,2,uniform=7.6147,mean over repeats
Q1_concentration,vit_small,nomix,mad,saga,MEAN,uniform,entropy_normalized,0.991559,2,uniform=1.0,mean over repeats
Q1_concentration,vit_small,nomix,mad,saga,MEAN,uniform,gini,0.163383,2,"uniform=0.0, one-hot=0.9949",mean over repeats
Q1_concentration,vit_small,nomix,mad,saga,MEAN,uniform,top5_share,0.039287,2,uniform=0.02551,mean over repeats
Q1_concentration,vit_small,nomix,mad,saga,MEAN,uniform,top20_share,0.148669,2,uniform=0.10204,mean over repeats
Q1_concentration,vit_small,nomix,mad,saga,MEAN,uniform,total_mass,2.81525,2,mean sinks/image (no uniform ref),mean over repeats
Q1b_geometry,vit_base,mixup,canon,baseline,legacy-nomixdir,border-ring,ring0_mean_freq,0.009579,196,flat profile = no border structure,ring 0 = outermost row/col
Q1b_geometry,vit_base,mixup,canon,baseline,legacy-nomixdir,border-ring,ring1_mean_freq,0.066277,196,flat profile = no border structure,ring 0 = outermost row/col
Q1b_geometry,vit_base,mixup,canon,baseline,legacy-nomixdir,border-ring,ring2_mean_freq,0.035442,196,flat profile = no border structure,ring 0 = outermost row/col
Q1b_geometry,vit_base,mixup,canon,baseline,legacy-nomixdir,border-ring,ring3_mean_freq,0.016779,196,flat profile = no border structure,ring 0 = outermost row/col
Q1b_geometry,vit_base,mixup,canon,baseline,legacy-nomixdir,border-ring,ring4_mean_freq,0.008975,196,flat profile = no border structure,ring 0 = outermost row/col
Q1b_geometry,vit_base,mixup,canon,baseline,legacy-nomixdir,border-ring,ring5_mean_freq,0.011517,196,flat profile = no border structure,ring 0 = outermost row/col
Q1b_geometry,vit_base,mixup,canon,baseline,legacy-nomixdir,border-ring,ring6_mean_freq,0.01085,196,flat profile = no border structure,ring 0 = outermost row/col
Q1b_geometry,vit_base,mixup,canon,baseline,legacy-nomixdir,border-ring,peak_ring,1,196,flat profile = no border structure,peak_mean_freq=0.066277
Q1b_geometry,vit_base,mixup,canon,baseline,s1,border-ring,ring0_mean_freq,0.030171,196,flat profile = no border structure,ring 0 = outermost row/col
Q1b_geometry,vit_base,mixup,canon,baseline,s1,border-ring,ring1_mean_freq,0.108493,196,flat profile = no border structure,ring 0 = outermost row/col
Q1b_geometry,vit_base,mixup,canon,baseline,s1,border-ring,ring2_mean_freq,0.062939,196,flat profile = no border structure,ring 0 = outermost row/col
Q1b_geometry,vit_base,mixup,canon,baseline,s1,border-ring,ring3_mean_freq,0.047514,196,flat profile = no border structure,ring 0 = outermost row/col
Q1b_geometry,vit_base,mixup,canon,baseline,s1,border-ring,ring4_mean_freq,0.03571,196,flat profile = no border structure,ring 0 = outermost row/col
Q1b_geometry,vit_base,mixup,canon,baseline,s1,border-ring,ring5_mean_freq,0.038642,196,flat profile = no border structure,ring 0 = outermost row/col
Q1b_geometry,vit_base,mixup,canon,baseline,s1,border-ring,ring6_mean_freq,0.0423,196,flat profile = no border structure,ring 0 = outermost row/col
Q1b_geometry,vit_base,mixup,canon,baseline,s1,border-ring,peak_ring,1,196,flat profile = no border structure,peak_mean_freq=0.108493
Q1b_geometry,vit_base,mixup,mad,baseline,legacy-nomixdir,border-ring,ring0_mean_freq,0.027967,196,flat profile = no border structure,ring 0 = outermost row/col
Q1b_geometry,vit_base,mixup,mad,baseline,legacy-nomixdir,border-ring,ring1_mean_freq,0.097725,196,flat profile = no border structure,ring 0 = outermost row/col
Q1b_geometry,vit_base,mixup,mad,baseline,legacy-nomixdir,border-ring,ring2_mean_freq,0.061514,196,flat profile = no border structure,ring 0 = outermost row/col
Q1b_geometry,vit_base,mixup,mad,baseline,legacy-nomixdir,border-ring,ring3_mean_freq,0.039339,196,flat profile = no border structure,ring 0 = outermost row/col
Q1b_geometry,vit_base,mixup,mad,baseline,legacy-nomixdir,border-ring,ring4_mean_freq,0.031305,196,flat profile = no border structure,ring 0 = outermost row/col
Q1b_geometry,vit_base,mixup,mad,baseline,legacy-nomixdir,border-ring,ring5_mean_freq,0.036817,196,flat profile = no border structure,ring 0 = outermost row/col
Q1b_geometry,vit_base,mixup,mad,baseline,legacy-nomixdir,border-ring,ring6_mean_freq,0.0417,196,flat profile = no border structure,ring 0 = outermost row/col
Q1b_geometry,vit_base,mixup,mad,baseline,legacy-nomixdir,border-ring,peak_ring,1,196,flat profile = no border structure,peak_mean_freq=0.097725
Q1b_geometry,vit_base,mixup,mad,baseline,s1,border-ring,ring0_mean_freq,0.027842,196,flat profile = no border structure,ring 0 = outermost row/col
Q1b_geometry,vit_base,mixup,mad,baseline,s1,border-ring,ring1_mean_freq,0.104055,196,flat profile = no border structure,ring 0 = outermost row/col
Q1b_geometry,vit_base,mixup,mad,baseline,s1,border-ring,ring2_mean_freq,0.053319,196,flat profile = no border structure,ring 0 = outermost row/col
Q1b_geometry,vit_base,mixup,mad,baseline,s1,border-ring,ring3_mean_freq,0.033404,196,flat profile = no border structure,ring 0 = outermost row/col
Q1b_geometry,vit_base,mixup,mad,baseline,s1,border-ring,ring4_mean_freq,0.01681,196,flat profile = no border structure,ring 0 = outermost row/col
Q1b_geometry,vit_base,mixup,mad,baseline,s1,border-ring,ring5_mean_freq,0.018275,196,flat profile = no border structure,ring 0 = outermost row/col
Q1b_geometry,vit_base,mixup,mad,baseline,s1,border-ring,ring6_mean_freq,0.02205,196,flat profile = no border structure,ring 0 = outermost row/col
Q1b_geometry,vit_base,mixup,mad,baseline,s1,border-ring,peak_ring,1,196,flat profile = no border structure,peak_mean_freq=0.104055
Q1b_geometry,vit_base,mixup,canon,registers,legacy-nomixdir,border-ring,ring0_mean_freq,0.000185,196,flat profile = no border structure,ring 0 = outermost row/col
Q1b_geometry,vit_base,mixup,canon,registers,legacy-nomixdir,border-ring,ring1_mean_freq,0.000139,196,flat profile = no border structure,ring 0 = outermost row/col
Q1b_geometry,vit_base,mixup,canon,registers,legacy-nomixdir,border-ring,ring2_mean_freq,7.8e-05,196,flat profile = no border structure,ring 0 = outermost row/col
Q1b_geometry,vit_base,mixup,canon,registers,legacy-nomixdir,border-ring,ring3_mean_freq,8.9e-05,196,flat profile = no border structure,ring 0 = outermost row/col
Q1b_geometry,vit_base,mixup,canon,registers,legacy-nomixdir,border-ring,ring4_mean_freq,5e-05,196,flat profile = no border structure,ring 0 = outermost row/col
Q1b_geometry,vit_base,mixup,canon,registers,legacy-nomixdir,border-ring,ring5_mean_freq,0.0001,196,flat profile = no border structure,ring 0 = outermost row/col
Q1b_geometry,vit_base,mixup,canon,registers,legacy-nomixdir,border-ring,ring6_mean_freq,2.5e-05,196,flat profile = no border structure,ring 0 = outermost row/col
Q1b_geometry,vit_base,mixup,canon,registers,legacy-nomixdir,border-ring,peak_ring,0,196,flat profile = no border structure,peak_mean_freq=0.000185
Q1b_geometry,vit_base,mixup,mad,registers,legacy-nomixdir,border-ring,ring0_mean_freq,0.006913,196,flat profile = no border structure,ring 0 = outermost row/col
Q1b_geometry,vit_base,mixup,mad,registers,legacy-nomixdir,border-ring,ring1_mean_freq,0.008841,196,flat profile = no border structure,ring 0 = outermost row/col
Q1b_geometry,vit_base,mixup,mad,registers,legacy-nomixdir,border-ring,ring2_mean_freq,0.006819,196,flat profile = no border structure,ring 0 = outermost row/col
Q1b_geometry,vit_base,mixup,mad,registers,legacy-nomixdir,border-ring,ring3_mean_freq,0.005532,196,flat profile = no border structure,ring 0 = outermost row/col
Q1b_geometry,vit_base,mixup,mad,registers,legacy-nomixdir,border-ring,ring4_mean_freq,0.00504,196,flat profile = no border structure,ring 0 = outermost row/col
Q1b_geometry,vit_base,mixup,mad,registers,legacy-nomixdir,border-ring,ring5_mean_freq,0.004875,196,flat profile = no border structure,ring 0 = outermost row/col
Q1b_geometry,vit_base,mixup,mad,registers,legacy-nomixdir,border-ring,ring6_mean_freq,0.0048,196,flat profile = no border structure,ring 0 = outermost row/col
Q1b_geometry,vit_base,mixup,mad,registers,legacy-nomixdir,border-ring,peak_ring,1,196,flat profile = no border structure,peak_mean_freq=0.008841
Q1b_geometry,vit_base,mixup,canon,saga,legacy-nomixdir,border-ring,ring0_mean_freq,0.0105,196,flat profile = no border structure,ring 0 = outermost row/col
Q1b_geometry,vit_base,mixup,canon,saga,legacy-nomixdir,border-ring,ring1_mean_freq,0.056277,196,flat profile = no border structure,ring 0 = outermost row/col
Q1b_geometry,vit_base,mixup,canon,saga,legacy-nomixdir,border-ring,ring2_mean_freq,0.031847,196,flat profile = no border structure,ring 0 = outermost row/col
Q1b_geometry,vit_base,mixup,canon,saga,legacy-nomixdir,border-ring,ring3_mean_freq,0.015407,196,flat profile = no border structure,ring 0 = outermost row/col
Q1b_geometry,vit_base,mixup,canon,saga,legacy-nomixdir,border-ring,ring4_mean_freq,0.008655,196,flat profile = no border structure,ring 0 = outermost row/col
Q1b_geometry,vit_base,mixup,canon,saga,legacy-nomixdir,border-ring,ring5_mean_freq,0.007717,196,flat profile = no border structure,ring 0 = outermost row/col
Q1b_geometry,vit_base,mixup,canon,saga,legacy-nomixdir,border-ring,ring6_mean_freq,0.00505,196,flat profile = no border structure,ring 0 = outermost row/col
Q1b_geometry,vit_base,mixup,canon,saga,legacy-nomixdir,border-ring,peak_ring,1,196,flat profile = no border structure,peak_mean_freq=0.056277
Q1b_geometry,vit_base,mixup,canon,saga,s1,border-ring,ring0_mean_freq,0.008387,196,flat profile = no border structure,ring 0 = outermost row/col
Q1b_geometry,vit_base,mixup,canon,saga,s1,border-ring,ring1_mean_freq,0.05055,196,flat profile = no border structure,ring 0 = outermost row/col
Q1b_geometry,vit_base,mixup,canon,saga,s1,border-ring,ring2_mean_freq,0.024578,196,flat profile = no border structure,ring 0 = outermost row/col
Q1b_geometry,vit_base,mixup,canon,saga,s1,border-ring,ring3_mean_freq,0.0125,196,flat profile = no border structure,ring 0 = outermost row/col
Q1b_geometry,vit_base,mixup,canon,saga,s1,border-ring,ring4_mean_freq,0.00798,196,flat profile = no border structure,ring 0 = outermost row/col
Q1b_geometry,vit_base,mixup,canon,saga,s1,border-ring,ring5_mean_freq,0.007867,196,flat profile = no border structure,ring 0 = outermost row/col
Q1b_geometry,vit_base,mixup,canon,saga,s1,border-ring,ring6_mean_freq,0.008025,196,flat profile = no border structure,ring 0 = outermost row/col
Q1b_geometry,vit_base,mixup,canon,saga,s1,border-ring,peak_ring,1,196,flat profile = no border structure,peak_mean_freq=0.050550
Q1b_geometry,vit_base,mixup,mad,saga,legacy-nomixdir,border-ring,ring0_mean_freq,0.055458,196,flat profile = no border structure,ring 0 = outermost row/col
Q1b_geometry,vit_base,mixup,mad,saga,legacy-nomixdir,border-ring,ring1_mean_freq,0.117014,196,flat profile = no border structure,ring 0 = outermost row/col
Q1b_geometry,vit_base,mixup,mad,saga,legacy-nomixdir,border-ring,ring2_mean_freq,0.089972,196,flat profile = no border structure,ring 0 = outermost row/col
Q1b_geometry,vit_base,mixup,mad,saga,legacy-nomixdir,border-ring,ring3_mean_freq,0.067036,196,flat profile = no border structure,ring 0 = outermost row/col
Q1b_geometry,vit_base,mixup,mad,saga,legacy-nomixdir,border-ring,ring4_mean_freq,0.056325,196,flat profile = no border structure,ring 0 = outermost row/col
Q1b_geometry,vit_base,mixup,mad,saga,legacy-nomixdir,border-ring,ring5_mean_freq,0.056125,196,flat profile = no border structure,ring 0 = outermost row/col
Q1b_geometry,vit_base,mixup,mad,saga,legacy-nomixdir,border-ring,ring6_mean_freq,0.056325,196,flat profile = no border structure,ring 0 = outermost row/col
Q1b_geometry,vit_base,mixup,mad,saga,legacy-nomixdir,border-ring,peak_ring,1,196,flat profile = no border structure,peak_mean_freq=0.117014
Q1b_geometry,vit_base,mixup,mad,saga,s1,border-ring,ring0_mean_freq,0.068673,196,flat profile = no border structure,ring 0 = outermost row/col
Q1b_geometry,vit_base,mixup,mad,saga,s1,border-ring,ring1_mean_freq,0.133443,196,flat profile = no border structure,ring 0 = outermost row/col
Q1b_geometry,vit_base,mixup,mad,saga,s1,border-ring,ring2_mean_freq,0.1043,196,flat profile = no border structure,ring 0 = outermost row/col
Q1b_geometry,vit_base,mixup,mad,saga,s1,border-ring,ring3_mean_freq,0.086557,196,flat profile = no border structure,ring 0 = outermost row/col
Q1b_geometry,vit_base,mixup,mad,saga,s1,border-ring,ring4_mean_freq,0.081945,196,flat profile = no border structure,ring 0 = outermost row/col
Q1b_geometry,vit_base,mixup,mad,saga,s1,border-ring,ring5_mean_freq,0.085942,196,flat profile = no border structure,ring 0 = outermost row/col
Q1b_geometry,vit_base,mixup,mad,saga,s1,border-ring,ring6_mean_freq,0.092225,196,flat profile = no border structure,ring 0 = outermost row/col
Q1b_geometry,vit_base,mixup,mad,saga,s1,border-ring,peak_ring,1,196,flat profile = no border structure,peak_mean_freq=0.133443
Q1b_geometry,vit_small,mixup,canon,baseline,legacy-mixupdir,border-ring,ring0_mean_freq,0.053946,196,flat profile = no border structure,ring 0 = outermost row/col
Q1b_geometry,vit_small,mixup,canon,baseline,legacy-mixupdir,border-ring,ring1_mean_freq,0.126116,196,flat profile = no border structure,ring 0 = outermost row/col
Q1b_geometry,vit_small,mixup,canon,baseline,legacy-mixupdir,border-ring,ring2_mean_freq,0.091108,196,flat profile = no border structure,ring 0 = outermost row/col
Q1b_geometry,vit_small,mixup,canon,baseline,legacy-mixupdir,border-ring,ring3_mean_freq,0.069321,196,flat profile = no border structure,ring 0 = outermost row/col
Q1b_geometry,vit_small,mixup,canon,baseline,legacy-mixupdir,border-ring,ring4_mean_freq,0.051445,196,flat profile = no border structure,ring 0 = outermost row/col
Q1b_geometry,vit_small,mixup,canon,baseline,legacy-mixupdir,border-ring,ring5_mean_freq,0.048967,196,flat profile = no border structure,ring 0 = outermost row/col
Q1b_geometry,vit_small,mixup,canon,baseline,legacy-mixupdir,border-ring,ring6_mean_freq,0.049825,196,flat profile = no border structure,ring 0 = outermost row/col
Q1b_geometry,vit_small,mixup,canon,baseline,legacy-mixupdir,border-ring,peak_ring,1,196,flat profile = no border structure,peak_mean_freq=0.126116
Q1b_geometry,vit_small,mixup,canon,baseline,legacy-nomixdir,border-ring,ring0_mean_freq,0.053652,196,flat profile = no border structure,ring 0 = outermost row/col
Q1b_geometry,vit_small,mixup,canon,baseline,legacy-nomixdir,border-ring,ring1_mean_freq,0.1366,196,flat profile = no border structure,ring 0 = outermost row/col
Q1b_geometry,vit_small,mixup,canon,baseline,legacy-nomixdir,border-ring,ring2_mean_freq,0.095275,196,flat profile = no border structure,ring 0 = outermost row/col
Q1b_geometry,vit_small,mixup,canon,baseline,legacy-nomixdir,border-ring,ring3_mean_freq,0.065839,196,flat profile = no border structure,ring 0 = outermost row/col
Q1b_geometry,vit_small,mixup,canon,baseline,legacy-nomixdir,border-ring,ring4_mean_freq,0.05144,196,flat profile = no border structure,ring 0 = outermost row/col
Q1b_geometry,vit_small,mixup,canon,baseline,legacy-nomixdir,border-ring,ring5_mean_freq,0.054375,196,flat profile = no border structure,ring 0 = outermost row/col
Q1b_geometry,vit_small,mixup,canon,baseline,legacy-nomixdir,border-ring,ring6_mean_freq,0.0629,196,flat profile = no border structure,ring 0 = outermost row/col
Q1b_geometry,vit_small,mixup,canon,baseline,legacy-nomixdir,border-ring,peak_ring,1,196,flat profile = no border structure,peak_mean_freq=0.136600
Q1b_geometry,vit_small,mixup,canon,baseline,s1,border-ring,ring0_mean_freq,0.074019,196,flat profile = no border structure,ring 0 = outermost row/col
Q1b_geometry,vit_small,mixup,canon,baseline,s1,border-ring,ring1_mean_freq,0.162943,196,flat profile = no border structure,ring 0 = outermost row/col
Q1b_geometry,vit_small,mixup,canon,baseline,s1,border-ring,ring2_mean_freq,0.108586,196,flat profile = no border structure,ring 0 = outermost row/col
Q1b_geometry,vit_small,mixup,canon,baseline,s1,border-ring,ring3_mean_freq,0.082914,196,flat profile = no border structure,ring 0 = outermost row/col
Q1b_geometry,vit_small,mixup,canon,baseline,s1,border-ring,ring4_mean_freq,0.06613,196,flat profile = no border structure,ring 0 = outermost row/col
Q1b_geometry,vit_small,mixup,canon,baseline,s1,border-ring,ring5_mean_freq,0.067925,196,flat profile = no border structure,ring 0 = outermost row/col
Q1b_geometry,vit_small,mixup,canon,baseline,s1,border-ring,ring6_mean_freq,0.07255,196,flat profile = no border structure,ring 0 = outermost row/col
Q1b_geometry,vit_small,mixup,canon,baseline,s1,border-ring,peak_ring,1,196,flat profile = no border structure,peak_mean_freq=0.162943
Q1b_geometry,vit_small,mixup,canon,baseline,s2,border-ring,ring0_mean_freq,0.054583,196,flat profile = no border structure,ring 0 = outermost row/col
Q1b_geometry,vit_small,mixup,canon,baseline,s2,border-ring,ring1_mean_freq,0.124952,196,flat profile = no border structure,ring 0 = outermost row/col
Q1b_geometry,vit_small,mixup,canon,baseline,s2,border-ring,ring2_mean_freq,0.088811,196,flat profile = no border structure,ring 0 = outermost row/col
Q1b_geometry,vit_small,mixup,canon,baseline,s2,border-ring,ring3_mean_freq,0.059807,196,flat profile = no border structure,ring 0 = outermost row/col
Q1b_geometry,vit_small,mixup,canon,baseline,s2,border-ring,ring4_mean_freq,0.04502,196,flat profile = no border structure,ring 0 = outermost row/col
Q1b_geometry,vit_small,mixup,canon,baseline,s2,border-ring,ring5_mean_freq,0.044142,196,flat profile = no border structure,ring 0 = outermost row/col
Q1b_geometry,vit_small,mixup,canon,baseline,s2,border-ring,ring6_mean_freq,0.05155,196,flat profile = no border structure,ring 0 = outermost row/col
Q1b_geometry,vit_small,mixup,canon,baseline,s2,border-ring,peak_ring,1,196,flat profile = no border structure,peak_mean_freq=0.124952
Q1b_geometry,vit_small,mixup,mad,baseline,legacy-mixupdir,border-ring,ring0_mean_freq,0.049454,196,flat profile = no border structure,ring 0 = outermost row/col
Q1b_geometry,vit_small,mixup,mad,baseline,legacy-mixupdir,border-ring,ring1_mean_freq,0.117668,196,flat profile = no border structure,ring 0 = outermost row/col
Q1b_geometry,vit_small,mixup,mad,baseline,legacy-mixupdir,border-ring,ring2_mean_freq,0.082469,196,flat profile = no border structure,ring 0 = outermost row/col
Q1b_geometry,vit_small,mixup,mad,baseline,legacy-mixupdir,border-ring,ring3_mean_freq,0.060707,196,flat profile = no border structure,ring 0 = outermost row/col
Q1b_geometry,vit_small,mixup,mad,baseline,legacy-mixupdir,border-ring,ring4_mean_freq,0.042195,196,flat profile = no border structure,ring 0 = outermost row/col
Q1b_geometry,vit_small,mixup,mad,baseline,legacy-mixupdir,border-ring,ring5_mean_freq,0.039408,196,flat profile = no border structure,ring 0 = outermost row/col
Q1b_geometry,vit_small,mixup,mad,baseline,legacy-mixupdir,border-ring,ring6_mean_freq,0.04055,196,flat profile = no border structure,ring 0 = outermost row/col
Q1b_geometry,vit_small,mixup,mad,baseline,legacy-mixupdir,border-ring,peak_ring,1,196,flat profile = no border structure,peak_mean_freq=0.117668
Q1b_geometry,vit_small,mixup,mad,baseline,legacy-nomixdir,border-ring,ring0_mean_freq,0.056962,196,flat profile = no border structure,ring 0 = outermost row/col
Q1b_geometry,vit_small,mixup,mad,baseline,legacy-nomixdir,border-ring,ring1_mean_freq,0.139509,196,flat profile = no border structure,ring 0 = outermost row/col
Q1b_geometry,vit_small,mixup,mad,baseline,legacy-nomixdir,border-ring,ring2_mean_freq,0.098369,196,flat profile = no border structure,ring 0 = outermost row/col
Q1b_geometry,vit_small,mixup,mad,baseline,legacy-nomixdir,border-ring,ring3_mean_freq,0.06935,196,flat profile = no border structure,ring 0 = outermost row/col
Q1b_geometry,vit_small,mixup,mad,baseline,legacy-nomixdir,border-ring,ring4_mean_freq,0.054695,196,flat profile = no border structure,ring 0 = outermost row/col
Q1b_geometry,vit_small,mixup,mad,baseline,legacy-nomixdir,border-ring,ring5_mean_freq,0.058425,196,flat profile = no border structure,ring 0 = outermost row/col
Q1b_geometry,vit_small,mixup,mad,baseline,legacy-nomixdir,border-ring,ring6_mean_freq,0.067575,196,flat profile = no border structure,ring 0 = outermost row/col
Q1b_geometry,vit_small,mixup,mad,baseline,legacy-nomixdir,border-ring,peak_ring,1,196,flat profile = no border structure,peak_mean_freq=0.139509
Q1b_geometry,vit_small,mixup,mad,baseline,s1,border-ring,ring0_mean_freq,0.06944,196,flat profile = no border structure,ring 0 = outermost row/col
Q1b_geometry,vit_small,mixup,mad,baseline,s1,border-ring,ring1_mean_freq,0.155955,196,flat profile = no border structure,ring 0 = outermost row/col
Q1b_geometry,vit_small,mixup,mad,baseline,s1,border-ring,ring2_mean_freq,0.099903,196,flat profile = no border structure,ring 0 = outermost row/col
Q1b_geometry,vit_small,mixup,mad,baseline,s1,border-ring,ring3_mean_freq,0.074343,196,flat profile = no border structure,ring 0 = outermost row/col
Q1b_geometry,vit_small,mixup,mad,baseline,s1,border-ring,ring4_mean_freq,0.05701,196,flat profile = no border structure,ring 0 = outermost row/col
Q1b_geometry,vit_small,mixup,mad,baseline,s1,border-ring,ring5_mean_freq,0.057717,196,flat profile = no border structure,ring 0 = outermost row/col
Q1b_geometry,vit_small,mixup,mad,baseline,s1,border-ring,ring6_mean_freq,0.06285,196,flat profile = no border structure,ring 0 = outermost row/col
Q1b_geometry,vit_small,mixup,mad,baseline,s1,border-ring,peak_ring,1,196,flat profile = no border structure,peak_mean_freq=0.155955
Q1b_geometry,vit_small,mixup,mad,baseline,s2,border-ring,ring0_mean_freq,0.061071,196,flat profile = no border structure,ring 0 = outermost row/col
Q1b_geometry,vit_small,mixup,mad,baseline,s2,border-ring,ring1_mean_freq,0.132534,196,flat profile = no border structure,ring 0 = outermost row/col
Q1b_geometry,vit_small,mixup,mad,baseline,s2,border-ring,ring2_mean_freq,0.095992,196,flat profile = no border structure,ring 0 = outermost row/col
Q1b_geometry,vit_small,mixup,mad,baseline,s2,border-ring,ring3_mean_freq,0.067479,196,flat profile = no border structure,ring 0 = outermost row/col
Q1b_geometry,vit_small,mixup,mad,baseline,s2,border-ring,ring4_mean_freq,0.05287,196,flat profile = no border structure,ring 0 = outermost row/col
Q1b_geometry,vit_small,mixup,mad,baseline,s2,border-ring,ring5_mean_freq,0.052842,196,flat profile = no border structure,ring 0 = outermost row/col
Q1b_geometry,vit_small,mixup,mad,baseline,s2,border-ring,ring6_mean_freq,0.062975,196,flat profile = no border structure,ring 0 = outermost row/col
Q1b_geometry,vit_small,mixup,mad,baseline,s2,border-ring,peak_ring,1,196,flat profile = no border structure,peak_mean_freq=0.132534
Q1b_geometry,vit_small,mixup,canon,registers,legacy-mixupdir,border-ring,ring0_mean_freq,0.008033,196,flat profile = no border structure,ring 0 = outermost row/col
Q1b_geometry,vit_small,mixup,canon,registers,legacy-mixupdir,border-ring,ring1_mean_freq,0.015609,196,flat profile = no border structure,ring 0 = outermost row/col
Q1b_geometry,vit_small,mixup,canon,registers,legacy-mixupdir,border-ring,ring2_mean_freq,0.013947,196,flat profile = no border structure,ring 0 = outermost row/col
Q1b_geometry,vit_small,mixup,canon,registers,legacy-mixupdir,border-ring,ring3_mean_freq,0.013764,196,flat profile = no border structure,ring 0 = outermost row/col
Q1b_geometry,vit_small,mixup,canon,registers,legacy-mixupdir,border-ring,ring4_mean_freq,0.014305,196,flat profile = no border structure,ring 0 = outermost row/col
Q1b_geometry,vit_small,mixup,canon,registers,legacy-mixupdir,border-ring,ring5_mean_freq,0.015475,196,flat profile = no border structure,ring 0 = outermost row/col
Q1b_geometry,vit_small,mixup,canon,registers,legacy-mixupdir,border-ring,ring6_mean_freq,0.018075,196,flat profile = no border structure,ring 0 = outermost row/col
Q1b_geometry,vit_small,mixup,canon,registers,legacy-mixupdir,border-ring,peak_ring,6,196,flat profile = no border structure,peak_mean_freq=0.018075
Q1b_geometry,vit_small,mixup,canon,registers,legacy-nomixdir,border-ring,ring0_mean_freq,0.013454,196,flat profile = no border structure,ring 0 = outermost row/col
Q1b_geometry,vit_small,mixup,canon,registers,legacy-nomixdir,border-ring,ring1_mean_freq,0.022495,196,flat profile = no border structure,ring 0 = outermost row/col
Q1b_geometry,vit_small,mixup,canon,registers,legacy-nomixdir,border-ring,ring2_mean_freq,0.018708,196,flat profile = no border structure,ring 0 = outermost row/col
Q1b_geometry,vit_small,mixup,canon,registers,legacy-nomixdir,border-ring,ring3_mean_freq,0.017604,196,flat profile = no border structure,ring 0 = outermost row/col
Q1b_geometry,vit_small,mixup,canon,registers,legacy-nomixdir,border-ring,ring4_mean_freq,0.017755,196,flat profile = no border structure,ring 0 = outermost row/col
Q1b_geometry,vit_small,mixup,canon,registers,legacy-nomixdir,border-ring,ring5_mean_freq,0.019858,196,flat profile = no border structure,ring 0 = outermost row/col
Q1b_geometry,vit_small,mixup,canon,registers,legacy-nomixdir,border-ring,ring6_mean_freq,0.0219,196,flat profile = no border structure,ring 0 = outermost row/col
Q1b_geometry,vit_small,mixup,canon,registers,legacy-nomixdir,border-ring,peak_ring,1,196,flat profile = no border structure,peak_mean_freq=0.022495
Q1b_geometry,vit_small,mixup,mad,registers,legacy-mixupdir,border-ring,ring0_mean_freq,0.013044,196,flat profile = no border structure,ring 0 = outermost row/col
Q1b_geometry,vit_small,mixup,mad,registers,legacy-mixupdir,border-ring,ring1_mean_freq,0.023534,196,flat profile = no border structure,ring 0 = outermost row/col
Q1b_geometry,vit_small,mixup,mad,registers,legacy-mixupdir,border-ring,ring2_mean_freq,0.020747,196,flat profile = no border structure,ring 0 = outermost row/col
Q1b_geometry,vit_small,mixup,mad,registers,legacy-mixupdir,border-ring,ring3_mean_freq,0.020679,196,flat profile = no border structure,ring 0 = outermost row/col
Q1b_geometry,vit_small,mixup,mad,registers,legacy-mixupdir,border-ring,ring4_mean_freq,0.021665,196,flat profile = no border structure,ring 0 = outermost row/col
Q1b_geometry,vit_small,mixup,mad,registers,legacy-mixupdir,border-ring,ring5_mean_freq,0.0246,196,flat profile = no border structure,ring 0 = outermost row/col
Q1b_geometry,vit_small,mixup,mad,registers,legacy-mixupdir,border-ring,ring6_mean_freq,0.027075,196,flat profile = no border structure,ring 0 = outermost row/col
Q1b_geometry,vit_small,mixup,mad,registers,legacy-mixupdir,border-ring,peak_ring,6,196,flat profile = no border structure,peak_mean_freq=0.027075
Q1b_geometry,vit_small,mixup,mad,registers,legacy-nomixdir,border-ring,ring0_mean_freq,0.014808,196,flat profile = no border structure,ring 0 = outermost row/col
Q1b_geometry,vit_small,mixup,mad,registers,legacy-nomixdir,border-ring,ring1_mean_freq,0.024395,196,flat profile = no border structure,ring 0 = outermost row/col
Q1b_geometry,vit_small,mixup,mad,registers,legacy-nomixdir,border-ring,ring2_mean_freq,0.021047,196,flat profile = no border structure,ring 0 = outermost row/col
Q1b_geometry,vit_small,mixup,mad,registers,legacy-nomixdir,border-ring,ring3_mean_freq,0.020489,196,flat profile = no border structure,ring 0 = outermost row/col
Q1b_geometry,vit_small,mixup,mad,registers,legacy-nomixdir,border-ring,ring4_mean_freq,0.021775,196,flat profile = no border structure,ring 0 = outermost row/col
Q1b_geometry,vit_small,mixup,mad,registers,legacy-nomixdir,border-ring,ring5_mean_freq,0.025733,196,flat profile = no border structure,ring 0 = outermost row/col
Q1b_geometry,vit_small,mixup,mad,registers,legacy-nomixdir,border-ring,ring6_mean_freq,0.02835,196,flat profile = no border structure,ring 0 = outermost row/col
Q1b_geometry,vit_small,mixup,mad,registers,legacy-nomixdir,border-ring,peak_ring,6,196,flat profile = no border structure,peak_mean_freq=0.028350
Q1b_geometry,vit_small,mixup,canon,saga,legacy-mixupdir,border-ring,ring0_mean_freq,0.019171,196,flat profile = no border structure,ring 0 = outermost row/col
Q1b_geometry,vit_small,mixup,canon,saga,legacy-mixupdir,border-ring,ring1_mean_freq,0.055202,196,flat profile = no border structure,ring 0 = outermost row/col
Q1b_geometry,vit_small,mixup,canon,saga,legacy-mixupdir,border-ring,ring2_mean_freq,0.031178,196,flat profile = no border structure,ring 0 = outermost row/col
Q1b_geometry,vit_small,mixup,canon,saga,legacy-mixupdir,border-ring,ring3_mean_freq,0.017825,196,flat profile = no border structure,ring 0 = outermost row/col
Q1b_geometry,vit_small,mixup,canon,saga,legacy-mixupdir,border-ring,ring4_mean_freq,0.011355,196,flat profile = no border structure,ring 0 = outermost row/col
Q1b_geometry,vit_small,mixup,canon,saga,legacy-mixupdir,border-ring,ring5_mean_freq,0.010933,196,flat profile = no border structure,ring 0 = outermost row/col
Q1b_geometry,vit_small,mixup,canon,saga,legacy-mixupdir,border-ring,ring6_mean_freq,0.015275,196,flat profile = no border structure,ring 0 = outermost row/col
Q1b_geometry,vit_small,mixup,canon,saga,legacy-mixupdir,border-ring,peak_ring,1,196,flat profile = no border structure,peak_mean_freq=0.055202
Q1b_geometry,vit_small,mixup,canon,saga,legacy-nomixdir,border-ring,ring0_mean_freq,0.033171,196,flat profile = no border structure,ring 0 = outermost row/col
Q1b_geometry,vit_small,mixup,canon,saga,legacy-nomixdir,border-ring,ring1_mean_freq,0.090405,196,flat profile = no border structure,ring 0 = outermost row/col
Q1b_geometry,vit_small,mixup,canon,saga,legacy-nomixdir,border-ring,ring2_mean_freq,0.062053,196,flat profile = no border structure,ring 0 = outermost row/col
Q1b_geometry,vit_small,mixup,canon,saga,legacy-nomixdir,border-ring,ring3_mean_freq,0.035314,196,flat profile = no border structure,ring 0 = outermost row/col
Q1b_geometry,vit_small,mixup,canon,saga,legacy-nomixdir,border-ring,ring4_mean_freq,0.02285,196,flat profile = no border structure,ring 0 = outermost row/col
Q1b_geometry,vit_small,mixup,canon,saga,legacy-nomixdir,border-ring,ring5_mean_freq,0.018683,196,flat profile = no border structure,ring 0 = outermost row/col
Q1b_geometry,vit_small,mixup,canon,saga,legacy-nomixdir,border-ring,ring6_mean_freq,0.01795,196,flat profile = no border structure,ring 0 = outermost row/col
Q1b_geometry,vit_small,mixup,canon,saga,legacy-nomixdir,border-ring,peak_ring,1,196,flat profile = no border structure,peak_mean_freq=0.090405
Q1b_geometry,vit_small,mixup,canon,saga,s1,border-ring,ring0_mean_freq,0.033781,196,flat profile = no border structure,ring 0 = outermost row/col
Q1b_geometry,vit_small,mixup,canon,saga,s1,border-ring,ring1_mean_freq,0.100641,196,flat profile = no border structure,ring 0 = outermost row/col
Q1b_geometry,vit_small,mixup,canon,saga,s1,border-ring,ring2_mean_freq,0.061858,196,flat profile = no border structure,ring 0 = outermost row/col
Q1b_geometry,vit_small,mixup,canon,saga,s1,border-ring,ring3_mean_freq,0.036418,196,flat profile = no border structure,ring 0 = outermost row/col
Q1b_geometry,vit_small,mixup,canon,saga,s1,border-ring,ring4_mean_freq,0.02629,196,flat profile = no border structure,ring 0 = outermost row/col
Q1b_geometry,vit_small,mixup,canon,saga,s1,border-ring,ring5_mean_freq,0.0247,196,flat profile = no border structure,ring 0 = outermost row/col
Q1b_geometry,vit_small,mixup,canon,saga,s1,border-ring,ring6_mean_freq,0.0264,196,flat profile = no border structure,ring 0 = outermost row/col
Q1b_geometry,vit_small,mixup,canon,saga,s1,border-ring,peak_ring,1,196,flat profile = no border structure,peak_mean_freq=0.100641
Q1b_geometry,vit_small,mixup,canon,saga,s2,border-ring,ring0_mean_freq,0.030435,196,flat profile = no border structure,ring 0 = outermost row/col
Q1b_geometry,vit_small,mixup,canon,saga,s2,border-ring,ring1_mean_freq,0.078457,196,flat profile = no border structure,ring 0 = outermost row/col
Q1b_geometry,vit_small,mixup,canon,saga,s2,border-ring,ring2_mean_freq,0.045033,196,flat profile = no border structure,ring 0 = outermost row/col
Q1b_geometry,vit_small,mixup,canon,saga,s2,border-ring,ring3_mean_freq,0.0272,196,flat profile = no border structure,ring 0 = outermost row/col
Q1b_geometry,vit_small,mixup,canon,saga,s2,border-ring,ring4_mean_freq,0.01918,196,flat profile = no border structure,ring 0 = outermost row/col
Q1b_geometry,vit_small,mixup,canon,saga,s2,border-ring,ring5_mean_freq,0.018192,196,flat profile = no border structure,ring 0 = outermost row/col
Q1b_geometry,vit_small,mixup,canon,saga,s2,border-ring,ring6_mean_freq,0.01975,196,flat profile = no border structure,ring 0 = outermost row/col
Q1b_geometry,vit_small,mixup,canon,saga,s2,border-ring,peak_ring,1,196,flat profile = no border structure,peak_mean_freq=0.078457
Q1b_geometry,vit_small,mixup,mad,saga,legacy-mixupdir,border-ring,ring0_mean_freq,0.045333,196,flat profile = no border structure,ring 0 = outermost row/col
Q1b_geometry,vit_small,mixup,mad,saga,legacy-mixupdir,border-ring,ring1_mean_freq,0.097523,196,flat profile = no border structure,ring 0 = outermost row/col
Q1b_geometry,vit_small,mixup,mad,saga,legacy-mixupdir,border-ring,ring2_mean_freq,0.066025,196,flat profile = no border structure,ring 0 = outermost row/col
Q1b_geometry,vit_small,mixup,mad,saga,legacy-mixupdir,border-ring,ring3_mean_freq,0.045,196,flat profile = no border structure,ring 0 = outermost row/col
Q1b_geometry,vit_small,mixup,mad,saga,legacy-mixupdir,border-ring,ring4_mean_freq,0.03408,196,flat profile = no border structure,ring 0 = outermost row/col
Q1b_geometry,vit_small,mixup,mad,saga,legacy-mixupdir,border-ring,ring5_mean_freq,0.033642,196,flat profile = no border structure,ring 0 = outermost row/col
Q1b_geometry,vit_small,mixup,mad,saga,legacy-mixupdir,border-ring,ring6_mean_freq,0.039575,196,flat profile = no border structure,ring 0 = outermost row/col
Q1b_geometry,vit_small,mixup,mad,saga,legacy-mixupdir,border-ring,peak_ring,1,196,flat profile = no border structure,peak_mean_freq=0.097523
Q1b_geometry,vit_small,mixup,mad,saga,legacy-nomixdir,border-ring,ring0_mean_freq,0.05909,196,flat profile = no border structure,ring 0 = outermost row/col
Q1b_geometry,vit_small,mixup,mad,saga,legacy-nomixdir,border-ring,ring1_mean_freq,0.129714,196,flat profile = no border structure,ring 0 = outermost row/col
Q1b_geometry,vit_small,mixup,mad,saga,legacy-nomixdir,border-ring,ring2_mean_freq,0.095811,196,flat profile = no border structure,ring 0 = outermost row/col
Q1b_geometry,vit_small,mixup,mad,saga,legacy-nomixdir,border-ring,ring3_mean_freq,0.064504,196,flat profile = no border structure,ring 0 = outermost row/col
Q1b_geometry,vit_small,mixup,mad,saga,legacy-nomixdir,border-ring,ring4_mean_freq,0.04937,196,flat profile = no border structure,ring 0 = outermost row/col
Q1b_geometry,vit_small,mixup,mad,saga,legacy-nomixdir,border-ring,ring5_mean_freq,0.04585,196,flat profile = no border structure,ring 0 = outermost row/col
Q1b_geometry,vit_small,mixup,mad,saga,legacy-nomixdir,border-ring,ring6_mean_freq,0.049,196,flat profile = no border structure,ring 0 = outermost row/col
Q1b_geometry,vit_small,mixup,mad,saga,legacy-nomixdir,border-ring,peak_ring,1,196,flat profile = no border structure,peak_mean_freq=0.129714
Q1b_geometry,vit_small,mixup,mad,saga,s1,border-ring,ring0_mean_freq,0.058965,196,flat profile = no border structure,ring 0 = outermost row/col
Q1b_geometry,vit_small,mixup,mad,saga,s1,border-ring,ring1_mean_freq,0.135255,196,flat profile = no border structure,ring 0 = outermost row/col
Q1b_geometry,vit_small,mixup,mad,saga,s1,border-ring,ring2_mean_freq,0.093828,196,flat profile = no border structure,ring 0 = outermost row/col
Q1b_geometry,vit_small,mixup,mad,saga,s1,border-ring,ring3_mean_freq,0.065279,196,flat profile = no border structure,ring 0 = outermost row/col
Q1b_geometry,vit_small,mixup,mad,saga,s1,border-ring,ring4_mean_freq,0.05472,196,flat profile = no border structure,ring 0 = outermost row/col
Q1b_geometry,vit_small,mixup,mad,saga,s1,border-ring,ring5_mean_freq,0.054683,196,flat profile = no border structure,ring 0 = outermost row/col
Q1b_geometry,vit_small,mixup,mad,saga,s1,border-ring,ring6_mean_freq,0.059425,196,flat profile = no border structure,ring 0 = outermost row/col
Q1b_geometry,vit_small,mixup,mad,saga,s1,border-ring,peak_ring,1,196,flat profile = no border structure,peak_mean_freq=0.135255
Q1b_geometry,vit_small,mixup,mad,saga,s2,border-ring,ring0_mean_freq,0.057129,196,flat profile = no border structure,ring 0 = outermost row/col
Q1b_geometry,vit_small,mixup,mad,saga,s2,border-ring,ring1_mean_freq,0.120277,196,flat profile = no border structure,ring 0 = outermost row/col
Q1b_geometry,vit_small,mixup,mad,saga,s2,border-ring,ring2_mean_freq,0.079547,196,flat profile = no border structure,ring 0 = outermost row/col
Q1b_geometry,vit_small,mixup,mad,saga,s2,border-ring,ring3_mean_freq,0.054546,196,flat profile = no border structure,ring 0 = outermost row/col
Q1b_geometry,vit_small,mixup,mad,saga,s2,border-ring,ring4_mean_freq,0.042985,196,flat profile = no border structure,ring 0 = outermost row/col
Q1b_geometry,vit_small,mixup,mad,saga,s2,border-ring,ring5_mean_freq,0.041792,196,flat profile = no border structure,ring 0 = outermost row/col
Q1b_geometry,vit_small,mixup,mad,saga,s2,border-ring,ring6_mean_freq,0.0457,196,flat profile = no border structure,ring 0 = outermost row/col
Q1b_geometry,vit_small,mixup,mad,saga,s2,border-ring,peak_ring,1,196,flat profile = no border structure,peak_mean_freq=0.120277
Q1b_geometry,vit_small,nomix,canon,baseline,s1,border-ring,ring0_mean_freq,0.016635,196,flat profile = no border structure,ring 0 = outermost row/col
Q1b_geometry,vit_small,nomix,canon,baseline,s1,border-ring,ring1_mean_freq,0.018932,196,flat profile = no border structure,ring 0 = outermost row/col
Q1b_geometry,vit_small,nomix,canon,baseline,s1,border-ring,ring2_mean_freq,0.018722,196,flat profile = no border structure,ring 0 = outermost row/col
Q1b_geometry,vit_small,nomix,canon,baseline,s1,border-ring,ring3_mean_freq,0.019136,196,flat profile = no border structure,ring 0 = outermost row/col
Q1b_geometry,vit_small,nomix,canon,baseline,s1,border-ring,ring4_mean_freq,0.020265,196,flat profile = no border structure,ring 0 = outermost row/col
Q1b_geometry,vit_small,nomix,canon,baseline,s1,border-ring,ring5_mean_freq,0.021417,196,flat profile = no border structure,ring 0 = outermost row/col
Q1b_geometry,vit_small,nomix,canon,baseline,s1,border-ring,ring6_mean_freq,0.02525,196,flat profile = no border structure,ring 0 = outermost row/col
Q1b_geometry,vit_small,nomix,canon,baseline,s1,border-ring,peak_ring,6,196,flat profile = no border structure,peak_mean_freq=0.025250
Q1b_geometry,vit_small,nomix,canon,baseline,s2,border-ring,ring0_mean_freq,0.017027,196,flat profile = no border structure,ring 0 = outermost row/col
Q1b_geometry,vit_small,nomix,canon,baseline,s2,border-ring,ring1_mean_freq,0.026557,196,flat profile = no border structure,ring 0 = outermost row/col
Q1b_geometry,vit_small,nomix,canon,baseline,s2,border-ring,ring2_mean_freq,0.023864,196,flat profile = no border structure,ring 0 = outermost row/col
Q1b_geometry,vit_small,nomix,canon,baseline,s2,border-ring,ring3_mean_freq,0.022664,196,flat profile = no border structure,ring 0 = outermost row/col
Q1b_geometry,vit_small,nomix,canon,baseline,s2,border-ring,ring4_mean_freq,0.023705,196,flat profile = no border structure,ring 0 = outermost row/col
Q1b_geometry,vit_small,nomix,canon,baseline,s2,border-ring,ring5_mean_freq,0.024792,196,flat profile = no border structure,ring 0 = outermost row/col
Q1b_geometry,vit_small,nomix,canon,baseline,s2,border-ring,ring6_mean_freq,0.0278,196,flat profile = no border structure,ring 0 = outermost row/col
Q1b_geometry,vit_small,nomix,canon,baseline,s2,border-ring,peak_ring,6,196,flat profile = no border structure,peak_mean_freq=0.027800
Q1b_geometry,vit_small,nomix,mad,baseline,s1,border-ring,ring0_mean_freq,0.014008,196,flat profile = no border structure,ring 0 = outermost row/col
Q1b_geometry,vit_small,nomix,mad,baseline,s1,border-ring,ring1_mean_freq,0.015623,196,flat profile = no border structure,ring 0 = outermost row/col
Q1b_geometry,vit_small,nomix,mad,baseline,s1,border-ring,ring2_mean_freq,0.016194,196,flat profile = no border structure,ring 0 = outermost row/col
Q1b_geometry,vit_small,nomix,mad,baseline,s1,border-ring,ring3_mean_freq,0.017804,196,flat profile = no border structure,ring 0 = outermost row/col
Q1b_geometry,vit_small,nomix,mad,baseline,s1,border-ring,ring4_mean_freq,0.019605,196,flat profile = no border structure,ring 0 = outermost row/col
Q1b_geometry,vit_small,nomix,mad,baseline,s1,border-ring,ring5_mean_freq,0.02235,196,flat profile = no border structure,ring 0 = outermost row/col
Q1b_geometry,vit_small,nomix,mad,baseline,s1,border-ring,ring6_mean_freq,0.027,196,flat profile = no border structure,ring 0 = outermost row/col
Q1b_geometry,vit_small,nomix,mad,baseline,s1,border-ring,peak_ring,6,196,flat profile = no border structure,peak_mean_freq=0.027000
Q1b_geometry,vit_small,nomix,mad,baseline,s2,border-ring,ring0_mean_freq,0.010369,196,flat profile = no border structure,ring 0 = outermost row/col
Q1b_geometry,vit_small,nomix,mad,baseline,s2,border-ring,ring1_mean_freq,0.016216,196,flat profile = no border structure,ring 0 = outermost row/col
Q1b_geometry,vit_small,nomix,mad,baseline,s2,border-ring,ring2_mean_freq,0.015711,196,flat profile = no border structure,ring 0 = outermost row/col
Q1b_geometry,vit_small,nomix,mad,baseline,s2,border-ring,ring3_mean_freq,0.015554,196,flat profile = no border structure,ring 0 = outermost row/col
Q1b_geometry,vit_small,nomix,mad,baseline,s2,border-ring,ring4_mean_freq,0.017105,196,flat profile = no border structure,ring 0 = outermost row/col
Q1b_geometry,vit_small,nomix,mad,baseline,s2,border-ring,ring5_mean_freq,0.018767,196,flat profile = no border structure,ring 0 = outermost row/col
Q1b_geometry,vit_small,nomix,mad,baseline,s2,border-ring,ring6_mean_freq,0.021225,196,flat profile = no border structure,ring 0 = outermost row/col
Q1b_geometry,vit_small,nomix,mad,baseline,s2,border-ring,peak_ring,6,196,flat profile = no border structure,peak_mean_freq=0.021225
Q1b_geometry,vit_small,nomix,canon,saga,s1,border-ring,ring0_mean_freq,0.006019,196,flat profile = no border structure,ring 0 = outermost row/col
Q1b_geometry,vit_small,nomix,canon,saga,s1,border-ring,ring1_mean_freq,0.006041,196,flat profile = no border structure,ring 0 = outermost row/col
Q1b_geometry,vit_small,nomix,canon,saga,s1,border-ring,ring2_mean_freq,0.005972,196,flat profile = no border structure,ring 0 = outermost row/col
Q1b_geometry,vit_small,nomix,canon,saga,s1,border-ring,ring3_mean_freq,0.005925,196,flat profile = no border structure,ring 0 = outermost row/col
Q1b_geometry,vit_small,nomix,canon,saga,s1,border-ring,ring4_mean_freq,0.005975,196,flat profile = no border structure,ring 0 = outermost row/col
Q1b_geometry,vit_small,nomix,canon,saga,s1,border-ring,ring5_mean_freq,0.006067,196,flat profile = no border structure,ring 0 = outermost row/col
Q1b_geometry,vit_small,nomix,canon,saga,s1,border-ring,ring6_mean_freq,0.0069,196,flat profile = no border structure,ring 0 = outermost row/col
Q1b_geometry,vit_small,nomix,canon,saga,s1,border-ring,peak_ring,6,196,flat profile = no border structure,peak_mean_freq=0.006900
Q1b_geometry,vit_small,nomix,canon,saga,s2,border-ring,ring0_mean_freq,0.005962,196,flat profile = no border structure,ring 0 = outermost row/col
Q1b_geometry,vit_small,nomix,canon,saga,s2,border-ring,ring1_mean_freq,0.009352,196,flat profile = no border structure,ring 0 = outermost row/col
Q1b_geometry,vit_small,nomix,canon,saga,s2,border-ring,ring2_mean_freq,0.009433,196,flat profile = no border structure,ring 0 = outermost row/col
Q1b_geometry,vit_small,nomix,canon,saga,s2,border-ring,ring3_mean_freq,0.009143,196,flat profile = no border structure,ring 0 = outermost row/col
Q1b_geometry,vit_small,nomix,canon,saga,s2,border-ring,ring4_mean_freq,0.00956,196,flat profile = no border structure,ring 0 = outermost row/col
Q1b_geometry,vit_small,nomix,canon,saga,s2,border-ring,ring5_mean_freq,0.010575,196,flat profile = no border structure,ring 0 = outermost row/col
Q1b_geometry,vit_small,nomix,canon,saga,s2,border-ring,ring6_mean_freq,0.012575,196,flat profile = no border structure,ring 0 = outermost row/col
Q1b_geometry,vit_small,nomix,canon,saga,s2,border-ring,peak_ring,6,196,flat profile = no border structure,peak_mean_freq=0.012575
Q1b_geometry,vit_small,nomix,mad,saga,s1,border-ring,ring0_mean_freq,0.013994,196,flat profile = no border structure,ring 0 = outermost row/col
Q1b_geometry,vit_small,nomix,mad,saga,s1,border-ring,ring1_mean_freq,0.01675,196,flat profile = no border structure,ring 0 = outermost row/col
Q1b_geometry,vit_small,nomix,mad,saga,s1,border-ring,ring2_mean_freq,0.017017,196,flat profile = no border structure,ring 0 = outermost row/col
Q1b_geometry,vit_small,nomix,mad,saga,s1,border-ring,ring3_mean_freq,0.017496,196,flat profile = no border structure,ring 0 = outermost row/col
Q1b_geometry,vit_small,nomix,mad,saga,s1,border-ring,ring4_mean_freq,0.019305,196,flat profile = no border structure,ring 0 = outermost row/col
Q1b_geometry,vit_small,nomix,mad,saga,s1,border-ring,ring5_mean_freq,0.0205,196,flat profile = no border structure,ring 0 = outermost row/col
Q1b_geometry,vit_small,nomix,mad,saga,s1,border-ring,ring6_mean_freq,0.023525,196,flat profile = no border structure,ring 0 = outermost row/col
Q1b_geometry,vit_small,nomix,mad,saga,s1,border-ring,peak_ring,6,196,flat profile = no border structure,peak_mean_freq=0.023525
Q1b_geometry,vit_small,nomix,mad,saga,s2,border-ring,ring0_mean_freq,0.007713,196,flat profile = no border structure,ring 0 = outermost row/col
Q1b_geometry,vit_small,nomix,mad,saga,s2,border-ring,ring1_mean_freq,0.012718,196,flat profile = no border structure,ring 0 = outermost row/col
Q1b_geometry,vit_small,nomix,mad,saga,s2,border-ring,ring2_mean_freq,0.012911,196,flat profile = no border structure,ring 0 = outermost row/col
Q1b_geometry,vit_small,nomix,mad,saga,s2,border-ring,ring3_mean_freq,0.013293,196,flat profile = no border structure,ring 0 = outermost row/col
Q1b_geometry,vit_small,nomix,mad,saga,s2,border-ring,ring4_mean_freq,0.013855,196,flat profile = no border structure,ring 0 = outermost row/col
Q1b_geometry,vit_small,nomix,mad,saga,s2,border-ring,ring5_mean_freq,0.015775,196,flat profile = no border structure,ring 0 = outermost row/col
Q1b_geometry,vit_small,nomix,mad,saga,s2,border-ring,ring6_mean_freq,0.01825,196,flat profile = no border structure,ring 0 = outermost row/col
Q1b_geometry,vit_small,nomix,mad,saga,s2,border-ring,peak_ring,6,196,flat profile = no border structure,peak_mean_freq=0.018250
Q2_seed_stability,vit_base,mixup,canon,baseline,legacy-nomixdir vs s1,zero,spearman,0.850507,196,zero = no shared structure,
Q2_seed_stability,vit_base,mixup,canon,baseline,all-pairs,zero,spearman_mean,0.850507,1,zero = no shared structure,
Q2_seed_stability,vit_base,mixup,canon,baseline,all-pairs,zero,spearman_min,0.850507,1,zero = no shared structure,
Q2_seed_stability,vit_base,mixup,canon,baseline,all-pairs,zero,spearman_max,0.850507,1,zero = no shared structure,
Q2_seed_stability,vit_base,mixup,mad,baseline,legacy-nomixdir vs s1,zero,spearman,0.822995,196,zero = no shared structure,
Q2_seed_stability,vit_base,mixup,mad,baseline,all-pairs,zero,spearman_mean,0.822995,1,zero = no shared structure,
Q2_seed_stability,vit_base,mixup,mad,baseline,all-pairs,zero,spearman_min,0.822995,1,zero = no shared structure,
Q2_seed_stability,vit_base,mixup,mad,baseline,all-pairs,zero,spearman_max,0.822995,1,zero = no shared structure,
Q2_seed_stability,vit_base,mixup,canon,registers,all-pairs,zero,spearman_mean,MISSING,0,zero = no shared structure,only 1 repeat(s) — no pair exists
Q2_seed_stability,vit_base,mixup,mad,registers,all-pairs,zero,spearman_mean,MISSING,0,zero = no shared structure,only 1 repeat(s) — no pair exists
Q2_seed_stability,vit_base,mixup,canon,saga,legacy-nomixdir vs s1,zero,spearman,0.828723,196,zero = no shared structure,
Q2_seed_stability,vit_base,mixup,canon,saga,all-pairs,zero,spearman_mean,0.828723,1,zero = no shared structure,
Q2_seed_stability,vit_base,mixup,canon,saga,all-pairs,zero,spearman_min,0.828723,1,zero = no shared structure,
Q2_seed_stability,vit_base,mixup,canon,saga,all-pairs,zero,spearman_max,0.828723,1,zero = no shared structure,
Q2_seed_stability,vit_base,mixup,mad,saga,legacy-nomixdir vs s1,zero,spearman,0.842548,196,zero = no shared structure,
Q2_seed_stability,vit_base,mixup,mad,saga,all-pairs,zero,spearman_mean,0.842548,1,zero = no shared structure,
Q2_seed_stability,vit_base,mixup,mad,saga,all-pairs,zero,spearman_min,0.842548,1,zero = no shared structure,
Q2_seed_stability,vit_base,mixup,mad,saga,all-pairs,zero,spearman_max,0.842548,1,zero = no shared structure,
Q2_seed_stability,vit_small,mixup,canon,baseline,legacy-mixupdir vs legacy-nomixdir,zero,spearman,0.891946,196,zero = no shared structure,
Q2_seed_stability,vit_small,mixup,canon,baseline,legacy-mixupdir vs s1,zero,spearman,0.932526,196,zero = no shared structure,
Q2_seed_stability,vit_small,mixup,canon,baseline,legacy-mixupdir vs s2,zero,spearman,0.900131,196,zero = no shared structure,
Q2_seed_stability,vit_small,mixup,canon,baseline,legacy-nomixdir vs s1,zero,spearman,0.936514,196,zero = no shared structure,
Q2_seed_stability,vit_small,mixup,canon,baseline,legacy-nomixdir vs s2,zero,spearman,0.917414,196,zero = no shared structure,
Q2_seed_stability,vit_small,mixup,canon,baseline,s1 vs s2,zero,spearman,0.894027,196,zero = no shared structure,
Q2_seed_stability,vit_small,mixup,canon,baseline,all-pairs,zero,spearman_mean,0.912093,6,zero = no shared structure,
Q2_seed_stability,vit_small,mixup,canon,baseline,all-pairs,zero,spearman_min,0.891946,6,zero = no shared structure,
Q2_seed_stability,vit_small,mixup,canon,baseline,all-pairs,zero,spearman_max,0.936514,6,zero = no shared structure,
Q2_seed_stability,vit_small,mixup,mad,baseline,legacy-mixupdir vs legacy-nomixdir,zero,spearman,0.881806,196,zero = no shared structure,
Q2_seed_stability,vit_small,mixup,mad,baseline,legacy-mixupdir vs s1,zero,spearman,0.934375,196,zero = no shared structure,
Q2_seed_stability,vit_small,mixup,mad,baseline,legacy-mixupdir vs s2,zero,spearman,0.907327,196,zero = no shared structure,
Q2_seed_stability,vit_small,mixup,mad,baseline,legacy-nomixdir vs s1,zero,spearman,0.930619,196,zero = no shared structure,
Q2_seed_stability,vit_small,mixup,mad,baseline,legacy-nomixdir vs s2,zero,spearman,0.920014,196,zero = no shared structure,
Q2_seed_stability,vit_small,mixup,mad,baseline,s1 vs s2,zero,spearman,0.901493,196,zero = no shared structure,
Q2_seed_stability,vit_small,mixup,mad,baseline,all-pairs,zero,spearman_mean,0.912606,6,zero = no shared structure,
Q2_seed_stability,vit_small,mixup,mad,baseline,all-pairs,zero,spearman_min,0.881806,6,zero = no shared structure,
Q2_seed_stability,vit_small,mixup,mad,baseline,all-pairs,zero,spearman_max,0.934375,6,zero = no shared structure,
Q2_seed_stability,vit_small,mixup,canon,registers,legacy-mixupdir vs legacy-nomixdir,zero,spearman,0.763668,196,zero = no shared structure,
Q2_seed_stability,vit_small,mixup,canon,registers,all-pairs,zero,spearman_mean,0.763668,1,zero = no shared structure,
Q2_seed_stability,vit_small,mixup,canon,registers,all-pairs,zero,spearman_min,0.763668,1,zero = no shared structure,
Q2_seed_stability,vit_small,mixup,canon,registers,all-pairs,zero,spearman_max,0.763668,1,zero = no shared structure,
Q2_seed_stability,vit_small,mixup,mad,registers,legacy-mixupdir vs legacy-nomixdir,zero,spearman,0.867107,196,zero = no shared structure,
Q2_seed_stability,vit_small,mixup,mad,registers,all-pairs,zero,spearman_mean,0.867107,1,zero = no shared structure,
Q2_seed_stability,vit_small,mixup,mad,registers,all-pairs,zero,spearman_min,0.867107,1,zero = no shared structure,
Q2_seed_stability,vit_small,mixup,mad,registers,all-pairs,zero,spearman_max,0.867107,1,zero = no shared structure,
Q2_seed_stability,vit_small,mixup,canon,saga,legacy-mixupdir vs legacy-nomixdir,zero,spearman,0.825517,196,zero = no shared structure,
Q2_seed_stability,vit_small,mixup,canon,saga,legacy-mixupdir vs s1,zero,spearman,0.948888,196,zero = no shared structure,
Q2_seed_stability,vit_small,mixup,canon,saga,legacy-mixupdir vs s2,zero,spearman,0.949912,196,zero = no shared structure,
Q2_seed_stability,vit_small,mixup,canon,saga,legacy-nomixdir vs s1,zero,spearman,0.861124,196,zero = no shared structure,
Q2_seed_stability,vit_small,mixup,canon,saga,legacy-nomixdir vs s2,zero,spearman,0.876918,196,zero = no shared structure,
Q2_seed_stability,vit_small,mixup,canon,saga,s1 vs s2,zero,spearman,0.930418,196,zero = no shared structure,
Q2_seed_stability,vit_small,mixup,canon,saga,all-pairs,zero,spearman_mean,0.898796,6,zero = no shared structure,
Q2_seed_stability,vit_small,mixup,canon,saga,all-pairs,zero,spearman_min,0.825517,6,zero = no shared structure,
Q2_seed_stability,vit_small,mixup,canon,saga,all-pairs,zero,spearman_max,0.949912,6,zero = no shared structure,
Q2_seed_stability,vit_small,mixup,mad,saga,legacy-mixupdir vs legacy-nomixdir,zero,spearman,0.855765,196,zero = no shared structure,
Q2_seed_stability,vit_small,mixup,mad,saga,legacy-mixupdir vs s1,zero,spearman,0.954382,196,zero = no shared structure,
Q2_seed_stability,vit_small,mixup,mad,saga,legacy-mixupdir vs s2,zero,spearman,0.958533,196,zero = no shared structure,
Q2_seed_stability,vit_small,mixup,mad,saga,legacy-nomixdir vs s1,zero,spearman,0.869249,196,zero = no shared structure,
Q2_seed_stability,vit_small,mixup,mad,saga,legacy-nomixdir vs s2,zero,spearman,0.897066,196,zero = no shared structure,
Q2_seed_stability,vit_small,mixup,mad,saga,s1 vs s2,zero,spearman,0.929971,196,zero = no shared structure,
Q2_seed_stability,vit_small,mixup,mad,saga,all-pairs,zero,spearman_mean,0.910827,6,zero = no shared structure,
Q2_seed_stability,vit_small,mixup,mad,saga,all-pairs,zero,spearman_min,0.855765,6,zero = no shared structure,
Q2_seed_stability,vit_small,mixup,mad,saga,all-pairs,zero,spearman_max,0.958533,6,zero = no shared structure,
Q2_seed_stability,vit_small,nomix,canon,baseline,s1 vs s2,zero,spearman,0.71074,196,zero = no shared structure,
Q2_seed_stability,vit_small,nomix,canon,baseline,all-pairs,zero,spearman_mean,0.71074,1,zero = no shared structure,
Q2_seed_stability,vit_small,nomix,canon,baseline,all-pairs,zero,spearman_min,0.71074,1,zero = no shared structure,
Q2_seed_stability,vit_small,nomix,canon,baseline,all-pairs,zero,spearman_max,0.71074,1,zero = no shared structure,
Q2_seed_stability,vit_small,nomix,mad,baseline,s1 vs s2,zero,spearman,0.684738,196,zero = no shared structure,
Q2_seed_stability,vit_small,nomix,mad,baseline,all-pairs,zero,spearman_mean,0.684738,1,zero = no shared structure,
Q2_seed_stability,vit_small,nomix,mad,baseline,all-pairs,zero,spearman_min,0.684738,1,zero = no shared structure,
Q2_seed_stability,vit_small,nomix,mad,baseline,all-pairs,zero,spearman_max,0.684738,1,zero = no shared structure,
Q2_seed_stability,vit_small,nomix,canon,saga,s1 vs s2,zero,spearman,0.657533,196,zero = no shared structure,
Q2_seed_stability,vit_small,nomix,canon,saga,all-pairs,zero,spearman_mean,0.657533,1,zero = no shared structure,
Q2_seed_stability,vit_small,nomix,canon,saga,all-pairs,zero,spearman_min,0.657533,1,zero = no shared structure,
Q2_seed_stability,vit_small,nomix,canon,saga,all-pairs,zero,spearman_max,0.657533,1,zero = no shared structure,
Q2_seed_stability,vit_small,nomix,mad,saga,s1 vs s2,zero,spearman,0.648966,196,zero = no shared structure,
Q2_seed_stability,vit_small,nomix,mad,saga,all-pairs,zero,spearman_mean,0.648966,1,zero = no shared structure,
Q2_seed_stability,vit_small,nomix,mad,saga,all-pairs,zero,spearman_min,0.648966,1,zero = no shared structure,
Q2_seed_stability,vit_small,nomix,mad,saga,all-pairs,zero,spearman_max,0.648966,1,zero = no shared structure,
Q3_recipe_stability,vit_small,mixup|nomix,canon,baseline,mixup:legacy-mixupdir vs nomix:s1,zero,spearman,0.227734,196,zero = no shared structure,
Q3_recipe_stability,vit_small,mixup|nomix,canon,baseline,mixup:legacy-mixupdir vs nomix:s2,zero,spearman,0.360491,196,zero = no shared structure,
Q3_recipe_stability,vit_small,mixup|nomix,canon,baseline,mixup:legacy-nomixdir vs nomix:s1,zero,spearman,0.191646,196,zero = no shared structure,
Q3_recipe_stability,vit_small,mixup|nomix,canon,baseline,mixup:legacy-nomixdir vs nomix:s2,zero,spearman,0.393275,196,zero = no shared structure,
Q3_recipe_stability,vit_small,mixup|nomix,canon,baseline,mixup:s1 vs nomix:s1,zero,spearman,0.257254,196,zero = no shared structure,
Q3_recipe_stability,vit_small,mixup|nomix,canon,baseline,mixup:s1 vs nomix:s2,zero,spearman,0.398943,196,zero = no shared structure,
Q3_recipe_stability,vit_small,mixup|nomix,canon,baseline,mixup:s2 vs nomix:s1,zero,spearman,0.255177,196,zero = no shared structure,
Q3_recipe_stability,vit_small,mixup|nomix,canon,baseline,mixup:s2 vs nomix:s2,zero,spearman,0.356288,196,zero = no shared structure,
Q3_recipe_stability,vit_small,mixup|nomix,canon,baseline,all-cross-pairs,zero,spearman_mean,0.305101,8,zero = no shared structure,
Q3_recipe_stability,vit_small,mixup|nomix,canon,baseline,all-cross-pairs,zero,spearman_min,0.191646,8,zero = no shared structure,
Q3_recipe_stability,vit_small,mixup|nomix,canon,baseline,all-cross-pairs,zero,spearman_max,0.398943,8,zero = no shared structure,
Q3_recipe_stability,vit_small,mixup|nomix,mad,baseline,mixup:legacy-mixupdir vs nomix:s1,zero,spearman,-0.02109,196,zero = no shared structure,
Q3_recipe_stability,vit_small,mixup|nomix,mad,baseline,mixup:legacy-mixupdir vs nomix:s2,zero,spearman,0.207053,196,zero = no shared structure,
Q3_recipe_stability,vit_small,mixup|nomix,mad,baseline,mixup:legacy-nomixdir vs nomix:s1,zero,spearman,0.019908,196,zero = no shared structure,
Q3_recipe_stability,vit_small,mixup|nomix,mad,baseline,mixup:legacy-nomixdir vs nomix:s2,zero,spearman,0.311779,196,zero = no shared structure,
Q3_recipe_stability,vit_small,mixup|nomix,mad,baseline,mixup:s1 vs nomix:s1,zero,spearman,0.014284,196,zero = no shared structure,
Q3_recipe_stability,vit_small,mixup|nomix,mad,baseline,mixup:s1 vs nomix:s2,zero,spearman,0.230463,196,zero = no shared structure,
Q3_recipe_stability,vit_small,mixup|nomix,mad,baseline,mixup:s2 vs nomix:s1,zero,spearman,0.050698,196,zero = no shared structure,
Q3_recipe_stability,vit_small,mixup|nomix,mad,baseline,mixup:s2 vs nomix:s2,zero,spearman,0.260699,196,zero = no shared structure,
Q3_recipe_stability,vit_small,mixup|nomix,mad,baseline,all-cross-pairs,zero,spearman_mean,0.134224,8,zero = no shared structure,
Q3_recipe_stability,vit_small,mixup|nomix,mad,baseline,all-cross-pairs,zero,spearman_min,-0.02109,8,zero = no shared structure,
Q3_recipe_stability,vit_small,mixup|nomix,mad,baseline,all-cross-pairs,zero,spearman_max,0.311779,8,zero = no shared structure,
Q4_relocation,vit_small,mixup,canon,registers,legacy-mixupdir,baseline-matched,spearman,0.340936,196,"1.0 = identical address, zero = relocated",
Q4_relocation,vit_small,mixup,canon,registers,legacy-nomixdir,baseline-matched,spearman,0.61372,196,"1.0 = identical address, zero = relocated",
Q4_relocation,vit_small,mixup,canon,registers,paired,baseline-matched,spearman_mean,0.477328,2,"1.0 = identical address, zero = relocated",
Q4_relocation,vit_small,mixup,canon,registers,paired,baseline-matched,spearman_min,0.340936,2,"1.0 = identical address, zero = relocated",
Q4_relocation,vit_small,mixup,canon,registers,paired,baseline-matched,spearman_max,0.61372,2,"1.0 = identical address, zero = relocated",
Q4_relocation,vit_small,mixup,canon,registers,MEAN,baseline-cellmean,delta_entropy_normalized,0.014502,2,baseline mean=0.978241,registers mean=0.992743; <0 = more concentrated
Q4_relocation,vit_small,mixup,canon,registers,MEAN,baseline-cellmean,delta_gini,-0.1185,2,baseline mean=0.263958,registers mean=0.145458; >0 = more concentrated
Q4_relocation,vit_small,mixup,canon,registers,MEAN,baseline-cellmean,delta_top5_share,-0.023738,2,baseline mean=0.067770,registers mean=0.044033; >0 = more concentrated
Q4_relocation,vit_small,mixup,canon,registers,MEAN,baseline-cellmean,delta_top20_share,-0.062106,2,baseline mean=0.212716,registers mean=0.150610; >0 = more concentrated
Q4_relocation,vit_small,mixup,canon,registers,MEAN,baseline-cellmean,delta_total_mass,-13.4433,2,baseline mean=16.479750,registers mean=3.036450; >0 = more concentrated
Q4_relocation,vit_small,mixup,mad,registers,legacy-mixupdir,baseline-matched,spearman,0.258209,196,"1.0 = identical address, zero = relocated",
Q4_relocation,vit_small,mixup,mad,registers,legacy-nomixdir,baseline-matched,spearman,0.463851,196,"1.0 = identical address, zero = relocated",
Q4_relocation,vit_small,mixup,mad,registers,paired,baseline-matched,spearman_mean,0.36103,2,"1.0 = identical address, zero = relocated",
Q4_relocation,vit_small,mixup,mad,registers,paired,baseline-matched,spearman_min,0.258209,2,"1.0 = identical address, zero = relocated",
Q4_relocation,vit_small,mixup,mad,registers,paired,baseline-matched,spearman_max,0.463851,2,"1.0 = identical address, zero = relocated",
Q4_relocation,vit_small,mixup,mad,registers,MEAN,baseline-cellmean,delta_entropy_normalized,0.015537,2,baseline mean=0.978036,registers mean=0.993572; <0 = more concentrated
Q4_relocation,vit_small,mixup,mad,registers,MEAN,baseline-cellmean,delta_gini,-0.12497,2,baseline mean=0.265610,registers mean=0.140639; >0 = more concentrated
Q4_relocation,vit_small,mixup,mad,registers,MEAN,baseline-cellmean,delta_top5_share,-0.025862,2,baseline mean=0.068442,registers mean=0.042579; >0 = more concentrated
Q4_relocation,vit_small,mixup,mad,registers,MEAN,baseline-cellmean,delta_top20_share,-0.065412,2,baseline mean=0.213658,registers mean=0.148246; >0 = more concentrated
Q4_relocation,vit_small,mixup,mad,registers,MEAN,baseline-cellmean,delta_total_mass,-12.3146,2,baseline mean=16.269100,registers mean=3.954500; >0 = more concentrated
Q4_relocation,vit_small,mixup,canon,saga,legacy-mixupdir,baseline-matched,spearman,0.862796,196,"1.0 = identical address, zero = relocated",
Q4_relocation,vit_small,mixup,canon,saga,legacy-nomixdir,baseline-matched,spearman,0.795159,196,"1.0 = identical address, zero = relocated",
Q4_relocation,vit_small,mixup,canon,saga,s1,baseline-matched,spearman,0.913073,196,"1.0 = identical address, zero = relocated",
Q4_relocation,vit_small,mixup,canon,saga,s2,baseline-matched,spearman,0.919391,196,"1.0 = identical address, zero = relocated",
Q4_relocation,vit_small,mixup,canon,saga,paired,baseline-matched,spearman_mean,0.872605,4,"1.0 = identical address, zero = relocated",
Q4_relocation,vit_small,mixup,canon,saga,paired,baseline-matched,spearman_min,0.795159,4,"1.0 = identical address, zero = relocated",
Q4_relocation,vit_small,mixup,canon,saga,paired,baseline-matched,spearman_max,0.919391,4,"1.0 = identical address, zero = relocated",
Q4_relocation,vit_small,mixup,canon,saga,MEAN,baseline-cellmean,delta_entropy_normalized,-0.020771,4,baseline mean=0.978241,saga mean=0.957470; <0 = more concentrated
Q4_relocation,vit_small,mixup,canon,saga,MEAN,baseline-cellmean,delta_gini,0.102275,4,baseline mean=0.263958,saga mean=0.366233; >0 = more concentrated
Q4_relocation,vit_small,mixup,canon,saga,MEAN,baseline-cellmean,delta_top5_share,0.029297,4,baseline mean=0.067770,saga mean=0.097067; >0 = more concentrated
Q4_relocation,vit_small,mixup,canon,saga,MEAN,baseline-cellmean,delta_top20_share,0.055714,4,baseline mean=0.212716,saga mean=0.268431; >0 = more concentrated
Q4_relocation,vit_small,mixup,canon,saga,MEAN,baseline-cellmean,delta_total_mass,-8.079075,4,baseline mean=16.479750,saga mean=8.400675; >0 = more concentrated
Q4_relocation,vit_small,mixup,mad,saga,legacy-mixupdir,baseline-matched,spearman,0.893239,196,"1.0 = identical address, zero = relocated",
Q4_relocation,vit_small,mixup,mad,saga,legacy-nomixdir,baseline-matched,spearman,0.820263,196,"1.0 = identical address, zero = relocated",
Q4_relocation,vit_small,mixup,mad,saga,s1,baseline-matched,spearman,0.918626,196,"1.0 = identical address, zero = relocated",
Q4_relocation,vit_small,mixup,mad,saga,s2,baseline-matched,spearman,0.924702,196,"1.0 = identical address, zero = relocated",
Q4_relocation,vit_small,mixup,mad,saga,paired,baseline-matched,spearman_mean,0.889207,4,"1.0 = identical address, zero = relocated",
Q4_relocation,vit_small,mixup,mad,saga,paired,baseline-matched,spearman_min,0.820263,4,"1.0 = identical address, zero = relocated",
Q4_relocation,vit_small,mixup,mad,saga,paired,baseline-matched,spearman_max,0.924702,4,"1.0 = identical address, zero = relocated",
Q4_relocation,vit_small,mixup,mad,saga,MEAN,baseline-cellmean,delta_entropy_normalized,0.000461,4,baseline mean=0.978036,saga mean=0.978497; <0 = more concentrated
Q4_relocation,vit_small,mixup,mad,saga,MEAN,baseline-cellmean,delta_gini,-0.003177,4,baseline mean=0.265610,saga mean=0.262432; >0 = more concentrated
Q4_relocation,vit_small,mixup,mad,saga,MEAN,baseline-cellmean,delta_top5_share,0.0028,4,baseline mean=0.068442,saga mean=0.071242; >0 = more concentrated
Q4_relocation,vit_small,mixup,mad,saga,MEAN,baseline-cellmean,delta_top20_share,0.001219,4,baseline mean=0.213658,saga mean=0.214877; >0 = more concentrated
Q4_relocation,vit_small,mixup,mad,saga,MEAN,baseline-cellmean,delta_total_mass,-1.84235,4,baseline mean=16.269100,saga mean=14.426750; >0 = more concentrated
Q4_relocation,vit_small,nomix,canon,saga,s1,baseline-matched,spearman,0.852628,196,"1.0 = identical address, zero = relocated",
Q4_relocation,vit_small,nomix,canon,saga,s2,baseline-matched,spearman,0.877891,196,"1.0 = identical address, zero = relocated",
Q4_relocation,vit_small,nomix,canon,saga,paired,baseline-matched,spearman_mean,0.865259,2,"1.0 = identical address, zero = relocated",
Q4_relocation,vit_small,nomix,canon,saga,paired,baseline-matched,spearman_min,0.852628,2,"1.0 = identical address, zero = relocated",
Q4_relocation,vit_small,nomix,canon,saga,paired,baseline-matched,spearman_max,0.877891,2,"1.0 = identical address, zero = relocated",
Q4_relocation,vit_small,nomix,canon,saga,MEAN,baseline-cellmean,delta_entropy_normalized,-0.001761,2,baseline mean=0.990161,saga mean=0.988401; <0 = more concentrated
Q4_relocation,vit_small,nomix,canon,saga,MEAN,baseline-cellmean,delta_gini,0.014749,2,baseline mean=0.181700,saga mean=0.196450; >0 = more concentrated
Q4_relocation,vit_small,nomix,canon,saga,MEAN,baseline-cellmean,delta_top5_share,-0.002498,2,baseline mean=0.045585,saga mean=0.043086; >0 = more concentrated
Q4_relocation,vit_small,nomix,canon,saga,MEAN,baseline-cellmean,delta_top20_share,-0.004792,2,baseline mean=0.165867,saga mean=0.161076; >0 = more concentrated
Q4_relocation,vit_small,nomix,canon,saga,MEAN,baseline-cellmean,delta_total_mass,-2.6182,2,baseline mean=4.050750,saga mean=1.432550; >0 = more concentrated
Q4_relocation,vit_small,nomix,mad,saga,s1,baseline-matched,spearman,0.899832,196,"1.0 = identical address, zero = relocated",
Q4_relocation,vit_small,nomix,mad,saga,s2,baseline-matched,spearman,0.914451,196,"1.0 = identical address, zero = relocated",
Q4_relocation,vit_small,nomix,mad,saga,paired,baseline-matched,spearman_mean,0.907142,2,"1.0 = identical address, zero = relocated",
Q4_relocation,vit_small,nomix,mad,saga,paired,baseline-matched,spearman_min,0.899832,2,"1.0 = identical address, zero = relocated",
Q4_relocation,vit_small,nomix,mad,saga,paired,baseline-matched,spearman_max,0.914451,2,"1.0 = identical address, zero = relocated",
Q4_relocation,vit_small,nomix,mad,saga,MEAN,baseline-cellmean,delta_entropy_normalized,0.001181,2,baseline mean=0.990378,saga mean=0.991559; <0 = more concentrated
Q4_relocation,vit_small,nomix,mad,saga,MEAN,baseline-cellmean,delta_gini,-0.017278,2,baseline mean=0.180661,saga mean=0.163383; >0 = more concentrated
Q4_relocation,vit_small,nomix,mad,saga,MEAN,baseline-cellmean,delta_top5_share,-0.004248,2,baseline mean=0.043534,saga mean=0.039287; >0 = more concentrated
Q4_relocation,vit_small,nomix,mad,saga,MEAN,baseline-cellmean,delta_top20_share,-0.01392,2,baseline mean=0.162589,saga mean=0.148669; >0 = more concentrated
Q4_relocation,vit_small,nomix,mad,saga,MEAN,baseline-cellmean,delta_total_mass,-0.27055,2,baseline mean=3.085800,saga mean=2.815250; >0 = more concentrated
Q4_relocation,vit_base,mixup,canon,registers,legacy-nomixdir,baseline-matched,spearman,0.00634,196,"1.0 = identical address, zero = relocated",
Q4_relocation,vit_base,mixup,canon,registers,paired,baseline-matched,spearman_mean,0.00634,1,"1.0 = identical address, zero = relocated",
Q4_relocation,vit_base,mixup,canon,registers,paired,baseline-matched,spearman_min,0.00634,1,"1.0 = identical address, zero = relocated",
Q4_relocation,vit_base,mixup,canon,registers,paired,baseline-matched,spearman_max,0.00634,1,"1.0 = identical address, zero = relocated",
Q4_relocation,vit_base,mixup,canon,registers,MEAN,baseline-cellmean,delta_entropy_normalized,-0.080828,1,baseline mean=0.936474,registers mean=0.855646; <0 = more concentrated
Q4_relocation,vit_base,mixup,canon,registers,MEAN,baseline-cellmean,delta_gini,0.185709,1,baseline mean=0.427303,registers mean=0.613011; >0 = more concentrated
Q4_relocation,vit_base,mixup,canon,registers,MEAN,baseline-cellmean,delta_top5_share,0.04516,1,baseline mean=0.126514,registers mean=0.171674; >0 = more concentrated
Q4_relocation,vit_base,mixup,canon,registers,MEAN,baseline-cellmean,delta_top20_share,0.078185,1,baseline mean=0.325249,registers mean=0.403433; >0 = more concentrated
Q4_relocation,vit_base,mixup,canon,registers,MEAN,baseline-cellmean,delta_total_mass,-8.3802,1,baseline mean=8.403500,registers mean=0.023300; >0 = more concentrated
Q4_relocation,vit_base,mixup,mad,registers,legacy-nomixdir,baseline-matched,spearman,0.537017,196,"1.0 = identical address, zero = relocated",
Q4_relocation,vit_base,mixup,mad,registers,paired,baseline-matched,spearman_mean,0.537017,1,"1.0 = identical address, zero = relocated",
Q4_relocation,vit_base,mixup,mad,registers,paired,baseline-matched,spearman_min,0.537017,1,"1.0 = identical address, zero = relocated",
Q4_relocation,vit_base,mixup,mad,registers,paired,baseline-matched,spearman_max,0.537017,1,"1.0 = identical address, zero = relocated",
Q4_relocation,vit_base,mixup,mad,registers,MEAN,baseline-cellmean,delta_entropy_normalized,0.039962,1,baseline mean=0.951686,registers mean=0.991648; <0 = more concentrated
Q4_relocation,vit_base,mixup,mad,registers,MEAN,baseline-cellmean,delta_gini,-0.215471,1,baseline mean=0.382268,registers mean=0.166798; >0 = more concentrated
Q4_relocation,vit_base,mixup,mad,registers,MEAN,baseline-cellmean,delta_top5_share,-0.061903,1,baseline mean=0.109665,registers mean=0.047763; >0 = more concentrated
Q4_relocation,vit_base,mixup,mad,registers,MEAN,baseline-cellmean,delta_top20_share,-0.126253,1,baseline mean=0.293723,registers mean=0.167470; >0 = more concentrated
Q4_relocation,vit_base,mixup,mad,registers,MEAN,baseline-cellmean,delta_total_mass,-8.5874,1,baseline mean=9.914800,registers mean=1.327400; >0 = more concentrated
Q4_relocation,vit_base,mixup,canon,saga,legacy-nomixdir,baseline-matched,spearman,0.835676,196,"1.0 = identical address, zero = relocated",
Q4_relocation,vit_base,mixup,canon,saga,s1,baseline-matched,spearman,0.750174,196,"1.0 = identical address, zero = relocated",
Q4_relocation,vit_base,mixup,canon,saga,paired,baseline-matched,spearman_mean,0.792925,2,"1.0 = identical address, zero = relocated",
Q4_relocation,vit_base,mixup,canon,saga,paired,baseline-matched,spearman_min,0.750174,2,"1.0 = identical address, zero = relocated",
Q4_relocation,vit_base,mixup,canon,saga,paired,baseline-matched,spearman_max,0.835676,2,"1.0 = identical address, zero = relocated",
Q4_relocation,vit_base,mixup,canon,saga,MEAN,baseline-cellmean,delta_entropy_normalized,-0.020192,2,baseline mean=0.936474,saga mean=0.916282; <0 = more concentrated
Q4_relocation,vit_base,mixup,canon,saga,MEAN,baseline-cellmean,delta_gini,0.074273,2,baseline mean=0.427303,saga mean=0.501576; >0 = more concentrated
Q4_relocation,vit_base,mixup,canon,saga,MEAN,baseline-cellmean,delta_top5_share,0.017889,2,baseline mean=0.126514,saga mean=0.144403; >0 = more concentrated
Q4_relocation,vit_base,mixup,canon,saga,MEAN,baseline-cellmean,delta_top20_share,0.039924,2,baseline mean=0.325249,saga mean=0.365172; >0 = more concentrated
Q4_relocation,vit_base,mixup,canon,saga,MEAN,baseline-cellmean,delta_total_mass,-3.8699,2,baseline mean=8.403500,saga mean=4.533600; >0 = more concentrated
Q4_relocation,vit_base,mixup,mad,saga,legacy-nomixdir,baseline-matched,spearman,0.839458,196,"1.0 = identical address, zero = relocated",
Q4_relocation,vit_base,mixup,mad,saga,s1,baseline-matched,spearman,0.744543,196,"1.0 = identical address, zero = relocated",
Q4_relocation,vit_base,mixup,mad,saga,paired,baseline-matched,spearman_mean,0.792,2,"1.0 = identical address, zero = relocated",
Q4_relocation,vit_base,mixup,mad,saga,paired,baseline-matched,spearman_min,0.744543,2,"1.0 = identical address, zero = relocated",
Q4_relocation,vit_base,mixup,mad,saga,paired,baseline-matched,spearman_max,0.839458,2,"1.0 = identical address, zero = relocated",
Q4_relocation,vit_base,mixup,mad,saga,MEAN,baseline-cellmean,delta_entropy_normalized,0.036794,2,baseline mean=0.951686,saga mean=0.988480; <0 = more concentrated
Q4_relocation,vit_base,mixup,mad,saga,MEAN,baseline-cellmean,delta_gini,-0.196594,2,baseline mean=0.382268,saga mean=0.185674; >0 = more concentrated
Q4_relocation,vit_base,mixup,mad,saga,MEAN,baseline-cellmean,delta_top5_share,-0.050993,2,baseline mean=0.109665,saga mean=0.058672; >0 = more concentrated
Q4_relocation,vit_base,mixup,mad,saga,MEAN,baseline-cellmean,delta_top20_share,-0.111394,2,baseline mean=0.293723,saga mean=0.182330; >0 = more concentrated
Q4_relocation,vit_base,mixup,mad,saga,MEAN,baseline-cellmean,delta_total_mass,7.00205,2,baseline mean=9.914800,saga mean=16.916850; >0 = more concentrated
Q5_gate_address,vit_small,mixup,-,saga,legacy-mixupdir,-,gate_spatial_std_layer00,0.003986,196,0 = spatially constant layer,"mean=0.51074, range=0.018727"
Q5_gate_address,vit_small,mixup,-,saga,legacy-mixupdir,-,gate_spatial_std_layer01,0.010228,196,0 = spatially constant layer,"mean=0.51316, range=0.044408"
Q5_gate_address,vit_small,mixup,-,saga,legacy-mixupdir,-,gate_spatial_std_layer02,0.0167,196,0 = spatially constant layer,"mean=0.50367, range=0.085949"
Q5_gate_address,vit_small,mixup,-,saga,legacy-mixupdir,-,gate_spatial_std_layer03,0.005297,196,0 = spatially constant layer,"mean=0.52860, range=0.027748"
Q5_gate_address,vit_small,mixup,-,saga,legacy-mixupdir,-,gate_spatial_std_layer04,0.010502,196,0 = spatially constant layer,"mean=0.53351, range=0.048289"
Q5_gate_address,vit_small,mixup,-,saga,legacy-mixupdir,-,gate_spatial_std_layer05,0.007236,196,0 = spatially constant layer,"mean=0.55270, range=0.037201"
Q5_gate_address,vit_small,mixup,-,saga,legacy-mixupdir,-,gate_spatial_std_layer06,0.007604,196,0 = spatially constant layer,"mean=0.57329, range=0.032834"
Q5_gate_address,vit_small,mixup,-,saga,legacy-mixupdir,-,gate_spatial_std_layer07,0.007324,196,0 = spatially constant layer,"mean=0.59057, range=0.044443"
Q5_gate_address,vit_small,mixup,-,saga,legacy-mixupdir,-,gate_spatial_std_layer08,0.006372,196,0 = spatially constant layer,"mean=0.62853, range=0.036338"
Q5_gate_address,vit_small,mixup,-,saga,legacy-mixupdir,-,gate_spatial_std_layer09,0.007807,196,0 = spatially constant layer,"mean=0.59138, range=0.038174"
Q5_gate_address,vit_small,mixup,-,saga,legacy-mixupdir,-,gate_spatial_std_layer10,0.006221,196,0 = spatially constant layer,"mean=0.60398, range=0.041329"
Q5_gate_address,vit_small,mixup,-,saga,legacy-mixupdir,-,gate_spatial_std_layer11,0.0,196,0 = spatially constant layer,"mean=0.50000, range=0.000000"
Q5_gate_address,vit_small,mixup,canon,saga,legacy-mixupdir,baseline-matched,spearman_layer00,0.345944,196,zero = gate ignores the address,
Q5_gate_address,vit_small,mixup,canon,saga,legacy-mixupdir,baseline-matched,spearman_layer01,-0.253965,196,zero = gate ignores the address,
Q5_gate_address,vit_small,mixup,canon,saga,legacy-mixupdir,baseline-matched,spearman_layer02,0.413546,196,zero = gate ignores the address,
Q5_gate_address,vit_small,mixup,canon,saga,legacy-mixupdir,baseline-matched,spearman_layer03,-0.100484,196,zero = gate ignores the address,
Q5_gate_address,vit_small,mixup,canon,saga,legacy-mixupdir,baseline-matched,spearman_layer04,0.220372,196,zero = gate ignores the address,
Q5_gate_address,vit_small,mixup,canon,saga,legacy-mixupdir,baseline-matched,spearman_layer05,0.048187,196,zero = gate ignores the address,
Q5_gate_address,vit_small,mixup,canon,saga,legacy-mixupdir,baseline-matched,spearman_layer06,-0.322242,196,zero = gate ignores the address,
Q5_gate_address,vit_small,mixup,canon,saga,legacy-mixupdir,baseline-matched,spearman_layer07,-0.517847,196,zero = gate ignores the address,
Q5_gate_address,vit_small,mixup,canon,saga,legacy-mixupdir,baseline-matched,spearman_layer08,-0.486197,196,zero = gate ignores the address,
Q5_gate_address,vit_small,mixup,canon,saga,legacy-mixupdir,baseline-matched,spearman_layer09,0.013773,196,zero = gate ignores the address,
Q5_gate_address,vit_small,mixup,canon,saga,legacy-mixupdir,baseline-matched,spearman_layer10,0.494699,196,zero = gate ignores the address,
Q5_gate_address,vit_small,mixup,canon,saga,legacy-mixupdir,baseline-matched,spearman_layer_max,0.494699,196,zero = gate ignores the address,layer=10
Q5_gate_address,vit_small,mixup,canon,saga,legacy-mixupdir,baseline-matched,spearman_layer_min,-0.517847,196,zero = gate ignores the address,layer=7
Q5_gate_address,vit_small,mixup,canon,saga,legacy-mixupdir,baseline-matched,spearman_layer_absmax,-0.517847,196,zero = gate ignores the address,layer=7
Q5_gate_address,vit_small,mixup,canon,saga,legacy-mixupdir,baseline-matched,spearman_layer_mean,-0.01311,11,zero = gate ignores the address,n_layers_defined=11 of 12 (1 constant)
Q5_gate_address,vit_small,mixup,canon,saga,legacy-mixupdir,baseline-cellmean,spearman_layer_max,0.513207,196,zero = gate ignores the address,layer=10
Q5_gate_address,vit_small,mixup,canon,saga,legacy-mixupdir,baseline-cellmean,spearman_layer_min,-0.490746,196,zero = gate ignores the address,layer=7
Q5_gate_address,vit_small,mixup,canon,saga,legacy-mixupdir,baseline-cellmean,spearman_layer_absmax,0.513207,196,zero = gate ignores the address,layer=10
Q5_gate_address,vit_small,mixup,canon,saga,legacy-mixupdir,baseline-cellmean,spearman_layer_mean,-0.012534,11,zero = gate ignores the address,n_layers_defined=11 of 12 (1 constant)
Q5_gate_address,vit_small,mixup,canon,saga,legacy-mixupdir,own,spearman_layer00,0.384512,196,zero = gate ignores the address,
Q5_gate_address,vit_small,mixup,canon,saga,legacy-mixupdir,own,spearman_layer01,-0.324557,196,zero = gate ignores the address,
Q5_gate_address,vit_small,mixup,canon,saga,legacy-mixupdir,own,spearman_layer02,0.265681,196,zero = gate ignores the address,
Q5_gate_address,vit_small,mixup,canon,saga,legacy-mixupdir,own,spearman_layer03,-0.287422,196,zero = gate ignores the address,
Q5_gate_address,vit_small,mixup,canon,saga,legacy-mixupdir,own,spearman_layer04,0.085669,196,zero = gate ignores the address,
Q5_gate_address,vit_small,mixup,canon,saga,legacy-mixupdir,own,spearman_layer05,-0.119533,196,zero = gate ignores the address,
Q5_gate_address,vit_small,mixup,canon,saga,legacy-mixupdir,own,spearman_layer06,-0.369563,196,zero = gate ignores the address,
Q5_gate_address,vit_small,mixup,canon,saga,legacy-mixupdir,own,spearman_layer07,-0.545057,196,zero = gate ignores the address,
Q5_gate_address,vit_small,mixup,canon,saga,legacy-mixupdir,own,spearman_layer08,-0.469635,196,zero = gate ignores the address,
Q5_gate_address,vit_small,mixup,canon,saga,legacy-mixupdir,own,spearman_layer09,-0.095433,196,zero = gate ignores the address,
Q5_gate_address,vit_small,mixup,canon,saga,legacy-mixupdir,own,spearman_layer10,0.467161,196,zero = gate ignores the address,
Q5_gate_address,vit_small,mixup,canon,saga,legacy-mixupdir,own,spearman_layer_max,0.467161,196,zero = gate ignores the address,layer=10
Q5_gate_address,vit_small,mixup,canon,saga,legacy-mixupdir,own,spearman_layer_min,-0.545057,196,zero = gate ignores the address,layer=7
Q5_gate_address,vit_small,mixup,canon,saga,legacy-mixupdir,own,spearman_layer_absmax,-0.545057,196,zero = gate ignores the address,layer=7
Q5_gate_address,vit_small,mixup,canon,saga,legacy-mixupdir,own,spearman_layer_mean,-0.091652,11,zero = gate ignores the address,n_layers_defined=11 of 12 (1 constant)
Q5_gate_address,vit_small,mixup,-,saga,legacy-nomixdir,-,gate_spatial_std_layer00,0.002505,196,0 = spatially constant layer,"mean=0.51484, range=0.017014"
Q5_gate_address,vit_small,mixup,-,saga,legacy-nomixdir,-,gate_spatial_std_layer01,0.005667,196,0 = spatially constant layer,"mean=0.50740, range=0.027625"
Q5_gate_address,vit_small,mixup,-,saga,legacy-nomixdir,-,gate_spatial_std_layer02,0.013981,196,0 = spatially constant layer,"mean=0.51966, range=0.065184"
Q5_gate_address,vit_small,mixup,-,saga,legacy-nomixdir,-,gate_spatial_std_layer03,0.0169,196,0 = spatially constant layer,"mean=0.52482, range=0.091434"
Q5_gate_address,vit_small,mixup,-,saga,legacy-nomixdir,-,gate_spatial_std_layer04,0.008304,196,0 = spatially constant layer,"mean=0.53962, range=0.045047"
Q5_gate_address,vit_small,mixup,-,saga,legacy-nomixdir,-,gate_spatial_std_layer05,0.004688,196,0 = spatially constant layer,"mean=0.54848, range=0.025836"
Q5_gate_address,vit_small,mixup,-,saga,legacy-nomixdir,-,gate_spatial_std_layer06,0.006338,196,0 = spatially constant layer,"mean=0.57759, range=0.029578"
Q5_gate_address,vit_small,mixup,-,saga,legacy-nomixdir,-,gate_spatial_std_layer07,0.004722,196,0 = spatially constant layer,"mean=0.59391, range=0.028233"
Q5_gate_address,vit_small,mixup,-,saga,legacy-nomixdir,-,gate_spatial_std_layer08,0.006807,196,0 = spatially constant layer,"mean=0.63070, range=0.037651"
Q5_gate_address,vit_small,mixup,-,saga,legacy-nomixdir,-,gate_spatial_std_layer09,0.006092,196,0 = spatially constant layer,"mean=0.62170, range=0.033560"
Q5_gate_address,vit_small,mixup,-,saga,legacy-nomixdir,-,gate_spatial_std_layer10,0.004774,196,0 = spatially constant layer,"mean=0.57482, range=0.028933"
Q5_gate_address,vit_small,mixup,-,saga,legacy-nomixdir,-,gate_spatial_std_layer11,0.0,196,0 = spatially constant layer,"mean=0.50000, range=0.000000"
Q5_gate_address,vit_small,mixup,canon,saga,legacy-nomixdir,baseline-matched,spearman_layer00,0.385453,196,zero = gate ignores the address,
Q5_gate_address,vit_small,mixup,canon,saga,legacy-nomixdir,baseline-matched,spearman_layer01,-0.016064,196,zero = gate ignores the address,
Q5_gate_address,vit_small,mixup,canon,saga,legacy-nomixdir,baseline-matched,spearman_layer02,-0.054023,196,zero = gate ignores the address,
Q5_gate_address,vit_small,mixup,canon,saga,legacy-nomixdir,baseline-matched,spearman_layer03,0.170704,196,zero = gate ignores the address,
Q5_gate_address,vit_small,mixup,canon,saga,legacy-nomixdir,baseline-matched,spearman_layer04,0.146219,196,zero = gate ignores the address,
Q5_gate_address,vit_small,mixup,canon,saga,legacy-nomixdir,baseline-matched,spearman_layer05,-0.23259,196,zero = gate ignores the address,
Q5_gate_address,vit_small,mixup,canon,saga,legacy-nomixdir,baseline-matched,spearman_layer06,-0.186526,196,zero = gate ignores the address,
Q5_gate_address,vit_small,mixup,canon,saga,legacy-nomixdir,baseline-matched,spearman_layer07,-0.538611,196,zero = gate ignores the address,
Q5_gate_address,vit_small,mixup,canon,saga,legacy-nomixdir,baseline-matched,spearman_layer08,-0.514139,196,zero = gate ignores the address,
Q5_gate_address,vit_small,mixup,canon,saga,legacy-nomixdir,baseline-matched,spearman_layer09,0.054267,196,zero = gate ignores the address,
Q5_gate_address,vit_small,mixup,canon,saga,legacy-nomixdir,baseline-matched,spearman_layer10,0.233807,196,zero = gate ignores the address,
Q5_gate_address,vit_small,mixup,canon,saga,legacy-nomixdir,baseline-matched,spearman_layer_max,0.385453,196,zero = gate ignores the address,layer=0
Q5_gate_address,vit_small,mixup,canon,saga,legacy-nomixdir,baseline-matched,spearman_layer_min,-0.538611,196,zero = gate ignores the address,layer=7
Q5_gate_address,vit_small,mixup,canon,saga,legacy-nomixdir,baseline-matched,spearman_layer_absmax,-0.538611,196,zero = gate ignores the address,layer=7
Q5_gate_address,vit_small,mixup,canon,saga,legacy-nomixdir,baseline-matched,spearman_layer_mean,-0.050137,11,zero = gate ignores the address,n_layers_defined=11 of 12 (1 constant)
Q5_gate_address,vit_small,mixup,canon,saga,legacy-nomixdir,baseline-cellmean,spearman_layer_max,0.373687,196,zero = gate ignores the address,layer=0
Q5_gate_address,vit_small,mixup,canon,saga,legacy-nomixdir,baseline-cellmean,spearman_layer_min,-0.609205,196,zero = gate ignores the address,layer=7
Q5_gate_address,vit_small,mixup,canon,saga,legacy-nomixdir,baseline-cellmean,spearman_layer_absmax,-0.609205,196,zero = gate ignores the address,layer=7
Q5_gate_address,vit_small,mixup,canon,saga,legacy-nomixdir,baseline-cellmean,spearman_layer_mean,-0.090588,11,zero = gate ignores the address,n_layers_defined=11 of 12 (1 constant)
Q5_gate_address,vit_small,mixup,canon,saga,legacy-nomixdir,own,spearman_layer00,0.293308,196,zero = gate ignores the address,
Q5_gate_address,vit_small,mixup,canon,saga,legacy-nomixdir,own,spearman_layer01,0.088964,196,zero = gate ignores the address,
Q5_gate_address,vit_small,mixup,canon,saga,legacy-nomixdir,own,spearman_layer02,-0.207141,196,zero = gate ignores the address,
Q5_gate_address,vit_small,mixup,canon,saga,legacy-nomixdir,own,spearman_layer03,0.113483,196,zero = gate ignores the address,
Q5_gate_address,vit_small,mixup,canon,saga,legacy-nomixdir,own,spearman_layer04,0.06191,196,zero = gate ignores the address,
Q5_gate_address,vit_small,mixup,canon,saga,legacy-nomixdir,own,spearman_layer05,-0.33168,196,zero = gate ignores the address,
Q5_gate_address,vit_small,mixup,canon,saga,legacy-nomixdir,own,spearman_layer06,-0.326679,196,zero = gate ignores the address,
Q5_gate_address,vit_small,mixup,canon,saga,legacy-nomixdir,own,spearman_layer07,-0.646889,196,zero = gate ignores the address,
Q5_gate_address,vit_small,mixup,canon,saga,legacy-nomixdir,own,spearman_layer08,-0.624987,196,zero = gate ignores the address,
Q5_gate_address,vit_small,mixup,canon,saga,legacy-nomixdir,own,spearman_layer09,-0.119882,196,zero = gate ignores the address,
Q5_gate_address,vit_small,mixup,canon,saga,legacy-nomixdir,own,spearman_layer10,0.252257,196,zero = gate ignores the address,
Q5_gate_address,vit_small,mixup,canon,saga,legacy-nomixdir,own,spearman_layer_max,0.293308,196,zero = gate ignores the address,layer=0
Q5_gate_address,vit_small,mixup,canon,saga,legacy-nomixdir,own,spearman_layer_min,-0.646889,196,zero = gate ignores the address,layer=7
Q5_gate_address,vit_small,mixup,canon,saga,legacy-nomixdir,own,spearman_layer_absmax,-0.646889,196,zero = gate ignores the address,layer=7
Q5_gate_address,vit_small,mixup,canon,saga,legacy-nomixdir,own,spearman_layer_mean,-0.131576,11,zero = gate ignores the address,n_layers_defined=11 of 12 (1 constant)
Q5_gate_address,vit_small,mixup,-,saga,s1,-,gate_spatial_std_layer00,0.001978,196,0 = spatially constant layer,"mean=0.50871, range=0.011109"
Q5_gate_address,vit_small,mixup,-,saga,s1,-,gate_spatial_std_layer01,0.005909,196,0 = spatially constant layer,"mean=0.51834, range=0.027963"
Q5_gate_address,vit_small,mixup,-,saga,s1,-,gate_spatial_std_layer02,0.017913,196,0 = spatially constant layer,"mean=0.50130, range=0.097283"
Q5_gate_address,vit_small,mixup,-,saga,s1,-,gate_spatial_std_layer03,0.012822,196,0 = spatially constant layer,"mean=0.52355, range=0.070761"
Q5_gate_address,vit_small,mixup,-,saga,s1,-,gate_spatial_std_layer04,0.011048,196,0 = spatially constant layer,"mean=0.53921, range=0.054075"
Q5_gate_address,vit_small,mixup,-,saga,s1,-,gate_spatial_std_layer05,0.005156,196,0 = spatially constant layer,"mean=0.54264, range=0.027302"
Q5_gate_address,vit_small,mixup,-,saga,s1,-,gate_spatial_std_layer06,0.00881,196,0 = spatially constant layer,"mean=0.58201, range=0.049516"
Q5_gate_address,vit_small,mixup,-,saga,s1,-,gate_spatial_std_layer07,0.008168,196,0 = spatially constant layer,"mean=0.58447, range=0.045547"
Q5_gate_address,vit_small,mixup,-,saga,s1,-,gate_spatial_std_layer08,0.00655,196,0 = spatially constant layer,"mean=0.60362, range=0.039422"
Q5_gate_address,vit_small,mixup,-,saga,s1,-,gate_spatial_std_layer09,0.005046,196,0 = spatially constant layer,"mean=0.62959, range=0.026816"
Q5_gate_address,vit_small,mixup,-,saga,s1,-,gate_spatial_std_layer10,0.00638,196,0 = spatially constant layer,"mean=0.58084, range=0.032987"
Q5_gate_address,vit_small,mixup,-,saga,s1,-,gate_spatial_std_layer11,0.0,196,0 = spatially constant layer,"mean=0.50000, range=0.000000"
Q5_gate_address,vit_small,mixup,canon,saga,s1,baseline-matched,spearman_layer00,0.290988,196,zero = gate ignores the address,
Q5_gate_address,vit_small,mixup,canon,saga,s1,baseline-matched,spearman_layer01,-0.1028,196,zero = gate ignores the address,
Q5_gate_address,vit_small,mixup,canon,saga,s1,baseline-matched,spearman_layer02,-0.04571,196,zero = gate ignores the address,
Q5_gate_address,vit_small,mixup,canon,saga,s1,baseline-matched,spearman_layer03,-0.102493,196,zero = gate ignores the address,
Q5_gate_address,vit_small,mixup,canon,saga,s1,baseline-matched,spearman_layer04,0.030181,196,zero = gate ignores the address,
Q5_gate_address,vit_small,mixup,canon,saga,s1,baseline-matched,spearman_layer05,-0.142579,196,zero = gate ignores the address,
Q5_gate_address,vit_small,mixup,canon,saga,s1,baseline-matched,spearman_layer06,-0.008227,196,zero = gate ignores the address,
Q5_gate_address,vit_small,mixup,canon,saga,s1,baseline-matched,spearman_layer07,-0.324653,196,zero = gate ignores the address,
Q5_gate_address,vit_small,mixup,canon,saga,s1,baseline-matched,spearman_layer08,-0.577801,196,zero = gate ignores the address,
Q5_gate_address,vit_small,mixup,canon,saga,s1,baseline-matched,spearman_layer09,-0.566629,196,zero = gate ignores the address,
Q5_gate_address,vit_small,mixup,canon,saga,s1,baseline-matched,spearman_layer10,0.154381,196,zero = gate ignores the address,
Q5_gate_address,vit_small,mixup,canon,saga,s1,baseline-matched,spearman_layer_max,0.290988,196,zero = gate ignores the address,layer=0
Q5_gate_address,vit_small,mixup,canon,saga,s1,baseline-matched,spearman_layer_min,-0.577801,196,zero = gate ignores the address,layer=8
Q5_gate_address,vit_small,mixup,canon,saga,s1,baseline-matched,spearman_layer_absmax,-0.577801,196,zero = gate ignores the address,layer=8
Q5_gate_address,vit_small,mixup,canon,saga,s1,baseline-matched,spearman_layer_mean,-0.126849,11,zero = gate ignores the address,n_layers_defined=11 of 12 (1 constant)
Q5_gate_address,vit_small,mixup,canon,saga,s1,baseline-cellmean,spearman_layer_max,0.294729,196,zero = gate ignores the address,layer=0
Q5_gate_address,vit_small,mixup,canon,saga,s1,baseline-cellmean,spearman_layer_min,-0.606718,196,zero = gate ignores the address,layer=8
Q5_gate_address,vit_small,mixup,canon,saga,s1,baseline-cellmean,spearman_layer_absmax,-0.606718,196,zero = gate ignores the address,layer=8
Q5_gate_address,vit_small,mixup,canon,saga,s1,baseline-cellmean,spearman_layer_mean,-0.119079,11,zero = gate ignores the address,n_layers_defined=11 of 12 (1 constant)
Q5_gate_address,vit_small,mixup,canon,saga,s1,own,spearman_layer00,0.337089,196,zero = gate ignores the address,
Q5_gate_address,vit_small,mixup,canon,saga,s1,own,spearman_layer01,-0.17088,196,zero = gate ignores the address,
Q5_gate_address,vit_small,mixup,canon,saga,s1,own,spearman_layer02,-0.102248,196,zero = gate ignores the address,
Q5_gate_address,vit_small,mixup,canon,saga,s1,own,spearman_layer03,-0.152289,196,zero = gate ignores the address,
Q5_gate_address,vit_small,mixup,canon,saga,s1,own,spearman_layer04,0.013203,196,zero = gate ignores the address,
Q5_gate_address,vit_small,mixup,canon,saga,s1,own,spearman_layer05,-0.126755,196,zero = gate ignores the address,
Q5_gate_address,vit_small,mixup,canon,saga,s1,own,spearman_layer06,-0.06766,196,zero = gate ignores the address,
Q5_gate_address,vit_small,mixup,canon,saga,s1,own,spearman_layer07,-0.266137,196,zero = gate ignores the address,
Q5_gate_address,vit_small,mixup,canon,saga,s1,own,spearman_layer08,-0.619611,196,zero = gate ignores the address,
Q5_gate_address,vit_small,mixup,canon,saga,s1,own,spearman_layer09,-0.598929,196,zero = gate ignores the address,
Q5_gate_address,vit_small,mixup,canon,saga,s1,own,spearman_layer10,0.157316,196,zero = gate ignores the address,
Q5_gate_address,vit_small,mixup,canon,saga,s1,own,spearman_layer_max,0.337089,196,zero = gate ignores the address,layer=0
Q5_gate_address,vit_small,mixup,canon,saga,s1,own,spearman_layer_min,-0.619611,196,zero = gate ignores the address,layer=8
Q5_gate_address,vit_small,mixup,canon,saga,s1,own,spearman_layer_absmax,-0.619611,196,zero = gate ignores the address,layer=8
Q5_gate_address,vit_small,mixup,canon,saga,s1,own,spearman_layer_mean,-0.145173,11,zero = gate ignores the address,n_layers_defined=11 of 12 (1 constant)
Q5_gate_address,vit_small,mixup,-,saga,s2,-,gate_spatial_std_layer00,0.002522,196,0 = spatially constant layer,"mean=0.51140, range=0.012400"
Q5_gate_address,vit_small,mixup,-,saga,s2,-,gate_spatial_std_layer01,0.008419,196,0 = spatially constant layer,"mean=0.51543, range=0.042190"
Q5_gate_address,vit_small,mixup,-,saga,s2,-,gate_spatial_std_layer02,0.01753,196,0 = spatially constant layer,"mean=0.50463, range=0.088843"
Q5_gate_address,vit_small,mixup,-,saga,s2,-,gate_spatial_std_layer03,0.010639,196,0 = spatially constant layer,"mean=0.52582, range=0.053284"
Q5_gate_address,vit_small,mixup,-,saga,s2,-,gate_spatial_std_layer04,0.008469,196,0 = spatially constant layer,"mean=0.53330, range=0.046625"
Q5_gate_address,vit_small,mixup,-,saga,s2,-,gate_spatial_std_layer05,0.007364,196,0 = spatially constant layer,"mean=0.54899, range=0.043581"
Q5_gate_address,vit_small,mixup,-,saga,s2,-,gate_spatial_std_layer06,0.00807,196,0 = spatially constant layer,"mean=0.56227, range=0.038848"
Q5_gate_address,vit_small,mixup,-,saga,s2,-,gate_spatial_std_layer07,0.004433,196,0 = spatially constant layer,"mean=0.59943, range=0.027314"
Q5_gate_address,vit_small,mixup,-,saga,s2,-,gate_spatial_std_layer08,0.008594,196,0 = spatially constant layer,"mean=0.59208, range=0.049398"
Q5_gate_address,vit_small,mixup,-,saga,s2,-,gate_spatial_std_layer09,0.005162,196,0 = spatially constant layer,"mean=0.62856, range=0.021745"
Q5_gate_address,vit_small,mixup,-,saga,s2,-,gate_spatial_std_layer10,0.004513,196,0 = spatially constant layer,"mean=0.56187, range=0.030147"
Q5_gate_address,vit_small,mixup,-,saga,s2,-,gate_spatial_std_layer11,0.0,196,0 = spatially constant layer,"mean=0.50000, range=0.000000"
Q5_gate_address,vit_small,mixup,canon,saga,s2,baseline-matched,spearman_layer00,0.484426,196,zero = gate ignores the address,
Q5_gate_address,vit_small,mixup,canon,saga,s2,baseline-matched,spearman_layer01,-0.280391,196,zero = gate ignores the address,
Q5_gate_address,vit_small,mixup,canon,saga,s2,baseline-matched,spearman_layer02,0.487062,196,zero = gate ignores the address,
Q5_gate_address,vit_small,mixup,canon,saga,s2,baseline-matched,spearman_layer03,-0.018732,196,zero = gate ignores the address,
Q5_gate_address,vit_small,mixup,canon,saga,s2,baseline-matched,spearman_layer04,0.000261,196,zero = gate ignores the address,
Q5_gate_address,vit_small,mixup,canon,saga,s2,baseline-matched,spearman_layer05,0.192367,196,zero = gate ignores the address,
Q5_gate_address,vit_small,mixup,canon,saga,s2,baseline-matched,spearman_layer06,-0.330815,196,zero = gate ignores the address,
Q5_gate_address,vit_small,mixup,canon,saga,s2,baseline-matched,spearman_layer07,-0.594009,196,zero = gate ignores the address,
Q5_gate_address,vit_small,mixup,canon,saga,s2,baseline-matched,spearman_layer08,-0.286362,196,zero = gate ignores the address,
Q5_gate_address,vit_small,mixup,canon,saga,s2,baseline-matched,spearman_layer09,-0.288096,196,zero = gate ignores the address,
Q5_gate_address,vit_small,mixup,canon,saga,s2,baseline-matched,spearman_layer10,-0.018991,196,zero = gate ignores the address,
Q5_gate_address,vit_small,mixup,canon,saga,s2,baseline-matched,spearman_layer_max,0.487062,196,zero = gate ignores the address,layer=2
Q5_gate_address,vit_small,mixup,canon,saga,s2,baseline-matched,spearman_layer_min,-0.594009,196,zero = gate ignores the address,layer=7
Q5_gate_address,vit_small,mixup,canon,saga,s2,baseline-matched,spearman_layer_absmax,-0.594009,196,zero = gate ignores the address,layer=7
Q5_gate_address,vit_small,mixup,canon,saga,s2,baseline-matched,spearman_layer_mean,-0.059389,11,zero = gate ignores the address,n_layers_defined=11 of 12 (1 constant)
Q5_gate_address,vit_small,mixup,canon,saga,s2,baseline-cellmean,spearman_layer_max,0.52547,196,zero = gate ignores the address,layer=2
Q5_gate_address,vit_small,mixup,canon,saga,s2,baseline-cellmean,spearman_layer_min,-0.564499,196,zero = gate ignores the address,layer=7
Q5_gate_address,vit_small,mixup,canon,saga,s2,baseline-cellmean,spearman_layer_absmax,-0.564499,196,zero = gate ignores the address,layer=7
Q5_gate_address,vit_small,mixup,canon,saga,s2,baseline-cellmean,spearman_layer_mean,-0.03195,11,zero = gate ignores the address,n_layers_defined=11 of 12 (1 constant)
Q5_gate_address,vit_small,mixup,canon,saga,s2,own,spearman_layer00,0.429725,196,zero = gate ignores the address,
Q5_gate_address,vit_small,mixup,canon,saga,s2,own,spearman_layer01,-0.31175,196,zero = gate ignores the address,
Q5_gate_address,vit_small,mixup,canon,saga,s2,own,spearman_layer02,0.393358,196,zero = gate ignores the address,
Q5_gate_address,vit_small,mixup,canon,saga,s2,own,spearman_layer03,-0.131203,196,zero = gate ignores the address,
Q5_gate_address,vit_small,mixup,canon,saga,s2,own,spearman_layer04,-0.12042,196,zero = gate ignores the address,
Q5_gate_address,vit_small,mixup,canon,saga,s2,own,spearman_layer05,0.109587,196,zero = gate ignores the address,
Q5_gate_address,vit_small,mixup,canon,saga,s2,own,spearman_layer06,-0.440181,196,zero = gate ignores the address,
Q5_gate_address,vit_small,mixup,canon,saga,s2,own,spearman_layer07,-0.631109,196,zero = gate ignores the address,
Q5_gate_address,vit_small,mixup,canon,saga,s2,own,spearman_layer08,-0.306147,196,zero = gate ignores the address,
Q5_gate_address,vit_small,mixup,canon,saga,s2,own,spearman_layer09,-0.370237,196,zero = gate ignores the address,
Q5_gate_address,vit_small,mixup,canon,saga,s2,own,spearman_layer10,0.01844,196,zero = gate ignores the address,
Q5_gate_address,vit_small,mixup,canon,saga,s2,own,spearman_layer_max,0.429725,196,zero = gate ignores the address,layer=0
Q5_gate_address,vit_small,mixup,canon,saga,s2,own,spearman_layer_min,-0.631109,196,zero = gate ignores the address,layer=7
Q5_gate_address,vit_small,mixup,canon,saga,s2,own,spearman_layer_absmax,-0.631109,196,zero = gate ignores the address,layer=7
Q5_gate_address,vit_small,mixup,canon,saga,s2,own,spearman_layer_mean,-0.123631,11,zero = gate ignores the address,n_layers_defined=11 of 12 (1 constant)
Q5_gate_address,vit_small,mixup,mad,saga,legacy-mixupdir,baseline-matched,spearman_layer00,0.379097,196,zero = gate ignores the address,
Q5_gate_address,vit_small,mixup,mad,saga,legacy-mixupdir,baseline-matched,spearman_layer01,-0.308181,196,zero = gate ignores the address,
Q5_gate_address,vit_small,mixup,mad,saga,legacy-mixupdir,baseline-matched,spearman_layer02,0.37726,196,zero = gate ignores the address,
Q5_gate_address,vit_small,mixup,mad,saga,legacy-mixupdir,baseline-matched,spearman_layer03,-0.162621,196,zero = gate ignores the address,
Q5_gate_address,vit_small,mixup,mad,saga,legacy-mixupdir,baseline-matched,spearman_layer04,0.171289,196,zero = gate ignores the address,
Q5_gate_address,vit_small,mixup,mad,saga,legacy-mixupdir,baseline-matched,spearman_layer05,-0.004079,196,zero = gate ignores the address,
Q5_gate_address,vit_small,mixup,mad,saga,legacy-mixupdir,baseline-matched,spearman_layer06,-0.362657,196,zero = gate ignores the address,
Q5_gate_address,vit_small,mixup,mad,saga,legacy-mixupdir,baseline-matched,spearman_layer07,-0.538955,196,zero = gate ignores the address,
Q5_gate_address,vit_small,mixup,mad,saga,legacy-mixupdir,baseline-matched,spearman_layer08,-0.508614,196,zero = gate ignores the address,
Q5_gate_address,vit_small,mixup,mad,saga,legacy-mixupdir,baseline-matched,spearman_layer09,-0.052816,196,zero = gate ignores the address,
Q5_gate_address,vit_small,mixup,mad,saga,legacy-mixupdir,baseline-matched,spearman_layer10,0.468119,196,zero = gate ignores the address,
Q5_gate_address,vit_small,mixup,mad,saga,legacy-mixupdir,baseline-matched,spearman_layer_max,0.468119,196,zero = gate ignores the address,layer=10
Q5_gate_address,vit_small,mixup,mad,saga,legacy-mixupdir,baseline-matched,spearman_layer_min,-0.538955,196,zero = gate ignores the address,layer=7
Q5_gate_address,vit_small,mixup,mad,saga,legacy-mixupdir,baseline-matched,spearman_layer_absmax,-0.538955,196,zero = gate ignores the address,layer=7
Q5_gate_address,vit_small,mixup,mad,saga,legacy-mixupdir,baseline-matched,spearman_layer_mean,-0.049287,11,zero = gate ignores the address,n_layers_defined=11 of 12 (1 constant)
Q5_gate_address,vit_small,mixup,mad,saga,legacy-mixupdir,baseline-cellmean,spearman_layer_max,0.502446,196,zero = gate ignores the address,layer=10
Q5_gate_address,vit_small,mixup,mad,saga,legacy-mixupdir,baseline-cellmean,spearman_layer_min,-0.495467,196,zero = gate ignores the address,layer=7
Q5_gate_address,vit_small,mixup,mad,saga,legacy-mixupdir,baseline-cellmean,spearman_layer_absmax,0.502446,196,zero = gate ignores the address,layer=10
Q5_gate_address,vit_small,mixup,mad,saga,legacy-mixupdir,baseline-cellmean,spearman_layer_mean,-0.024667,11,zero = gate ignores the address,n_layers_defined=11 of 12 (1 constant)
Q5_gate_address,vit_small,mixup,mad,saga,legacy-mixupdir,own,spearman_layer00,0.376872,196,zero = gate ignores the address,
Q5_gate_address,vit_small,mixup,mad,saga,legacy-mixupdir,own,spearman_layer01,-0.317839,196,zero = gate ignores the address,
Q5_gate_address,vit_small,mixup,mad,saga,legacy-mixupdir,own,spearman_layer02,0.281869,196,zero = gate ignores the address,
Q5_gate_address,vit_small,mixup,mad,saga,legacy-mixupdir,own,spearman_layer03,-0.272929,196,zero = gate ignores the address,
Q5_gate_address,vit_small,mixup,mad,saga,legacy-mixupdir,own,spearman_layer04,0.094672,196,zero = gate ignores the address,
Q5_gate_address,vit_small,mixup,mad,saga,legacy-mixupdir,own,spearman_layer05,-0.096548,196,zero = gate ignores the address,
Q5_gate_address,vit_small,mixup,mad,saga,legacy-mixupdir,own,spearman_layer06,-0.383253,196,zero = gate ignores the address,
Q5_gate_address,vit_small,mixup,mad,saga,legacy-mixupdir,own,spearman_layer07,-0.535227,196,zero = gate ignores the address,
Q5_gate_address,vit_small,mixup,mad,saga,legacy-mixupdir,own,spearman_layer08,-0.460953,196,zero = gate ignores the address,
Q5_gate_address,vit_small,mixup,mad,saga,legacy-mixupdir,own,spearman_layer09,-0.095109,196,zero = gate ignores the address,
Q5_gate_address,vit_small,mixup,mad,saga,legacy-mixupdir,own,spearman_layer10,0.455538,196,zero = gate ignores the address,
Q5_gate_address,vit_small,mixup,mad,saga,legacy-mixupdir,own,spearman_layer_max,0.455538,196,zero = gate ignores the address,layer=10
Q5_gate_address,vit_small,mixup,mad,saga,legacy-mixupdir,own,spearman_layer_min,-0.535227,196,zero = gate ignores the address,layer=7
Q5_gate_address,vit_small,mixup,mad,saga,legacy-mixupdir,own,spearman_layer_absmax,-0.535227,196,zero = gate ignores the address,layer=7
Q5_gate_address,vit_small,mixup,mad,saga,legacy-mixupdir,own,spearman_layer_mean,-0.086628,11,zero = gate ignores the address,n_layers_defined=11 of 12 (1 constant)
Q5_gate_address,vit_small,mixup,mad,saga,legacy-nomixdir,baseline-matched,spearman_layer00,0.390079,196,zero = gate ignores the address,
Q5_gate_address,vit_small,mixup,mad,saga,legacy-nomixdir,baseline-matched,spearman_layer01,-0.022902,196,zero = gate ignores the address,
Q5_gate_address,vit_small,mixup,mad,saga,legacy-nomixdir,baseline-matched,spearman_layer02,-0.049547,196,zero = gate ignores the address,
Q5_gate_address,vit_small,mixup,mad,saga,legacy-nomixdir,baseline-matched,spearman_layer03,0.165668,196,zero = gate ignores the address,
Q5_gate_address,vit_small,mixup,mad,saga,legacy-nomixdir,baseline-matched,spearman_layer04,0.137813,196,zero = gate ignores the address,
Q5_gate_address,vit_small,mixup,mad,saga,legacy-nomixdir,baseline-matched,spearman_layer05,-0.222982,196,zero = gate ignores the address,
Q5_gate_address,vit_small,mixup,mad,saga,legacy-nomixdir,baseline-matched,spearman_layer06,-0.20165,196,zero = gate ignores the address,
Q5_gate_address,vit_small,mixup,mad,saga,legacy-nomixdir,baseline-matched,spearman_layer07,-0.533554,196,zero = gate ignores the address,
Q5_gate_address,vit_small,mixup,mad,saga,legacy-nomixdir,baseline-matched,spearman_layer08,-0.505049,196,zero = gate ignores the address,
Q5_gate_address,vit_small,mixup,mad,saga,legacy-nomixdir,baseline-matched,spearman_layer09,0.044657,196,zero = gate ignores the address,
Q5_gate_address,vit_small,mixup,mad,saga,legacy-nomixdir,baseline-matched,spearman_layer10,0.224097,196,zero = gate ignores the address,
Q5_gate_address,vit_small,mixup,mad,saga,legacy-nomixdir,baseline-matched,spearman_layer_max,0.390079,196,zero = gate ignores the address,layer=0
Q5_gate_address,vit_small,mixup,mad,saga,legacy-nomixdir,baseline-matched,spearman_layer_min,-0.533554,196,zero = gate ignores the address,layer=7
Q5_gate_address,vit_small,mixup,mad,saga,legacy-nomixdir,baseline-matched,spearman_layer_absmax,-0.533554,196,zero = gate ignores the address,layer=7
Q5_gate_address,vit_small,mixup,mad,saga,legacy-nomixdir,baseline-matched,spearman_layer_mean,-0.052125,11,zero = gate ignores the address,n_layers_defined=11 of 12 (1 constant)
Q5_gate_address,vit_small,mixup,mad,saga,legacy-nomixdir,baseline-cellmean,spearman_layer_max,0.371859,196,zero = gate ignores the address,layer=0
Q5_gate_address,vit_small,mixup,mad,saga,legacy-nomixdir,baseline-cellmean,spearman_layer_min,-0.612708,196,zero = gate ignores the address,layer=7
Q5_gate_address,vit_small,mixup,mad,saga,legacy-nomixdir,baseline-cellmean,spearman_layer_absmax,-0.612708,196,zero = gate ignores the address,layer=7
Q5_gate_address,vit_small,mixup,mad,saga,legacy-nomixdir,baseline-cellmean,spearman_layer_mean,-0.102659,11,zero = gate ignores the address,n_layers_defined=11 of 12 (1 constant)
Q5_gate_address,vit_small,mixup,mad,saga,legacy-nomixdir,own,spearman_layer00,0.330251,196,zero = gate ignores the address,
Q5_gate_address,vit_small,mixup,mad,saga,legacy-nomixdir,own,spearman_layer01,0.098643,196,zero = gate ignores the address,
Q5_gate_address,vit_small,mixup,mad,saga,legacy-nomixdir,own,spearman_layer02,-0.159156,196,zero = gate ignores the address,
Q5_gate_address,vit_small,mixup,mad,saga,legacy-nomixdir,own,spearman_layer03,0.113647,196,zero = gate ignores the address,
Q5_gate_address,vit_small,mixup,mad,saga,legacy-nomixdir,own,spearman_layer04,0.07792,196,zero = gate ignores the address,
Q5_gate_address,vit_small,mixup,mad,saga,legacy-nomixdir,own,spearman_layer05,-0.291804,196,zero = gate ignores the address,
Q5_gate_address,vit_small,mixup,mad,saga,legacy-nomixdir,own,spearman_layer06,-0.330718,196,zero = gate ignores the address,
Q5_gate_address,vit_small,mixup,mad,saga,legacy-nomixdir,own,spearman_layer07,-0.625448,196,zero = gate ignores the address,
Q5_gate_address,vit_small,mixup,mad,saga,legacy-nomixdir,own,spearman_layer08,-0.60464,196,zero = gate ignores the address,
Q5_gate_address,vit_small,mixup,mad,saga,legacy-nomixdir,own,spearman_layer09,-0.090059,196,zero = gate ignores the address,
Q5_gate_address,vit_small,mixup,mad,saga,legacy-nomixdir,own,spearman_layer10,0.251714,196,zero = gate ignores the address,
Q5_gate_address,vit_small,mixup,mad,saga,legacy-nomixdir,own,spearman_layer_max,0.330251,196,zero = gate ignores the address,layer=0
Q5_gate_address,vit_small,mixup,mad,saga,legacy-nomixdir,own,spearman_layer_min,-0.625448,196,zero = gate ignores the address,layer=7
Q5_gate_address,vit_small,mixup,mad,saga,legacy-nomixdir,own,spearman_layer_absmax,-0.625448,196,zero = gate ignores the address,layer=7
Q5_gate_address,vit_small,mixup,mad,saga,legacy-nomixdir,own,spearman_layer_mean,-0.111786,11,zero = gate ignores the address,n_layers_defined=11 of 12 (1 constant)
Q5_gate_address,vit_small,mixup,mad,saga,s1,baseline-matched,spearman_layer00,0.295326,196,zero = gate ignores the address,
Q5_gate_address,vit_small,mixup,mad,saga,s1,baseline-matched,spearman_layer01,-0.148445,196,zero = gate ignores the address,
Q5_gate_address,vit_small,mixup,mad,saga,s1,baseline-matched,spearman_layer02,-0.083263,196,zero = gate ignores the address,
Q5_gate_address,vit_small,mixup,mad,saga,s1,baseline-matched,spearman_layer03,-0.140244,196,zero = gate ignores the address,
Q5_gate_address,vit_small,mixup,mad,saga,s1,baseline-matched,spearman_layer04,-0.009949,196,zero = gate ignores the address,
Q5_gate_address,vit_small,mixup,mad,saga,s1,baseline-matched,spearman_layer05,-0.177617,196,zero = gate ignores the address,
Q5_gate_address,vit_small,mixup,mad,saga,s1,baseline-matched,spearman_layer06,-0.03483,196,zero = gate ignores the address,
Q5_gate_address,vit_small,mixup,mad,saga,s1,baseline-matched,spearman_layer07,-0.317401,196,zero = gate ignores the address,
Q5_gate_address,vit_small,mixup,mad,saga,s1,baseline-matched,spearman_layer08,-0.582883,196,zero = gate ignores the address,
Q5_gate_address,vit_small,mixup,mad,saga,s1,baseline-matched,spearman_layer09,-0.595164,196,zero = gate ignores the address,
Q5_gate_address,vit_small,mixup,mad,saga,s1,baseline-matched,spearman_layer10,0.124084,196,zero = gate ignores the address,
Q5_gate_address,vit_small,mixup,mad,saga,s1,baseline-matched,spearman_layer_max,0.295326,196,zero = gate ignores the address,layer=0
Q5_gate_address,vit_small,mixup,mad,saga,s1,baseline-matched,spearman_layer_min,-0.595164,196,zero = gate ignores the address,layer=9
Q5_gate_address,vit_small,mixup,mad,saga,s1,baseline-matched,spearman_layer_absmax,-0.595164,196,zero = gate ignores the address,layer=9
Q5_gate_address,vit_small,mixup,mad,saga,s1,baseline-matched,spearman_layer_mean,-0.151853,11,zero = gate ignores the address,n_layers_defined=11 of 12 (1 constant)
Q5_gate_address,vit_small,mixup,mad,saga,s1,baseline-cellmean,spearman_layer_max,0.299023,196,zero = gate ignores the address,layer=0
Q5_gate_address,vit_small,mixup,mad,saga,s1,baseline-cellmean,spearman_layer_min,-0.608767,196,zero = gate ignores the address,layer=8
Q5_gate_address,vit_small,mixup,mad,saga,s1,baseline-cellmean,spearman_layer_absmax,-0.608767,196,zero = gate ignores the address,layer=8
Q5_gate_address,vit_small,mixup,mad,saga,s1,baseline-cellmean,spearman_layer_mean,-0.130953,11,zero = gate ignores the address,n_layers_defined=11 of 12 (1 constant)
Q5_gate_address,vit_small,mixup,mad,saga,s1,own,spearman_layer00,0.303283,196,zero = gate ignores the address,
Q5_gate_address,vit_small,mixup,mad,saga,s1,own,spearman_layer01,-0.115229,196,zero = gate ignores the address,
Q5_gate_address,vit_small,mixup,mad,saga,s1,own,spearman_layer02,-0.07645,196,zero = gate ignores the address,
Q5_gate_address,vit_small,mixup,mad,saga,s1,own,spearman_layer03,-0.100924,196,zero = gate ignores the address,
Q5_gate_address,vit_small,mixup,mad,saga,s1,own,spearman_layer04,0.03204,196,zero = gate ignores the address,
Q5_gate_address,vit_small,mixup,mad,saga,s1,own,spearman_layer05,-0.091535,196,zero = gate ignores the address,
Q5_gate_address,vit_small,mixup,mad,saga,s1,own,spearman_layer06,-0.031311,196,zero = gate ignores the address,
Q5_gate_address,vit_small,mixup,mad,saga,s1,own,spearman_layer07,-0.280828,196,zero = gate ignores the address,
Q5_gate_address,vit_small,mixup,mad,saga,s1,own,spearman_layer08,-0.619664,196,zero = gate ignores the address,
Q5_gate_address,vit_small,mixup,mad,saga,s1,own,spearman_layer09,-0.555255,196,zero = gate ignores the address,
Q5_gate_address,vit_small,mixup,mad,saga,s1,own,spearman_layer10,0.180713,196,zero = gate ignores the address,
Q5_gate_address,vit_small,mixup,mad,saga,s1,own,spearman_layer_max,0.303283,196,zero = gate ignores the address,layer=0
Q5_gate_address,vit_small,mixup,mad,saga,s1,own,spearman_layer_min,-0.619664,196,zero = gate ignores the address,layer=8
Q5_gate_address,vit_small,mixup,mad,saga,s1,own,spearman_layer_absmax,-0.619664,196,zero = gate ignores the address,layer=8
Q5_gate_address,vit_small,mixup,mad,saga,s1,own,spearman_layer_mean,-0.123196,11,zero = gate ignores the address,n_layers_defined=11 of 12 (1 constant)
Q5_gate_address,vit_small,mixup,mad,saga,s2,baseline-matched,spearman_layer00,0.466214,196,zero = gate ignores the address,
Q5_gate_address,vit_small,mixup,mad,saga,s2,baseline-matched,spearman_layer01,-0.255752,196,zero = gate ignores the address,
Q5_gate_address,vit_small,mixup,mad,saga,s2,baseline-matched,spearman_layer02,0.487343,196,zero = gate ignores the address,
Q5_gate_address,vit_small,mixup,mad,saga,s2,baseline-matched,spearman_layer03,-0.013033,196,zero = gate ignores the address,
Q5_gate_address,vit_small,mixup,mad,saga,s2,baseline-matched,spearman_layer04,0.019427,196,zero = gate ignores the address,
Q5_gate_address,vit_small,mixup,mad,saga,s2,baseline-matched,spearman_layer05,0.193052,196,zero = gate ignores the address,
Q5_gate_address,vit_small,mixup,mad,saga,s2,baseline-matched,spearman_layer06,-0.317338,196,zero = gate ignores the address,
Q5_gate_address,vit_small,mixup,mad,saga,s2,baseline-matched,spearman_layer07,-0.594265,196,zero = gate ignores the address,
Q5_gate_address,vit_small,mixup,mad,saga,s2,baseline-matched,spearman_layer08,-0.275774,196,zero = gate ignores the address,
Q5_gate_address,vit_small,mixup,mad,saga,s2,baseline-matched,spearman_layer09,-0.278872,196,zero = gate ignores the address,
Q5_gate_address,vit_small,mixup,mad,saga,s2,baseline-matched,spearman_layer10,-0.023782,196,zero = gate ignores the address,
Q5_gate_address,vit_small,mixup,mad,saga,s2,baseline-matched,spearman_layer_max,0.487343,196,zero = gate ignores the address,layer=2
Q5_gate_address,vit_small,mixup,mad,saga,s2,baseline-matched,spearman_layer_min,-0.594265,196,zero = gate ignores the address,layer=7
Q5_gate_address,vit_small,mixup,mad,saga,s2,baseline-matched,spearman_layer_absmax,-0.594265,196,zero = gate ignores the address,layer=7
Q5_gate_address,vit_small,mixup,mad,saga,s2,baseline-matched,spearman_layer_mean,-0.053889,11,zero = gate ignores the address,n_layers_defined=11 of 12 (1 constant)
Q5_gate_address,vit_small,mixup,mad,saga,s2,baseline-cellmean,spearman_layer_max,0.510593,196,zero = gate ignores the address,layer=2
Q5_gate_address,vit_small,mixup,mad,saga,s2,baseline-cellmean,spearman_layer_min,-0.578298,196,zero = gate ignores the address,layer=7
Q5_gate_address,vit_small,mixup,mad,saga,s2,baseline-cellmean,spearman_layer_absmax,-0.578298,196,zero = gate ignores the address,layer=7
Q5_gate_address,vit_small,mixup,mad,saga,s2,baseline-cellmean,spearman_layer_mean,-0.044428,11,zero = gate ignores the address,n_layers_defined=11 of 12 (1 constant)
Q5_gate_address,vit_small,mixup,mad,saga,s2,own,spearman_layer00,0.419883,196,zero = gate ignores the address,
Q5_gate_address,vit_small,mixup,mad,saga,s2,own,spearman_layer01,-0.297366,196,zero = gate ignores the address,
Q5_gate_address,vit_small,mixup,mad,saga,s2,own,spearman_layer02,0.401711,196,zero = gate ignores the address,
Q5_gate_address,vit_small,mixup,mad,saga,s2,own,spearman_layer03,-0.121555,196,zero = gate ignores the address,
Q5_gate_address,vit_small,mixup,mad,saga,s2,own,spearman_layer04,-0.104526,196,zero = gate ignores the address,
Q5_gate_address,vit_small,mixup,mad,saga,s2,own,spearman_layer05,0.109489,196,zero = gate ignores the address,
Q5_gate_address,vit_small,mixup,mad,saga,s2,own,spearman_layer06,-0.439454,196,zero = gate ignores the address,
Q5_gate_address,vit_small,mixup,mad,saga,s2,own,spearman_layer07,-0.631931,196,zero = gate ignores the address,
Q5_gate_address,vit_small,mixup,mad,saga,s2,own,spearman_layer08,-0.305937,196,zero = gate ignores the address,
Q5_gate_address,vit_small,mixup,mad,saga,s2,own,spearman_layer09,-0.378814,196,zero = gate ignores the address,
Q5_gate_address,vit_small,mixup,mad,saga,s2,own,spearman_layer10,-0.006385,196,zero = gate ignores the address,
Q5_gate_address,vit_small,mixup,mad,saga,s2,own,spearman_layer_max,0.419883,196,zero = gate ignores the address,layer=0
Q5_gate_address,vit_small,mixup,mad,saga,s2,own,spearman_layer_min,-0.631931,196,zero = gate ignores the address,layer=7
Q5_gate_address,vit_small,mixup,mad,saga,s2,own,spearman_layer_absmax,-0.631931,196,zero = gate ignores the address,layer=7
Q5_gate_address,vit_small,mixup,mad,saga,s2,own,spearman_layer_mean,-0.123171,11,zero = gate ignores the address,n_layers_defined=11 of 12 (1 constant)
Q5_gate_address,vit_small,nomix,-,saga,s1,-,gate_spatial_std_layer00,0.002634,196,0 = spatially constant layer,"mean=0.51027, range=0.011577"
Q5_gate_address,vit_small,nomix,-,saga,s1,-,gate_spatial_std_layer01,0.00699,196,0 = spatially constant layer,"mean=0.52220, range=0.033914"
Q5_gate_address,vit_small,nomix,-,saga,s1,-,gate_spatial_std_layer02,0.018351,196,0 = spatially constant layer,"mean=0.51403, range=0.093246"
Q5_gate_address,vit_small,nomix,-,saga,s1,-,gate_spatial_std_layer03,0.012943,196,0 = spatially constant layer,"mean=0.54753, range=0.068582"
Q5_gate_address,vit_small,nomix,-,saga,s1,-,gate_spatial_std_layer04,0.00928,196,0 = spatially constant layer,"mean=0.57903, range=0.046553"
Q5_gate_address,vit_small,nomix,-,saga,s1,-,gate_spatial_std_layer05,0.011225,196,0 = spatially constant layer,"mean=0.61338, range=0.068285"
Q5_gate_address,vit_small,nomix,-,saga,s1,-,gate_spatial_std_layer06,0.016402,196,0 = spatially constant layer,"mean=0.63497, range=0.106405"
Q5_gate_address,vit_small,nomix,-,saga,s1,-,gate_spatial_std_layer07,0.009907,196,0 = spatially constant layer,"mean=0.64893, range=0.066256"
Q5_gate_address,vit_small,nomix,-,saga,s1,-,gate_spatial_std_layer08,0.01274,196,0 = spatially constant layer,"mean=0.66568, range=0.100786"
Q5_gate_address,vit_small,nomix,-,saga,s1,-,gate_spatial_std_layer09,0.020599,196,0 = spatially constant layer,"mean=0.66530, range=0.133807"
Q5_gate_address,vit_small,nomix,-,saga,s1,-,gate_spatial_std_layer10,0.018949,196,0 = spatially constant layer,"mean=0.57638, range=0.105847"
Q5_gate_address,vit_small,nomix,-,saga,s1,-,gate_spatial_std_layer11,0.0,196,0 = spatially constant layer,"mean=0.50000, range=0.000000"
Q5_gate_address,vit_small,nomix,canon,saga,s1,baseline-matched,spearman_layer00,0.185319,196,zero = gate ignores the address,
Q5_gate_address,vit_small,nomix,canon,saga,s1,baseline-matched,spearman_layer01,0.415062,196,zero = gate ignores the address,
Q5_gate_address,vit_small,nomix,canon,saga,s1,baseline-matched,spearman_layer02,0.183915,196,zero = gate ignores the address,
Q5_gate_address,vit_small,nomix,canon,saga,s1,baseline-matched,spearman_layer03,0.492249,196,zero = gate ignores the address,
Q5_gate_address,vit_small,nomix,canon,saga,s1,baseline-matched,spearman_layer04,-0.006065,196,zero = gate ignores the address,
Q5_gate_address,vit_small,nomix,canon,saga,s1,baseline-matched,spearman_layer05,0.193432,196,zero = gate ignores the address,
Q5_gate_address,vit_small,nomix,canon,saga,s1,baseline-matched,spearman_layer06,-0.225421,196,zero = gate ignores the address,
Q5_gate_address,vit_small,nomix,canon,saga,s1,baseline-matched,spearman_layer07,-0.058657,196,zero = gate ignores the address,
Q5_gate_address,vit_small,nomix,canon,saga,s1,baseline-matched,spearman_layer08,-0.089093,196,zero = gate ignores the address,
Q5_gate_address,vit_small,nomix,canon,saga,s1,baseline-matched,spearman_layer09,-0.195097,196,zero = gate ignores the address,
Q5_gate_address,vit_small,nomix,canon,saga,s1,baseline-matched,spearman_layer10,0.148848,196,zero = gate ignores the address,
Q5_gate_address,vit_small,nomix,canon,saga,s1,baseline-matched,spearman_layer_max,0.492249,196,zero = gate ignores the address,layer=3
Q5_gate_address,vit_small,nomix,canon,saga,s1,baseline-matched,spearman_layer_min,-0.225421,196,zero = gate ignores the address,layer=6
Q5_gate_address,vit_small,nomix,canon,saga,s1,baseline-matched,spearman_layer_absmax,0.492249,196,zero = gate ignores the address,layer=3
Q5_gate_address,vit_small,nomix,canon,saga,s1,baseline-matched,spearman_layer_mean,0.094954,11,zero = gate ignores the address,n_layers_defined=11 of 12 (1 constant)
Q5_gate_address,vit_small,nomix,canon,saga,s1,baseline-cellmean,spearman_layer_max,0.540922,196,zero = gate ignores the address,layer=3
Q5_gate_address,vit_small,nomix,canon,saga,s1,baseline-cellmean,spearman_layer_min,-0.473238,196,zero = gate ignores the address,layer=6
Q5_gate_address,vit_small,nomix,canon,saga,s1,baseline-cellmean,spearman_layer_absmax,0.540922,196,zero = gate ignores the address,layer=3
Q5_gate_address,vit_small,nomix,canon,saga,s1,baseline-cellmean,spearman_layer_mean,0.050068,11,zero = gate ignores the address,n_layers_defined=11 of 12 (1 constant)
Q5_gate_address,vit_small,nomix,canon,saga,s1,own,spearman_layer00,0.245141,196,zero = gate ignores the address,
Q5_gate_address,vit_small,nomix,canon,saga,s1,own,spearman_layer01,0.176254,196,zero = gate ignores the address,
Q5_gate_address,vit_small,nomix,canon,saga,s1,own,spearman_layer02,0.009304,196,zero = gate ignores the address,
Q5_gate_address,vit_small,nomix,canon,saga,s1,own,spearman_layer03,0.332744,196,zero = gate ignores the address,
Q5_gate_address,vit_small,nomix,canon,saga,s1,own,spearman_layer04,-0.179431,196,zero = gate ignores the address,
Q5_gate_address,vit_small,nomix,canon,saga,s1,own,spearman_layer05,0.158136,196,zero = gate ignores the address,
Q5_gate_address,vit_small,nomix,canon,saga,s1,own,spearman_layer06,-0.423497,196,zero = gate ignores the address,
Q5_gate_address,vit_small,nomix,canon,saga,s1,own,spearman_layer07,-0.060808,196,zero = gate ignores the address,
Q5_gate_address,vit_small,nomix,canon,saga,s1,own,spearman_layer08,-0.07828,196,zero = gate ignores the address,
Q5_gate_address,vit_small,nomix,canon,saga,s1,own,spearman_layer09,-0.129069,196,zero = gate ignores the address,
Q5_gate_address,vit_small,nomix,canon,saga,s1,own,spearman_layer10,0.266789,196,zero = gate ignores the address,
Q5_gate_address,vit_small,nomix,canon,saga,s1,own,spearman_layer_max,0.332744,196,zero = gate ignores the address,layer=3
Q5_gate_address,vit_small,nomix,canon,saga,s1,own,spearman_layer_min,-0.423497,196,zero = gate ignores the address,layer=6
Q5_gate_address,vit_small,nomix,canon,saga,s1,own,spearman_layer_absmax,-0.423497,196,zero = gate ignores the address,layer=6
Q5_gate_address,vit_small,nomix,canon,saga,s1,own,spearman_layer_mean,0.028844,11,zero = gate ignores the address,n_layers_defined=11 of 12 (1 constant)
Q5_gate_address,vit_small,nomix,-,saga,s2,-,gate_spatial_std_layer00,0.002222,196,0 = spatially constant layer,"mean=0.50993, range=0.012340"
Q5_gate_address,vit_small,nomix,-,saga,s2,-,gate_spatial_std_layer01,0.005425,196,0 = spatially constant layer,"mean=0.52305, range=0.022583"
Q5_gate_address,vit_small,nomix,-,saga,s2,-,gate_spatial_std_layer02,0.02157,196,0 = spatially constant layer,"mean=0.51975, range=0.102956"
Q5_gate_address,vit_small,nomix,-,saga,s2,-,gate_spatial_std_layer03,0.005482,196,0 = spatially constant layer,"mean=0.54501, range=0.026227"
Q5_gate_address,vit_small,nomix,-,saga,s2,-,gate_spatial_std_layer04,0.009723,196,0 = spatially constant layer,"mean=0.57220, range=0.048541"
Q5_gate_address,vit_small,nomix,-,saga,s2,-,gate_spatial_std_layer05,0.008506,196,0 = spatially constant layer,"mean=0.60522, range=0.037670"
Q5_gate_address,vit_small,nomix,-,saga,s2,-,gate_spatial_std_layer06,0.00913,196,0 = spatially constant layer,"mean=0.63385, range=0.051543"
Q5_gate_address,vit_small,nomix,-,saga,s2,-,gate_spatial_std_layer07,0.010641,196,0 = spatially constant layer,"mean=0.66178, range=0.067904"
Q5_gate_address,vit_small,nomix,-,saga,s2,-,gate_spatial_std_layer08,0.016873,196,0 = spatially constant layer,"mean=0.65635, range=0.112333"
Q5_gate_address,vit_small,nomix,-,saga,s2,-,gate_spatial_std_layer09,0.021492,196,0 = spatially constant layer,"mean=0.64699, range=0.122796"
Q5_gate_address,vit_small,nomix,-,saga,s2,-,gate_spatial_std_layer10,0.014835,196,0 = spatially constant layer,"mean=0.55746, range=0.078801"
Q5_gate_address,vit_small,nomix,-,saga,s2,-,gate_spatial_std_layer11,0.0,196,0 = spatially constant layer,"mean=0.50000, range=0.000000"
Q5_gate_address,vit_small,nomix,canon,saga,s2,baseline-matched,spearman_layer00,0.157204,196,zero = gate ignores the address,
Q5_gate_address,vit_small,nomix,canon,saga,s2,baseline-matched,spearman_layer01,0.29753,196,zero = gate ignores the address,
Q5_gate_address,vit_small,nomix,canon,saga,s2,baseline-matched,spearman_layer02,0.324876,196,zero = gate ignores the address,
Q5_gate_address,vit_small,nomix,canon,saga,s2,baseline-matched,spearman_layer03,0.245882,196,zero = gate ignores the address,
Q5_gate_address,vit_small,nomix,canon,saga,s2,baseline-matched,spearman_layer04,0.213067,196,zero = gate ignores the address,
Q5_gate_address,vit_small,nomix,canon,saga,s2,baseline-matched,spearman_layer05,0.172346,196,zero = gate ignores the address,
Q5_gate_address,vit_small,nomix,canon,saga,s2,baseline-matched,spearman_layer06,0.149808,196,zero = gate ignores the address,
Q5_gate_address,vit_small,nomix,canon,saga,s2,baseline-matched,spearman_layer07,-0.641431,196,zero = gate ignores the address,
Q5_gate_address,vit_small,nomix,canon,saga,s2,baseline-matched,spearman_layer08,0.027026,196,zero = gate ignores the address,
Q5_gate_address,vit_small,nomix,canon,saga,s2,baseline-matched,spearman_layer09,-0.356633,196,zero = gate ignores the address,
Q5_gate_address,vit_small,nomix,canon,saga,s2,baseline-matched,spearman_layer10,-0.327234,196,zero = gate ignores the address,
Q5_gate_address,vit_small,nomix,canon,saga,s2,baseline-matched,spearman_layer_max,0.324876,196,zero = gate ignores the address,layer=2
Q5_gate_address,vit_small,nomix,canon,saga,s2,baseline-matched,spearman_layer_min,-0.641431,196,zero = gate ignores the address,layer=7
Q5_gate_address,vit_small,nomix,canon,saga,s2,baseline-matched,spearman_layer_absmax,-0.641431,196,zero = gate ignores the address,layer=7
Q5_gate_address,vit_small,nomix,canon,saga,s2,baseline-matched,spearman_layer_mean,0.023858,11,zero = gate ignores the address,n_layers_defined=11 of 12 (1 constant)
Q5_gate_address,vit_small,nomix,canon,saga,s2,baseline-cellmean,spearman_layer_max,0.396442,196,zero = gate ignores the address,layer=1
Q5_gate_address,vit_small,nomix,canon,saga,s2,baseline-cellmean,spearman_layer_min,-0.587803,196,zero = gate ignores the address,layer=7
Q5_gate_address,vit_small,nomix,canon,saga,s2,baseline-cellmean,spearman_layer_absmax,-0.587803,196,zero = gate ignores the address,layer=7
Q5_gate_address,vit_small,nomix,canon,saga,s2,baseline-cellmean,spearman_layer_mean,0.021599,11,zero = gate ignores the address,n_layers_defined=11 of 12 (1 constant)
Q5_gate_address,vit_small,nomix,canon,saga,s2,own,spearman_layer00,0.009484,196,zero = gate ignores the address,
Q5_gate_address,vit_small,nomix,canon,saga,s2,own,spearman_layer01,0.382102,196,zero = gate ignores the address,
Q5_gate_address,vit_small,nomix,canon,saga,s2,own,spearman_layer02,0.428661,196,zero = gate ignores the address,
Q5_gate_address,vit_small,nomix,canon,saga,s2,own,spearman_layer03,0.386257,196,zero = gate ignores the address,
Q5_gate_address,vit_small,nomix,canon,saga,s2,own,spearman_layer04,0.362689,196,zero = gate ignores the address,
Q5_gate_address,vit_small,nomix,canon,saga,s2,own,spearman_layer05,0.274787,196,zero = gate ignores the address,
Q5_gate_address,vit_small,nomix,canon,saga,s2,own,spearman_layer06,0.284204,196,zero = gate ignores the address,
Q5_gate_address,vit_small,nomix,canon,saga,s2,own,spearman_layer07,-0.409911,196,zero = gate ignores the address,
Q5_gate_address,vit_small,nomix,canon,saga,s2,own,spearman_layer08,0.083683,196,zero = gate ignores the address,
Q5_gate_address,vit_small,nomix,canon,saga,s2,own,spearman_layer09,-0.27366,196,zero = gate ignores the address,
Q5_gate_address,vit_small,nomix,canon,saga,s2,own,spearman_layer10,-0.247247,196,zero = gate ignores the address,
Q5_gate_address,vit_small,nomix,canon,saga,s2,own,spearman_layer_max,0.428661,196,zero = gate ignores the address,layer=2
Q5_gate_address,vit_small,nomix,canon,saga,s2,own,spearman_layer_min,-0.409911,196,zero = gate ignores the address,layer=7
Q5_gate_address,vit_small,nomix,canon,saga,s2,own,spearman_layer_absmax,0.428661,196,zero = gate ignores the address,layer=2
Q5_gate_address,vit_small,nomix,canon,saga,s2,own,spearman_layer_mean,0.116459,11,zero = gate ignores the address,n_layers_defined=11 of 12 (1 constant)
Q5_gate_address,vit_small,nomix,mad,saga,s1,baseline-matched,spearman_layer00,0.017446,196,zero = gate ignores the address,
Q5_gate_address,vit_small,nomix,mad,saga,s1,baseline-matched,spearman_layer01,0.56391,196,zero = gate ignores the address,
Q5_gate_address,vit_small,nomix,mad,saga,s1,baseline-matched,spearman_layer02,0.320246,196,zero = gate ignores the address,
Q5_gate_address,vit_small,nomix,mad,saga,s1,baseline-matched,spearman_layer03,0.51405,196,zero = gate ignores the address,
Q5_gate_address,vit_small,nomix,mad,saga,s1,baseline-matched,spearman_layer04,0.224746,196,zero = gate ignores the address,
Q5_gate_address,vit_small,nomix,mad,saga,s1,baseline-matched,spearman_layer05,0.318591,196,zero = gate ignores the address,
Q5_gate_address,vit_small,nomix,mad,saga,s1,baseline-matched,spearman_layer06,-0.052269,196,zero = gate ignores the address,
Q5_gate_address,vit_small,nomix,mad,saga,s1,baseline-matched,spearman_layer07,0.179829,196,zero = gate ignores the address,
Q5_gate_address,vit_small,nomix,mad,saga,s1,baseline-matched,spearman_layer08,0.066584,196,zero = gate ignores the address,
Q5_gate_address,vit_small,nomix,mad,saga,s1,baseline-matched,spearman_layer09,-0.091391,196,zero = gate ignores the address,
Q5_gate_address,vit_small,nomix,mad,saga,s1,baseline-matched,spearman_layer10,0.08946,196,zero = gate ignores the address,
Q5_gate_address,vit_small,nomix,mad,saga,s1,baseline-matched,spearman_layer_max,0.56391,196,zero = gate ignores the address,layer=1
Q5_gate_address,vit_small,nomix,mad,saga,s1,baseline-matched,spearman_layer_min,-0.091391,196,zero = gate ignores the address,layer=9
Q5_gate_address,vit_small,nomix,mad,saga,s1,baseline-matched,spearman_layer_absmax,0.56391,196,zero = gate ignores the address,layer=1
Q5_gate_address,vit_small,nomix,mad,saga,s1,baseline-matched,spearman_layer_mean,0.195564,11,zero = gate ignores the address,n_layers_defined=11 of 12 (1 constant)
Q5_gate_address,vit_small,nomix,mad,saga,s1,baseline-cellmean,spearman_layer_max,0.606391,196,zero = gate ignores the address,layer=3
Q5_gate_address,vit_small,nomix,mad,saga,s1,baseline-cellmean,spearman_layer_min,-0.30786,196,zero = gate ignores the address,layer=9
Q5_gate_address,vit_small,nomix,mad,saga,s1,baseline-cellmean,spearman_layer_absmax,0.606391,196,zero = gate ignores the address,layer=3
Q5_gate_address,vit_small,nomix,mad,saga,s1,baseline-cellmean,spearman_layer_mean,0.15344,11,zero = gate ignores the address,n_layers_defined=11 of 12 (1 constant)
Q5_gate_address,vit_small,nomix,mad,saga,s1,own,spearman_layer00,-0.006277,196,zero = gate ignores the address,
Q5_gate_address,vit_small,nomix,mad,saga,s1,own,spearman_layer01,0.64051,196,zero = gate ignores the address,
Q5_gate_address,vit_small,nomix,mad,saga,s1,own,spearman_layer02,0.339708,196,zero = gate ignores the address,
Q5_gate_address,vit_small,nomix,mad,saga,s1,own,spearman_layer03,0.561031,196,zero = gate ignores the address,
Q5_gate_address,vit_small,nomix,mad,saga,s1,own,spearman_layer04,0.201214,196,zero = gate ignores the address,
Q5_gate_address,vit_small,nomix,mad,saga,s1,own,spearman_layer05,0.278827,196,zero = gate ignores the address,
Q5_gate_address,vit_small,nomix,mad,saga,s1,own,spearman_layer06,-0.01035,196,zero = gate ignores the address,
Q5_gate_address,vit_small,nomix,mad,saga,s1,own,spearman_layer07,0.078669,196,zero = gate ignores the address,
Q5_gate_address,vit_small,nomix,mad,saga,s1,own,spearman_layer08,-0.01069,196,zero = gate ignores the address,
Q5_gate_address,vit_small,nomix,mad,saga,s1,own,spearman_layer09,-0.178577,196,zero = gate ignores the address,
Q5_gate_address,vit_small,nomix,mad,saga,s1,own,spearman_layer10,0.032885,196,zero = gate ignores the address,
Q5_gate_address,vit_small,nomix,mad,saga,s1,own,spearman_layer_max,0.64051,196,zero = gate ignores the address,layer=1
Q5_gate_address,vit_small,nomix,mad,saga,s1,own,spearman_layer_min,-0.178577,196,zero = gate ignores the address,layer=9
Q5_gate_address,vit_small,nomix,mad,saga,s1,own,spearman_layer_absmax,0.64051,196,zero = gate ignores the address,layer=1
Q5_gate_address,vit_small,nomix,mad,saga,s1,own,spearman_layer_mean,0.175177,11,zero = gate ignores the address,n_layers_defined=11 of 12 (1 constant)
Q5_gate_address,vit_small,nomix,mad,saga,s2,baseline-matched,spearman_layer00,0.107806,196,zero = gate ignores the address,
Q5_gate_address,vit_small,nomix,mad,saga,s2,baseline-matched,spearman_layer01,0.418903,196,zero = gate ignores the address,
Q5_gate_address,vit_small,nomix,mad,saga,s2,baseline-matched,spearman_layer02,0.48044,196,zero = gate ignores the address,
Q5_gate_address,vit_small,nomix,mad,saga,s2,baseline-matched,spearman_layer03,0.451274,196,zero = gate ignores the address,
Q5_gate_address,vit_small,nomix,mad,saga,s2,baseline-matched,spearman_layer04,0.395294,196,zero = gate ignores the address,
Q5_gate_address,vit_small,nomix,mad,saga,s2,baseline-matched,spearman_layer05,0.366917,196,zero = gate ignores the address,
Q5_gate_address,vit_small,nomix,mad,saga,s2,baseline-matched,spearman_layer06,0.303882,196,zero = gate ignores the address,
Q5_gate_address,vit_small,nomix,mad,saga,s2,baseline-matched,spearman_layer07,-0.458969,196,zero = gate ignores the address,
Q5_gate_address,vit_small,nomix,mad,saga,s2,baseline-matched,spearman_layer08,0.0829,196,zero = gate ignores the address,
Q5_gate_address,vit_small,nomix,mad,saga,s2,baseline-matched,spearman_layer09,-0.330006,196,zero = gate ignores the address,
Q5_gate_address,vit_small,nomix,mad,saga,s2,baseline-matched,spearman_layer10,-0.334095,196,zero = gate ignores the address,
Q5_gate_address,vit_small,nomix,mad,saga,s2,baseline-matched,spearman_layer_max,0.48044,196,zero = gate ignores the address,layer=2
Q5_gate_address,vit_small,nomix,mad,saga,s2,baseline-matched,spearman_layer_min,-0.458969,196,zero = gate ignores the address,layer=7
Q5_gate_address,vit_small,nomix,mad,saga,s2,baseline-matched,spearman_layer_absmax,0.48044,196,zero = gate ignores the address,layer=2
Q5_gate_address,vit_small,nomix,mad,saga,s2,baseline-matched,spearman_layer_mean,0.134941,11,zero = gate ignores the address,n_layers_defined=11 of 12 (1 constant)
Q5_gate_address,vit_small,nomix,mad,saga,s2,baseline-cellmean,spearman_layer_max,0.542511,196,zero = gate ignores the address,layer=1
Q5_gate_address,vit_small,nomix,mad,saga,s2,baseline-cellmean,spearman_layer_min,-0.365404,196,zero = gate ignores the address,layer=7
Q5_gate_address,vit_small,nomix,mad,saga,s2,baseline-cellmean,spearman_layer_absmax,0.542511,196,zero = gate ignores the address,layer=1
Q5_gate_address,vit_small,nomix,mad,saga,s2,baseline-cellmean,spearman_layer_mean,0.164462,11,zero = gate ignores the address,n_layers_defined=11 of 12 (1 constant)
Q5_gate_address,vit_small,nomix,mad,saga,s2,own,spearman_layer00,-0.019759,196,zero = gate ignores the address,
Q5_gate_address,vit_small,nomix,mad,saga,s2,own,spearman_layer01,0.492591,196,zero = gate ignores the address,
Q5_gate_address,vit_small,nomix,mad,saga,s2,own,spearman_layer02,0.542084,196,zero = gate ignores the address,
Q5_gate_address,vit_small,nomix,mad,saga,s2,own,spearman_layer03,0.514842,196,zero = gate ignores the address,
Q5_gate_address,vit_small,nomix,mad,saga,s2,own,spearman_layer04,0.479319,196,zero = gate ignores the address,
Q5_gate_address,vit_small,nomix,mad,saga,s2,own,spearman_layer05,0.420006,196,zero = gate ignores the address,
Q5_gate_address,vit_small,nomix,mad,saga,s2,own,spearman_layer06,0.381519,196,zero = gate ignores the address,
Q5_gate_address,vit_small,nomix,mad,saga,s2,own,spearman_layer07,-0.338121,196,zero = gate ignores the address,
Q5_gate_address,vit_small,nomix,mad,saga,s2,own,spearman_layer08,0.111166,196,zero = gate ignores the address,
Q5_gate_address,vit_small,nomix,mad,saga,s2,own,spearman_layer09,-0.301684,196,zero = gate ignores the address,
Q5_gate_address,vit_small,nomix,mad,saga,s2,own,spearman_layer10,-0.307191,196,zero = gate ignores the address,
Q5_gate_address,vit_small,nomix,mad,saga,s2,own,spearman_layer_max,0.542084,196,zero = gate ignores the address,layer=2
Q5_gate_address,vit_small,nomix,mad,saga,s2,own,spearman_layer_min,-0.338121,196,zero = gate ignores the address,layer=7
Q5_gate_address,vit_small,nomix,mad,saga,s2,own,spearman_layer_absmax,0.542084,196,zero = gate ignores the address,layer=2
Q5_gate_address,vit_small,nomix,mad,saga,s2,own,spearman_layer_mean,0.179525,11,zero = gate ignores the address,n_layers_defined=11 of 12 (1 constant)
Q5_gate_address,vit_base,mixup,-,saga,legacy-nomixdir,-,gate_spatial_std_layer00,0.002849,196,0 = spatially constant layer,"mean=0.49909, range=0.016866"
Q5_gate_address,vit_base,mixup,-,saga,legacy-nomixdir,-,gate_spatial_std_layer01,0.008441,196,0 = spatially constant layer,"mean=0.49978, range=0.043070"
Q5_gate_address,vit_base,mixup,-,saga,legacy-nomixdir,-,gate_spatial_std_layer02,0.010167,196,0 = spatially constant layer,"mean=0.50642, range=0.049908"
Q5_gate_address,vit_base,mixup,-,saga,legacy-nomixdir,-,gate_spatial_std_layer03,0.007804,196,0 = spatially constant layer,"mean=0.52480, range=0.044207"
Q5_gate_address,vit_base,mixup,-,saga,legacy-nomixdir,-,gate_spatial_std_layer04,0.005027,196,0 = spatially constant layer,"mean=0.54037, range=0.026178"
Q5_gate_address,vit_base,mixup,-,saga,legacy-nomixdir,-,gate_spatial_std_layer05,0.006496,196,0 = spatially constant layer,"mean=0.56521, range=0.034777"
Q5_gate_address,vit_base,mixup,-,saga,legacy-nomixdir,-,gate_spatial_std_layer06,0.004239,196,0 = spatially constant layer,"mean=0.60711, range=0.023474"
Q5_gate_address,vit_base,mixup,-,saga,legacy-nomixdir,-,gate_spatial_std_layer07,0.004716,196,0 = spatially constant layer,"mean=0.62035, range=0.024624"
Q5_gate_address,vit_base,mixup,-,saga,legacy-nomixdir,-,gate_spatial_std_layer08,0.004478,196,0 = spatially constant layer,"mean=0.65157, range=0.024165"
Q5_gate_address,vit_base,mixup,-,saga,legacy-nomixdir,-,gate_spatial_std_layer09,0.006667,196,0 = spatially constant layer,"mean=0.63512, range=0.034086"
Q5_gate_address,vit_base,mixup,-,saga,legacy-nomixdir,-,gate_spatial_std_layer10,0.00975,196,0 = spatially constant layer,"mean=0.64003, range=0.047590"
Q5_gate_address,vit_base,mixup,-,saga,legacy-nomixdir,-,gate_spatial_std_layer11,0.0,196,0 = spatially constant layer,"mean=0.50000, range=0.000000"
Q5_gate_address,vit_base,mixup,canon,saga,legacy-nomixdir,baseline-matched,spearman_layer00,0.340358,196,zero = gate ignores the address,
Q5_gate_address,vit_base,mixup,canon,saga,legacy-nomixdir,baseline-matched,spearman_layer01,0.582366,196,zero = gate ignores the address,
Q5_gate_address,vit_base,mixup,canon,saga,legacy-nomixdir,baseline-matched,spearman_layer02,0.210087,196,zero = gate ignores the address,
Q5_gate_address,vit_base,mixup,canon,saga,legacy-nomixdir,baseline-matched,spearman_layer03,0.030332,196,zero = gate ignores the address,
Q5_gate_address,vit_base,mixup,canon,saga,legacy-nomixdir,baseline-matched,spearman_layer04,0.235994,196,zero = gate ignores the address,
Q5_gate_address,vit_base,mixup,canon,saga,legacy-nomixdir,baseline-matched,spearman_layer05,0.002683,196,zero = gate ignores the address,
Q5_gate_address,vit_base,mixup,canon,saga,legacy-nomixdir,baseline-matched,spearman_layer06,-0.433686,196,zero = gate ignores the address,
Q5_gate_address,vit_base,mixup,canon,saga,legacy-nomixdir,baseline-matched,spearman_layer07,-0.421841,196,zero = gate ignores the address,
Q5_gate_address,vit_base,mixup,canon,saga,legacy-nomixdir,baseline-matched,spearman_layer08,-0.074845,196,zero = gate ignores the address,
Q5_gate_address,vit_base,mixup,canon,saga,legacy-nomixdir,baseline-matched,spearman_layer09,0.101311,196,zero = gate ignores the address,
Q5_gate_address,vit_base,mixup,canon,saga,legacy-nomixdir,baseline-matched,spearman_layer10,-0.080535,196,zero = gate ignores the address,
Q5_gate_address,vit_base,mixup,canon,saga,legacy-nomixdir,baseline-matched,spearman_layer_max,0.582366,196,zero = gate ignores the address,layer=1
Q5_gate_address,vit_base,mixup,canon,saga,legacy-nomixdir,baseline-matched,spearman_layer_min,-0.433686,196,zero = gate ignores the address,layer=6
Q5_gate_address,vit_base,mixup,canon,saga,legacy-nomixdir,baseline-matched,spearman_layer_absmax,0.582366,196,zero = gate ignores the address,layer=1
Q5_gate_address,vit_base,mixup,canon,saga,legacy-nomixdir,baseline-matched,spearman_layer_mean,0.044748,11,zero = gate ignores the address,n_layers_defined=11 of 12 (1 constant)
Q5_gate_address,vit_base,mixup,canon,saga,legacy-nomixdir,baseline-cellmean,spearman_layer_max,0.587825,196,zero = gate ignores the address,layer=1
Q5_gate_address,vit_base,mixup,canon,saga,legacy-nomixdir,baseline-cellmean,spearman_layer_min,-0.382958,196,zero = gate ignores the address,layer=6
Q5_gate_address,vit_base,mixup,canon,saga,legacy-nomixdir,baseline-cellmean,spearman_layer_absmax,0.587825,196,zero = gate ignores the address,layer=1
Q5_gate_address,vit_base,mixup,canon,saga,legacy-nomixdir,baseline-cellmean,spearman_layer_mean,0.08621,11,zero = gate ignores the address,n_layers_defined=11 of 12 (1 constant)
Q5_gate_address,vit_base,mixup,canon,saga,legacy-nomixdir,own,spearman_layer00,0.175115,196,zero = gate ignores the address,
Q5_gate_address,vit_base,mixup,canon,saga,legacy-nomixdir,own,spearman_layer01,0.645345,196,zero = gate ignores the address,
Q5_gate_address,vit_base,mixup,canon,saga,legacy-nomixdir,own,spearman_layer02,0.087623,196,zero = gate ignores the address,
Q5_gate_address,vit_base,mixup,canon,saga,legacy-nomixdir,own,spearman_layer03,0.022543,196,zero = gate ignores the address,
Q5_gate_address,vit_base,mixup,canon,saga,legacy-nomixdir,own,spearman_layer04,0.185065,196,zero = gate ignores the address,
Q5_gate_address,vit_base,mixup,canon,saga,legacy-nomixdir,own,spearman_layer05,-0.083898,196,zero = gate ignores the address,
Q5_gate_address,vit_base,mixup,canon,saga,legacy-nomixdir,own,spearman_layer06,-0.556686,196,zero = gate ignores the address,
Q5_gate_address,vit_base,mixup,canon,saga,legacy-nomixdir,own,spearman_layer07,-0.438136,196,zero = gate ignores the address,
Q5_gate_address,vit_base,mixup,canon,saga,legacy-nomixdir,own,spearman_layer08,-0.092168,196,zero = gate ignores the address,
Q5_gate_address,vit_base,mixup,canon,saga,legacy-nomixdir,own,spearman_layer09,0.0716,196,zero = gate ignores the address,
Q5_gate_address,vit_base,mixup,canon,saga,legacy-nomixdir,own,spearman_layer10,-0.138539,196,zero = gate ignores the address,
Q5_gate_address,vit_base,mixup,canon,saga,legacy-nomixdir,own,spearman_layer_max,0.645345,196,zero = gate ignores the address,layer=1
Q5_gate_address,vit_base,mixup,canon,saga,legacy-nomixdir,own,spearman_layer_min,-0.556686,196,zero = gate ignores the address,layer=6
Q5_gate_address,vit_base,mixup,canon,saga,legacy-nomixdir,own,spearman_layer_absmax,0.645345,196,zero = gate ignores the address,layer=1
Q5_gate_address,vit_base,mixup,canon,saga,legacy-nomixdir,own,spearman_layer_mean,-0.011103,11,zero = gate ignores the address,n_layers_defined=11 of 12 (1 constant)
Q5_gate_address,vit_base,mixup,-,saga,s1,-,gate_spatial_std_layer00,0.002535,196,0 = spatially constant layer,"mean=0.49754, range=0.014639"
Q5_gate_address,vit_base,mixup,-,saga,s1,-,gate_spatial_std_layer01,0.002463,196,0 = spatially constant layer,"mean=0.50342, range=0.013748"
Q5_gate_address,vit_base,mixup,-,saga,s1,-,gate_spatial_std_layer02,0.009802,196,0 = spatially constant layer,"mean=0.50508, range=0.053507"
Q5_gate_address,vit_base,mixup,-,saga,s1,-,gate_spatial_std_layer03,0.008057,196,0 = spatially constant layer,"mean=0.52111, range=0.044003"
Q5_gate_address,vit_base,mixup,-,saga,s1,-,gate_spatial_std_layer04,0.007057,196,0 = spatially constant layer,"mean=0.53665, range=0.035942"
Q5_gate_address,vit_base,mixup,-,saga,s1,-,gate_spatial_std_layer05,0.003774,196,0 = spatially constant layer,"mean=0.56176, range=0.016408"
Q5_gate_address,vit_base,mixup,-,saga,s1,-,gate_spatial_std_layer06,0.003447,196,0 = spatially constant layer,"mean=0.59451, range=0.017087"
Q5_gate_address,vit_base,mixup,-,saga,s1,-,gate_spatial_std_layer07,0.003721,196,0 = spatially constant layer,"mean=0.63396, range=0.017257"
Q5_gate_address,vit_base,mixup,-,saga,s1,-,gate_spatial_std_layer08,0.004404,196,0 = spatially constant layer,"mean=0.65038, range=0.023324"
Q5_gate_address,vit_base,mixup,-,saga,s1,-,gate_spatial_std_layer09,0.005652,196,0 = spatially constant layer,"mean=0.64546, range=0.033500"
Q5_gate_address,vit_base,mixup,-,saga,s1,-,gate_spatial_std_layer10,0.01975,196,0 = spatially constant layer,"mean=0.70624, range=0.078383"
Q5_gate_address,vit_base,mixup,-,saga,s1,-,gate_spatial_std_layer11,0.0,196,0 = spatially constant layer,"mean=0.50000, range=0.000000"
Q5_gate_address,vit_base,mixup,canon,saga,s1,baseline-matched,spearman_layer00,0.318286,196,zero = gate ignores the address,
Q5_gate_address,vit_base,mixup,canon,saga,s1,baseline-matched,spearman_layer01,0.241016,196,zero = gate ignores the address,
Q5_gate_address,vit_base,mixup,canon,saga,s1,baseline-matched,spearman_layer02,0.334065,196,zero = gate ignores the address,
Q5_gate_address,vit_base,mixup,canon,saga,s1,baseline-matched,spearman_layer03,0.224159,196,zero = gate ignores the address,
Q5_gate_address,vit_base,mixup,canon,saga,s1,baseline-matched,spearman_layer04,0.089793,196,zero = gate ignores the address,
Q5_gate_address,vit_base,mixup,canon,saga,s1,baseline-matched,spearman_layer05,0.019745,196,zero = gate ignores the address,
Q5_gate_address,vit_base,mixup,canon,saga,s1,baseline-matched,spearman_layer06,-0.245508,196,zero = gate ignores the address,
Q5_gate_address,vit_base,mixup,canon,saga,s1,baseline-matched,spearman_layer07,-0.212189,196,zero = gate ignores the address,
Q5_gate_address,vit_base,mixup,canon,saga,s1,baseline-matched,spearman_layer08,0.181021,196,zero = gate ignores the address,
Q5_gate_address,vit_base,mixup,canon,saga,s1,baseline-matched,spearman_layer09,0.379954,196,zero = gate ignores the address,
Q5_gate_address,vit_base,mixup,canon,saga,s1,baseline-matched,spearman_layer10,-0.159952,196,zero = gate ignores the address,
Q5_gate_address,vit_base,mixup,canon,saga,s1,baseline-matched,spearman_layer_max,0.379954,196,zero = gate ignores the address,layer=9
Q5_gate_address,vit_base,mixup,canon,saga,s1,baseline-matched,spearman_layer_min,-0.245508,196,zero = gate ignores the address,layer=6
Q5_gate_address,vit_base,mixup,canon,saga,s1,baseline-matched,spearman_layer_absmax,0.379954,196,zero = gate ignores the address,layer=9
Q5_gate_address,vit_base,mixup,canon,saga,s1,baseline-matched,spearman_layer_mean,0.106399,11,zero = gate ignores the address,n_layers_defined=11 of 12 (1 constant)
Q5_gate_address,vit_base,mixup,canon,saga,s1,baseline-cellmean,spearman_layer_max,0.344245,196,zero = gate ignores the address,layer=9
Q5_gate_address,vit_base,mixup,canon,saga,s1,baseline-cellmean,spearman_layer_min,-0.29371,196,zero = gate ignores the address,layer=6
Q5_gate_address,vit_base,mixup,canon,saga,s1,baseline-cellmean,spearman_layer_absmax,0.344245,196,zero = gate ignores the address,layer=9
Q5_gate_address,vit_base,mixup,canon,saga,s1,baseline-cellmean,spearman_layer_mean,0.080716,11,zero = gate ignores the address,n_layers_defined=11 of 12 (1 constant)
Q5_gate_address,vit_base,mixup,canon,saga,s1,own,spearman_layer00,0.250036,196,zero = gate ignores the address,
Q5_gate_address,vit_base,mixup,canon,saga,s1,own,spearman_layer01,0.241831,196,zero = gate ignores the address,
Q5_gate_address,vit_base,mixup,canon,saga,s1,own,spearman_layer02,0.162486,196,zero = gate ignores the address,
Q5_gate_address,vit_base,mixup,canon,saga,s1,own,spearman_layer03,0.117598,196,zero = gate ignores the address,
Q5_gate_address,vit_base,mixup,canon,saga,s1,own,spearman_layer04,-0.031764,196,zero = gate ignores the address,
Q5_gate_address,vit_base,mixup,canon,saga,s1,own,spearman_layer05,-0.029883,196,zero = gate ignores the address,
Q5_gate_address,vit_base,mixup,canon,saga,s1,own,spearman_layer06,-0.337844,196,zero = gate ignores the address,
Q5_gate_address,vit_base,mixup,canon,saga,s1,own,spearman_layer07,-0.25075,196,zero = gate ignores the address,
Q5_gate_address,vit_base,mixup,canon,saga,s1,own,spearman_layer08,0.078036,196,zero = gate ignores the address,
Q5_gate_address,vit_base,mixup,canon,saga,s1,own,spearman_layer09,0.328098,196,zero = gate ignores the address,
Q5_gate_address,vit_base,mixup,canon,saga,s1,own,spearman_layer10,-0.254005,196,zero = gate ignores the address,
Q5_gate_address,vit_base,mixup,canon,saga,s1,own,spearman_layer_max,0.328098,196,zero = gate ignores the address,layer=9
Q5_gate_address,vit_base,mixup,canon,saga,s1,own,spearman_layer_min,-0.337844,196,zero = gate ignores the address,layer=6
Q5_gate_address,vit_base,mixup,canon,saga,s1,own,spearman_layer_absmax,-0.337844,196,zero = gate ignores the address,layer=6
Q5_gate_address,vit_base,mixup,canon,saga,s1,own,spearman_layer_mean,0.024894,11,zero = gate ignores the address,n_layers_defined=11 of 12 (1 constant)
Q5_gate_address,vit_base,mixup,mad,saga,legacy-nomixdir,baseline-matched,spearman_layer00,0.35616,196,zero = gate ignores the address,
Q5_gate_address,vit_base,mixup,mad,saga,legacy-nomixdir,baseline-matched,spearman_layer01,0.58088,196,zero = gate ignores the address,
Q5_gate_address,vit_base,mixup,mad,saga,legacy-nomixdir,baseline-matched,spearman_layer02,0.262955,196,zero = gate ignores the address,
Q5_gate_address,vit_base,mixup,mad,saga,legacy-nomixdir,baseline-matched,spearman_layer03,0.07491,196,zero = gate ignores the address,
Q5_gate_address,vit_base,mixup,mad,saga,legacy-nomixdir,baseline-matched,spearman_layer04,0.250069,196,zero = gate ignores the address,
Q5_gate_address,vit_base,mixup,mad,saga,legacy-nomixdir,baseline-matched,spearman_layer05,0.086701,196,zero = gate ignores the address,
Q5_gate_address,vit_base,mixup,mad,saga,legacy-nomixdir,baseline-matched,spearman_layer06,-0.368207,196,zero = gate ignores the address,
Q5_gate_address,vit_base,mixup,mad,saga,legacy-nomixdir,baseline-matched,spearman_layer07,-0.357246,196,zero = gate ignores the address,
Q5_gate_address,vit_base,mixup,mad,saga,legacy-nomixdir,baseline-matched,spearman_layer08,0.012702,196,zero = gate ignores the address,
Q5_gate_address,vit_base,mixup,mad,saga,legacy-nomixdir,baseline-matched,spearman_layer09,0.187791,196,zero = gate ignores the address,
Q5_gate_address,vit_base,mixup,mad,saga,legacy-nomixdir,baseline-matched,spearman_layer10,-0.005706,196,zero = gate ignores the address,
Q5_gate_address,vit_base,mixup,mad,saga,legacy-nomixdir,baseline-matched,spearman_layer_max,0.58088,196,zero = gate ignores the address,layer=1
Q5_gate_address,vit_base,mixup,mad,saga,legacy-nomixdir,baseline-matched,spearman_layer_min,-0.368207,196,zero = gate ignores the address,layer=6
Q5_gate_address,vit_base,mixup,mad,saga,legacy-nomixdir,baseline-matched,spearman_layer_absmax,0.58088,196,zero = gate ignores the address,layer=1
Q5_gate_address,vit_base,mixup,mad,saga,legacy-nomixdir,baseline-matched,spearman_layer_mean,0.098273,11,zero = gate ignores the address,n_layers_defined=11 of 12 (1 constant)
Q5_gate_address,vit_base,mixup,mad,saga,legacy-nomixdir,baseline-cellmean,spearman_layer_max,0.525412,196,zero = gate ignores the address,layer=1
Q5_gate_address,vit_base,mixup,mad,saga,legacy-nomixdir,baseline-cellmean,spearman_layer_min,-0.470213,196,zero = gate ignores the address,layer=6
Q5_gate_address,vit_base,mixup,mad,saga,legacy-nomixdir,baseline-cellmean,spearman_layer_absmax,0.525412,196,zero = gate ignores the address,layer=1
Q5_gate_address,vit_base,mixup,mad,saga,legacy-nomixdir,baseline-cellmean,spearman_layer_mean,-0.01061,11,zero = gate ignores the address,n_layers_defined=11 of 12 (1 constant)
Q5_gate_address,vit_base,mixup,mad,saga,legacy-nomixdir,own,spearman_layer00,0.194244,196,zero = gate ignores the address,
Q5_gate_address,vit_base,mixup,mad,saga,legacy-nomixdir,own,spearman_layer01,0.657902,196,zero = gate ignores the address,
Q5_gate_address,vit_base,mixup,mad,saga,legacy-nomixdir,own,spearman_layer02,0.131878,196,zero = gate ignores the address,
Q5_gate_address,vit_base,mixup,mad,saga,legacy-nomixdir,own,spearman_layer03,0.0525,196,zero = gate ignores the address,
Q5_gate_address,vit_base,mixup,mad,saga,legacy-nomixdir,own,spearman_layer04,0.209373,196,zero = gate ignores the address,
Q5_gate_address,vit_base,mixup,mad,saga,legacy-nomixdir,own,spearman_layer05,-0.041698,196,zero = gate ignores the address,
Q5_gate_address,vit_base,mixup,mad,saga,legacy-nomixdir,own,spearman_layer06,-0.490526,196,zero = gate ignores the address,
Q5_gate_address,vit_base,mixup,mad,saga,legacy-nomixdir,own,spearman_layer07,-0.402195,196,zero = gate ignores the address,
Q5_gate_address,vit_base,mixup,mad,saga,legacy-nomixdir,own,spearman_layer08,-0.059037,196,zero = gate ignores the address,
Q5_gate_address,vit_base,mixup,mad,saga,legacy-nomixdir,own,spearman_layer09,0.099046,196,zero = gate ignores the address,
Q5_gate_address,vit_base,mixup,mad,saga,legacy-nomixdir,own,spearman_layer10,-0.104065,196,zero = gate ignores the address,
Q5_gate_address,vit_base,mixup,mad,saga,legacy-nomixdir,own,spearman_layer_max,0.657902,196,zero = gate ignores the address,layer=1
Q5_gate_address,vit_base,mixup,mad,saga,legacy-nomixdir,own,spearman_layer_min,-0.490526,196,zero = gate ignores the address,layer=6
Q5_gate_address,vit_base,mixup,mad,saga,legacy-nomixdir,own,spearman_layer_absmax,0.657902,196,zero = gate ignores the address,layer=1
Q5_gate_address,vit_base,mixup,mad,saga,legacy-nomixdir,own,spearman_layer_mean,0.022493,11,zero = gate ignores the address,n_layers_defined=11 of 12 (1 constant)
Q5_gate_address,vit_base,mixup,mad,saga,s1,baseline-matched,spearman_layer00,0.208491,196,zero = gate ignores the address,
Q5_gate_address,vit_base,mixup,mad,saga,s1,baseline-matched,spearman_layer01,0.071519,196,zero = gate ignores the address,
Q5_gate_address,vit_base,mixup,mad,saga,s1,baseline-matched,spearman_layer02,0.138441,196,zero = gate ignores the address,
Q5_gate_address,vit_base,mixup,mad,saga,s1,baseline-matched,spearman_layer03,0.02913,196,zero = gate ignores the address,
Q5_gate_address,vit_base,mixup,mad,saga,s1,baseline-matched,spearman_layer04,-0.160523,196,zero = gate ignores the address,
Q5_gate_address,vit_base,mixup,mad,saga,s1,baseline-matched,spearman_layer05,-0.23191,196,zero = gate ignores the address,
Q5_gate_address,vit_base,mixup,mad,saga,s1,baseline-matched,spearman_layer06,-0.435436,196,zero = gate ignores the address,
Q5_gate_address,vit_base,mixup,mad,saga,s1,baseline-matched,spearman_layer07,-0.274887,196,zero = gate ignores the address,
Q5_gate_address,vit_base,mixup,mad,saga,s1,baseline-matched,spearman_layer08,0.023368,196,zero = gate ignores the address,
Q5_gate_address,vit_base,mixup,mad,saga,s1,baseline-matched,spearman_layer09,0.158814,196,zero = gate ignores the address,
Q5_gate_address,vit_base,mixup,mad,saga,s1,baseline-matched,spearman_layer10,-0.424694,196,zero = gate ignores the address,
Q5_gate_address,vit_base,mixup,mad,saga,s1,baseline-matched,spearman_layer_max,0.208491,196,zero = gate ignores the address,layer=0
Q5_gate_address,vit_base,mixup,mad,saga,s1,baseline-matched,spearman_layer_min,-0.435436,196,zero = gate ignores the address,layer=6
Q5_gate_address,vit_base,mixup,mad,saga,s1,baseline-matched,spearman_layer_absmax,-0.435436,196,zero = gate ignores the address,layer=6
Q5_gate_address,vit_base,mixup,mad,saga,s1,baseline-matched,spearman_layer_mean,-0.081608,11,zero = gate ignores the address,n_layers_defined=11 of 12 (1 constant)
Q5_gate_address,vit_base,mixup,mad,saga,s1,baseline-cellmean,spearman_layer_max,0.278346,196,zero = gate ignores the address,layer=0
Q5_gate_address,vit_base,mixup,mad,saga,s1,baseline-cellmean,spearman_layer_min,-0.394589,196,zero = gate ignores the address,layer=6
Q5_gate_address,vit_base,mixup,mad,saga,s1,baseline-cellmean,spearman_layer_absmax,-0.394589,196,zero = gate ignores the address,layer=6
Q5_gate_address,vit_base,mixup,mad,saga,s1,baseline-cellmean,spearman_layer_mean,-0.008369,11,zero = gate ignores the address,n_layers_defined=11 of 12 (1 constant)
Q5_gate_address,vit_base,mixup,mad,saga,s1,own,spearman_layer00,0.387801,196,zero = gate ignores the address,
Q5_gate_address,vit_base,mixup,mad,saga,s1,own,spearman_layer01,0.351391,196,zero = gate ignores the address,
Q5_gate_address,vit_base,mixup,mad,saga,s1,own,spearman_layer02,0.375306,196,zero = gate ignores the address,
Q5_gate_address,vit_base,mixup,mad,saga,s1,own,spearman_layer03,0.280919,196,zero = gate ignores the address,
Q5_gate_address,vit_base,mixup,mad,saga,s1,own,spearman_layer04,0.102868,196,zero = gate ignores the address,
Q5_gate_address,vit_base,mixup,mad,saga,s1,own,spearman_layer05,0.09659,196,zero = gate ignores the address,
Q5_gate_address,vit_base,mixup,mad,saga,s1,own,spearman_layer06,-0.19611,196,zero = gate ignores the address,
Q5_gate_address,vit_base,mixup,mad,saga,s1,own,spearman_layer07,-0.236236,196,zero = gate ignores the address,
Q5_gate_address,vit_base,mixup,mad,saga,s1,own,spearman_layer08,0.195756,196,zero = gate ignores the address,
Q5_gate_address,vit_base,mixup,mad,saga,s1,own,spearman_layer09,0.444498,196,zero = gate ignores the address,
Q5_gate_address,vit_base,mixup,mad,saga,s1,own,spearman_layer10,-0.072996,196,zero = gate ignores the address,
Q5_gate_address,vit_base,mixup,mad,saga,s1,own,spearman_layer_max,0.444498,196,zero = gate ignores the address,layer=9
Q5_gate_address,vit_base,mixup,mad,saga,s1,own,spearman_layer_min,-0.236236,196,zero = gate ignores the address,layer=7
Q5_gate_address,vit_base,mixup,mad,saga,s1,own,spearman_layer_absmax,0.444498,196,zero = gate ignores the address,layer=9
Q5_gate_address,vit_base,mixup,mad,saga,s1,own,spearman_layer_mean,0.157253,11,zero = gate ignores the address,n_layers_defined=11 of 12 (1 constant)
