epoch,iter,layer,grad_phi_norm
0,0,0,4.3006253690691665e-05
0,0,1,1.5231829820550047e-05
0,0,2,2.533854785724543e-05
0,0,3,1.1348159205226693e-05
0,0,4,9.73249007074628e-06
0,0,5,8.814792636258062e-06
0,0,6,9.491496712143999e-06
0,0,7,7.514794106100453e-06
0,0,8,8.278251698357053e-06
0,0,9,4.2864098759309854e-06
0,0,10,2.7776079605246196e-06
0,0,11,0.0
0,100,0,4.9828715418698266e-05
0,100,1,2.1657144316122867e-05
0,100,2,1.3772121747024357e-05
0,100,3,1.1377535884093959e-05
0,100,4,9.037745257955976e-06
0,100,5,8.294243343698326e-06
0,100,6,5.298360065353336e-06
0,100,7,1.012056145555107e-05
0,100,8,6.3412458075617906e-06
0,100,9,6.193525223352481e-06
0,100,10,3.5372349884710275e-06
0,100,11,0.0
0,200,0,5.660555325448513e-05
0,200,1,2.199094342358876e-05
0,200,2,1.7868695067591034e-05
0,200,3,8.89356670086272e-06
0,200,4,9.183535439660773e-06
0,200,5,9.550307368044741e-06
0,200,6,9.208930350723676e-06
0,200,7,9.618775948183611e-06
0,200,8,6.960796326893615e-06
0,200,9,5.445368060463807e-06
0,200,10,2.5520862436678726e-06
0,200,11,0.0
0,300,0,6.248625868465751e-05
0,300,1,1.726232767396141e-05
0,300,2,1.959753717528656e-05
0,300,3,1.1046785402868409e-05
0,300,4,6.926639798621181e-06
0,300,5,8.404492291447241e-06
0,300,6,1.0439443940413184e-05
0,300,7,9.608287655282766e-06
0,300,8,5.094749667478027e-06
0,300,9,4.039160103275208e-06
0,300,10,2.9658610856131418e-06
0,300,11,0.0
0,400,0,3.5684253816725686e-05
0,400,1,1.0097165613842662e-05
0,400,2,1.635993248783052e-05
0,400,3,1.3604506420961116e-05
0,400,4,1.254278322448954e-05
0,400,5,9.321165634901263e-06
0,400,6,1.1263425221841317e-05
0,400,7,9.003004379337654e-06
0,400,8,5.7736783674045e-06
0,400,9,2.5831914172158577e-06
0,400,10,1.7637343034948572e-06
0,400,11,0.0
0,500,0,5.722550849895924e-05
0,500,1,1.7277669030590914e-05
0,500,2,1.1912084119103383e-05
0,500,3,9.9057369880029e-06
0,500,4,9.220218998962082e-06
0,500,5,8.678382982907351e-06
0,500,6,4.063556389155565e-06
0,500,7,3.785110493481625e-06
0,500,8,3.834108156297589e-06
0,500,9,3.7849317777727265e-06
0,500,10,3.995476163254352e-06
0,500,11,0.0
0,600,0,4.302966044633649e-05
0,600,1,1.2621710084204096e-05
0,600,2,1.76199282577727e-05
0,600,3,8.67418111738516e-06
0,600,4,7.399008609354496e-06
0,600,5,6.182515789987519e-06
0,600,6,6.4363284764112905e-06
0,600,7,5.9100334510731045e-06
0,600,8,7.784550689393654e-06
0,600,9,3.0878427423886023e-06
0,600,10,3.3829599033197155e-06
0,600,11,0.0
0,700,0,4.079561767866835e-05
0,700,1,2.2799224097980186e-05
0,700,2,8.762257493799552e-06
0,700,3,1.0722019396780524e-05
0,700,4,9.065521226148121e-06
0,700,5,5.837462140334537e-06
0,700,6,4.755299869430019e-06
0,700,7,7.676854693272617e-06
0,700,8,5.247556600807002e-06
0,700,9,3.453224508120911e-06
0,700,10,2.8132371880928986e-06
0,700,11,0.0
0,800,0,6.214461609488353e-05
0,800,1,1.8380689652985893e-05
0,800,2,1.395834897266468e-05
0,800,3,1.3879716789233498e-05
0,800,4,9.705442607810255e-06
0,800,5,7.107392320904182e-06
0,800,6,1.0745699910330586e-05
0,800,7,4.25737198384013e-06
0,800,8,6.009722710587084e-06
0,800,9,2.0334896362328436e-06
0,800,10,2.1120513338246383e-06
0,800,11,0.0
0,900,0,7.728747004875913e-05
0,900,1,2.3048916773404926e-05
0,900,2,1.1893275768670719e-05
0,900,3,1.0045649105450138e-05
0,900,4,1.0999731784977484e-05
0,900,5,3.769701834244188e-06
0,900,6,4.597700808517402e-06
0,900,7,5.642747055389918e-06
0,900,8,3.181644842698006e-06
0,900,9,2.2696906398778083e-06
0,900,10,1.3897947610530537e-06
0,900,11,0.0
0,1000,0,5.233749106992036e-05
0,1000,1,2.5786288460949436e-05
0,1000,2,1.9446741134743206e-05
0,1000,3,5.9756648624897934e-06
0,1000,4,6.012181529513327e-06
0,1000,5,4.242674094712129e-06
0,1000,6,4.238697329128627e-06
0,1000,7,3.020961457878002e-06
0,1000,8,1.546634734950203e-06
0,1000,9,2.255990011690301e-06
0,1000,10,7.017855523372418e-07
0,1000,11,0.0
0,1100,0,4.737603012472391e-05
0,1100,1,2.0751531337737106e-05
0,1100,2,9.252470590581652e-06
0,1100,3,4.927071586280363e-06
0,1100,4,6.95864446242922e-06
0,1100,5,3.4850609154091217e-06
0,1100,6,3.9904725781525485e-06
0,1100,7,2.751760575847584e-06
0,1100,8,2.4165572085621534e-06
0,1100,9,2.0755085188284284e-06
0,1100,10,1.1212480330868857e-06
0,1100,11,0.0
0,1200,0,6.14993623457849e-05
0,1200,1,2.4623936042189598e-05
0,1200,2,1.9851968318107538e-05
0,1200,3,9.457007763558067e-06
0,1200,4,7.004821327427635e-06
0,1200,5,6.028774805599824e-06
0,1200,6,3.948498033423675e-06
0,1200,7,3.82249982067151e-06
0,1200,8,2.8519341412902577e-06
0,1200,9,2.1110952275193995e-06
0,1200,10,9.878071978164371e-07
0,1200,11,0.0
1,0,0,6.911950913490728e-05
1,0,1,5.3454677981790155e-05
1,0,2,2.5064686269615777e-05
1,0,3,1.0131589988304768e-05
1,0,4,6.245638815016719e-06
1,0,5,4.903779881715309e-06
1,0,6,3.252845317547326e-06
1,0,7,3.1802842386241537e-06
1,0,8,2.6971263196173823e-06
1,0,9,1.4220655657481984e-06
1,0,10,6.501456937257899e-07
1,0,11,0.0
1,100,0,5.174856778467074e-05
1,100,1,3.7615969631588086e-05
1,100,2,1.912686275318265e-05
1,100,3,6.126776497694664e-06
1,100,4,7.320158601942239e-06
1,100,5,3.879128144035349e-06
1,100,6,2.5557571916579036e-06
1,100,7,2.974835979330237e-06
1,100,8,1.1255120853093104e-06
1,100,9,1.1508635680002044e-06
1,100,10,8.07341848485521e-07
1,100,11,0.0
1,200,0,5.405206320574507e-05
1,200,1,2.8479664251790382e-05
1,200,2,1.2682415217568632e-05
1,200,3,7.722645023022778e-06
1,200,4,4.101795639144257e-06
1,200,5,2.512261971787666e-06
1,200,6,2.745647407209617e-06
1,200,7,2.755717787294998e-06
1,200,8,1.1400328503441415e-06
1,200,9,7.114520030881977e-07
1,200,10,8.425764690400683e-07
1,200,11,0.0
1,300,0,0.00011471138714114204
1,300,1,3.211611328879371e-05
1,300,2,1.0306539479643106e-05
1,300,3,1.091502963390667e-05
1,300,4,4.014156729681417e-06
1,300,5,3.3081114452215843e-06
1,300,6,3.006179213116411e-06
1,300,7,3.7662862268916797e-06
1,300,8,3.3237249681405956e-06
1,300,9,1.8253788311994867e-06
1,300,10,1.7510772067907965e-06
1,300,11,0.0
1,400,0,8.190383960027248e-05
1,400,1,3.855674367514439e-05
1,400,2,1.2027266166114714e-05
1,400,3,6.816768291173503e-06
1,400,4,7.688518053328153e-06
1,400,5,4.41586007582373e-06
1,400,6,3.0577159577660495e-06
1,400,7,1.7201816717715701e-06
1,400,8,1.8949800733025768e-06
1,400,9,1.5995882449715282e-06
1,400,10,7.081099511196953e-07
1,400,11,0.0
1,500,0,9.050390508491546e-05
1,500,1,8.868869190337136e-05
1,500,2,2.4664614102221094e-05
1,500,3,1.1067850209656172e-05
1,500,4,4.867803454544628e-06
1,500,5,2.9652474040631205e-06
1,500,6,2.3878315005276818e-06
1,500,7,1.1027960908904788e-06
1,500,8,1.957485210368759e-06
1,500,9,7.490877464988444e-07
1,500,10,7.709427336521912e-07
1,500,11,0.0
1,600,0,0.0001224574079969898
1,600,1,6.842560833320022e-05
1,600,2,1.5679141142754816e-05
1,600,3,9.35302614379907e-06
1,600,4,7.653829925402533e-06
1,600,5,1.9245824205427198e-06
1,600,6,3.3541682569193654e-06
1,600,7,2.7764172045863234e-06
1,600,8,1.492317551310407e-06
1,600,9,7.524166676375899e-07
1,600,10,8.761417689129303e-07
1,600,11,0.0
1,700,0,0.00011278912279522046
1,700,1,6.717190990457311e-05
1,700,2,1.6767047782195732e-05
1,700,3,8.54884729051264e-06
1,700,4,4.530136266112095e-06
1,700,5,3.287731715317932e-06
1,700,6,2.606896941870218e-06
1,700,7,1.118742488870339e-06
1,700,8,1.5052632988954429e-06
1,700,9,5.822872140015534e-07
1,700,10,3.763791767141811e-07
1,700,11,0.0
1,800,0,0.0001455473538953811
1,800,1,0.00011756170715671033
1,800,2,5.421389505499974e-05
1,800,3,1.2399177649058402e-05
1,800,4,5.4463216656586155e-06
1,800,5,2.753771696006879e-06
1,800,6,1.7010459032462677e-06
1,800,7,8.441168120043585e-07
1,800,8,1.3506454479284002e-06
1,800,9,4.134309961045801e-07
1,800,10,3.2813358075145516e-07
1,800,11,0.0
1,900,0,0.0002188234793720767
1,900,1,9.199186752084643e-05
1,900,2,4.341824751463719e-05
1,900,3,1.2051176781824324e-05
1,900,4,5.683106337528443e-06
1,900,5,2.930241635112907e-06
1,900,6,1.6430461755589931e-06
1,900,7,1.366463379781635e-06
1,900,8,1.7894210486701922e-06
1,900,9,1.3549012010116712e-06
1,900,10,5.187017677599215e-07
1,900,11,0.0
1,1000,0,0.00021271605510264635
1,1000,1,0.00011747800454031676
1,1000,2,2.950984526250977e-05
1,1000,3,8.731823982088827e-06
1,1000,4,4.629611339623807e-06
1,1000,5,4.315795194997918e-06
1,1000,6,1.9492797491693636e-06
1,1000,7,1.339870777883334e-06
1,1000,8,1.4931807754692272e-06
1,1000,9,1.0911825256698648e-06
1,1000,10,7.462384701284464e-07
1,1000,11,0.0
1,1100,0,0.00015653199807275087
1,1100,1,7.41415933589451e-05
1,1100,2,3.264509359723888e-05
1,1100,3,9.92368677543709e-06
1,1100,4,3.983342594438e-06
1,1100,5,2.6069637897307985e-06
1,1100,6,1.2511610520959948e-06
1,1100,7,1.1112321089967736e-06
1,1100,8,1.1098551340182894e-06
1,1100,9,4.851986545872933e-07
1,1100,10,4.2550146872599726e-07
1,1100,11,0.0
1,1200,0,0.00028081086929887533
1,1200,1,0.00015124156197998673
1,1200,2,6.366686284309253e-05
1,1200,3,1.647958197281696e-05
1,1200,4,4.891462594969198e-06
1,1200,5,5.07421100337524e-06
1,1200,6,2.3412014797941083e-06
1,1200,7,1.7473188336225576e-06
1,1200,8,1.426541984983487e-06
1,1200,9,5.472675752571377e-07
1,1200,10,4.969406290911138e-07
1,1200,11,0.0
2,0,0,0.00025066203670576215
2,0,1,0.0001261688448721543
2,0,2,4.5899498218204826e-05
2,0,3,2.0586572645697743e-05
2,0,4,6.587134976143716e-06
2,0,5,6.038758328941185e-06
2,0,6,2.3378779587801546e-06
2,0,7,2.1851428755326197e-06
2,0,8,1.1721502914951998e-06
2,0,9,5.030623810853285e-07
2,0,10,5.135717628945713e-07
2,0,11,0.0
2,100,0,0.0002756222675088793
2,100,1,0.00019060731574427336
2,100,2,5.3111303714104e-05
2,100,3,1.759629594744183e-05
2,100,4,7.4109707384195644e-06
2,100,5,4.714700025942875e-06
2,100,6,2.8651425054704305e-06
2,100,7,2.1817247670696815e-06
2,100,8,1.292180058953818e-06
2,100,9,1.0506264516152442e-06
2,100,10,3.7553064657913637e-07
2,100,11,0.0
2,200,0,0.0002619311853777617
2,200,1,0.00016910077829379588
2,200,2,6.391495844582096e-05
2,200,3,1.8169343093177304e-05
2,200,4,6.642502739850897e-06
2,200,5,3.982572707172949e-06
2,200,6,3.657506340459804e-06
2,200,7,2.6500565581955016e-06
2,200,8,1.50573896462447e-06
2,200,9,9.998555015044985e-07
2,200,10,5.156655902283092e-07
2,200,11,0.0
2,300,0,0.00021402089623734355
2,300,1,0.00015107619401533157
2,300,2,4.212487328913994e-05
2,300,3,1.3488022887031548e-05
2,300,4,4.5180254346632864e-06
2,300,5,3.0146820790832862e-06
2,300,6,1.4091793900661287e-06
2,300,7,8.854273119140998e-07
2,300,8,1.068509504875692e-06
2,300,9,9.117322292695462e-07
2,300,10,2.0994436056298582e-07
2,300,11,0.0
2,400,0,0.00031004197080619633
2,400,1,0.00018489387002773583
2,400,2,5.304623846313916e-05
2,400,3,2.984379170811735e-05
2,400,4,8.308348697028123e-06
2,400,5,5.068931386631448e-06
2,400,6,1.911890649353154e-06
2,400,7,1.3979928326079971e-06
2,400,8,1.274364763048652e-06
2,400,9,7.879446002334589e-07
2,400,10,4.392773860217858e-07
2,400,11,0.0
2,500,0,0.0002895192592404783
2,500,1,0.00017524613940622658
2,500,2,6.858740380266681e-05
2,500,3,3.0313723982544616e-05
2,500,4,9.035765287990216e-06
2,500,5,4.712750069302274e-06
2,500,6,1.743618327054719e-06
2,500,7,1.2631575145860552e-06
2,500,8,1.1523917464728584e-06
2,500,9,6.174132636260765e-07
2,500,10,1.1001764050888596e-06
2,500,11,0.0
2,600,0,0.0003467688802629709
2,600,1,0.00023200968280434608
2,600,2,8.660185267217457e-05
2,600,3,4.163218181929551e-05
2,600,4,1.1769714546971954e-05
2,600,5,5.338162736734375e-06
2,600,6,2.50839866566821e-06
2,600,7,1.39508563279378e-06
2,600,8,1.1422665693316958e-06
2,600,9,8.003357265806699e-07
2,600,10,4.7100385813791945e-07
2,600,11,0.0
2,700,0,0.00037454275297932327
2,700,1,0.00023549071920569986
2,700,2,8.338154293596745e-05
2,700,3,3.106480653514154e-05
2,700,4,1.550104389025364e-05
2,700,5,5.393676474341191e-06
2,700,6,3.4079830584232695e-06
2,700,7,1.3920691799285123e-06
2,700,8,1.6103588222904364e-06
2,700,9,1.00000113434362e-06
2,700,10,4.994804498892336e-07
2,700,11,0.0
2,800,0,0.00032137177186086774
2,800,1,0.00023075516219250858
2,800,2,7.941397052491084e-05
2,800,3,3.34792239300441e-05
2,800,4,1.1163941053382587e-05
2,800,5,5.0577018555486575e-06
2,800,6,2.567535602793214e-06
2,800,7,1.8771432905850816e-06
2,800,8,1.126227743952768e-06
2,800,9,7.557096637356153e-07
2,800,10,3.960671222102974e-07
2,800,11,0.0
2,900,0,0.0004046106478199363
2,900,1,0.00022891729895491153
2,900,2,0.00010708136687753722
2,900,3,5.2212984883226454e-05
2,900,4,1.5745166820124723e-05
2,900,5,7.239020760607673e-06
2,900,6,2.8891652164020343e-06
2,900,7,2.4520468286937103e-06
2,900,8,1.732732926029712e-06
2,900,9,6.844960580565385e-07
2,900,10,3.9638584325984993e-07
2,900,11,0.0
2,1000,0,0.00039426592411473393
2,1000,1,0.0003477809950709343
2,1000,2,0.00011155491665704176
2,1000,3,4.60741575807333e-05
2,1000,4,1.6353824321413413e-05
2,1000,5,7.035803719190881e-06
2,1000,6,3.092157840001164e-06
2,1000,7,2.1965593077766243e-06
2,1000,8,1.136296759796096e-06
2,1000,9,6.890446684337803e-07
2,1000,10,3.925189844267152e-07
2,1000,11,0.0
2,1100,0,0.0005344185046851635
2,1100,1,0.00035515110357664526
2,1100,2,0.0001366439973935485
2,1100,3,6.821820716140792e-05
2,1100,4,2.5072842618101276e-05
2,1100,5,7.97967459220672e-06
2,1100,6,3.811830083577661e-06
2,1100,7,2.5082244974328205e-06
2,1100,8,1.8090054254571442e-06
2,1100,9,1.087213036043977e-06
2,1100,10,6.386426321114413e-07
2,1100,11,0.0
2,1200,0,0.0004376251599751413
2,1200,1,0.0003215150209143758
2,1200,2,0.00011743746290449053
2,1200,3,6.451752415159717e-05
2,1200,4,2.4552506147301756e-05
2,1200,5,9.622521247365512e-06
2,1200,6,3.7459096802194836e-06
2,1200,7,2.087196207867237e-06
2,1200,8,1.5525198477917002e-06
2,1200,9,5.857611427018128e-07
2,1200,10,3.60363515028439e-07
2,1200,11,0.0
3,0,0,0.00046125290100462735
3,0,1,0.0003318376839160919
3,0,2,0.00012617094034794718
3,0,3,7.092148734955117e-05
3,0,4,2.538339867896866e-05
3,0,5,1.2263979442650452e-05
3,0,6,4.59882812720025e-06
3,0,7,3.48244134329434e-06
3,0,8,1.864177420429769e-06
3,0,9,8.596862244303338e-07
3,0,10,5.663851538884046e-07
3,0,11,0.0
3,100,0,0.000493968662340194
3,100,1,0.0003455048718024045
3,100,2,0.00015746770077385008
3,100,3,8.947474998421967e-05
3,100,4,3.591275526559912e-05
3,100,5,1.2958602383150719e-05
3,100,6,5.429108568932861e-06
3,100,7,3.467348051344743e-06
3,100,8,2.735909220064059e-06
3,100,9,9.64675678005733e-07
3,100,10,4.921388381262659e-07
3,100,11,0.0
3,200,0,0.00034515655715949833
3,200,1,0.0002610506198834628
3,200,2,0.00012047085328958929
3,200,3,6.481399032054469e-05
3,200,4,2.8626433049794286e-05
3,200,5,1.4673953046440147e-05
3,200,6,4.663356776291039e-06
3,200,7,2.6519257971813204e-06
3,200,8,1.9331880594108952e-06
3,200,9,1.2859254638897255e-06
3,200,10,4.469615362268087e-07
3,200,11,0.0
3,300,0,0.0006665809778496623
3,300,1,0.00046557848691008985
3,300,2,0.0001931063598021865
3,300,3,0.0001063449089997448
3,300,4,5.2668372518382967e-05
3,300,5,2.62686353380559e-05
3,300,6,1.0025929441326298e-05
3,300,7,5.794368917122483e-06
3,300,8,3.409425289646606e-06
3,300,9,1.966399395314511e-06
3,300,10,5.909664650971536e-07
3,300,11,0.0
3,400,0,0.0005460450192913413
3,400,1,0.0004400188336148858
3,400,2,0.0001713440869934857
3,400,3,9.796482481760904e-05
3,400,4,5.112832513987087e-05
3,400,5,2.0097626475035213e-05
3,400,6,1.0365064554207493e-05
3,400,7,6.150174613139825e-06
3,400,8,3.7640279515471775e-06
3,400,9,1.4456769577009254e-06
3,400,10,4.911719884148624e-07
3,400,11,0.0
3,500,0,0.0006399346748366952
3,500,1,0.0005142376176081598
3,500,2,0.0001856543094618246
3,500,3,0.00012066475028404966
3,500,4,6.450439832406119e-05
3,500,5,2.8707829187624156e-05
3,500,6,1.1513851859490387e-05
3,500,7,6.307182502496289e-06
3,500,8,3.5144137200404657e-06
3,500,9,1.2632918924282421e-06
3,500,10,7.160850827858667e-07
3,500,11,0.0
3,600,0,0.0005589646170847118
3,600,1,0.00042361245141364634
3,600,2,0.00019308613264001906
3,600,3,0.00010940586071228608
3,600,4,6.39063073322177e-05
3,600,5,3.270334127591923e-05
3,600,6,1.449480350856902e-05
3,600,7,7.642183845746331e-06
3,600,8,4.903696208202746e-06
3,600,9,1.9242277176090283e-06
3,600,10,5.91564173646475e-07
3,600,11,0.0
3,700,0,0.00032085529528558254
3,700,1,0.0002363158273510635
3,700,2,0.00010859979374799877
3,700,3,6.053439574316144e-05
3,700,4,3.549272514646873e-05
3,700,5,1.6496966054546647e-05
3,700,6,8.350430107384454e-06
3,700,7,4.4458492993726395e-06
3,700,8,2.6377852009318303e-06
3,700,9,1.0882364449571469e-06
3,700,10,3.486869104563084e-07
3,700,11,0.0
3,800,0,0.0005728928954340518
3,800,1,0.00045919729745946825
3,800,2,0.0001976199127966538
3,800,3,0.0001185236542369239
3,800,4,7.710853969911113e-05
3,800,5,4.077273479197174e-05
3,800,6,2.1304560505086556e-05
3,800,7,1.0038256732514128e-05
3,800,8,6.233700787561247e-06
3,800,9,1.8808271988746128e-06
3,800,10,8.978058758657426e-07
3,800,11,0.0
3,900,0,0.0006484081968665123
3,900,1,0.0004896469181403518
3,900,2,0.00021590720280073583
3,900,3,0.00012810433690901846
3,900,4,8.014010381884873e-05
3,900,5,4.0230628655990586e-05
3,900,6,2.143703204637859e-05
3,900,7,1.3112036867823917e-05
3,900,8,7.389326128759421e-06
3,900,9,2.031723624895676e-06
3,900,10,9.724890333018266e-07
3,900,11,0.0
3,1000,0,0.0006063555483706295
3,1000,1,0.000486428034491837
3,1000,2,0.00022717633692082018
3,1000,3,0.00013441289775073528
3,1000,4,9.615274757379666e-05
3,1000,5,4.687323234975338e-05
3,1000,6,2.3361089915852062e-05
3,1000,7,1.269030417461181e-05
3,1000,8,7.196475507953437e-06
3,1000,9,2.834756742231548e-06
3,1000,10,9.313706641478348e-07
3,1000,11,0.0
3,1100,0,0.0007787859649397433
3,1100,1,0.0006210323190316558
3,1100,2,0.000262889196164906
3,1100,3,0.00015990130486898124
3,1100,4,0.00010264382581226528
3,1100,5,5.4791416914667934e-05
3,1100,6,2.9291384635143913e-05
3,1100,7,1.7386188119417056e-05
3,1100,8,9.431299076823052e-06
3,1100,9,3.5903808566217776e-06
3,1100,10,9.899811175273499e-07
3,1100,11,0.0
3,1200,0,0.0005343694938346744
3,1200,1,0.00041782567859627306
3,1200,2,0.0001912829466164112
3,1200,3,0.00012540980242192745
3,1200,4,8.327260729856789e-05
3,1200,5,4.379608071758412e-05
3,1200,6,2.5460889446549118e-05
3,1200,7,1.3214488717494532e-05
3,1200,8,7.507873306167312e-06
3,1200,9,2.883165734601789e-06
3,1200,10,9.82301457952417e-07
3,1200,11,0.0
4,0,0,0.0006980448961257935
4,0,1,0.0005217312718741596
4,0,2,0.00023454916663467884
4,0,3,0.00014912914775777608
4,0,4,0.000107795131043531
4,0,5,6.28334455541335e-05
4,0,6,2.9564609576482326e-05
4,0,7,1.8999049643753096e-05
4,0,8,1.0448016837472096e-05
4,0,9,5.0562916840135586e-06
4,0,10,1.1052271702283178e-06
4,0,11,0.0
4,100,0,0.000749431608710438
4,100,1,0.0005523661384359002
4,100,2,0.0002414257323835045
4,100,3,0.00014765362720936537
4,100,4,0.00011076646478613839
4,100,5,6.475295958807692e-05
4,100,6,3.4072294511133805e-05
4,100,7,2.1039004423073493e-05
4,100,8,1.0603306691336911e-05
4,100,9,4.644959517463576e-06
4,100,10,1.1855004231620114e-06
4,100,11,0.0
4,200,0,0.0008084395085461438
4,200,1,0.0006436106632463634
4,200,2,0.0002989761414937675
4,200,3,0.00017753045540302992
4,200,4,0.00013373243564274162
4,200,5,7.461478526238352e-05
4,200,6,4.165547215961851e-05
4,200,7,2.4593098714831285e-05
4,200,8,1.5013843949418515e-05
4,200,9,6.8800936787738465e-06
4,200,10,2.0854170088568935e-06
4,200,11,0.0
4,300,0,0.00046059477608650923
4,300,1,0.0004113540635444224
4,300,2,0.0001724334724713117
4,300,3,0.00010173994087381288
4,300,4,7.659547554794699e-05
4,300,5,4.2201474570902064e-05
4,300,6,2.275679617014248e-05
4,300,7,1.2435238204488996e-05
4,300,8,6.954180662432918e-06
4,300,9,3.671274953376269e-06
4,300,10,9.06901561847917e-07
4,300,11,0.0
4,400,0,0.00039776950143277645
4,400,1,0.0003406569885555655
4,400,2,0.0001485096145188436
4,400,3,8.880453970050439e-05
4,400,4,8.655359852127731e-05
4,400,5,4.048673508805223e-05
4,400,6,2.5900719265337102e-05
4,400,7,1.614038774278015e-05
4,400,8,9.445971045352053e-06
4,400,9,4.2580318222462665e-06
4,400,10,1.4201409612724092e-06
4,400,11,0.0
4,500,0,0.000881695537827909
4,500,1,0.0007562474929727614
4,500,2,0.0003146952949464321
4,500,3,0.00020188288181088865
4,500,4,0.00017171748913824558
4,500,5,9.04632470337674e-05
4,500,6,5.540902930079028e-05
4,500,7,3.2404092053184286e-05
4,500,8,1.6502188373124227e-05
4,500,9,7.534227279393235e-06
4,500,10,2.2467202143161558e-06
4,500,11,0.0
4,600,0,0.0008371584699489176
4,600,1,0.0007638770621269941
4,600,2,0.0003144152869936079
4,600,3,0.00021310560987330973
4,600,4,0.00014991292846389115
4,600,5,9.934345143847167e-05
4,600,6,5.299261101754382e-05
4,600,7,3.356835077283904e-05
4,600,8,2.12129634746816e-05
4,600,9,9.089175364351831e-06
4,600,10,2.453389697620878e-06
4,600,11,0.0
4,700,0,0.0007458259933628142
4,700,1,0.0006203936645761132
4,700,2,0.0003029517538379878
4,700,3,0.00019250866898801178
4,700,4,0.00014553204528056085
4,700,5,8.215324487537146e-05
4,700,6,4.9980575568042696e-05
4,700,7,3.282391480752267e-05
4,700,8,1.6973452147794887e-05
4,700,9,9.525665518594906e-06
4,700,10,2.0846182451350614e-06
4,700,11,0.0
4,800,0,0.0007860908517614007
4,800,1,0.0007248518522828817
4,800,2,0.0003309817402623594
4,800,3,0.0002125080063706264
4,800,4,0.00017364174709655344
4,800,5,0.00010979791841236874
4,800,6,5.679718015016988e-05
4,800,7,4.0253169572679326e-05
4,800,8,2.0350022168713622e-05
4,800,9,1.2691383744822815e-05
4,800,10,2.9846071356587345e-06
4,800,11,0.0
4,900,0,0.0006727961008436978
4,900,1,0.0006747149745933712
4,900,2,0.000313456665026024
4,900,3,0.00018377089872956276
4,900,4,0.00015839521074667573
4,900,5,8.606169285485521e-05
4,900,6,5.38953609066084e-05
4,900,7,4.0175204048864543e-05
4,900,8,2.0581623175530694e-05
4,900,9,1.0221460797765758e-05
4,900,10,2.9328357413760386e-06
4,900,11,0.0
4,1000,0,0.000692720350343734
4,1000,1,0.0006988720269873738
4,1000,2,0.00031379752908833325
4,1000,3,0.0002057361270999536
4,1000,4,0.00015851724310778081
4,1000,5,9.870271605905145e-05
4,1000,6,5.5272288591368124e-05
4,1000,7,3.8727361243218184e-05
4,1000,8,2.0357780158519745e-05
4,1000,9,1.2626609532162547e-05
4,1000,10,3.20167669087823e-06
4,1000,11,0.0
4,1100,0,0.0006062358734197915
4,1100,1,0.0005056470399722457
4,1100,2,0.0002546938485465944
4,1100,3,0.00015952896501403302
4,1100,4,0.00012538282317109406
4,1100,5,8.104035805445164e-05
4,1100,6,4.5694290747633204e-05
4,1100,7,3.0064073143876158e-05
4,1100,8,1.5205734598566778e-05
4,1100,9,8.8876568042906e-06
4,1100,10,2.6542816158325877e-06
4,1100,11,0.0
4,1200,0,0.0009183706715703011
4,1200,1,0.0009279354708269238
4,1200,2,0.00040603335946798325
4,1200,3,0.00024701369693502784
4,1200,4,0.00020873536414001137
4,1200,5,0.00012557925947476178
4,1200,6,8.632621029391885e-05
4,1200,7,5.936210072832182e-05
4,1200,8,3.2896161428652704e-05
4,1200,9,1.926803270180244e-05
4,1200,10,4.85464624944143e-06
4,1200,11,0.0
5,0,0,0.0009822953725233674
5,0,1,0.000904867600183934
5,0,2,0.00041496410267427564
5,0,3,0.00027750711888074875
5,0,4,0.00025113215087912977
5,0,5,0.00014842786185909063
5,0,6,0.00010026601376011968
5,0,7,6.951345858396962e-05
5,0,8,4.352986070443876e-05
5,0,9,2.4580616809544154e-05
5,0,10,7.127785011107335e-06
5,0,11,0.0
5,100,0,0.00044859337504021823
5,100,1,0.0004876484163105488
5,100,2,0.00022834759147372097
5,100,3,0.00015908190107438713
5,100,4,0.00011106894817203283
5,100,5,7.070347055559978e-05
5,100,6,4.355659257271327e-05
5,100,7,3.1404910259880126e-05
5,100,8,1.7976912204176188e-05
5,100,9,9.984543794416822e-06
5,100,10,3.0195196814020164e-06
5,100,11,0.0
5,200,0,0.0008204382611438632
5,200,1,0.0008967763860709965
5,200,2,0.0004301804001443088
5,200,3,0.0002568820782471448
5,200,4,0.0002321922074770555
5,200,5,0.00015170819824561477
5,200,6,9.347608283860609e-05
5,200,7,7.00569580658339e-05
5,200,8,4.2699331970652565e-05
5,200,9,2.7643061912385747e-05
5,200,10,7.608898613398196e-06
5,200,11,0.0
5,300,0,0.0006582462810911238
5,300,1,0.0006820246926508844
5,300,2,0.00030032522045075893
5,300,3,0.00018267447012476623
5,300,4,0.00016506851534359157
5,300,5,9.48295637499541e-05
5,300,6,6.32876472081989e-05
5,300,7,4.66589153802488e-05
5,300,8,2.7481817596708424e-05
5,300,9,1.731443808239419e-05
5,300,10,5.4466781875817105e-06
5,300,11,0.0
5,400,0,0.0009454301907680929
5,400,1,0.000951120222453028
5,400,2,0.0005070817423984408
5,400,3,0.00028755696257576346
5,400,4,0.00025755015667527914
5,400,5,0.00014125998131930828
5,400,6,9.343552665086463e-05
5,400,7,7.574263872811571e-05
5,400,8,4.560430534183979e-05
5,400,9,3.197068872395903e-05
5,400,10,8.996162250696216e-06
5,400,11,0.0
5,500,0,0.0012235279427841306
5,500,1,0.001163475913926959
5,500,2,0.0005298330215737224
5,500,3,0.0003277468786109239
5,500,4,0.00030163777410052717
5,500,5,0.00016120512736961246
5,500,6,0.00011415086191846058
5,500,7,8.496683585690334e-05
5,500,8,5.1923248975072056e-05
5,500,9,3.70595371350646e-05
5,500,10,9.568079804012086e-06
5,500,11,0.0
5,600,0,0.001264687511138618
5,600,1,0.0012188132386654615
5,600,2,0.0005374620668590069
5,600,3,0.0003397476684767753
5,600,4,0.0003318451053928584
5,600,5,0.00018493959214538336
5,600,6,0.00011472787446109578
5,600,7,9.174938895739615e-05
5,600,8,5.04562740388792e-05
5,600,9,3.244560502935201e-05
5,600,10,1.025925939757144e-05
5,600,11,0.0
5,700,0,0.0015326888533309102
5,700,1,0.0014362757792696357
5,700,2,0.0006712106405757368
5,700,3,0.00040519211324863136
5,700,4,0.00037797781988047063
5,700,5,0.00022203943808563054
5,700,6,0.00013693557411897928
5,700,7,0.00011246705980738625
5,700,8,6.607349496334791e-05
5,700,9,4.340170926298015e-05
5,700,10,1.237018295796588e-05
5,700,11,0.0
5,800,0,0.0008665103232488036
5,800,1,0.0009529861272312701
5,800,2,0.00045833035255782306
5,800,3,0.00028412649407982826
5,800,4,0.0002489109756425023
5,800,5,0.0001463066291762516
5,800,6,0.00010674148506950587
5,800,7,7.99910121713765e-05
5,800,8,4.601132241077721e-05
5,800,9,4.284549140720628e-05
5,800,10,1.2616852473001927e-05
5,800,11,0.0
5,900,0,0.0010881285415962338
5,900,1,0.0011090028565376997
5,900,2,0.0005363188683986664
5,900,3,0.0003670030564535409
5,900,4,0.000324524036841467
5,900,5,0.0001781099126674235
5,900,6,0.00012599682668223977
5,900,7,9.961120667867362e-05
5,900,8,5.632376633002423e-05
5,900,9,4.4533440814120695e-05
5,900,10,1.3516609215002973e-05
5,900,11,0.0
5,1000,0,0.0011741805355995893
5,1000,1,0.0012844614684581757
5,1000,2,0.0005917244125157595
5,1000,3,0.00036776429624296725
5,1000,4,0.00034622958628460765
5,1000,5,0.00023168868210632354
5,1000,6,0.00013216290972195566
5,1000,7,0.00010785469930851832
5,1000,8,6.390918861143291e-05
5,1000,9,4.86602439195849e-05
5,1000,10,1.515927397122141e-05
5,1000,11,0.0
5,1100,0,0.0011784189846366644
5,1100,1,0.0013481919886544347
5,1100,2,0.0007458085892722011
5,1100,3,0.00042317723273299634
5,1100,4,0.00039825274143368006
5,1100,5,0.00022153527243062854
5,1100,6,0.0001460011553717777
5,1100,7,0.00013100677460897714
5,1100,8,7.533228927059099e-05
5,1100,9,5.161437366041355e-05
5,1100,10,1.6847803635755554e-05
5,1100,11,0.0
5,1200,0,0.0011103679426014423
5,1200,1,0.0011966789606958628
5,1200,2,0.0005806054105050862
5,1200,3,0.00034782380680553615
5,1200,4,0.00034132946166209877
5,1200,5,0.0001782089821062982
5,1200,6,0.00012926357157994062
5,1200,7,0.00011321937199681997
5,1200,8,6.97000214131549e-05
5,1200,9,4.9614413001108915e-05
5,1200,10,1.4854504115646705e-05
5,1200,11,0.0
6,0,0,0.0009388528415001929
6,0,1,0.0009969096863642335
6,0,2,0.0005518198595382273
6,0,3,0.00033629583776928484
6,0,4,0.00030964985489845276
6,0,5,0.00015796825755387545
6,0,6,0.00011502900451887399
6,0,7,9.533367119729519e-05
6,0,8,5.624011828331277e-05
6,0,9,4.255511885276064e-05
6,0,10,1.436738148186123e-05
6,0,11,0.0
6,100,0,0.0012488054344430566
6,100,1,0.0012198714539408684
6,100,2,0.0006656491896137595
6,100,3,0.00040847330819815397
6,100,4,0.0004388763918541372
6,100,5,0.0002115204988513142
6,100,6,0.0001650215854169801
6,100,7,0.0001246707688551396
6,100,8,7.758397987345234e-05
6,100,9,5.808523201267235e-05
6,100,10,1.9613527911133133e-05
6,100,11,0.0
6,200,0,0.0011906058061867952
6,200,1,0.0014231953537091613
6,200,2,0.0007196724181994796
6,200,3,0.0004610947798937559
6,200,4,0.0004481964570004493
6,200,5,0.00022840351448394358
6,200,6,0.00016196696378756315
6,200,7,0.00014092463243287057
6,200,8,8.291368430946022e-05
6,200,9,6.290934106800705e-05
6,200,10,2.030935684160795e-05
6,200,11,0.0
6,300,0,0.0012307071592658758
6,300,1,0.0015236737672239542
6,300,2,0.0008086893940344453
6,300,3,0.0004705095198005438
6,300,4,0.0004963086685165763
6,300,5,0.00022436358267441392
6,300,6,0.00017407831910531968
6,300,7,0.00014534450019709766
6,300,8,8.5565829067491e-05
6,300,9,6.676136399619281e-05
6,300,10,2.1177271264605224e-05
6,300,11,0.0
6,400,0,0.001232882379554212
6,400,1,0.001412671059370041
6,400,2,0.0007592547917738557
6,400,3,0.00044466886902228
6,400,4,0.0004535946063697338
6,400,5,0.00021784954878967255
6,400,6,0.0001593863416928798
6,400,7,0.00013601573300547898
6,400,8,8.218942093662918e-05
6,400,9,6.756555376341566e-05
6,400,10,2.107954969687853e-05
6,400,11,0.0
6,500,0,0.0012972415424883366
6,500,1,0.0015296817291527987
6,500,2,0.0008934708894230425
6,500,3,0.0005131740472279489
6,500,4,0.0005695626605302095
6,500,5,0.00023647640773560852
6,500,6,0.00017437132191844285
6,500,7,0.00014604923489969224
6,500,8,0.0001009760017041117
6,500,9,7.095868204487488e-05
6,500,10,2.3757456801831722e-05
6,500,11,0.0
6,600,0,0.0012323603732511401
6,600,1,0.0012579470640048385
6,600,2,0.0007173068006522954
6,600,3,0.00044811880798079073
6,600,4,0.00046615718747489154
6,600,5,0.0001961408561328426
6,600,6,0.0001481270883232355
6,600,7,0.00013179323286749423
6,600,8,7.603822450619191e-05
6,600,9,5.8951813116436824e-05
6,600,10,2.000346103159245e-05
6,600,11,0.0
6,700,0,0.001547730527818203
6,700,1,0.0015391260385513306
6,700,2,0.001019178656861186
6,700,3,0.0005851880996488035
6,700,4,0.0006732727633789182
6,700,5,0.0002923052234109491
6,700,6,0.00023841141955927014
6,700,7,0.00019711880304384977
6,700,8,0.0001182884952868335
6,700,9,8.952931966632605e-05
6,700,10,3.073483821935952e-05
6,700,11,0.0
6,800,0,0.001019304501824081
6,800,1,0.0013382021570578218
6,800,2,0.000751343322917819
6,800,3,0.0004949432914145291
6,800,4,0.0006129852263256907
6,800,5,0.00023566876188851893
6,800,6,0.00017947112792171538
6,800,7,0.0001571026659803465
6,800,8,7.576927600894123e-05
6,800,9,6.693397153867409e-05
6,800,10,2.291658347530756e-05
6,800,11,0.0
6,900,0,0.0014298211317509413
6,900,1,0.0017811699071899056
6,900,2,0.0010294360108673573
6,900,3,0.0006507194484584033
6,900,4,0.0007922440418042243
6,900,5,0.00029340863693505526
6,900,6,0.00023106136359274387
6,900,7,0.00019035102741327137
6,900,8,0.00010756029223557562
6,900,9,7.353212276939303e-05
6,900,10,3.0312196031445637e-05
6,900,11,0.0
6,1000,0,0.001250105444341898
6,1000,1,0.0014678251463919878
6,1000,2,0.0008986773318611085
6,1000,3,0.0005333914887160063
6,1000,4,0.000776138564106077
6,1000,5,0.0002389811706962064
6,1000,6,0.000198705296497792
6,1000,7,0.0001538287178846076
6,1000,8,8.763960067881271e-05
6,1000,9,6.970907998038456e-05
6,1000,10,2.4998433218570426e-05
6,1000,11,0.0
6,1100,0,0.0012863678857684135
6,1100,1,0.001471680006943643
6,1100,2,0.0008728951215744019
6,1100,3,0.0005496318335644901
6,1100,4,0.0007069010171107948
6,1100,5,0.0002586121263448149
6,1100,6,0.00023672226234339178
6,1100,7,0.00016980755026452243
6,1100,8,0.00010363627370679751
6,1100,9,7.67774399719201e-05
6,1100,10,2.5544808522681706e-05
6,1100,11,0.0
6,1200,0,0.0014213738031685352
6,1200,1,0.0015816747909411788
6,1200,2,0.0010718965204432607
6,1200,3,0.00064292416209355
6,1200,4,0.0009009673958644271
6,1200,5,0.00030211868579499424
6,1200,6,0.0002444795973133296
6,1200,7,0.00019439341849647462
6,1200,8,0.00011402487143641338
6,1200,9,8.997889381134883e-05
6,1200,10,3.31551673298236e-05
6,1200,11,0.0
7,0,0,0.001036113710142672
7,0,1,0.001335319597274065
7,0,2,0.0008764665690250695
7,0,3,0.0005183673929423094
7,0,4,0.0007708718767389655
7,0,5,0.0002312215365236625
7,0,6,0.00020372735161799937
7,0,7,0.0001397646265104413
7,0,8,9.323576523456722e-05
7,0,9,7.963513053255156e-05
7,0,10,2.4682605726411566e-05
7,0,11,0.0
7,100,0,0.0010853898711502552
7,100,1,0.0013191689504310489
7,100,2,0.000896626035682857
7,100,3,0.0005723544163629413
7,100,4,0.0008228584192693233
7,100,5,0.00024996171123348176
7,100,6,0.00023098065867088735
7,100,7,0.0001583042903803289
7,100,8,9.194807353196666e-05
7,100,9,7.667594036320224e-05
7,100,10,2.4632248823763803e-05
7,100,11,0.0
7,200,0,0.0012210014974698424
7,200,1,0.0016004095086827874
7,200,2,0.001142441644333303
7,200,3,0.0007225949666462839
7,200,4,0.0009871528018265963
7,200,5,0.00030385234276764095
7,200,6,0.0002635583805385977
7,200,7,0.0001918713969644159
7,200,8,0.00012149739632150158
7,200,9,9.267385030398145e-05
7,200,10,3.3201566111529246e-05
7,200,11,0.0
7,300,0,0.0014430907322093844
7,300,1,0.0019326526671648026
7,300,2,0.0012322349939495325
7,300,3,0.0008216476417146623
7,300,4,0.0010405140928924084
7,300,5,0.00030980707379058003
7,300,6,0.0003204125678166747
7,300,7,0.0001921028597280383
7,300,8,0.00010711166396504268
7,300,9,8.313197758980095e-05
7,300,10,3.2995005312841386e-05
7,300,11,0.0
7,400,0,0.001863751676864922
7,400,1,0.002162714721634984
7,400,2,0.0013756297994405031
7,400,3,0.0008797499467618763
7,400,4,0.001326926052570343
7,400,5,0.0004128557920921594
7,400,6,0.00035034315078519285
7,400,7,0.0002505156444385648
7,400,8,0.00014432735042646527
7,400,9,0.00012093524128431454
7,400,10,4.242626891937107e-05
7,400,11,0.0
7,500,0,0.001429406926035881
7,500,1,0.0016317116096615791
7,500,2,0.001123939291574061
7,500,3,0.0007389106322079897
7,500,4,0.0011623930186033249
7,500,5,0.00030655396403744817
7,500,6,0.0003057019494008273
7,500,7,0.00019172870088368654
7,500,8,0.00011787976836785674
7,500,9,9.599901386536658e-05
7,500,10,3.357975583639927e-05
7,500,11,0.0
7,600,0,0.0007506174733862281
7,600,1,0.0012447948101907969
7,600,2,0.000895278004463762
7,600,3,0.0005591816152445972
7,600,4,0.000996607937850058
7,600,5,0.0002586252230685204
7,600,6,0.00024223972286563367
7,600,7,0.00018337616347707808
7,600,8,8.817774505587295e-05
7,600,9,7.351407111855224e-05
7,600,10,3.127214586129412e-05
7,600,11,0.0
7,700,0,0.0015496357809752226
7,700,1,0.0020315893925726414
7,700,2,0.0013469961704686284
7,700,3,0.0008842038223519921
7,700,4,0.0014799571363255382
7,700,5,0.0003942132170777768
7,700,6,0.00037095649167895317
7,700,7,0.00024301516532432288
7,700,8,0.00015654055459890515
7,700,9,0.0001011299536912702
7,700,10,3.821161953965202e-05
7,700,11,0.0
7,800,0,0.001596106099896133
7,800,1,0.0017328545218333602
7,800,2,0.0011558225378394127
7,800,3,0.0008583440794609487
7,800,4,0.0012183039216324687
7,800,5,0.0003573637513909489
7,800,6,0.00035596557427197695
7,800,7,0.00022728033945895731
7,800,8,0.00013447173114400357
7,800,9,0.00010460410703672096
7,800,10,4.47719321527984e-05
7,800,11,0.0
7,900,0,0.0013764268951490521
7,900,1,0.001665696268901229
7,900,2,0.0011850387090817094
7,900,3,0.0007642347482033074
7,900,4,0.0011980995768681169
7,900,5,0.0003213842283003032
7,900,6,0.0003257408970966935
7,900,7,0.0002020130050368607
7,900,8,0.00013585860142484307
7,900,9,9.230701834894717e-05
7,900,10,3.6354711482999846e-05
7,900,11,0.0
7,1000,0,0.0014838444767519832
7,1000,1,0.0018888399936258793
7,1000,2,0.0013754327083006501
7,1000,3,0.0009321937104687095
7,1000,4,0.0014728688402101398
7,1000,5,0.00037692394107580185
7,1000,6,0.00040797435212880373
7,1000,7,0.00023328655515797436
7,1000,8,0.00015274438192136586
7,1000,9,0.0001220978156197816
7,1000,10,4.352533505880274e-05
7,1000,11,0.0
7,1100,0,0.0013531007571145892
7,1100,1,0.0019814788829535246
7,1100,2,0.0014162136940285563
7,1100,3,0.0008310586563311517
7,1100,4,0.001528256805613637
7,1100,5,0.0003643161617219448
7,1100,6,0.0003976657462771982
7,1100,7,0.00022535727475769818
7,1100,8,0.00013297829718794674
7,1100,9,0.00010278324043611065
7,1100,10,3.792492861975916e-05
7,1100,11,0.0
7,1200,0,0.0011803817469626665
7,1200,1,0.0015591299161314964
7,1200,2,0.001239438890479505
7,1200,3,0.0007182219414971769
7,1200,4,0.0011586489854380488
7,1200,5,0.0003576223098207265
7,1200,6,0.00035869365092366934
7,1200,7,0.00020982364367228001
7,1200,8,0.00012837685062550008
7,1200,9,0.00010118445061380044
7,1200,10,4.225880911690183e-05
7,1200,11,0.0
8,0,0,0.0015301085077226162
8,0,1,0.002158637624233961
8,0,2,0.0015101893804967403
8,0,3,0.001048184814862907
8,0,4,0.0017400640062987804
8,0,5,0.00047475763130933046
8,0,6,0.0004858692700508982
8,0,7,0.00028587153065018356
8,0,8,0.00017931176989804953
8,0,9,0.0001307137863477692
8,0,10,5.023729318054393e-05
8,0,11,0.0
8,100,0,0.0013311435468494892
8,100,1,0.0017701538745313883
8,100,2,0.0012937585124745965
8,100,3,0.0008627427741885185
8,100,4,0.0013667815364897251
8,100,5,0.000371903064660728
8,100,6,0.000440716277807951
8,100,7,0.00021086934430059046
8,100,8,0.0001278709532925859
8,100,9,8.776366303209215e-05
8,100,10,3.258230208302848e-05
8,100,11,0.0
8,200,0,0.0014010187005624175
8,200,1,0.0019679912365972996
8,200,2,0.0013930052518844604
8,200,3,0.0008559967973269522
8,200,4,0.0014105220325291157
8,200,5,0.00040722929406911135
8,200,6,0.0004277954576537013
8,200,7,0.00023227646306622773
8,200,8,0.00014319630281534046
8,200,9,0.0001104317998397164
8,200,10,4.049463677802123e-05
8,200,11,0.0
8,300,0,0.0013176900101825595
8,300,1,0.0018606982193887234
8,300,2,0.001375401159748435
8,300,3,0.000847106974106282
8,300,4,0.0015703547978773713
8,300,5,0.00039738844498060644
8,300,6,0.0004974318435415626
8,300,7,0.00023374875308945775
8,300,8,0.00014042278053238988
8,300,9,0.00010951588774332777
8,300,10,4.681936843553558e-05
8,300,11,0.0
8,400,0,0.0014247579965740442
8,400,1,0.0019025759538635612
8,400,2,0.0013895495794713497
8,400,3,0.0010562253883108497
8,400,4,0.0017349390545859933
8,400,5,0.00046741479309275746
8,400,6,0.0005222225445322692
8,400,7,0.00024708456476219
8,400,8,0.0001503065723227337
8,400,9,0.00010896692401729524
8,400,10,5.0634611397981644e-05
8,400,11,0.0
8,500,0,0.0016571397427469492
8,500,1,0.0019615169148892164
8,500,2,0.0013890612171962857
8,500,3,0.000837172323372215
8,500,4,0.0016078349435701966
8,500,5,0.00043247014400549233
8,500,6,0.0004899263149127364
8,500,7,0.00027925384347327054
8,500,8,0.00016568561841268092
8,500,9,0.00011507073213579133
8,500,10,4.526064367382787e-05
8,500,11,0.0
8,600,0,0.0013957357732579112
8,600,1,0.0017884955741465092
8,600,2,0.001326332800090313
8,600,3,0.0008957335958257318
8,600,4,0.001485353335738182
8,600,5,0.00044064028770662844
8,600,6,0.0005240551545284688
8,600,7,0.00023864320246502757
8,600,8,0.00015466361946891993
8,600,9,0.00011022450780728832
8,600,10,5.148178752278909e-05
8,600,11,0.0
8,700,0,0.0015628041001036763
8,700,1,0.0021319291554391384
8,700,2,0.0016994434408843517
8,700,3,0.0011615055846050382
8,700,4,0.002023044740781188
8,700,5,0.0005269988905638456
8,700,6,0.0006169427069835365
8,700,7,0.00028820172883570194
8,700,8,0.0001681755529716611
8,700,9,0.00012750804307870567
8,700,10,4.703547529061325e-05
8,700,11,0.0
8,800,0,0.0017565212910994887
8,800,1,0.002398921176791191
8,800,2,0.001871726242825389
8,800,3,0.0011930931359529495
8,800,4,0.0018686340190470219
8,800,5,0.000539948174264282
8,800,6,0.0005967364995740354
8,800,7,0.00030211263219825923
8,800,8,0.00019406886713113636
8,800,9,0.00014221400488168
8,800,10,6.329912866931409e-05
8,800,11,0.0
8,900,0,0.0014328898396342993
8,900,1,0.001912440755404532
8,900,2,0.0015779952518641949
8,900,3,0.0011904336279258132
8,900,4,0.0021302783861756325
8,900,5,0.0005419935332611203
8,900,6,0.0006257413770072162
8,900,7,0.00029311786056496203
8,900,8,0.00015148510283324867
8,900,9,0.0001211431372212246
8,900,10,5.2570703701348975e-05
8,900,11,0.0
8,1000,0,0.0015048319473862648
8,1000,1,0.0022905217483639717
8,1000,2,0.0016542772063985467
8,1000,3,0.0011678487062454224
8,1000,4,0.0021892620716243982
8,1000,5,0.0005298626492731273
8,1000,6,0.0006993984570726752
8,1000,7,0.00032696762355044484
8,1000,8,0.00017286358342971653
8,1000,9,0.00012837303802371025
8,1000,10,5.594402318820357e-05
8,1000,11,0.0
8,1100,0,0.001533572212792933
8,1100,1,0.002092707669362426
8,1100,2,0.0018624813528731465
8,1100,3,0.0013776967534795403
8,1100,4,0.002163857454434037
8,1100,5,0.0006683978717774153
8,1100,6,0.0007693657535128295
8,1100,7,0.0003258471842855215
8,1100,8,0.0001791428803699091
8,1100,9,0.0001276950497413054
8,1100,10,5.895428330404684e-05
8,1100,11,0.0
8,1200,0,0.0018330616876482964
8,1200,1,0.0020284720230847597
8,1200,2,0.001757013495080173
8,1200,3,0.0011555079836398363
8,1200,4,0.0019754867535084486
8,1200,5,0.0005478398525156081
8,1200,6,0.0007184394635260105
8,1200,7,0.00031370349461212754
8,1200,8,0.00018289661966264248
8,1200,9,0.0001295061083510518
8,1200,10,5.2495786803774536e-05
8,1200,11,0.0
9,0,0,0.0015359418466687202
9,0,1,0.0023448809515684843
9,0,2,0.0018758305814117193
9,0,3,0.001137778628617525
9,0,4,0.0021431096829473972
9,0,5,0.0006000000867061317
9,0,6,0.0008069847826845944
9,0,7,0.0003381707356311381
9,0,8,0.00017221918096765876
9,0,9,0.00014579547860193998
9,0,10,6.0407812270568684e-05
9,0,11,0.0
9,100,0,0.0016211908077821136
9,100,1,0.002178250579163432
9,100,2,0.0017075678333640099
9,100,3,0.001185369212180376
9,100,4,0.001839674194343388
9,100,5,0.0005848529981449246
9,100,6,0.0007821928593330085
9,100,7,0.0003094072453677654
9,100,8,0.00018281811207998544
9,100,9,0.00014653222751803696
9,100,10,5.952408901066519e-05
9,100,11,0.0
9,200,0,0.00147681322414428
9,200,1,0.001851158682256937
9,200,2,0.0014826366677880287
9,200,3,0.0009589460678398609
9,200,4,0.0017679139273241162
9,200,5,0.0005311119020916522
9,200,6,0.0007530642324127257
9,200,7,0.0003018277930095792
9,200,8,0.0001928484853124246
9,200,9,0.00013832682452630252
9,200,10,5.7520443078828976e-05
9,200,11,0.0
9,300,0,0.0016345627373084426
9,300,1,0.0020603586453944445
9,300,2,0.0017690322129055858
9,300,3,0.001131232362240553
9,300,4,0.001886832294985652
9,300,5,0.0005750865675508976
9,300,6,0.0007232169737108052
9,300,7,0.00028869352536275983
9,300,8,0.00017724960343912244
9,300,9,0.0001300784933846444
9,300,10,5.248767774901353e-05
9,300,11,0.0
9,400,0,0.0019171121530234814
9,400,1,0.002272176556289196
9,400,2,0.001693099271506071
9,400,3,0.001154532888904214
9,400,4,0.001889329170808196
9,400,5,0.0005474605713970959
9,400,6,0.0006987504893913865
9,400,7,0.0003134959551971406
9,400,8,0.00020481330284383148
9,400,9,0.00014054577331990004
9,400,10,6.142009078757837e-05
9,400,11,0.0
9,500,0,0.0021770147141069174
9,500,1,0.002492039231583476
9,500,2,0.0019485688535496593
9,500,3,0.0011776220053434372
9,500,4,0.0021066039334982634
9,500,5,0.0007197452941909432
9,500,6,0.0009171528508886695
9,500,7,0.00036405061837285757
9,500,8,0.00024112813116516918
9,500,9,0.0001578744559083134
9,500,10,7.498978811781853e-05
9,500,11,0.0
9,600,0,0.0013905444648116827
9,600,1,0.0019946855027228594
9,600,2,0.0018235372845083475
9,600,3,0.0012702897656708956
9,600,4,0.0023882437963038683
9,600,5,0.0006202218355610967
9,600,6,0.0006971886032260954
9,600,7,0.0003000257711391896
9,600,8,0.00016629569290671498
9,600,9,0.00012379506370052695
9,600,10,5.783731467090547e-05
9,600,11,0.0
9,700,0,0.001830597291700542
9,700,1,0.002495847875252366
9,700,2,0.002012909622862935
9,700,3,0.001434042351320386
9,700,4,0.0024510936345905066
9,700,5,0.0007908182451501489
9,700,6,0.0009258236968889832
9,700,7,0.0004100675869267434
9,700,8,0.0002174325636588037
9,700,9,0.00015989629901014268
9,700,10,7.065835234243423e-05
9,700,11,0.0
9,800,0,0.0019687830936163664
9,800,1,0.0023481815587729216
9,800,2,0.0019146096892654896
9,800,3,0.0013024673098698258
9,800,4,0.0021381028927862644
9,800,5,0.0007031414425000548
9,800,6,0.0007334354449994862
9,800,7,0.0003497809520922601
9,800,8,0.0002027654554694891
9,800,9,0.00014569720951840281
9,800,10,6.359282997436821e-05
9,800,11,0.0
9,900,0,0.001981781329959631
9,900,1,0.0027124311309307814
9,900,2,0.0022860541939735413
9,900,3,0.0015659027267247438
9,900,4,0.002753612119704485
9,900,5,0.0008210351224988699
9,900,6,0.0010559273650869727
9,900,7,0.0003875986731145531
9,900,8,0.000219767025555484
9,900,9,0.0001428959221811965
9,900,10,6.979320460231975e-05
9,900,11,0.0
9,1000,0,0.0016588375438004732
9,1000,1,0.002306174486875534
9,1000,2,0.001937634195201099
9,1000,3,0.001347654964774847
9,1000,4,0.00218163151293993
9,1000,5,0.0006896725972183049
9,1000,6,0.000767943391110748
9,1000,7,0.00036453866050578654
9,1000,8,0.00021203346841502935
9,1000,9,0.00018297266797162592
9,1000,10,9.413337829755619e-05
9,1000,11,0.0
9,1100,0,0.0019424896454438567
9,1100,1,0.0023000233341008425
9,1100,2,0.002114870585501194
9,1100,3,0.0012860378483310342
9,1100,4,0.002504439326003194
9,1100,5,0.0007636945811100304
9,1100,6,0.0008584954193793237
9,1100,7,0.0003671675221994519
9,1100,8,0.00021003613073844463
9,1100,9,0.0001604300778126344
9,1100,10,7.778916187817231e-05
9,1100,11,0.0
9,1200,0,0.0018685850081965327
9,1200,1,0.002358989790081978
9,1200,2,0.0017267357325181365
9,1200,3,0.001180152059532702
9,1200,4,0.0021999822929501534
9,1200,5,0.0007131971651688218
9,1200,6,0.0008129194029606879
9,1200,7,0.0003267909924034029
9,1200,8,0.00018843085854314268
9,1200,9,0.00013379447045736015
9,1200,10,6.729903543600813e-05
9,1200,11,0.0
10,0,0,0.0014937558444216847
10,0,1,0.0021004092413932085
10,0,2,0.0018163047498092055
10,0,3,0.0011942303972318769
10,0,4,0.001949240337125957
10,0,5,0.0006647611735388637
10,0,6,0.0007600010721944273
10,0,7,0.000328064284985885
10,0,8,0.000178397138370201
10,0,9,0.00012620602501556277
10,0,10,6.34668831480667e-05
10,0,11,0.0
10,100,0,0.0019286160822957754
10,100,1,0.002790930448099971
10,100,2,0.0022604712285101414
10,100,3,0.0016811015084385872
10,100,4,0.0028080977499485016
10,100,5,0.0008793518645688891
10,100,6,0.0011704808566719294
10,100,7,0.0004666014574468136
10,100,8,0.00025273143546655774
10,100,9,0.0001844221114879474
10,100,10,9.581298945704475e-05
10,100,11,0.0
10,200,0,0.0019834975246340036
10,200,1,0.002635389566421509
10,200,2,0.0021528247743844986
10,200,3,0.0014752899296581745
10,200,4,0.0021447008475661278
10,200,5,0.0008777159382589161
10,200,6,0.0011208635987713933
10,200,7,0.0003753858618438244
10,200,8,0.0002207304205512628
10,200,9,0.0001765066699590534
10,200,10,7.64463547966443e-05
10,200,11,0.0
10,300,0,0.0014806196559220552
10,300,1,0.0020611812360584736
10,300,2,0.0021655920427292585
10,300,3,0.0014878868823871017
10,300,4,0.002224175026640296
10,300,5,0.0007691503269597888
10,300,6,0.0008842024835757911
10,300,7,0.00040840142173692584
10,300,8,0.00020670006051659584
10,300,9,0.00016417283040937036
10,300,10,8.741660712985322e-05
10,300,11,0.0
10,400,0,0.0019671304617077112
10,400,1,0.002462939824908972
10,400,2,0.0019877683371305466
10,400,3,0.0013615225907415152
10,400,4,0.0025870532263070345
10,400,5,0.0008430410525761545
10,400,6,0.0009852797957137227
10,400,7,0.0003955746069550514
10,400,8,0.0002350161230424419
10,400,9,0.00017420525546185672
10,400,10,8.275103027699515e-05
10,400,11,0.0
10,500,0,0.0017798390472307801
10,500,1,0.0023440930526703596
10,500,2,0.0020014005713164806
10,500,3,0.0014208747306838632
10,500,4,0.002599571133032441
10,500,5,0.0007855289150029421
10,500,6,0.0008316547027789056
10,500,7,0.0003817739197984338
10,500,8,0.00020558603864628822
10,500,9,0.00015745374548714608
10,500,10,8.339469059137627e-05
10,500,11,0.0
10,600,0,0.0018652002327144146
10,600,1,0.002555885585024953
10,600,2,0.0022363567259162664
10,600,3,0.001419446081854403
10,600,4,0.002624342916533351
10,600,5,0.0009559630416333675
10,600,6,0.000985178747214377
10,600,7,0.0004051811993122101
10,600,8,0.00022248308232519776
10,600,9,0.00015912679373286664
10,600,10,7.620373798999935e-05
10,600,11,0.0
10,700,0,0.0021965063642710447
10,700,1,0.002840059343725443
10,700,2,0.0024350020103156567
10,700,3,0.0016279929550364614
10,700,4,0.002696801908314228
10,700,5,0.0010198066011071205
10,700,6,0.001271362998522818
10,700,7,0.0004229669866617769
10,700,8,0.0002419936645310372
10,700,9,0.00017541101260576397
10,700,10,8.785667887423187e-05
10,700,11,0.0
10,800,0,0.0020953179337084293
10,800,1,0.002610075520351529
10,800,2,0.002230334561318159
10,800,3,0.0015302945394068956
10,800,4,0.002631294308230281
10,800,5,0.0008695079013705254
10,800,6,0.0009497860446572304
10,800,7,0.000441820448031649
10,800,8,0.0002254294086014852
10,800,9,0.00016915232117753476
10,800,10,7.556835043942556e-05
10,800,11,0.0
10,900,0,0.001713636564090848
10,900,1,0.0024765068665146828
10,900,2,0.0021871523931622505
10,900,3,0.001534550334326923
10,900,4,0.002564334776252508
10,900,5,0.0008846400887705386
10,900,6,0.0008516634698025882
10,900,7,0.0003908256476279348
10,900,8,0.0002100123092532158
10,900,9,0.0001475603348808363
10,900,10,8.537955727661029e-05
10,900,11,0.0
10,1000,0,0.002218194305896759
10,1000,1,0.002892027609050274
10,1000,2,0.002559632295742631
10,1000,3,0.0016583595424890518
10,1000,4,0.0029604542069137096
10,1000,5,0.0010248831240460277
10,1000,6,0.001100512919947505
10,1000,7,0.00045408608275465667
10,1000,8,0.0002506102027837187
10,1000,9,0.00018627157260198146
10,1000,10,8.906933362595737e-05
10,1000,11,0.0
10,1100,0,0.0021657051984220743
10,1100,1,0.002829579170793295
10,1100,2,0.0023783387150615454
10,1100,3,0.0016845058416947722
10,1100,4,0.0026092026382684708
10,1100,5,0.0009845715248957276
10,1100,6,0.0010307952761650085
10,1100,7,0.0004867709940299392
10,1100,8,0.0002639971498865634
10,1100,9,0.00020349115948192775
10,1100,10,0.00010015800216933712
10,1100,11,0.0
10,1200,0,0.0019395112758502364
10,1200,1,0.002681590849533677
10,1200,2,0.002133679576218128
10,1200,3,0.001453787786886096
10,1200,4,0.0027489180210977793
10,1200,5,0.000976092997007072
10,1200,6,0.0009150581900030375
10,1200,7,0.00041980380774475634
10,1200,8,0.00023255348787643015
10,1200,9,0.0001704247697489336
10,1200,10,8.32172081572935e-05
10,1200,11,0.0
11,0,0,0.0020498447120189667
11,0,1,0.0023044964764267206
11,0,2,0.0021951934322714806
11,0,3,0.0012938332511112094
11,0,4,0.002349242102354765
11,0,5,0.0008580734138377011
11,0,6,0.0009957021102309227
11,0,7,0.0004125393752474338
11,0,8,0.00021821496193297207
11,0,9,0.00015395332593470812
11,0,10,6.588709948118776e-05
11,0,11,0.0
11,100,0,0.0018186923116445541
11,100,1,0.0027732248418033123
11,100,2,0.002745556877925992
11,100,3,0.0016740553546696901
11,100,4,0.0031704611610621214
11,100,5,0.0012380630942061543
11,100,6,0.0011586956679821014
11,100,7,0.0005088683101348579
11,100,8,0.0002366282424191013
11,100,9,0.00016494723968207836
11,100,10,8.529431943316013e-05
11,100,11,0.0
11,200,0,0.002190982922911644
11,200,1,0.0027244880329817533
11,200,2,0.0024950059596449137
11,200,3,0.00173285068012774
11,200,4,0.00318025890737772
11,200,5,0.0010312957456335425
11,200,6,0.0010360180167481303
11,200,7,0.00043658894719555974
11,200,8,0.00023098076053429395
11,200,9,0.00015821534907445312
11,200,10,8.12622020021081e-05
11,200,11,0.0
11,300,0,0.0020765839144587517
11,300,1,0.0026131102349609137
11,300,2,0.002316943136975169
11,300,3,0.0016055399319157004
11,300,4,0.0024851125199347734
11,300,5,0.0009033713140524924
11,300,6,0.0010321518639102578
11,300,7,0.0004241213609930128
11,300,8,0.00022815504053141922
11,300,9,0.00018535876006353647
11,300,10,8.114757656585425e-05
11,300,11,0.0
11,400,0,0.0022136305924504995
11,400,1,0.002655932679772377
11,400,2,0.0022607282735407352
11,400,3,0.0014914957573637366
11,400,4,0.0024470584467053413
11,400,5,0.0009529263479635119
11,400,6,0.001091650570742786
11,400,7,0.0003978278546128422
11,400,8,0.00022234278731048107
11,400,9,0.0001738252176437527
11,400,10,9.171430428978056e-05
11,400,11,0.0
11,500,0,0.0020346471574157476
11,500,1,0.003028940875083208
11,500,2,0.00246254145167768
11,500,3,0.0015272615710273385
11,500,4,0.002525351010262966
11,500,5,0.0010643345303833485
11,500,6,0.0011049194727092981
11,500,7,0.00042424185085110366
11,500,8,0.000234987135627307
11,500,9,0.00016694604710210115
11,500,10,8.561823051422834e-05
11,500,11,0.0
11,600,0,0.0023765929508954287
11,600,1,0.0030766732525080442
11,600,2,0.0024700381327420473
11,600,3,0.001614595064893365
11,600,4,0.002923376625403762
11,600,5,0.001063747564330697
11,600,6,0.0010715442476794124
11,600,7,0.0004565903218463063
11,600,8,0.00023026308917906135
11,600,9,0.0001702329027466476
11,600,10,8.103734580799937e-05
11,600,11,0.0
11,700,0,0.0021286513656377792
11,700,1,0.0025698496028780937
11,700,2,0.0024049149360507727
11,700,3,0.0017607701011002064
11,700,4,0.0025502594653517008
11,700,5,0.001115940511226654
11,700,6,0.0011729007819667459
11,700,7,0.000443555589299649
11,700,8,0.0002560513385105878
11,700,9,0.00018810489564202726
11,700,10,8.804182289168239e-05
11,700,11,0.0
11,800,0,0.002047506393864751
11,800,1,0.002910732990130782
11,800,2,0.002478668000549078
11,800,3,0.0016484883381053805
11,800,4,0.0026690128725022078
11,800,5,0.0011628164211288095
11,800,6,0.001146154128946364
11,800,7,0.0004469126579351723
11,800,8,0.00022908193932380527
11,800,9,0.00018388255557511002
11,800,10,9.276116179535165e-05
11,800,11,0.0
11,900,0,0.00234996504150331
11,900,1,0.0028932008426636457
11,900,2,0.0024779748637229204
11,900,3,0.0017076915828511119
11,900,4,0.0032963058911263943
11,900,5,0.001172314048744738
11,900,6,0.0012180901831015944
11,900,7,0.0004752455570269376
11,900,8,0.00025894297868944705
11,900,9,0.00018791867478284985
11,900,10,8.751989662414417e-05
11,900,11,0.0
11,1000,0,0.0022253727074712515
11,1000,1,0.0024629104882478714
11,1000,2,0.002233298495411873
11,1000,3,0.0016256546368822455
11,1000,4,0.002712097018957138
11,1000,5,0.0011419698130339384
11,1000,6,0.0011729097459465265
11,1000,7,0.0004664567532017827
11,1000,8,0.00022645747230853885
11,1000,9,0.0001669994235271588
11,1000,10,8.726763917366043e-05
11,1000,11,0.0
11,1100,0,0.002571000251919031
11,1100,1,0.00270439381711185
11,1100,2,0.0025141413789242506
11,1100,3,0.0016045969678089023
11,1100,4,0.002714255591854453
11,1100,5,0.0011650959495455027
11,1100,6,0.0012385555310174823
11,1100,7,0.00043878707219846547
11,1100,8,0.00024108629440888762
11,1100,9,0.0001963769318535924
11,1100,10,8.772358705755323e-05
11,1100,11,0.0
11,1200,0,0.00210446584969759
11,1200,1,0.0026437961496412754
11,1200,2,0.0025793826207518578
11,1200,3,0.0016219051321968436
11,1200,4,0.0030798662919551134
11,1200,5,0.0012700919760391116
11,1200,6,0.0011739374604076147
11,1200,7,0.0004939205828122795
11,1200,8,0.00023266143398359418
11,1200,9,0.00017751861014403403
11,1200,10,9.022012091008946e-05
11,1200,11,0.0
12,0,0,0.0023894200567156076
12,0,1,0.0033527815248817205
12,0,2,0.0028800014406442642
12,0,3,0.0017844649264588952
12,0,4,0.0029168096370995045
12,0,5,0.0011632259702309966
12,0,6,0.0012156320735812187
12,0,7,0.000532441190443933
12,0,8,0.00026916040224023163
12,0,9,0.00018934259423986077
12,0,10,0.00010139088408323005
12,0,11,0.0
12,100,0,0.002140635158866644
12,100,1,0.002602891530841589
12,100,2,0.002600080333650112
12,100,3,0.0015644403174519539
12,100,4,0.0031711473129689693
12,100,5,0.0012284669792279601
12,100,6,0.0011752209393307567
12,100,7,0.00046775865484960377
12,100,8,0.00024682842195034027
12,100,9,0.00017482886323705316
12,100,10,8.885412535164505e-05
12,100,11,0.0
12,200,0,0.0021154535934329033
12,200,1,0.002598996739834547
12,200,2,0.00246782717294991
12,200,3,0.001752905547618866
12,200,4,0.0027858694083988667
12,200,5,0.001194395124912262
12,200,6,0.0012376788072288036
12,200,7,0.00046965162619017065
12,200,8,0.00023928721202537417
12,200,9,0.00016104888345580548
12,200,10,9.096118446905166e-05
12,200,11,0.0
12,300,0,0.0024770600721240044
12,300,1,0.002856602892279625
12,300,2,0.002648697467520833
12,300,3,0.0017711949767544866
12,300,4,0.0030167391523718834
12,300,5,0.0011739808833226562
12,300,6,0.000984911690466106
12,300,7,0.0004952493472956121
12,300,8,0.00025615363847464323
12,300,9,0.0001838435127865523
12,300,10,9.160843910649419e-05
12,300,11,0.0
12,400,0,0.0022073478903621435
12,400,1,0.002728348830714822
12,400,2,0.002658903133124113
12,400,3,0.0017441133968532085
12,400,4,0.003153448924422264
12,400,5,0.001329982653260231
12,400,6,0.001279062358662486
12,400,7,0.0005402842070907354
12,400,8,0.0002649123198352754
12,400,9,0.00018632333376444876
12,400,10,9.960079478332773e-05
12,400,11,0.0
12,500,0,0.002433459972962737
12,500,1,0.002775933127850294
12,500,2,0.002548048971220851
12,500,3,0.0019070887938141823
12,500,4,0.002702287631109357
12,500,5,0.0012425094610080123
12,500,6,0.0011321724159643054
12,500,7,0.000496752792969346
12,500,8,0.00027896984829567373
12,500,9,0.00021511375962290913
12,500,10,0.00011002245446434245
12,500,11,0.0
12,600,0,0.0023899187799543142
12,600,1,0.002578308107331395
12,600,2,0.0025710505433380604
12,600,3,0.0016587546560913324
12,600,4,0.0027229120023548603
12,600,5,0.00119886570610106
12,600,6,0.001124390633776784
12,600,7,0.00048777484335005283
12,600,8,0.000248007127083838
12,600,9,0.00018383297719992697
12,600,10,9.282011887989938e-05
12,600,11,0.0
12,700,0,0.002336803823709488
12,700,1,0.003036866430193186
12,700,2,0.0031601551454514265
12,700,3,0.002070777351036668
12,700,4,0.003179274732246995
12,700,5,0.0014141565188765526
12,700,6,0.0013178500812500715
12,700,7,0.0005624277400784194
12,700,8,0.00029236776754260063
12,700,9,0.00021732911409344524
12,700,10,0.00010982652747770771
12,700,11,0.0
12,800,0,0.0023655651602894068
12,800,1,0.003074142849072814
12,800,2,0.0027213445864617825
12,800,3,0.0017152554355561733
12,800,4,0.002584376372396946
12,800,5,0.0011995866661891341
12,800,6,0.001223324448801577
12,800,7,0.0004817234876099974
12,800,8,0.00024159766326192766
12,800,9,0.00018192364950664341
12,800,10,8.594397513661534e-05
12,800,11,0.0
12,900,0,0.002444813260808587
12,900,1,0.0031580354552716017
12,900,2,0.0030043269507586956
12,900,3,0.002135894726961851
12,900,4,0.0031895479187369347
12,900,5,0.00145223387517035
12,900,6,0.001360459951683879
12,900,7,0.0005135845276527107
12,900,8,0.0002629263617563993
12,900,9,0.00019815373525489122
12,900,10,0.0001034187589539215
12,900,11,0.0
12,1000,0,0.0029744345229119062
12,1000,1,0.00307653215713799
12,1000,2,0.002746271900832653
12,1000,3,0.0017489705933257937
12,1000,4,0.003025311976671219
12,1000,5,0.0012751225149258971
12,1000,6,0.0012707770802080631
12,1000,7,0.000494783278554678
12,1000,8,0.00026894963230006397
12,1000,9,0.00020423797832336277
12,1000,10,0.00010052955622086301
12,1000,11,0.0
12,1100,0,0.0025164238177239895
12,1100,1,0.003262047190219164
12,1100,2,0.002765414072200656
12,1100,3,0.0020319807808846235
12,1100,4,0.003053477732464671
12,1100,5,0.0013950462453067303
12,1100,6,0.0012790113687515259
12,1100,7,0.0005282003548927605
12,1100,8,0.0002698319440241903
12,1100,9,0.0001952665625140071
12,1100,10,0.00010333328827982768
12,1100,11,0.0
12,1200,0,0.0027885858435183764
12,1200,1,0.0030666112434118986
12,1200,2,0.003044456709176302
12,1200,3,0.002178597031161189
12,1200,4,0.0034944189246743917
12,1200,5,0.0015601487830281258
12,1200,6,0.0012990495888516307
12,1200,7,0.0005860109813511372
12,1200,8,0.0003025605983566493
12,1200,9,0.0002145970065612346
12,1200,10,0.00011770084529416636
12,1200,11,0.0
13,0,0,0.002422163262963295
13,0,1,0.0028721168637275696
13,0,2,0.0027968601789325476
13,0,3,0.0016913901781663299
13,0,4,0.002563181333243847
13,0,5,0.0012184868101030588
13,0,6,0.0010416072327643633
13,0,7,0.0004979170626029372
13,0,8,0.0002606908092275262
13,0,9,0.00019373223767615855
13,0,10,0.00010436740558361635
13,0,11,0.0
13,100,0,0.0023317348677664995
13,100,1,0.003101854119449854
13,100,2,0.0028307242318987846
13,100,3,0.001937273540534079
13,100,4,0.0026244905311614275
13,100,5,0.0012466182233765721
13,100,6,0.001209310139529407
13,100,7,0.0005640093586407602
13,100,8,0.0002578640996944159
13,100,9,0.0001808857050491497
13,100,10,0.00010072135046357289
13,100,11,0.0
13,200,0,0.0025669895112514496
13,200,1,0.0032008341513574123
13,200,2,0.0028403119649738073
13,200,3,0.0019432646222412586
13,200,4,0.003134872065857053
13,200,5,0.0015310945454984903
13,200,6,0.0014730363618582487
13,200,7,0.000613490876276046
13,200,8,0.0002737460017669946
13,200,9,0.00021892643417231739
13,200,10,0.00010827020014403388
13,200,11,0.0
13,300,0,0.002623866545036435
13,300,1,0.0030380829703062773
13,300,2,0.0027510991785675287
13,300,3,0.0018245541723445058
13,300,4,0.002656525233760476
13,300,5,0.001322076190263033
13,300,6,0.0012425364693626761
13,300,7,0.0005401196540333331
13,300,8,0.0002665263309609145
13,300,9,0.00018045146134682
13,300,10,0.0001007525424938649
13,300,11,0.0
13,400,0,0.0025946383830159903
13,400,1,0.003431180492043495
13,400,2,0.002817858010530472
13,400,3,0.0018722987733781338
13,400,4,0.003134629223495722
13,400,5,0.0014448680449277163
13,400,6,0.0012559493770822883
13,400,7,0.0005431986064650118
13,400,8,0.00026351289125159383
13,400,9,0.00019613205222412944
13,400,10,0.00010746744374046102
13,400,11,0.0
13,500,0,0.003093551844358444
13,500,1,0.0032333573326468468
13,500,2,0.002899246057495475
13,500,3,0.001985009992495179
13,500,4,0.0030032810755074024
13,500,5,0.0014212598325684667
13,500,6,0.0013752840459346771
13,500,7,0.0005859713419340551
13,500,8,0.0003419266431592405
13,500,9,0.00025041447952389717
13,500,10,0.00012243706441950053
13,500,11,0.0
13,600,0,0.0024999070446938276
13,600,1,0.0030206050723791122
13,600,2,0.0027109531220048666
13,600,3,0.0016995437908917665
13,600,4,0.0027875928208231926
13,600,5,0.0013164998963475227
13,600,6,0.0011221403256058693
13,600,7,0.0005071573541499674
13,600,8,0.00023994650109671056
13,600,9,0.00017442504758946598
13,600,10,8.564682502765208e-05
13,600,11,0.0
13,700,0,0.002973484341055155
13,700,1,0.0032580362167209387
13,700,2,0.003051705425605178
13,700,3,0.0021784882992506027
13,700,4,0.0030689334962517023
13,700,5,0.0015174405416473746
13,700,6,0.0012824743753299117
13,700,7,0.0005868843873031437
13,700,8,0.0002970162604469806
13,700,9,0.00021049290080554783
13,700,10,0.00011364056990714744
13,700,11,0.0
13,800,0,0.002846374874934554
13,800,1,0.0031069093383848667
13,800,2,0.0028646194841712713
13,800,3,0.0021831421181559563
13,800,4,0.002940518781542778
13,800,5,0.001449492061510682
13,800,6,0.0013203909620642662
13,800,7,0.0006053753313608468
13,800,8,0.0003281689714640379
13,800,9,0.00021277149789966643
13,800,10,0.00011253652337472886
13,800,11,0.0
13,900,0,0.0024805227294564247
13,900,1,0.0033211836125701666
13,900,2,0.003008174244314432
13,900,3,0.002159473719075322
13,900,4,0.003425031900405884
13,900,5,0.0015497412532567978
13,900,6,0.0014470500173047185
13,900,7,0.0005984833696857095
13,900,8,0.00028376514092087746
13,900,9,0.0002122865553246811
13,900,10,0.00010439781908644363
13,900,11,0.0
13,1000,0,0.002424804260954261
13,1000,1,0.003125134389847517
13,1000,2,0.0027591802645474672
13,1000,3,0.0020616890396922827
13,1000,4,0.0027715007308870554
13,1000,5,0.0015037291450425982
13,1000,6,0.0013847311493009329
13,1000,7,0.0005841932143084705
13,1000,8,0.00026673826505430043
13,1000,9,0.00019067474931944162
13,1000,10,0.00010453606955707073
13,1000,11,0.0
13,1100,0,0.0021404623985290527
13,1100,1,0.0028792384546250105
13,1100,2,0.0028347179759293795
13,1100,3,0.001868171850219369
13,1100,4,0.0030391758773475885
13,1100,5,0.0016760850558057427
13,1100,6,0.0013762746239081025
13,1100,7,0.0006476063281297684
13,1100,8,0.0002604410401545465
13,1100,9,0.00019919316400773823
13,1100,10,0.00011518905375851318
13,1100,11,0.0
13,1200,0,0.0027070511132478714
13,1200,1,0.0031505681108683348
13,1200,2,0.00278084515593946
13,1200,3,0.0019389877561479807
13,1200,4,0.0029106009751558304
13,1200,5,0.0015219923807308078
13,1200,6,0.0013276454992592335
13,1200,7,0.0005855266354046762
13,1200,8,0.0002660422760527581
13,1200,9,0.00019822853209916502
13,1200,10,9.602124191587791e-05
13,1200,11,0.0
14,0,0,0.002947599161416292
14,0,1,0.0029228099156171083
14,0,2,0.0029733499977737665
14,0,3,0.0020605805329978466
14,0,4,0.0029505579732358456
14,0,5,0.0016446829540655017
14,0,6,0.0012537050060927868
14,0,7,0.000608648348134011
14,0,8,0.00031021679751574993
14,0,9,0.00021404403378255665
14,0,10,0.00011689642997225747
14,0,11,0.0
14,100,0,0.002728039864450693
14,100,1,0.0033713446464389563
14,100,2,0.002833586884662509
14,100,3,0.00226055970415473
14,100,4,0.0029975310899317265
14,100,5,0.0015488745411857963
14,100,6,0.0013849204406142235
14,100,7,0.0006006138282828033
14,100,8,0.00026822055224329233
14,100,9,0.00019252374477218837
14,100,10,0.00010404810745967552
14,100,11,0.0
14,200,0,0.00299426494166255
14,200,1,0.0033184709027409554
14,200,2,0.0028536084573715925
14,200,3,0.0019935439340770245
14,200,4,0.002802042756229639
14,200,5,0.001469434006139636
14,200,6,0.0014036425855010748
14,200,7,0.0006982960621826351
14,200,8,0.00029713750700466335
14,200,9,0.0002103885926771909
14,200,10,0.00011145189637318254
14,200,11,0.0
14,300,0,0.0024845264852046967
14,300,1,0.0029580893460661173
14,300,2,0.002766344929113984
14,300,3,0.0020357517059892416
14,300,4,0.002877499209716916
14,300,5,0.0015171151608228683
14,300,6,0.0014498222153633833
14,300,7,0.0005837571225129068
14,300,8,0.00025797795387916267
14,300,9,0.00019107968546450138
14,300,10,0.00011942919081775472
14,300,11,0.0
14,400,0,0.00272581004537642
14,400,1,0.0031229022424668074
14,400,2,0.003225466702133417
14,400,3,0.0018487541237846017
14,400,4,0.0026503782719373703
14,400,5,0.0014459677040576935
14,400,6,0.0012563548516482115
14,400,7,0.000565894995816052
14,400,8,0.0002811291196849197
14,400,9,0.00018724618712440133
14,400,10,0.00011662387260003015
14,400,11,0.0
14,500,0,0.003303977893665433
14,500,1,0.0038931304588913918
14,500,2,0.003212382784113288
14,500,3,0.002256017178297043
14,500,4,0.0031355898827314377
14,500,5,0.0015275398036465049
14,500,6,0.0013380079763010144
14,500,7,0.0006595870363526046
14,500,8,0.000316545192617923
14,500,9,0.00021135852148290724
14,500,10,0.00012086403148714453
14,500,11,0.0
14,600,0,0.002792281797155738
14,600,1,0.003109957790002227
14,600,2,0.00297584873624146
14,600,3,0.0022661781404167414
14,600,4,0.003260211320593953
14,600,5,0.0017561119748279452
14,600,6,0.0014250266831368208
14,600,7,0.0006270689191296697
14,600,8,0.00028070344706065953
14,600,9,0.00021804771677125245
14,600,10,0.00011364377860445529
14,600,11,0.0
14,700,0,0.0028567304834723473
14,700,1,0.0032395925372838974
14,700,2,0.0032286359928548336
14,700,3,0.002144250785931945
14,700,4,0.002730604959651828
14,700,5,0.0014835622860118747
14,700,6,0.001279006595723331
14,700,7,0.0005964206648059189
14,700,8,0.00027901941211894155
14,700,9,0.00021407728490885347
14,700,10,0.00010453190770931542
14,700,11,0.0
14,800,0,0.0027396297082304955
14,800,1,0.003560191486030817
14,800,2,0.00339423562400043
14,800,3,0.0023149591870605946
14,800,4,0.0030134408734738827
14,800,5,0.0015695453621447086
14,800,6,0.001404452952556312
14,800,7,0.000637231336440891
14,800,8,0.000281914952211082
14,800,9,0.00019812323444057256
14,800,10,0.00010846008080989122
14,800,11,0.0
14,900,0,0.0026967735029757023
14,900,1,0.0032605419401079416
14,900,2,0.0031354299280792475
14,900,3,0.002337642014026642
14,900,4,0.002911757677793503
14,900,5,0.001773668103851378
14,900,6,0.0014770933194085956
14,900,7,0.0006625595269724727
14,900,8,0.00028550653951242566
14,900,9,0.000199209462152794
14,900,10,0.00011299901962047443
14,900,11,0.0
14,1000,0,0.003641682444140315
14,1000,1,0.003654750529676676
14,1000,2,0.0033412715420126915
14,1000,3,0.0022093537263572216
14,1000,4,0.0031131485011428595
14,1000,5,0.0016716738464310765
14,1000,6,0.0015207882970571518
14,1000,7,0.0007636705995537341
14,1000,8,0.00031884488998912275
14,1000,9,0.00020848614803981036
14,1000,10,0.00011776892642956227
14,1000,11,0.0
14,1100,0,0.002776890993118286
14,1100,1,0.0029617988038808107
14,1100,2,0.0028487355448305607
14,1100,3,0.0021291302982717752
14,1100,4,0.0028443774208426476
14,1100,5,0.0014912846963852644
14,1100,6,0.001316629583016038
14,1100,7,0.0005881098913960159
14,1100,8,0.00027045380556955934
14,1100,9,0.0001998646039282903
14,1100,10,0.00010348044452257454
14,1100,11,0.0
14,1200,0,0.0028624706901609898
14,1200,1,0.0030922535806894302
14,1200,2,0.0030585313215851784
14,1200,3,0.002065438311547041
14,1200,4,0.0027510104700922966
14,1200,5,0.001509232446551323
14,1200,6,0.0012714271433651447
14,1200,7,0.0006871123914606869
14,1200,8,0.00027948422939516604
14,1200,9,0.00021415030641946942
14,1200,10,0.00010839405877050012
14,1200,11,0.0
15,0,0,0.002728557912632823
15,0,1,0.0031266058795154095
15,0,2,0.0030979684088379145
15,0,3,0.002074321499094367
15,0,4,0.003279087832197547
15,0,5,0.0017392380395904183
15,0,6,0.001282585901208222
15,0,7,0.0006027565686963499
15,0,8,0.0003004398022312671
15,0,9,0.0002128085761796683
15,0,10,0.00011911727051483467
15,0,11,0.0
15,100,0,0.002709462307393551
15,100,1,0.003227010602131486
15,100,2,0.003046889789402485
15,100,3,0.002357966499403119
15,100,4,0.0029055767226964235
15,100,5,0.0017516841180622578
15,100,6,0.0013961591757833958
15,100,7,0.0006286774878390133
15,100,8,0.00029852709849365056
15,100,9,0.00021826587908435613
15,100,10,0.0001195530712720938
15,100,11,0.0
15,200,0,0.002721653785556555
15,200,1,0.0031300613190978765
15,200,2,0.0032656316179782152
15,200,3,0.002174857771024108
15,200,4,0.00298866955563426
15,200,5,0.0017495095962658525
15,200,6,0.0015156993176788092
15,200,7,0.0006681260420009494
15,200,8,0.00026311702094972134
15,200,9,0.00019484374206513166
15,200,10,0.00010342759196646512
15,200,11,0.0
15,300,0,0.002617510035634041
15,300,1,0.0031163061503320932
15,300,2,0.002772523323073983
15,300,3,0.0021273866295814514
15,300,4,0.002483813790604472
15,300,5,0.0015611122362315655
15,300,6,0.0013515836326405406
15,300,7,0.0006316573126241565
15,300,8,0.0002751399006228894
15,300,9,0.00018298595387022942
15,300,10,0.00010669825860532
15,300,11,0.0
15,400,0,0.002522841328755021
15,400,1,0.003741525812074542
15,400,2,0.003228582674637437
15,400,3,0.0022920509800314903
15,400,4,0.003350532613694668
15,400,5,0.0017176304245367646
15,400,6,0.0013995341723784804
15,400,7,0.0007048483239486814
15,400,8,0.0003018357674591243
15,400,9,0.00022956568864174187
15,400,10,0.00012320057430770248
15,400,11,0.0
15,500,0,0.002959940582513809
15,500,1,0.003453158540651202
15,500,2,0.0033530783839523792
15,500,3,0.002268710406497121
15,500,4,0.0026988706085830927
15,500,5,0.0016438983147963881
15,500,6,0.001471910858526826
15,500,7,0.0006677212077192962
15,500,8,0.00033191117108799517
15,500,9,0.0002110475761583075
15,500,10,0.000125681355712004
15,500,11,0.0
15,600,0,0.0032255768310278654
15,600,1,0.003361136419698596
15,600,2,0.0032106225844472647
15,600,3,0.0022269356995821
15,600,4,0.00277950381860137
15,600,5,0.0016979470383375883
15,600,6,0.0014199363067746162
15,600,7,0.0006457686540670693
15,600,8,0.0002957870892714709
15,600,9,0.00022939550399314612
15,600,10,0.0001147105431300588
15,600,11,0.0
15,700,0,0.0028015105053782463
15,700,1,0.0030690813437104225
15,700,2,0.0030447570607066154
15,700,3,0.002038826933130622
15,700,4,0.002818253356963396
15,700,5,0.001651161815971136
15,700,6,0.0014639144064858556
15,700,7,0.0006419839337468147
15,700,8,0.00026771967532113194
15,700,9,0.00020897851209156215
15,700,10,0.00011008961882907897
15,700,11,0.0
15,800,0,0.0029007545672357082
15,800,1,0.0035028690472245216
15,800,2,0.0035382655914872885
15,800,3,0.0020941204857081175
15,800,4,0.0030515107791870832
15,800,5,0.0018015209352597594
15,800,6,0.0015178064350038767
15,800,7,0.000731928797904402
15,800,8,0.00029526642174459994
15,800,9,0.00023794443404767662
15,800,10,0.00011678775626933202
15,800,11,0.0
15,900,0,0.002970350906252861
15,900,1,0.0036375371273607016
15,900,2,0.003157292725518346
15,900,3,0.002039768500253558
15,900,4,0.002618935192003846
15,900,5,0.001689018914476037
15,900,6,0.0012896384578198195
15,900,7,0.0006674595060758293
15,900,8,0.00028825431945733726
15,900,9,0.00019279886328149587
15,900,10,0.00010890080011449754
15,900,11,0.0
15,1000,0,0.003089115722104907
15,1000,1,0.003372128587216139
15,1000,2,0.0031956140883266926
15,1000,3,0.0021366409491747618
15,1000,4,0.0030825810972601175
15,1000,5,0.0017812933074310422
15,1000,6,0.0013440250186249614
15,1000,7,0.0006449507782235742
15,1000,8,0.00027396707446314394
15,1000,9,0.0002091776259476319
15,1000,10,0.00010556774941505864
15,1000,11,0.0
15,1100,0,0.003268416505306959
15,1100,1,0.0035797341261059046
15,1100,2,0.0032990926411002874
15,1100,3,0.0023786749225109816
15,1100,4,0.0032426691614091396
15,1100,5,0.0018160747131332755
15,1100,6,0.0014661436434835196
15,1100,7,0.0007300947327166796
15,1100,8,0.000337746663717553
15,1100,9,0.0002062795974779874
15,1100,10,0.0001140379608841613
15,1100,11,0.0
15,1200,0,0.003187592839822173
15,1200,1,0.0035226759500801563
15,1200,2,0.0032959994859993458
15,1200,3,0.0024537655990570784
15,1200,4,0.0029740387108176947
15,1200,5,0.0017623223830014467
15,1200,6,0.0014687844086438417
15,1200,7,0.0007669408805668354
15,1200,8,0.00030607430380769074
15,1200,9,0.00022326345788314939
15,1200,10,0.00011979664850514382
15,1200,11,0.0
16,0,0,0.0032660928554832935
16,0,1,0.003978179767727852
16,0,2,0.0032943515107035637
16,0,3,0.00237980461679399
16,0,4,0.003143553389236331
16,0,5,0.0018219545017927885
16,0,6,0.0014585490571334958
16,0,7,0.0007477799663320184
16,0,8,0.000332194147631526
16,0,9,0.0002205825294367969
16,0,10,0.00011288080713711679
16,0,11,0.0
16,100,0,0.0026826621033251286
16,100,1,0.003200975712388754
16,100,2,0.0028977610636502504
16,100,3,0.002042365726083517
16,100,4,0.0027895248495042324
16,100,5,0.0015497158747166395
16,100,6,0.0015158751048147678
16,100,7,0.0006412997609004378
16,100,8,0.00027254974702373147
16,100,9,0.0001999333908315748
16,100,10,0.00010805215424625203
16,100,11,0.0
16,200,0,0.0033792955800890923
16,200,1,0.0037350624334067106
16,200,2,0.003470705123618245
16,200,3,0.002354169264435768
16,200,4,0.002801682101562619
16,200,5,0.0017506345175206661
16,200,6,0.0012932694517076015
16,200,7,0.0007726013427600265
16,200,8,0.0003149259719066322
16,200,9,0.00023109499306883663
16,200,10,0.0001480873324908316
16,200,11,0.0
16,300,0,0.0036865086294710636
16,300,1,0.0036408815067261457
16,300,2,0.003234824165701866
16,300,3,0.0021789956372231245
16,300,4,0.003050019731745124
16,300,5,0.0017288846429437399
16,300,6,0.0014776252210140228
16,300,7,0.000694346206728369
16,300,8,0.00027605899958871305
16,300,9,0.00019398985023144633
16,300,10,0.00010599291999824345
16,300,11,0.0
16,400,0,0.0031843746546655893
16,400,1,0.0036555815022438765
16,400,2,0.0033439849503338337
16,400,3,0.002508824225515127
16,400,4,0.0032076637726277113
16,400,5,0.002034638309851289
16,400,6,0.0015919528668746352
16,400,7,0.0008064504363574088
16,400,8,0.0002999564167112112
16,400,9,0.0002222354814875871
16,400,10,0.00013041483180131763
16,400,11,0.0
16,500,0,0.0027772027533501387
16,500,1,0.0033711993601173162
16,500,2,0.0033854234497994184
16,500,3,0.0024262936785817146
16,500,4,0.0028748642653226852
16,500,5,0.001794109120965004
16,500,6,0.001516281976364553
16,500,7,0.0007598152733407915
16,500,8,0.0002764719247352332
16,500,9,0.00021842611022293568
16,500,10,0.00012729140871670097
16,500,11,0.0
16,600,0,0.0036686439998447895
16,600,1,0.00384512054733932
16,600,2,0.0034392692614346743
16,600,3,0.0025660854298621416
16,600,4,0.0030228563118726015
16,600,5,0.0017677878495305777
16,600,6,0.0014552782522514462
16,600,7,0.0007246354944072664
16,600,8,0.0002988211635965854
16,600,9,0.0002189108927268535
16,600,10,0.000124184851301834
16,600,11,0.0
16,700,0,0.0030492767691612244
16,700,1,0.003580244956538081
16,700,2,0.003628300968557596
16,700,3,0.002407181542366743
16,700,4,0.0029152054339647293
16,700,5,0.0018291547894477844
16,700,6,0.0015123289776965976
16,700,7,0.0007864281651563942
16,700,8,0.0003063002950511873
16,700,9,0.0002232978877145797
16,700,10,0.000149407351273112
16,700,11,0.0
16,800,0,0.0032965149730443954
16,800,1,0.0038680119905620813
16,800,2,0.003625589655712247
16,800,3,0.002671745838597417
16,800,4,0.0032245866023004055
16,800,5,0.0018816451774910092
16,800,6,0.0016368761425837874
16,800,7,0.000811223522759974
16,800,8,0.00031533336732536554
16,800,9,0.00022940781491342932
16,800,10,0.00012162360508227721
16,800,11,0.0
16,900,0,0.002974314382299781
16,900,1,0.003263747086748481
16,900,2,0.0031497434247285128
16,900,3,0.0019675681833177805
16,900,4,0.002623110543936491
16,900,5,0.0016583461547270417
16,900,6,0.0013486373936757445
16,900,7,0.0006442458252422512
16,900,8,0.00027495023095980287
16,900,9,0.00018701996305026114
16,900,10,0.00010769184882519767
16,900,11,0.0
16,1000,0,0.0032769828103482723
16,1000,1,0.00331170205026865
16,1000,2,0.003116481937468052
16,1000,3,0.002117222175002098
16,1000,4,0.002919167745858431
16,1000,5,0.0017555615631863475
16,1000,6,0.001427246956154704
16,1000,7,0.0006883651949465275
16,1000,8,0.0002905018627643585
16,1000,9,0.00020330569532234222
16,1000,10,0.0001227885513799265
16,1000,11,0.0
16,1100,0,0.003404985647648573
16,1100,1,0.003365512238815427
16,1100,2,0.003610810963436961
16,1100,3,0.0026188252959400415
16,1100,4,0.002995538990944624
16,1100,5,0.0019587725400924683
16,1100,6,0.0013708231272175908
16,1100,7,0.0007746464689262211
16,1100,8,0.00028571768780238926
16,1100,9,0.00020422943634912372
16,1100,10,0.00011669348896248266
16,1100,11,0.0
16,1200,0,0.003229527734220028
16,1200,1,0.0033001182600855827
16,1200,2,0.003506055101752281
16,1200,3,0.002381273079663515
16,1200,4,0.003093303181231022
16,1200,5,0.0018791916081681848
16,1200,6,0.0014315190492197871
16,1200,7,0.0007574608898721635
16,1200,8,0.00030759742367081344
16,1200,9,0.0002121876023011282
16,1200,10,0.0001399661268806085
16,1200,11,0.0
17,0,0,0.0030556039419025183
17,0,1,0.0039792247116565704
17,0,2,0.0036245433147996664
17,0,3,0.002860728418454528
17,0,4,0.0032202969305217266
17,0,5,0.001982887741178274
17,0,6,0.0017787573160603642
17,0,7,0.0008427845896221697
17,0,8,0.0002860634122043848
17,0,9,0.00021724632824771106
17,0,10,0.00010527463746257126
17,0,11,0.0
17,100,0,0.0029314719140529633
17,100,1,0.003509711939841509
17,100,2,0.003326830454170704
17,100,3,0.002480859635397792
17,100,4,0.0029272623360157013
17,100,5,0.001894982997328043
17,100,6,0.0016528619453310966
17,100,7,0.0007609291933476925
17,100,8,0.0002888516173698008
17,100,9,0.0002033908967860043
17,100,10,0.00011434983753133565
17,100,11,0.0
17,200,0,0.003039546078070998
17,200,1,0.0033022919669747353
17,200,2,0.0032317552249878645
17,200,3,0.0021197234746068716
17,200,4,0.003027229104191065
17,200,5,0.0017855397891253233
17,200,6,0.0015167014207690954
17,200,7,0.0007434996077790856
17,200,8,0.00031272522755898535
17,200,9,0.00020614151435438544
17,200,10,0.00012145609071012586
17,200,11,0.0
17,300,0,0.0032614620868116617
17,300,1,0.003612390486523509
17,300,2,0.003275817260146141
17,300,3,0.002522847382351756
17,300,4,0.003123509231954813
17,300,5,0.0020331023260951042
17,300,6,0.0016440179897472262
17,300,7,0.000868213945068419
17,300,8,0.00032622809521853924
17,300,9,0.0002335839526494965
17,300,10,0.00013905436208005995
17,300,11,0.0
17,400,0,0.0034206570126116276
17,400,1,0.003949172794818878
17,400,2,0.003498416393995285
17,400,3,0.0026174725499004126
17,400,4,0.0031488502863794565
17,400,5,0.0018686909461393952
17,400,6,0.0015121732139959931
17,400,7,0.000803806004114449
17,400,8,0.0003283846308477223
17,400,9,0.00023024543770588934
17,400,10,0.0001305192563449964
17,400,11,0.0
17,500,0,0.003555304603651166
17,500,1,0.0037701004184782505
17,500,2,0.003950273152440786
17,500,3,0.002783353440463543
17,500,4,0.0033198113087564707
17,500,5,0.0021378861274570227
17,500,6,0.0018104540649801493
17,500,7,0.0008825136465020478
17,500,8,0.0003366562013980001
17,500,9,0.0002417323994450271
17,500,10,0.00014355560415424407
17,500,11,0.0
17,600,0,0.003293639048933983
17,600,1,0.0036602474283427
17,600,2,0.0035405331291258335
17,600,3,0.0024751611053943634
17,600,4,0.002893210854381323
17,600,5,0.0017656398704275489
17,600,6,0.0014786295359954238
17,600,7,0.0007829651585780084
17,600,8,0.00029735686257481575
17,600,9,0.00024849778856150806
17,600,10,0.00011842897947644815
17,600,11,0.0
17,700,0,0.0029892357997596264
17,700,1,0.0037586872931569815
17,700,2,0.0038132413756102324
17,700,3,0.0025722028221935034
17,700,4,0.0031534123700112104
17,700,5,0.001961195608600974
17,700,6,0.001414625789038837
17,700,7,0.0007583978585898876
17,700,8,0.0003145964292343706
17,700,9,0.00020460189261939377
17,700,10,0.00011757042375393212
17,700,11,0.0
17,800,0,0.0032543756533414125
17,800,1,0.003623036900535226
17,800,2,0.003533604322001338
17,800,3,0.0024477457627654076
17,800,4,0.002961111720651388
17,800,5,0.0019214716739952564
17,800,6,0.0016023473581299186
17,800,7,0.0007917480543255806
17,800,8,0.00030456113745458424
17,800,9,0.0002143897581845522
17,800,10,0.00011987527250312269
17,800,11,0.0
17,900,0,0.0036227921955287457
17,900,1,0.0037419251166284084
17,900,2,0.0035562117118388414
17,900,3,0.0025027962401509285
17,900,4,0.0029858695343136787
17,900,5,0.0018100524321198463
17,900,6,0.001561555895023048
17,900,7,0.0008319621556438506
17,900,8,0.00033561844611540437
17,900,9,0.00023028823488857597
17,900,10,0.00013243012654129416
17,900,11,0.0
17,1000,0,0.0035128144081681967
17,1000,1,0.0036937356926500797
17,1000,2,0.00349415373057127
17,1000,3,0.0023799100890755653
17,1000,4,0.002787082688882947
17,1000,5,0.0018378500826656818
17,1000,6,0.0014388900017365813
17,1000,7,0.0007373617845587432
17,1000,8,0.0003137113235425204
17,1000,9,0.00023878672800492495
17,1000,10,0.00012540897296275944
17,1000,11,0.0
17,1100,0,0.0035051300656050444
17,1100,1,0.003638317110016942
17,1100,2,0.0035071196034550667
17,1100,3,0.0024758214130997658
17,1100,4,0.002754583489149809
17,1100,5,0.0019538619089871645
17,1100,6,0.00157328718341887
17,1100,7,0.0007892585708759725
17,1100,8,0.0003127364907413721
17,1100,9,0.00022583769168704748
17,1100,10,0.0001373256091028452
17,1100,11,0.0
17,1200,0,0.0029716400895267725
17,1200,1,0.003571641631424427
17,1200,2,0.0035150626208633184
17,1200,3,0.0022769744973629713
17,1200,4,0.002725471742451191
17,1200,5,0.0018306635320186615
17,1200,6,0.0014025644632056355
17,1200,7,0.0007700156420469284
17,1200,8,0.0002988127525895834
17,1200,9,0.00021337617363315076
17,1200,10,0.00012486094783525914
17,1200,11,0.0
18,0,0,0.0034018768928945065
18,0,1,0.0038394371513277292
18,0,2,0.003816220909357071
18,0,3,0.0024074804969131947
18,0,4,0.003003581427037716
18,0,5,0.0018978733569383621
18,0,6,0.0015672261361032724
18,0,7,0.0008735553128644824
18,0,8,0.00031905018840916455
18,0,9,0.0002192703977925703
18,0,10,0.00012141839397372678
18,0,11,0.0
18,100,0,0.0037585431709885597
18,100,1,0.0045072417706251144
18,100,2,0.003948559518903494
18,100,3,0.002531664911657572
18,100,4,0.0033320379443466663
18,100,5,0.002104313811287284
18,100,6,0.0017971309134736657
18,100,7,0.0009869188070297241
18,100,8,0.0003561012854333967
18,100,9,0.00024694317835383117
18,100,10,0.0001518346689408645
18,100,11,0.0
18,200,0,0.003954768646508455
18,200,1,0.0040840827859938145
18,200,2,0.004228021018207073
18,200,3,0.002806974109262228
18,200,4,0.0031270363833755255
18,200,5,0.00195767218247056
18,200,6,0.0015675575705245137
18,200,7,0.000915695505682379
18,200,8,0.00034264480927959085
18,200,9,0.00026515231002122164
18,200,10,0.00015148872626014054
18,200,11,0.0
18,300,0,0.003612636588513851
18,300,1,0.0037762257270514965
18,300,2,0.003864861559122801
18,300,3,0.002598069841042161
18,300,4,0.003148171119391918
18,300,5,0.002117521595209837
18,300,6,0.0015527192736044526
18,300,7,0.0008687164518050849
18,300,8,0.0002955255040433258
18,300,9,0.00021539712906815112
18,300,10,0.00012500864977482706
18,300,11,0.0
18,400,0,0.0029180615674704313
18,400,1,0.0036160266026854515
18,400,2,0.0038468476850539446
18,400,3,0.002420425182208419
18,400,4,0.0028168640565127134
18,400,5,0.0020792619325220585
18,400,6,0.001515891752205789
18,400,7,0.0007792392279952765
18,400,8,0.0002807001874316484
18,400,9,0.00021324711269699037
18,400,10,0.0001248232729267329
18,400,11,0.0
18,500,0,0.003280072472989559
18,500,1,0.003560124896466732
18,500,2,0.0037110336124897003
18,500,3,0.002546127885580063
18,500,4,0.0030223485082387924
18,500,5,0.0019634736236184835
18,500,6,0.0015167661476880312
18,500,7,0.0007686380413360894
18,500,8,0.0002958470140583813
18,500,9,0.00020945533469785005
18,500,10,0.00013476700405590236
18,500,11,0.0
18,600,0,0.003160333726555109
18,600,1,0.0037646919954568148
18,600,2,0.0035327915102243423
18,600,3,0.0025739383418112993
18,600,4,0.0026567208115011454
18,600,5,0.001823863829486072
18,600,6,0.0013906301464885473
18,600,7,0.0007335472037084401
18,600,8,0.0003009731590282172
18,600,9,0.00022005430946592242
18,600,10,0.0001329438528046012
18,600,11,0.0
18,700,0,0.0033815563656389713
18,700,1,0.003979528788477182
18,700,2,0.004257893189787865
18,700,3,0.002623328473418951
18,700,4,0.0030922498553991318
18,700,5,0.0021762032993137836
18,700,6,0.0017338097095489502
18,700,7,0.0009309723973274231
18,700,8,0.0003147601382806897
18,700,9,0.0002434923662804067
18,700,10,0.00013538509665522724
18,700,11,0.0
18,800,0,0.0034871764946728945
18,800,1,0.004085018299520016
18,800,2,0.0035194060765206814
18,800,3,0.002568993018940091
18,800,4,0.0029985096771270037
18,800,5,0.001880547497421503
18,800,6,0.0014901236863806844
18,800,7,0.0008632601238787174
18,800,8,0.00030317960772663355
18,800,9,0.0002169372164644301
18,800,10,0.00013378713629208505
18,800,11,0.0
18,900,0,0.0036425506696105003
18,900,1,0.0038914745673537254
18,900,2,0.0038095361087471247
18,900,3,0.0024188030511140823
18,900,4,0.0029079595115035772
18,900,5,0.0019197462825104594
18,900,6,0.0015462718438357115
18,900,7,0.0007663806318305433
18,900,8,0.00028154064784757793
18,900,9,0.00020789822156075388
18,900,10,0.00011655755952233449
18,900,11,0.0
18,1000,0,0.003223076928406954
18,1000,1,0.0037343562580645084
18,1000,2,0.003971545957028866
18,1000,3,0.0025474410504102707
18,1000,4,0.0028744712471961975
18,1000,5,0.0019517573527991772
18,1000,6,0.0016017700545489788
18,1000,7,0.000934272597078234
18,1000,8,0.00032332129194401205
18,1000,9,0.00023339783365372568
18,1000,10,0.0001348325313301757
18,1000,11,0.0
18,1100,0,0.003567424602806568
18,1100,1,0.004195268265902996
18,1100,2,0.003921821713447571
18,1100,3,0.0028220009990036488
18,1100,4,0.0028647666331380606
18,1100,5,0.0020686050411313772
18,1100,6,0.0014539536787196994
18,1100,7,0.0008449684828519821
18,1100,8,0.0003369305341038853
18,1100,9,0.0002402264071861282
18,1100,10,0.00014630489749833941
18,1100,11,0.0
18,1200,0,0.004103774204850197
18,1200,1,0.004245119635015726
18,1200,2,0.0039873067289590836
18,1200,3,0.0028111133724451065
18,1200,4,0.0034102145582437515
18,1200,5,0.002390170469880104
18,1200,6,0.0018997704610228539
18,1200,7,0.0010133534669876099
18,1200,8,0.000352646253304556
18,1200,9,0.00024950315128080547
18,1200,10,0.0001443179789930582
18,1200,11,0.0
19,0,0,0.003608939703553915
19,0,1,0.004435161128640175
19,0,2,0.004018439445644617
19,0,3,0.002392544411122799
19,0,4,0.0027974480763077736
19,0,5,0.0020629975479096174
19,0,6,0.0015619444893673062
19,0,7,0.0008322983048856258
19,0,8,0.00034875833080150187
19,0,9,0.00022408129007089883
19,0,10,0.0001322782482020557
19,0,11,0.0
19,100,0,0.0033059592824429274
19,100,1,0.003595725866034627
19,100,2,0.003599748946726322
19,100,3,0.002385789295658469
19,100,4,0.0028965419624000788
19,100,5,0.001855634618550539
19,100,6,0.00155818450730294
19,100,7,0.0008127327309921384
19,100,8,0.00029602405265904963
19,100,9,0.00020310957916080952
19,100,10,0.000119532342068851
19,100,11,0.0
19,200,0,0.004060573875904083
19,200,1,0.00440728897228837
19,200,2,0.004269727040082216
19,200,3,0.002901860047131777
19,200,4,0.003192596836015582
19,200,5,0.0022844476625323296
19,200,6,0.001645927899517119
19,200,7,0.000987273990176618
19,200,8,0.00039497806574217975
19,200,9,0.0002808309509418905
19,200,10,0.00015416981477756053
19,200,11,0.0
19,300,0,0.003384007140994072
19,300,1,0.0037678892258554697
19,300,2,0.0037310393527150154
19,300,3,0.002632330870255828
19,300,4,0.0030109684448689222
19,300,5,0.0019643609412014484
19,300,6,0.0016013662097975612
19,300,7,0.0008316246676258743
19,300,8,0.00028876890428364277
19,300,9,0.00022623460972681642
19,300,10,0.00012393172073643655
19,300,11,0.0
19,400,0,0.003788370406255126
19,400,1,0.004233729559928179
19,400,2,0.0038058413192629814
19,400,3,0.002556903986260295
19,400,4,0.0027736532501876354
19,400,5,0.0019580028019845486
19,400,6,0.0014915666542947292
19,400,7,0.0008738943724893034
19,400,8,0.000316953519359231
19,400,9,0.00022586414706893265
19,400,10,0.00012718960351776332
19,400,11,0.0
19,500,0,0.003042954718694091
19,500,1,0.003627361264079809
19,500,2,0.003415680956095457
19,500,3,0.002285382244735956
19,500,4,0.0028215365018695593
19,500,5,0.001888937782496214
19,500,6,0.0014940943801775575
19,500,7,0.0008729769615456462
19,500,8,0.00027866687742061913
19,500,9,0.00021831376943737268
19,500,10,0.00010917754843831062
19,500,11,0.0
19,600,0,0.004043582361191511
19,600,1,0.003973877988755703
19,600,2,0.0037115595769137144
19,600,3,0.0025315105449408293
19,600,4,0.003367879195138812
19,600,5,0.002079144585877657
19,600,6,0.0014494986971840262
19,600,7,0.0009119585156440735
19,600,8,0.0003127430973108858
19,600,9,0.0002237531589344144
19,600,10,0.00013863873027730733
19,600,11,0.0
19,700,0,0.003346177749335766
19,700,1,0.004283091053366661
19,700,2,0.0042825075797736645
19,700,3,0.0026504690758883953
19,700,4,0.003107951022684574
19,700,5,0.0021048164926469326
19,700,6,0.0016609309241175652
19,700,7,0.000975725008174777
19,700,8,0.0003346703597344458
19,700,9,0.00024273771850857884
19,700,10,0.00014770626148674637
19,700,11,0.0
19,800,0,0.003947950433939695
19,800,1,0.004106535110622644
19,800,2,0.003827662207186222
19,800,3,0.002710227854549885
19,800,4,0.0027285804972052574
19,800,5,0.0019228047458454967
19,800,6,0.0014898288063704967
19,800,7,0.0008862537215463817
19,800,8,0.00031301332637667656
19,800,9,0.00022230307513382286
19,800,10,0.00012247370614204556
19,800,11,0.0
19,900,0,0.003804618725553155
19,900,1,0.0041227033361792564
19,900,2,0.003851677058264613
19,900,3,0.0027229362167418003
19,900,4,0.003046611789613962
19,900,5,0.001874998095445335
19,900,6,0.0015298122307285666
19,900,7,0.0009292552713304758
19,900,8,0.0003527748049236834
19,900,9,0.00023843554663471878
19,900,10,0.0001227590983035043
19,900,11,0.0
19,1000,0,0.0034265671856701374
19,1000,1,0.00429383572191
19,1000,2,0.0037837957497686148
19,1000,3,0.002485464094206691
19,1000,4,0.0028754526283591986
19,1000,5,0.0018314274493604898
19,1000,6,0.0015019812854006886
19,1000,7,0.0008360475767403841
19,1000,8,0.0003201710060238838
19,1000,9,0.00023282501206267625
19,1000,10,0.00012400744890328497
19,1000,11,0.0
19,1100,0,0.003817264921963215
19,1100,1,0.0036053082440048456
19,1100,2,0.003864636877551675
19,1100,3,0.0024976315908133984
19,1100,4,0.002819279907271266
19,1100,5,0.0019251209450885653
19,1100,6,0.0015611067647114396
19,1100,7,0.0009550807881169021
19,1100,8,0.00032426253892481327
19,1100,9,0.00021200942865107208
19,1100,10,0.00012784979480784386
19,1100,11,0.0
19,1200,0,0.0036798196379095316
19,1200,1,0.0043588923290371895
19,1200,2,0.0037899897433817387
19,1200,3,0.0024799657985568047
19,1200,4,0.002775822300463915
19,1200,5,0.001977193634957075
19,1200,6,0.0014532817294821143
19,1200,7,0.0009146072552539408
19,1200,8,0.0003324499411974102
19,1200,9,0.000224385061301291
19,1200,10,0.00013662116543855518
19,1200,11,0.0
20,0,0,0.0036919007543474436
20,0,1,0.004056858364492655
20,0,2,0.00397522421553731
20,0,3,0.0026213438250124454
20,0,4,0.002835022984072566
20,0,5,0.0020194181706756353
20,0,6,0.0016038173343986273
20,0,7,0.0010416842997074127
20,0,8,0.00031132050207816064
20,0,9,0.00024502412998117507
20,0,10,0.00012856880493927747
20,0,11,0.0
20,100,0,0.0035834861919283867
20,100,1,0.004228520672768354
20,100,2,0.003981001675128937
20,100,3,0.0024728383868932724
20,100,4,0.0028456782456487417
20,100,5,0.0019989029970020056
20,100,6,0.0017326677916571498
20,100,7,0.0010516803013160825
20,100,8,0.0003269217850174755
20,100,9,0.00023352856806013733
20,100,10,0.0001402768393745646
20,100,11,0.0
20,200,0,0.0037932947743684053
20,200,1,0.004093581810593605
20,200,2,0.004221430979669094
20,200,3,0.0026910589076578617
20,200,4,0.0029368402902036905
20,200,5,0.0021143238991498947
20,200,6,0.001671471749432385
20,200,7,0.000980977900326252
20,200,8,0.0003597139730118215
20,200,9,0.0002564452006481588
20,200,10,0.00012556760339066386
20,200,11,0.0
20,300,0,0.004128837957978249
20,300,1,0.004119333811104298
20,300,2,0.003956201486289501
20,300,3,0.002532411366701126
20,300,4,0.00293383258394897
20,300,5,0.001980404369533062
20,300,6,0.001490524155087769
20,300,7,0.0009136379230767488
20,300,8,0.00034935958683490753
20,300,9,0.00025466110673733056
20,300,10,0.0001263799931621179
20,300,11,0.0
20,400,0,0.003749244147911668
20,400,1,0.004243993200361729
20,400,2,0.0039105284959077835
20,400,3,0.0025422789622098207
20,400,4,0.0029179146513342857
20,400,5,0.001968700671568513
20,400,6,0.0015572122065350413
20,400,7,0.0008840083028189838
20,400,8,0.00030388988670893013
20,400,9,0.00021642557112500072
20,400,10,0.00012616666208487004
20,400,11,0.0
20,500,0,0.003587477607652545
20,500,1,0.0046015395782887936
20,500,2,0.00405903859063983
20,500,3,0.002526683732867241
20,500,4,0.002943228930234909
20,500,5,0.0020140139386057854
20,500,6,0.00160993542522192
20,500,7,0.00093568250304088
20,500,8,0.00031843106262385845
20,500,9,0.00022287078900262713
20,500,10,0.0001307883794652298
20,500,11,0.0
20,600,0,0.0035270715598016977
20,600,1,0.0037483021151274443
20,600,2,0.003919569309800863
20,600,3,0.0024461494758725166
20,600,4,0.002563048852607608
20,600,5,0.0018837375100702047
20,600,6,0.0014649523654952645
20,600,7,0.0008333920268341899
20,600,8,0.00029109977185726166
20,600,9,0.00021517122513614595
20,600,10,0.00012304080883041024
20,600,11,0.0
20,700,0,0.0037693483754992485
20,700,1,0.004186536651104689
20,700,2,0.003923121839761734
20,700,3,0.0028382225427776575
20,700,4,0.003076998284086585
20,700,5,0.00202540447935462
20,700,6,0.001644700299948454
20,700,7,0.0009474048274569213
20,700,8,0.0003576869494281709
20,700,9,0.00023755965230520815
20,700,10,0.00014494272181764245
20,700,11,0.0
20,800,0,0.0037093386054039
20,800,1,0.004691507667303085
20,800,2,0.004364897962659597
20,800,3,0.002961364109069109
20,800,4,0.0032147716265171766
20,800,5,0.0020830014254897833
20,800,6,0.0017659871373325586
20,800,7,0.0009528163354843855
20,800,8,0.0003193202137481421
20,800,9,0.00023469096049666405
20,800,10,0.00013455329462885857
20,800,11,0.0
20,900,0,0.003554763039574027
20,900,1,0.004084497690200806
20,900,2,0.003762567415833473
20,900,3,0.0026662684977054596
20,900,4,0.002941601676866412
20,900,5,0.0019220728427171707
20,900,6,0.0015242832014337182
20,900,7,0.0010043204529210925
20,900,8,0.00032550355535931885
20,900,9,0.00020946840231772512
20,900,10,0.00012764806160703301
20,900,11,0.0
20,1000,0,0.0037016812711954117
20,1000,1,0.004532411694526672
20,1000,2,0.004085531458258629
20,1000,3,0.002963511273264885
20,1000,4,0.002774440450593829
20,1000,5,0.0020934282802045345
20,1000,6,0.0015128710074350238
20,1000,7,0.0010854830034077168
20,1000,8,0.00031690174364484847
20,1000,9,0.00023525649157818407
20,1000,10,0.00012934864207636565
20,1000,11,0.0
20,1100,0,0.003437103470787406
20,1100,1,0.004063865169882774
20,1100,2,0.003858541836962104
20,1100,3,0.002642592415213585
20,1100,4,0.0029009536374360323
20,1100,5,0.002168439095839858
20,1100,6,0.0016133318422362208
20,1100,7,0.0009511724347248673
20,1100,8,0.00032476047636009753
20,1100,9,0.00022293029178399593
20,1100,10,0.0001211060953210108
20,1100,11,0.0
20,1200,0,0.003762242617085576
20,1200,1,0.00399890448898077
20,1200,2,0.003981254994869232
20,1200,3,0.002530834171921015
20,1200,4,0.0028179725632071495
20,1200,5,0.001879936084151268
20,1200,6,0.0015165087534114718
20,1200,7,0.0009157219901680946
20,1200,8,0.00033837484079413116
20,1200,9,0.00021428520267363638
20,1200,10,0.00013055054296273738
20,1200,11,0.0
21,0,0,0.004134774673730135
21,0,1,0.005086647346615791
21,0,2,0.003983135800808668
21,0,3,0.0029408978298306465
21,0,4,0.002862487221136689
21,0,5,0.0019744434393942356
21,0,6,0.0017145487945526838
21,0,7,0.0010446254163980484
21,0,8,0.0003201654471922666
21,0,9,0.0002514910593163222
21,0,10,0.00013675411173608154
21,0,11,0.0
21,100,0,0.0034631865564733744
21,100,1,0.004378949292004108
21,100,2,0.004327269271016121
21,100,3,0.002649776404723525
21,100,4,0.0027653903234750032
21,100,5,0.002069175476208329
21,100,6,0.0016792220994830132
21,100,7,0.0009981491602957249
21,100,8,0.0002818336943164468
21,100,9,0.00021943371393717825
21,100,10,0.00012151389091741294
21,100,11,0.0
21,200,0,0.003827817505225539
21,200,1,0.004731619264930487
21,200,2,0.0043409839272499084
21,200,3,0.002785259624943137
21,200,4,0.0030992929823696613
21,200,5,0.0022266237065196037
21,200,6,0.0015851060161367059
21,200,7,0.0010371842654421926
21,200,8,0.00035769824171438813
21,200,9,0.00025690472102724016
21,200,10,0.00013494014274328947
21,200,11,0.0
21,300,0,0.0036934101954102516
21,300,1,0.004588600248098373
21,300,2,0.004073312971740961
21,300,3,0.002857051556929946
21,300,4,0.0028590974397957325
21,300,5,0.0020144758746027946
21,300,6,0.0017898969817906618
21,300,7,0.001055556465871632
21,300,8,0.0003199050552211702
21,300,9,0.00023527118901256472
21,300,10,0.0001369611854897812
21,300,11,0.0
21,400,0,0.0033427723683416843
21,400,1,0.004546061158180237
21,400,2,0.004140928853303194
21,400,3,0.0028009084053337574
21,400,4,0.002849174663424492
21,400,5,0.0020362960640341043
21,400,6,0.001495583914220333
21,400,7,0.0008988252957351506
21,400,8,0.0002901045372709632
21,400,9,0.000215579493669793
21,400,10,0.00012090633390471339
21,400,11,0.0
21,500,0,0.004120470490306616
21,500,1,0.005014569032937288
21,500,2,0.004364328924566507
21,500,3,0.002763299737125635
21,500,4,0.0030517245177179575
21,500,5,0.0022227272856980562
21,500,6,0.0015918361023068428
21,500,7,0.0009602191857993603
21,500,8,0.0003285030252300203
21,500,9,0.00022558204364031553
21,500,10,0.00012714715558104217
21,500,11,0.0
21,600,0,0.003738574916496873
21,600,1,0.004632510244846344
21,600,2,0.004315630067139864
21,600,3,0.002725520869717002
21,600,4,0.0028117706533521414
21,600,5,0.0022004256024956703
21,600,6,0.0016174332704395056
21,600,7,0.000936195719987154
21,600,8,0.00033535322290845215
21,600,9,0.00022615051420871168
21,600,10,0.0001370237732771784
21,600,11,0.0
21,700,0,0.00415138341486454
21,700,1,0.005161555018275976
21,700,2,0.004143110476434231
21,700,3,0.0028996365144848824
21,700,4,0.0030213831923902035
21,700,5,0.002292839577421546
21,700,6,0.001730845426209271
21,700,7,0.0010178297525271773
21,700,8,0.0003395875100977719
21,700,9,0.00023335708829108626
21,700,10,0.00014467012078966945
21,700,11,0.0
21,800,0,0.004396290052682161
21,800,1,0.005031995475292206
21,800,2,0.004359760787338018
21,800,3,0.0028977501206099987
21,800,4,0.00309261167421937
21,800,5,0.00214887666516006
21,800,6,0.0015576827572658658
21,800,7,0.00104889168869704
21,800,8,0.000355010008206591
21,800,9,0.0002339388884138316
21,800,10,0.00012736269854940474
21,800,11,0.0
21,900,0,0.0035938979126513004
21,900,1,0.004985049832612276
21,900,2,0.004290934186428785
21,900,3,0.0028522585052996874
21,900,4,0.0027893614023923874
21,900,5,0.002047658897936344
21,900,6,0.001691232668235898
21,900,7,0.0009737138170748949
21,900,8,0.0003291844332125038
21,900,9,0.00022456352598965168
21,900,10,0.00014034236664883792
21,900,11,0.0
21,1000,0,0.003539775498211384
21,1000,1,0.0042570955120027065
21,1000,2,0.003990038298070431
21,1000,3,0.002545448951423168
21,1000,4,0.002802362432703376
21,1000,5,0.0020537280943244696
21,1000,6,0.0014510588953271508
21,1000,7,0.0008871133322827518
21,1000,8,0.00029095957870595157
21,1000,9,0.00020674375991802663
21,1000,10,0.0001188867972814478
21,1000,11,0.0
21,1100,0,0.003879167139530182
21,1100,1,0.004826174583286047
21,1100,2,0.004227053839713335
21,1100,3,0.002812054008245468
21,1100,4,0.0029404638335108757
21,1100,5,0.0022312006913125515
21,1100,6,0.0017013667384162545
21,1100,7,0.0010427444940432906
21,1100,8,0.0003564294020179659
21,1100,9,0.00024958368157967925
21,1100,10,0.00014309895050246269
21,1100,11,0.0
21,1200,0,0.00403690105304122
21,1200,1,0.005326580256223679
21,1200,2,0.004700487479567528
21,1200,3,0.0031092341523617506
21,1200,4,0.0026923734694719315
21,1200,5,0.0021242923103272915
21,1200,6,0.001680590445175767
21,1200,7,0.001068697078153491
21,1200,8,0.0003570004482753575
21,1200,9,0.00024034919624682516
21,1200,10,0.00013755068357568234
21,1200,11,0.0
22,0,0,0.004109005909413099
22,0,1,0.005167726427316666
22,0,2,0.0045471349731087685
22,0,3,0.002736189402639866
22,0,4,0.0029910358134657145
22,0,5,0.002063631545752287
22,0,6,0.0015066649066284299
22,0,7,0.0009997860761359334
22,0,8,0.00035787862725555897
22,0,9,0.00024690612917765975
22,0,10,0.00013833896082360297
22,0,11,0.0
22,100,0,0.004056749865412712
22,100,1,0.005467026960104704
22,100,2,0.0043737394735217094
22,100,3,0.002915932098403573
22,100,4,0.002979146782308817
22,100,5,0.002096697920933366
22,100,6,0.0016935368767008185
22,100,7,0.001030866988003254
22,100,8,0.00034561814391054213
22,100,9,0.00023843924282118678
22,100,10,0.0001562952675158158
22,100,11,0.0
22,200,0,0.003583298297598958
22,200,1,0.00495279161259532
22,200,2,0.0042465063743293285
22,200,3,0.00266243820078671
22,200,4,0.002835039049386978
22,200,5,0.002137641189619899
22,200,6,0.0015605365624651313
22,200,7,0.0008882837137207389
22,200,8,0.0003208245907444507
22,200,9,0.00023403484374284744
22,200,10,0.0001277540432056412
22,200,11,0.0
22,300,0,0.0038579858373850584
22,300,1,0.004787873942404985
22,300,2,0.0042989724315702915
22,300,3,0.002684137085452676
22,300,4,0.002799111884087324
22,300,5,0.0020739869214594364
22,300,6,0.001678871107287705
22,300,7,0.0010060074273496866
22,300,8,0.00031703137210570276
22,300,9,0.00021055385877843946
22,300,10,0.00012689392315223813
22,300,11,0.0
22,400,0,0.0033135435078293085
22,400,1,0.004360487684607506
22,400,2,0.0039687673561275005
22,400,3,0.0026015446055680513
22,400,4,0.0026655797846615314
22,400,5,0.0018914102111011744
22,400,6,0.00156536849681288
22,400,7,0.0009381913114339113
22,400,8,0.00026858452474698424
22,400,9,0.00022054211876820773
22,400,10,0.00011968897888436913
22,400,11,0.0
22,500,0,0.004237692337483168
22,500,1,0.0047228713519871235
22,500,2,0.0047668577171862125
22,500,3,0.003015034133568406
22,500,4,0.003019556635990739
22,500,5,0.0021613456774502993
22,500,6,0.0015189932892099023
22,500,7,0.0009029629873111844
22,500,8,0.00033588841324672103
22,500,9,0.00023608880292158574
22,500,10,0.00013567654241342098
22,500,11,0.0
22,600,0,0.004086607601493597
22,600,1,0.005931238643825054
22,600,2,0.0047109080478549
22,600,3,0.0028014513663947582
22,600,4,0.003013840178027749
22,600,5,0.002202756702899933
22,600,6,0.0017100402619689703
22,600,7,0.0009343820274807513
22,600,8,0.00034671821049414575
22,600,9,0.0002633979020174593
22,600,10,0.00016809497901704162
22,600,11,0.0
22,700,0,0.004016838036477566
22,700,1,0.005206838715821505
22,700,2,0.004433158785104752
22,700,3,0.003047609468922019
22,700,4,0.002985650207847357
22,700,5,0.0020569642074406147
22,700,6,0.00157358858268708
22,700,7,0.0010308133205398917
22,700,8,0.0003286920837126672
22,700,9,0.00022835168056190014
22,700,10,0.00013148139987606555
22,700,11,0.0
22,800,0,0.004212339408695698
22,800,1,0.005544630810618401
22,800,2,0.004407393746078014
22,800,3,0.002993634669110179
22,800,4,0.003154142526909709
22,800,5,0.0022205859422683716
22,800,6,0.0016187175642699003
22,800,7,0.0010365654015913606
22,800,8,0.00034164407406933606
22,800,9,0.00023731859982945025
22,800,10,0.00013335634139366448
22,800,11,0.0
22,900,0,0.004026465117931366
22,900,1,0.0056252311915159225
22,900,2,0.0044332463294267654
22,900,3,0.002943279454484582
22,900,4,0.002787934150546789
22,900,5,0.002059223363175988
22,900,6,0.00167007592972368
22,900,7,0.001026696409098804
22,900,8,0.000338408921379596
22,900,9,0.00023308656818699092
22,900,10,0.00012436808901838958
22,900,11,0.0
22,1000,0,0.004376507829874754
22,1000,1,0.005951866041868925
22,1000,2,0.004543198738247156
22,1000,3,0.002978747710585594
22,1000,4,0.003151120850816369
22,1000,5,0.0021864641457796097
22,1000,6,0.0016309168422594666
22,1000,7,0.0010184309212490916
22,1000,8,0.0003486774512566626
22,1000,9,0.0002203275653300807
22,1000,10,0.00013620706158690155
22,1000,11,0.0
22,1100,0,0.00469638966023922
22,1100,1,0.005559948273003101
22,1100,2,0.0050318362191319466
22,1100,3,0.003173388307914138
22,1100,4,0.0031140402425080538
22,1100,5,0.0022122603841125965
22,1100,6,0.0015567927621304989
22,1100,7,0.001057934365235269
22,1100,8,0.00036265738890506327
22,1100,9,0.0002700747863855213
22,1100,10,0.0001541712408652529
22,1100,11,0.0
22,1200,0,0.003587964456528425
22,1200,1,0.004439828917384148
22,1200,2,0.0040879398584365845
22,1200,3,0.002616126323118806
22,1200,4,0.0025732158683240414
22,1200,5,0.0020303945057094097
22,1200,6,0.0015766506548970938
22,1200,7,0.000985697959549725
22,1200,8,0.00031275718356482685
22,1200,9,0.00023624968889635056
22,1200,10,0.00012427018373273313
22,1200,11,0.0
23,0,0,0.0041961646638810635
23,0,1,0.005398926325142384
23,0,2,0.004511265084147453
23,0,3,0.003142009023576975
23,0,4,0.003084995551034808
23,0,5,0.002255583880469203
23,0,6,0.001576035050675273
23,0,7,0.0010777352144941688
23,0,8,0.00034368428168818355
23,0,9,0.00023706292267888784
23,0,10,0.0001440445485059172
23,0,11,0.0
23,100,0,0.003652774728834629
23,100,1,0.004950850736349821
23,100,2,0.004442682955414057
23,100,3,0.002919304184615612
23,100,4,0.0026379406917840242
23,100,5,0.0019713982474058867
23,100,6,0.001471056486479938
23,100,7,0.0010380130261182785
23,100,8,0.0003303202392999083
23,100,9,0.0002251746627734974
23,100,10,0.00012835471716243774
23,100,11,0.0
23,200,0,0.003759027225896716
23,200,1,0.005339876748621464
23,200,2,0.004144066013395786
23,200,3,0.00291073857806623
23,200,4,0.0029243624303489923
23,200,5,0.0023336331360042095
23,200,6,0.001644378760829568
23,200,7,0.0010924399830400944
23,200,8,0.00030526446062140167
23,200,9,0.0002150894288206473
23,200,10,0.00013653487258125097
23,200,11,0.0
23,300,0,0.0043603782542049885
23,300,1,0.005469991359859705
23,300,2,0.004478760529309511
23,300,3,0.0029224844183772802
23,300,4,0.002863653004169464
23,300,5,0.002079618163406849
23,300,6,0.0016783400205895305
23,300,7,0.001057427260093391
23,300,8,0.0003697620122693479
23,300,9,0.00022576325864065439
23,300,10,0.00014240962627809495
23,300,11,0.0
23,400,0,0.0038373125717043877
23,400,1,0.005559692159295082
23,400,2,0.004540682304650545
23,400,3,0.0032119604293257
23,400,4,0.003010676708072424
23,400,5,0.0022117255721241236
23,400,6,0.0016768991481512785
23,400,7,0.001100391149520874
23,400,8,0.0003473438264336437
23,400,9,0.00024993004626594484
23,400,10,0.00014990147610660642
23,400,11,0.0
23,500,0,0.003594915848225355
23,500,1,0.0057066078297793865
23,500,2,0.004513793159276247
23,500,3,0.0029511863831430674
23,500,4,0.0029190084896981716
23,500,5,0.0021715506445616484
23,500,6,0.0015718973008915782
23,500,7,0.0009285215637646616
23,500,8,0.0003272770845796913
23,500,9,0.00024470448261126876
23,500,10,0.00011933437053812668
23,500,11,0.0
23,600,0,0.0041957744397223
23,600,1,0.005866941064596176
23,600,2,0.004796895198523998
23,600,3,0.0031577064655721188
23,600,4,0.0029530171304941177
23,600,5,0.0022785943001508713
23,600,6,0.0016479757614433765
23,600,7,0.001055736793205142
23,600,8,0.00035123550333082676
23,600,9,0.00023687959765084088
23,600,10,0.00014588375051971525
23,600,11,0.0
23,700,0,0.0039114090614020824
23,700,1,0.005200175568461418
23,700,2,0.004356044810265303
23,700,3,0.0025485423393547535
23,700,4,0.0029548148158937693
23,700,5,0.0019423983758315444
23,700,6,0.0016760044964030385
23,700,7,0.0010234061628580093
23,700,8,0.00031893604318611324
23,700,9,0.00023825187236070633
23,700,10,0.0001329887454630807
23,700,11,0.0
23,800,0,0.0036088856868445873
23,800,1,0.005564566235989332
23,800,2,0.004381237551569939
23,800,3,0.002670333255082369
23,800,4,0.002600971609354019
23,800,5,0.00203650607727468
23,800,6,0.0016238950192928314
23,800,7,0.0009860449936240911
23,800,8,0.0003121788031421602
23,800,9,0.0002098757540807128
23,800,10,0.0001378963643219322
23,800,11,0.0
23,900,0,0.004138813819736242
23,900,1,0.005688272416591644
23,900,2,0.004198768641799688
23,900,3,0.0031284422148019075
23,900,4,0.0029006204567849636
23,900,5,0.002224080730229616
23,900,6,0.0015595739241689444
23,900,7,0.00109621521551162
23,900,8,0.00034901604522019625
23,900,9,0.0002359087811782956
23,900,10,0.00015751496539451182
23,900,11,0.0
23,1000,0,0.004433576948940754
23,1000,1,0.006205717101693153
23,1000,2,0.00477078789845109
23,1000,3,0.0031916936859488487
23,1000,4,0.002982195932418108
23,1000,5,0.002352758077904582
23,1000,6,0.001730363117530942
23,1000,7,0.0010157872457057238
23,1000,8,0.0003393080842215568
23,1000,9,0.00024333018518518656
23,1000,10,0.00013488093100022525
23,1000,11,0.0
23,1100,0,0.004626566544175148
23,1100,1,0.006766028702259064
23,1100,2,0.004595227539539337
23,1100,3,0.0031662844121456146
23,1100,4,0.003173958510160446
23,1100,5,0.002275301143527031
23,1100,6,0.001718163606710732
23,1100,7,0.0011078340467065573
23,1100,8,0.0003659851790871471
23,1100,9,0.00025309165357612073
23,1100,10,0.00015578573220409453
23,1100,11,0.0
23,1200,0,0.004300657194107771
23,1200,1,0.006312353070825338
23,1200,2,0.0047597638331353664
23,1200,3,0.002954010386019945
23,1200,4,0.0028468486852943897
23,1200,5,0.0024592657573521137
23,1200,6,0.001662452588789165
23,1200,7,0.0011600734433159232
23,1200,8,0.00034519098699092865
23,1200,9,0.0002624186163302511
23,1200,10,0.00015241297660395503
23,1200,11,0.0
24,0,0,0.00427840044721961
24,0,1,0.006632645148783922
24,0,2,0.005210198927670717
24,0,3,0.0033037245739251375
24,0,4,0.0031698932871222496
24,0,5,0.0025100253988057375
24,0,6,0.001857386203482747
24,0,7,0.0012518574949353933
24,0,8,0.0003523706691339612
24,0,9,0.0002647567307576537
24,0,10,0.00015789642930030823
24,0,11,0.0
24,100,0,0.0038122248370200396
24,100,1,0.005766352638602257
24,100,2,0.004006034694612026
24,100,3,0.0029024097602814436
24,100,4,0.002782606054097414
24,100,5,0.001999849919229746
24,100,6,0.0015774318017065525
24,100,7,0.0010507230181246996
24,100,8,0.0003133468853775412
24,100,9,0.0002424828999210149
24,100,10,0.0001279339921893552
24,100,11,0.0
24,200,0,0.004862757865339518
24,200,1,0.006447874940931797
24,200,2,0.004856052342802286
24,200,3,0.0032655103132128716
24,200,4,0.0033833717461675406
24,200,5,0.0024436544626951218
24,200,6,0.0017701868200674653
24,200,7,0.001184445689432323
24,200,8,0.000377088988898322
24,200,9,0.0002823533723130822
24,200,10,0.00014507620653603226
24,200,11,0.0
24,300,0,0.004211353603750467
24,300,1,0.005879507400095463
24,300,2,0.004764603450894356
24,300,3,0.002995779737830162
24,300,4,0.003297922434285283
24,300,5,0.002408720087260008
24,300,6,0.001691895304247737
24,300,7,0.0011608076747506857
24,300,8,0.00035336180008016527
24,300,9,0.00025674866628833115
24,300,10,0.000157928530825302
24,300,11,0.0
24,400,0,0.00431089336052537
24,400,1,0.006105944514274597
24,400,2,0.004415248986333609
24,400,3,0.0030003758147358894
24,400,4,0.0027773412875831127
24,400,5,0.0022015452850610018
24,400,6,0.0017030785093083978
24,400,7,0.0011558141559362411
24,400,8,0.0003168308176100254
24,400,9,0.00023777478781994432
24,400,10,0.00014099627151153982
24,400,11,0.0
24,500,0,0.0040932511910796165
24,500,1,0.005973831284791231
24,500,2,0.004581595305353403
24,500,3,0.003046730300411582
24,500,4,0.0026547438465058804
24,500,5,0.0020896296482533216
24,500,6,0.0016758624697104096
24,500,7,0.0010267398320138454
24,500,8,0.00031975714955478907
24,500,9,0.00021055071556475013
24,500,10,0.00012042353046126664
24,500,11,0.0
24,600,0,0.0041326903738081455
24,600,1,0.006520016584545374
24,600,2,0.004627762362360954
24,600,3,0.003063437296077609
24,600,4,0.0029009354766458273
24,600,5,0.0022598200011998415
24,600,6,0.0016843389021232724
24,600,7,0.0010913421865552664
24,600,8,0.0003196088073309511
24,600,9,0.00023065038840286434
24,600,10,0.0001446043752366677
24,600,11,0.0
24,700,0,0.004028324503451586
24,700,1,0.006203461904078722
24,700,2,0.0043191807344555855
24,700,3,0.0029798061586916447
24,700,4,0.0028352586086839437
24,700,5,0.002173077315092087
24,700,6,0.001662987400777638
24,700,7,0.0011746945092454553
24,700,8,0.00036055842065252364
24,700,9,0.0002527468604966998
24,700,10,0.00014985742745921016
24,700,11,0.0
24,800,0,0.004242931958287954
24,800,1,0.0057205259799957275
24,800,2,0.004428893327713013
24,800,3,0.003160016145557165
24,800,4,0.0030448404140770435
24,800,5,0.002157921437174082
24,800,6,0.0015871291980147362
24,800,7,0.0010692877694964409
24,800,8,0.00033956480911001563
24,800,9,0.00022798724239692092
24,800,10,0.0001439923798898235
24,800,11,0.0
24,900,0,0.004805912263691425
24,900,1,0.006621641106903553
24,900,2,0.004814981948584318
24,900,3,0.003321654163300991
24,900,4,0.003299645148217678
24,900,5,0.0021554352715611458
24,900,6,0.0017022970132529736
24,900,7,0.0010986377019435167
24,900,8,0.00036782215465791523
24,900,9,0.0002462006523273885
24,900,10,0.00014499462849926203
24,900,11,0.0
24,1000,0,0.005130986217409372
24,1000,1,0.006860783323645592
24,1000,2,0.005251725669950247
24,1000,3,0.003736278507858515
24,1000,4,0.0033724706154316664
24,1000,5,0.0027196852024644613
24,1000,6,0.0019491672283038497
24,1000,7,0.0012186204548925161
24,1000,8,0.0004008387913927436
24,1000,9,0.0002771313884295523
24,1000,10,0.00018120631284546107
24,1000,11,0.0
24,1100,0,0.004010413773357868
24,1100,1,0.006199802737683058
24,1100,2,0.004385038278996944
24,1100,3,0.003001206321641803
24,1100,4,0.002856652019545436
24,1100,5,0.002130140084773302
24,1100,6,0.001663119182921946
24,1100,7,0.0010385701898485422
24,1100,8,0.00032959977397695184
24,1100,9,0.00020861919620074332
24,1100,10,0.0001243000297108665
24,1100,11,0.0
24,1200,0,0.004515987355262041
24,1200,1,0.007213291246443987
24,1200,2,0.00438675656914711
24,1200,3,0.003030401887372136
24,1200,4,0.002609516493976116
24,1200,5,0.0021854510996490717
24,1200,6,0.001649696845561266
24,1200,7,0.0010887759272009134
24,1200,8,0.0003234547621104866
24,1200,9,0.00023269918165169656
24,1200,10,0.0001353293628199026
24,1200,11,0.0
25,0,0,0.0052269222214818
25,0,1,0.006660623475909233
25,0,2,0.005221008788794279
25,0,3,0.003259424353018403
25,0,4,0.00324735464528203
25,0,5,0.002394604030996561
25,0,6,0.001798977260477841
25,0,7,0.0012522070901468396
25,0,8,0.0003829764318652451
25,0,9,0.0002833469770848751
25,0,10,0.00016700210107956082
25,0,11,0.0
25,100,0,0.004225109703838825
25,100,1,0.006839449051767588
25,100,2,0.004804368596524
25,100,3,0.003382815746590495
25,100,4,0.002903302200138569
25,100,5,0.0023610524367541075
25,100,6,0.0018451741198077798
25,100,7,0.0010925603564828634
25,100,8,0.0003840377612505108
25,100,9,0.00029814333538524806
25,100,10,0.0001627482706680894
25,100,11,0.0
25,200,0,0.004171695094555616
25,200,1,0.006415694020688534
25,200,2,0.004904135596007109
25,200,3,0.0032608869951218367
25,200,4,0.0028422693721950054
25,200,5,0.0023818095214664936
25,200,6,0.0016913345316424966
25,200,7,0.0010809192899614573
25,200,8,0.00034593933378346264
25,200,9,0.0002608769864309579
25,200,10,0.000149207902722992
25,200,11,0.0
25,300,0,0.004718553740531206
25,300,1,0.006265533622354269
25,300,2,0.004339741542935371
25,300,3,0.0031003402546048164
25,300,4,0.0029875405598431826
25,300,5,0.0021463665179908276
25,300,6,0.0017156561370939016
25,300,7,0.0010701933642849326
25,300,8,0.0003539901808835566
25,300,9,0.00026152378995902836
25,300,10,0.00016440654871985316
25,300,11,0.0
25,400,0,0.004999758675694466
25,400,1,0.007938879542052746
25,400,2,0.005248336121439934
25,400,3,0.0035419983323663473
25,400,4,0.0033666405361145735
25,400,5,0.002460694406181574
25,400,6,0.0019328551134094596
25,400,7,0.0012443989980965853
25,400,8,0.00039748934796079993
25,400,9,0.0002834616752807051
25,400,10,0.00016389784286729991
25,400,11,0.0
25,500,0,0.0044571226462721825
25,500,1,0.00682427641004324
25,500,2,0.004411660600453615
25,500,3,0.0030638815369457006
25,500,4,0.0029077460058033466
25,500,5,0.0022054356522858143
25,500,6,0.0016791451489552855
25,500,7,0.001041991519741714
25,500,8,0.00034893822157755494
25,500,9,0.0002346846740692854
25,500,10,0.00014143908629193902
25,500,11,0.0
25,600,0,0.003979580011218786
25,600,1,0.00609116954728961
25,600,2,0.004582788795232773
25,600,3,0.0030774069018661976
25,600,4,0.0027222975622862577
25,600,5,0.002188835758715868
25,600,6,0.0014863114338368177
25,600,7,0.001054797088727355
25,600,8,0.00031078950269147754
25,600,9,0.0002143996098311618
25,600,10,0.00014239702431950718
25,600,11,0.0
25,700,0,0.004461782984435558
25,700,1,0.006800192873924971
25,700,2,0.004730874206870794
25,700,3,0.0031490507535636425
25,700,4,0.0028502955101430416
25,700,5,0.002156311646103859
25,700,6,0.0017407675040885806
25,700,7,0.0010831403778865933
25,700,8,0.00035211467184126377
25,700,9,0.0002447384758852422
25,700,10,0.00015319148951675743
25,700,11,0.0
25,800,0,0.004335532896220684
25,800,1,0.006753541529178619
25,800,2,0.00452798418700695
25,800,3,0.0031595344189554453
25,800,4,0.0029954444617033005
25,800,5,0.0020139641128480434
25,800,6,0.0017564406152814627
25,800,7,0.0011292803101241589
25,800,8,0.0003520467143971473
25,800,9,0.0002460715768393129
25,800,10,0.00012886320473626256
25,800,11,0.0
25,900,0,0.004185554105788469
25,900,1,0.006851390935480595
25,900,2,0.0047371224500238895
25,900,3,0.0028904173523187637
25,900,4,0.0029633636586368084
25,900,5,0.0022546774707734585
25,900,6,0.001714017242193222
25,900,7,0.001089089666493237
25,900,8,0.00033209568937309086
25,900,9,0.0002574394748080522
25,900,10,0.0001500551588833332
25,900,11,0.0
25,1000,0,0.004412409383803606
25,1000,1,0.0072057475335896015
25,1000,2,0.00465809553861618
25,1000,3,0.0033134077675640583
25,1000,4,0.0028282059356570244
25,1000,5,0.0022185470443218946
25,1000,6,0.0018192746210843325
25,1000,7,0.001187751186080277
25,1000,8,0.00036607994115911424
25,1000,9,0.0002606552152428776
25,1000,10,0.00016213770140893757
25,1000,11,0.0
25,1100,0,0.004396276082843542
25,1100,1,0.0069017307832837105
25,1100,2,0.004819820169359446
25,1100,3,0.0031471766997128725
25,1100,4,0.0029288691002875566
25,1100,5,0.0021198284812271595
25,1100,6,0.0020505397114902735
25,1100,7,0.0012005261378362775
25,1100,8,0.0003479106235317886
25,1100,9,0.0002280996268382296
25,1100,10,0.00016855276771821082
25,1100,11,0.0
25,1200,0,0.00435626832768321
25,1200,1,0.006549174897372723
25,1200,2,0.004782598465681076
25,1200,3,0.003130687167868018
25,1200,4,0.002747110091149807
25,1200,5,0.002140165539458394
25,1200,6,0.001732416683807969
25,1200,7,0.0010870243422687054
25,1200,8,0.00032729332451708615
25,1200,9,0.00022777245612815022
25,1200,10,0.00014004617696627975
25,1200,11,0.0
26,0,0,0.004685512278228998
26,0,1,0.00743334973230958
26,0,2,0.00495374808087945
26,0,3,0.0031332592479884624
26,0,4,0.0030251527205109596
26,0,5,0.0024019095581024885
26,0,6,0.001868101884610951
26,0,7,0.0011781977955251932
26,0,8,0.0003453338285908103
26,0,9,0.00025446011568419635
26,0,10,0.00016393566329497844
26,0,11,0.0
26,100,0,0.004364128690212965
26,100,1,0.007163036614656448
26,100,2,0.0046336716040968895
26,100,3,0.003226993139833212
26,100,4,0.003081550821661949
26,100,5,0.0023050105664879084
26,100,6,0.001777790253981948
26,100,7,0.0011208925861865282
26,100,8,0.00036874873330816627
26,100,9,0.0002513694344088435
26,100,10,0.00015571669791825116
26,100,11,0.0
26,200,0,0.004124590195715427
26,200,1,0.006932102143764496
26,200,2,0.004579292610287666
26,200,3,0.0030484916642308235
26,200,4,0.0026459358632564545
26,200,5,0.0022112145088613033
26,200,6,0.0016239810502156615
26,200,7,0.0010613228660076857
26,200,8,0.00030685964156873524
26,200,9,0.0002136679831892252
26,200,10,0.0001341507741017267
26,200,11,0.0
26,300,0,0.005093548912554979
26,300,1,0.007554678712040186
26,300,2,0.005093489773571491
26,300,3,0.0034980755299329758
26,300,4,0.003186772810295224
26,300,5,0.0024926932528615
26,300,6,0.0016844675410538912
26,300,7,0.0011720249895006418
26,300,8,0.0003965099749621004
26,300,9,0.00028788557392545044
26,300,10,0.0001948074350366369
26,300,11,0.0
26,400,0,0.0048081581480801105
26,400,1,0.007963325828313828
26,400,2,0.0052291410975158215
26,400,3,0.0034199911169707775
26,400,4,0.003080969210714102
26,400,5,0.0024301016237586737
26,400,6,0.001701866276562214
26,400,7,0.001171726151369512
26,400,8,0.00041847219108603895
26,400,9,0.0002671395195648074
26,400,10,0.00018915424880106002
26,400,11,0.0
26,500,0,0.003778687911108136
26,500,1,0.005928206257522106
26,500,2,0.0043292539194226265
26,500,3,0.0029498881194740534
26,500,4,0.002582069719210267
26,500,5,0.002041921950876713
26,500,6,0.0015843334840610623
26,500,7,0.0010521257063373923
26,500,8,0.000327246671076864
26,500,9,0.0002385630941716954
26,500,10,0.00014352698053698987
26,500,11,0.0
26,600,0,0.00461963564157486
26,600,1,0.007404127158224583
26,600,2,0.0052763414569199085
26,600,3,0.003448567818850279
26,600,4,0.0029043119866400957
26,600,5,0.002304412890225649
26,600,6,0.0018692323938012123
26,600,7,0.0010907499818131328
26,600,8,0.000356498610926792
26,600,9,0.00023974980285856873
26,600,10,0.00016013557615224272
26,600,11,0.0
26,700,0,0.004603177774697542
26,700,1,0.00746858399361372
26,700,2,0.004930728115141392
26,700,3,0.0034535250160843134
26,700,4,0.0030054813250899315
26,700,5,0.0023952971678227186
26,700,6,0.00194006715901196
26,700,7,0.0012474276591092348
26,700,8,0.00038331610267050564
26,700,9,0.00026641893782652915
26,700,10,0.00017276019207201898
26,700,11,0.0
26,800,0,0.004452493041753769
26,800,1,0.00692429905757308
26,800,2,0.004633670207113028
26,800,3,0.003165461588650942
26,800,4,0.0027718767523765564
26,800,5,0.002325815614312887
26,800,6,0.001827138476073742
26,800,7,0.0011015274794772267
26,800,8,0.0003244121035095304
26,800,9,0.0002615436678752303
26,800,10,0.00013030515401624143
26,800,11,0.0
26,900,0,0.004587648436427116
26,900,1,0.007347659673541784
26,900,2,0.00491891847923398
26,900,3,0.003174504265189171
26,900,4,0.0027849122416228056
26,900,5,0.0022518422920256853
26,900,6,0.001784118707291782
26,900,7,0.0012114845449104905
26,900,8,0.00037058687303215265
26,900,9,0.0002398020587861538
26,900,10,0.00014051340986043215
26,900,11,0.0
26,1000,0,0.0045577241107821465
26,1000,1,0.0077355955727398396
26,1000,2,0.005080014001578093
26,1000,3,0.003384023206308484
26,1000,4,0.0028119191993027925
26,1000,5,0.0023641285952180624
26,1000,6,0.0017228497890755534
26,1000,7,0.0011581206927075982
26,1000,8,0.0003569118562154472
26,1000,9,0.00024470657808706164
26,1000,10,0.0001543512480566278
26,1000,11,0.0
26,1100,0,0.00410034041851759
26,1100,1,0.008099005557596684
26,1100,2,0.005017982330173254
26,1100,3,0.0033077020198106766
26,1100,4,0.0027271700091660023
26,1100,5,0.0022136280313134193
26,1100,6,0.0018406909657642245
26,1100,7,0.0011689566308632493
26,1100,8,0.0003298050432931632
26,1100,9,0.0002368246641708538
26,1100,10,0.00014711779658682644
26,1100,11,0.0
26,1200,0,0.0039453525096178055
26,1200,1,0.006287864875048399
26,1200,2,0.004689003806561232
26,1200,3,0.002969884080812335
26,1200,4,0.002888319082558155
26,1200,5,0.002236839383840561
26,1200,6,0.0017969479085877538
26,1200,7,0.0011403854005038738
26,1200,8,0.00030806034919805825
26,1200,9,0.0002260333567392081
26,1200,10,0.00012145273649366572
26,1200,11,0.0
27,0,0,0.003942026756703854
27,0,1,0.006554545368999243
27,0,2,0.004463749006390572
27,0,3,0.0029354190919548273
27,0,4,0.0026486285496503115
27,0,5,0.0020449762232601643
27,0,6,0.0016954353777691722
27,0,7,0.0010419373866170645
27,0,8,0.0002924861910287291
27,0,9,0.0002292250283062458
27,0,10,0.0001405728980898857
27,0,11,0.0
27,100,0,0.004097366239875555
27,100,1,0.0069531467743217945
27,100,2,0.004673294257372618
27,100,3,0.0032080733217298985
27,100,4,0.002606960479170084
27,100,5,0.0022128457203507423
27,100,6,0.0017202588496729732
27,100,7,0.0010904197115451097
27,100,8,0.00033300864743068814
27,100,9,0.00024694117018952966
27,100,10,0.00015010028437245637
27,100,11,0.0
27,200,0,0.004004822578281164
27,200,1,0.007560395635664463
27,200,2,0.004692294169217348
27,200,3,0.002978349570184946
27,200,4,0.0029696787241846323
27,200,5,0.0022933243308216333
27,200,6,0.0018913832027465105
27,200,7,0.001130920834839344
27,200,8,0.0003294966882094741
27,200,9,0.00025966516113840044
27,200,10,0.00013836217112839222
27,200,11,0.0
27,300,0,0.0043480535969138145
27,300,1,0.007780359126627445
27,300,2,0.005197156686335802
27,300,3,0.003179843071848154
27,300,4,0.003330038394778967
27,300,5,0.0024777345824986696
27,300,6,0.001798908575437963
27,300,7,0.0011698815505951643
27,300,8,0.00035224956809543073
27,300,9,0.0002781460643745959
27,300,10,0.00015750706370454282
27,300,11,0.0
27,400,0,0.004825050942599773
27,400,1,0.008006240241229534
27,400,2,0.005324521567672491
27,400,3,0.0032103615812957287
27,400,4,0.003165083471685648
27,400,5,0.0023554321378469467
27,400,6,0.001916062436066568
27,400,7,0.0012144992360845208
27,400,8,0.0003706521529238671
27,400,9,0.00025801913579925895
27,400,10,0.0001504265092080459
27,400,11,0.0
27,500,0,0.00426084827631712
27,500,1,0.009678947739303112
27,500,2,0.00489744171500206
27,500,3,0.0031881772447377443
27,500,4,0.0027984988410025835
27,500,5,0.002391368616372347
27,500,6,0.0018851562635973096
27,500,7,0.0012871718499809504
27,500,8,0.00032919133082032204
27,500,9,0.00023328787938226014
27,500,10,0.0001353480911348015
27,500,11,0.0
27,600,0,0.00408210651949048
27,600,1,0.008821500465273857
27,600,2,0.005041835829615593
27,600,3,0.003015776863321662
27,600,4,0.0029134987853467464
27,600,5,0.0024193553254008293
27,600,6,0.0017236612038686872
27,600,7,0.0011526820017024875
27,600,8,0.0003425420727580786
27,600,9,0.000238778957282193
27,600,10,0.00014927533629816025
27,600,11,0.0
27,700,0,0.004807723220437765
27,700,1,0.009003694169223309
27,700,2,0.004945492837578058
27,700,3,0.0034293995704501867
27,700,4,0.0030835887882858515
27,700,5,0.0024870040360838175
27,700,6,0.0018467139452695847
27,700,7,0.0010870910482481122
27,700,8,0.00036569187068380415
27,700,9,0.000260858447290957
27,700,10,0.00015351801994256675
27,700,11,0.0
27,800,0,0.004934092052280903
27,800,1,0.008136121556162834
27,800,2,0.005161367356777191
27,800,3,0.003222942352294922
27,800,4,0.002828091150149703
27,800,5,0.0021888583432883024
27,800,6,0.0019161871168762445
27,800,7,0.0011247391812503338
27,800,8,0.0003407188050914556
27,800,9,0.00024277107149828225
27,800,10,0.00015256012557074428
27,800,11,0.0
27,900,0,0.004885075613856316
27,900,1,0.00682460842654109
27,900,2,0.0051105208694934845
27,900,3,0.0032645268365740776
27,900,4,0.0030031639616936445
27,900,5,0.002359210280701518
27,900,6,0.0018542726757004857
27,900,7,0.0010918522020801902
27,900,8,0.0003685279516503215
27,900,9,0.0002651092945598066
27,900,10,0.00015697455091867596
27,900,11,0.0
27,1000,0,0.00458493921905756
27,1000,1,0.007880833931267262
27,1000,2,0.005135363433510065
27,1000,3,0.0035672630183398724
27,1000,4,0.0029188133776187897
27,1000,5,0.0024864475708454847
27,1000,6,0.0020792626310139894
27,1000,7,0.001222367980517447
27,1000,8,0.0003669676370918751
27,1000,9,0.00024979410227388144
27,1000,10,0.00016044010408222675
27,1000,11,0.0
27,1100,0,0.0045718178153038025
27,1100,1,0.008231104351580143
27,1100,2,0.004882929380983114
27,1100,3,0.0034208798315376043
27,1100,4,0.002926571760326624
27,1100,5,0.0021243393421173096
27,1100,6,0.0018537554424256086
27,1100,7,0.0012493351241573691
27,1100,8,0.00038874539313837886
27,1100,9,0.00024681707145646214
27,1100,10,0.00014250181266106665
27,1100,11,0.0
27,1200,0,0.004175561014562845
27,1200,1,0.0086009930819273
27,1200,2,0.004659935366362333
27,1200,3,0.0032026772387325764
27,1200,4,0.0026903063990175724
27,1200,5,0.002222473733127117
27,1200,6,0.0017389722634106874
27,1200,7,0.0011383101809769869
27,1200,8,0.00032315021962858737
27,1200,9,0.0002435907517792657
27,1200,10,0.00013879736070521176
27,1200,11,0.0
28,0,0,0.004722028039395809
28,0,1,0.00930599682033062
28,0,2,0.005512016359716654
28,0,3,0.003580481046810746
28,0,4,0.0033903371077030897
28,0,5,0.002715661423280835
28,0,6,0.0019379181321710348
28,0,7,0.0013884856598451734
28,0,8,0.0004049841081723571
28,0,9,0.0002892084012273699
28,0,10,0.00017735442088451236
28,0,11,0.0
28,100,0,0.005040097516030073
28,100,1,0.008825652301311493
28,100,2,0.005333714187145233
28,100,3,0.003600813914090395
28,100,4,0.00318566570058465
28,100,5,0.002671546069905162
28,100,6,0.0020814561285078526
28,100,7,0.0013085289392620325
28,100,8,0.0003935018612537533
28,100,9,0.0002921107807196677
28,100,10,0.0001633263600524515
28,100,11,0.0
28,200,0,0.004428863059729338
28,200,1,0.009117023088037968
28,200,2,0.0051931883208453655
28,200,3,0.0035956650972366333
28,200,4,0.00312888459302485
28,200,5,0.0024892946239560843
28,200,6,0.0018566122744232416
28,200,7,0.0011888551525771618
28,200,8,0.0003668138524517417
28,200,9,0.0002741620992310345
28,200,10,0.00015941192395985126
28,200,11,0.0
28,300,0,0.004185917321592569
28,300,1,0.00861064437776804
28,300,2,0.005027344450354576
28,300,3,0.003228656714782119
28,300,4,0.00286752637475729
28,300,5,0.002364868065342307
28,300,6,0.001747187809087336
28,300,7,0.001102886046282947
28,300,8,0.0002918094687629491
28,300,9,0.00024116816348396242
28,300,10,0.00013333093374967575
28,300,11,0.0
28,400,0,0.004790701437741518
28,400,1,0.008224799297749996
28,400,2,0.004720087628811598
28,400,3,0.0032951936591416597
28,400,4,0.002876909915357828
28,400,5,0.002382321283221245
28,400,6,0.001763191889040172
28,400,7,0.001164725050330162
28,400,8,0.0003443167370278388
28,400,9,0.0002462275151629001
28,400,10,0.00014590458886232227
28,400,11,0.0
28,500,0,0.004307881463319063
28,500,1,0.00821200106292963
28,500,2,0.005236373282968998
28,500,3,0.003309642430394888
28,500,4,0.0028181271627545357
28,500,5,0.002309246687218547
28,500,6,0.001792581519111991
28,500,7,0.0011179724242538214
28,500,8,0.00033029509359039366
28,500,9,0.0002590902440715581
28,500,10,0.00012565562792588025
28,500,11,0.0
28,600,0,0.004191819578409195
28,600,1,0.00877205841243267
28,600,2,0.005020552314817905
28,600,3,0.0035072166938334703
28,600,4,0.003153678262606263
28,600,5,0.002451896434649825
28,600,6,0.0018096305429935455
28,600,7,0.0011881304671987891
28,600,8,0.0003733465273398906
28,600,9,0.00023984613653738052
28,600,10,0.00014582918083760887
28,600,11,0.0
28,700,0,0.004606048110872507
28,700,1,0.009087467566132545
28,700,2,0.005256774835288525
28,700,3,0.003418862586840987
28,700,4,0.0027658999897539616
28,700,5,0.0022696126252412796
28,700,6,0.0019257747335359454
28,700,7,0.0013088389532640576
28,700,8,0.00037847805651836097
28,700,9,0.0002617743448354304
28,700,10,0.00013756459520664066
28,700,11,0.0
28,800,0,0.0047003296203911304
28,800,1,0.00900687463581562
28,800,2,0.004800194874405861
28,800,3,0.0032272946555167437
28,800,4,0.0030194094870239496
28,800,5,0.002277792664244771
28,800,6,0.0018422494176775217
28,800,7,0.001148850773461163
28,800,8,0.0003431732184253633
28,800,9,0.0002519799454603344
28,800,10,0.00013849274546373636
28,800,11,0.0
28,900,0,0.004602726083248854
28,900,1,0.008322495967149734
28,900,2,0.0047092256136238575
28,900,3,0.0035002895165234804
28,900,4,0.003042943775653839
28,900,5,0.002407902153208852
28,900,6,0.0017915882635861635
28,900,7,0.0011910489993169904
28,900,8,0.0003717403160408139
28,900,9,0.0002498013200238347
28,900,10,0.00013817382568959147
28,900,11,0.0
28,1000,0,0.004444528371095657
28,1000,1,0.00852731429040432
28,1000,2,0.004694868810474873
28,1000,3,0.003210504539310932
28,1000,4,0.002838005078956485
28,1000,5,0.0022056489251554012
28,1000,6,0.001824239268898964
28,1000,7,0.0011911691399291158
28,1000,8,0.0003442134184297174
28,1000,9,0.0002474422217346728
28,1000,10,0.00015519482258241624
28,1000,11,0.0
28,1100,0,0.004421449266374111
28,1100,1,0.008882161229848862
28,1100,2,0.004713872447609901
28,1100,3,0.0030063041485846043
28,1100,4,0.0025568190030753613
28,1100,5,0.002149108797311783
28,1100,6,0.001693515107035637
28,1100,7,0.0011243449989706278
28,1100,8,0.00032793497666716576
28,1100,9,0.000251541641773656
28,1100,10,0.0001578065857756883
28,1100,11,0.0
28,1200,0,0.004569483455270529
28,1200,1,0.009488438256084919
28,1200,2,0.004752329550683498
28,1200,3,0.0032128398306667805
28,1200,4,0.0029772392008453608
28,1200,5,0.0022904290817677975
28,1200,6,0.001766933943144977
28,1200,7,0.0011688212398439646
28,1200,8,0.0003229177964385599
28,1200,9,0.0002479302347637713
28,1200,10,0.0001525558327557519
28,1200,11,0.0
29,0,0,0.004833848215639591
29,0,1,0.008650879375636578
29,0,2,0.004813576117157936
29,0,3,0.003415934043005109
29,0,4,0.002868333365768194
29,0,5,0.0022236835211515427
29,0,6,0.0017765617230907083
29,0,7,0.0011620912700891495
29,0,8,0.00035982340341433883
29,0,9,0.0002420428500045091
29,0,10,0.00014082423876971006
29,0,11,0.0
29,100,0,0.0052001262083649635
29,100,1,0.010044682770967484
29,100,2,0.005758945364505053
29,100,3,0.003924452234059572
29,100,4,0.003075561486184597
29,100,5,0.0025169614236801863
29,100,6,0.0018963360926136374
29,100,7,0.0012838271213695407
29,100,8,0.0003687501302920282
29,100,9,0.000314759265165776
29,100,10,0.00016191187023650855
29,100,11,0.0
29,200,0,0.004433154594153166
29,200,1,0.00917687825858593
29,200,2,0.005226442590355873
29,200,3,0.0034463023766875267
29,200,4,0.0028598769567906857
29,200,5,0.0023319232277572155
29,200,6,0.0018580944743007421
29,200,7,0.0011353713925927877
29,200,8,0.0003677475906442851
29,200,9,0.00024213689903263003
29,200,10,0.00015557683946099132
29,200,11,0.0
29,300,0,0.00468117231503129
29,300,1,0.008572841994464397
29,300,2,0.004854768980294466
29,300,3,0.0033870518673211336
29,300,4,0.0028814056422561407
29,300,5,0.002404565690085292
29,300,6,0.0019249437609687448
29,300,7,0.0011924388818442822
29,300,8,0.0003665447293315083
29,300,9,0.00023195268295239657
29,300,10,0.0001453775621484965
29,300,11,0.0
29,400,0,0.004306057468056679
29,400,1,0.008347591385245323
29,400,2,0.0050279502756893635
29,400,3,0.0033937767148017883
29,400,4,0.0027134844567626715
29,400,5,0.002362676663324237
29,400,6,0.001812337781302631
29,400,7,0.0011798148043453693
29,400,8,0.0003330855688545853
29,400,9,0.000252892030403018
29,400,10,0.0001394503633491695
29,400,11,0.0
29,500,0,0.005155771970748901
29,500,1,0.010285977274179459
29,500,2,0.0051224022172391415
29,500,3,0.0035090497694909573
29,500,4,0.0030486604664474726
29,500,5,0.0024492740631103516
29,500,6,0.0019668531604111195
29,500,7,0.0012309338198974729
29,500,8,0.00037766669993288815
29,500,9,0.00025253702187910676
29,500,10,0.00015564488421659917
29,500,11,0.0
29,600,0,0.005219993181526661
29,600,1,0.009510129690170288
29,600,2,0.00499024149030447
29,600,3,0.0034193876199424267
29,600,4,0.002944240579381585
29,600,5,0.002333359094336629
29,600,6,0.0018851207569241524
29,600,7,0.0012434105155989528
29,600,8,0.00037437849096022546
29,600,9,0.000279524945653975
29,600,10,0.000157260408741422
29,600,11,0.0
29,700,0,0.004461899399757385
29,700,1,0.0089119803160429
29,700,2,0.005089691374450922
29,700,3,0.0033786999993026257
29,700,4,0.003013594774529338
29,700,5,0.0023871154990047216
29,700,6,0.0017446376150473952
29,700,7,0.00113929552026093
29,700,8,0.0003611353749874979
29,700,9,0.00025097152683883905
29,700,10,0.00013949695858173072
29,700,11,0.0
29,800,0,0.004712589085102081
29,800,1,0.008698172867298126
29,800,2,0.004688052460551262
29,800,3,0.0030923124868422747
29,800,4,0.0027223858051002026
29,800,5,0.0021127050276845694
29,800,6,0.0017916616052389145
29,800,7,0.0012153241550549865
29,800,8,0.0003388051118236035
29,800,9,0.00025295448722317815
29,800,10,0.0001356725551886484
29,800,11,0.0
29,900,0,0.005862555466592312
29,900,1,0.010057151317596436
29,900,2,0.005281263962388039
29,900,3,0.0036864669527858496
29,900,4,0.003279441501945257
29,900,5,0.002596235601231456
29,900,6,0.0019189224112778902
29,900,7,0.0012861770810559392
29,900,8,0.0004012696153949946
29,900,9,0.0002838179934769869
29,900,10,0.00016993744065985084
29,900,11,0.0
29,1000,0,0.004564146511256695
29,1000,1,0.008762683719396591
29,1000,2,0.005142656154930592
29,1000,3,0.0035241481382399797
29,1000,4,0.0028192726895213127
29,1000,5,0.0023777850437909365
29,1000,6,0.0018915875116363168
29,1000,7,0.0012331592151895165
29,1000,8,0.00036398813244886696
29,1000,9,0.00026802896172739565
29,1000,10,0.0001551081077195704
29,1000,11,0.0
29,1100,0,0.004627414513379335
29,1100,1,0.008523622527718544
29,1100,2,0.005392986349761486
29,1100,3,0.0036010730545967817
29,1100,4,0.0032333179842680693
29,1100,5,0.0024305074475705624
29,1100,6,0.0018920012516900897
29,1100,7,0.0012783047277480364
29,1100,8,0.0003746252041310072
29,1100,9,0.0002662988845258951
29,1100,10,0.00015005544992163777
29,1100,11,0.0
29,1200,0,0.005938358139246702
29,1200,1,0.011226912960410118
29,1200,2,0.005505661480128765
29,1200,3,0.00395029503852129
29,1200,4,0.0037668608129024506
29,1200,5,0.0028804936446249485
29,1200,6,0.0020998241379857063
29,1200,7,0.0013669355539605021
29,1200,8,0.0004514945321716368
29,1200,9,0.00030550165683962405
29,1200,10,0.00020593083172570914
29,1200,11,0.0
30,0,0,0.004634648095816374
30,0,1,0.00983954593539238
30,0,2,0.0051388852298259735
30,0,3,0.0035490349400788546
30,0,4,0.002759384922683239
30,0,5,0.002401910489425063
30,0,6,0.001902011688798666
30,0,7,0.0011971363564953208
30,0,8,0.00034362979931756854
30,0,9,0.00023694914125371724
30,0,10,0.0001546619605505839
30,0,11,0.0
30,100,0,0.005116255488246679
30,100,1,0.00989371445029974
30,100,2,0.005217331927269697
30,100,3,0.0036368337459862232
30,100,4,0.0030463796574622393
30,100,5,0.002391715766862035
30,100,6,0.0020434584002941847
30,100,7,0.0013165200361981988
30,100,8,0.00037326893652789295
30,100,9,0.0002484335273038596
30,100,10,0.0001441971689928323
30,100,11,0.0
30,200,0,0.004881396424025297
30,200,1,0.009409102611243725
30,200,2,0.005345191340893507
30,200,3,0.0035803134087473154
30,200,4,0.003164326073601842
30,200,5,0.0024227506946772337
30,200,6,0.0019683793652802706
30,200,7,0.001195301883853972
30,200,8,0.0003979322500526905
30,200,9,0.00026322726625949144
30,200,10,0.00014801864745095372
30,200,11,0.0
30,300,0,0.005200653802603483
30,300,1,0.010472096502780914
30,300,2,0.005095569416880608
30,300,3,0.0036135551054030657
30,300,4,0.0027657472528517246
30,300,5,0.00224071997217834
30,300,6,0.0020198591519147158
30,300,7,0.0012772728223353624
30,300,8,0.00035941277747042477
30,300,9,0.00023987324675545096
30,300,10,0.00014702275802846998
30,300,11,0.0
30,400,0,0.005264051724225283
30,400,1,0.010247700847685337
30,400,2,0.005386496894061565
30,400,3,0.0034767352044582367
30,400,4,0.0029794711153954268
30,400,5,0.0025356279220432043
30,400,6,0.0018830012995749712
30,400,7,0.001110375509597361
30,400,8,0.00036365253617987037
30,400,9,0.00024167195078916848
30,400,10,0.00015734707994852215
30,400,11,0.0
30,500,0,0.004584337119013071
30,500,1,0.009090227074921131
30,500,2,0.005199344828724861
30,500,3,0.003281134180724621
30,500,4,0.002988421358168125
30,500,5,0.002340403152629733
30,500,6,0.0019722043070942163
30,500,7,0.0012232959270477295
30,500,8,0.0003495379351079464
30,500,9,0.0002508960315026343
30,500,10,0.00017355821910314262
30,500,11,0.0
30,600,0,0.005158793646842241
30,600,1,0.010008201003074646
30,600,2,0.005152119789272547
30,600,3,0.0038447182159870863
30,600,4,0.003070833859965205
30,600,5,0.0026693004183471203
30,600,6,0.001960357651114464
30,600,7,0.0011800738284364343
30,600,8,0.00037629090365953743
30,600,9,0.0003207870468031615
30,600,10,0.00015749034355394542
30,600,11,0.0
30,700,0,0.004560251720249653
30,700,1,0.008791234344244003
30,700,2,0.004656528122723103
30,700,3,0.0032970155589282513
30,700,4,0.002865681890398264
30,700,5,0.002280264860019088
30,700,6,0.001717940205708146
30,700,7,0.0011640036245808005
30,700,8,0.0003624167002271861
30,700,9,0.00024076293630059808
30,700,10,0.00015274898032657802
30,700,11,0.0
30,800,0,0.004644215106964111
30,800,1,0.009774834848940372
30,800,2,0.004984699189662933
30,800,3,0.003350795479491353
30,800,4,0.0028892711270600557
30,800,5,0.0022464555222541094
30,800,6,0.0017587686888873577
30,800,7,0.0011243834160268307
30,800,8,0.00036838644882664084
30,800,9,0.00023742068151477724
30,800,10,0.00015364764840342104
30,800,11,0.0
30,900,0,0.004530368372797966
30,900,1,0.009849068708717823
30,900,2,0.004910138435661793
30,900,3,0.0033250064589083195
30,900,4,0.0028235181234776974
30,900,5,0.002358068944886327
30,900,6,0.0018289205618202686
30,900,7,0.0013092999579384923
30,900,8,0.0003417925618123263
30,900,9,0.0002390465815551579
30,900,10,0.0001362515176879242
30,900,11,0.0
30,1000,0,0.00470240181311965
30,1000,1,0.010207022540271282
30,1000,2,0.005129165481775999
30,1000,3,0.003406517207622528
30,1000,4,0.0028062297496944666
30,1000,5,0.0022653776686638594
30,1000,6,0.0019757456611841917
30,1000,7,0.001245221123099327
30,1000,8,0.0003574297297745943
30,1000,9,0.00025196949718520045
30,1000,10,0.00016225071158260107
30,1000,11,0.0
30,1100,0,0.004586418624967337
30,1100,1,0.010304117575287819
30,1100,2,0.005041690543293953
30,1100,3,0.003478422062471509
30,1100,4,0.0027854368090629578
30,1100,5,0.0022442289628088474
30,1100,6,0.00181439402513206
30,1100,7,0.0012643818045035005
30,1100,8,0.0003534638381097466
30,1100,9,0.0002561186265666038
30,1100,10,0.0001717516133794561
30,1100,11,0.0
30,1200,0,0.005742869805544615
30,1200,1,0.0119902603328228
30,1200,2,0.00567328417673707
30,1200,3,0.004319022409617901
30,1200,4,0.0034367870539426804
30,1200,5,0.002793061314150691
30,1200,6,0.002160644391551614
30,1200,7,0.0014778643380850554
30,1200,8,0.0004236513050273061
30,1200,9,0.00032171118073165417
30,1200,10,0.0001794142444850877
30,1200,11,0.0
