scope,run_id,arch,recipe_actual,variant,stage,transform,descriptor,diagnostic,n,spearman_rho,mean_acc_exact,mean_diagnostic,endpoint_class
within_checkpoint,legacy_e2_vit_base_nomixdir_baseline,vit_base,mixup,baseline,s11_out,T0,l2,count_mad_s11,2000,MISSING,1,24.9685,secondary
within_checkpoint,legacy_e2_vit_base_nomixdir_baseline,vit_base,mixup,baseline,s11_out,T0,l2,count_mad_stage,2000,MISSING,1,24.9685,secondary
within_checkpoint,legacy_e2_vit_base_nomixdir_baseline,vit_base,mixup,baseline,s11_out,T0,centred_l2,count_mad_s11,2000,MISSING,1,24.9685,secondary
within_checkpoint,legacy_e2_vit_base_nomixdir_baseline,vit_base,mixup,baseline,s11_out,T0,centred_l2,count_mad_stage,2000,MISSING,1,24.9685,secondary
within_checkpoint,legacy_e2_vit_base_nomixdir_baseline,vit_base,mixup,baseline,hist,T0,l2,count_mad_s11,2000,MISSING,1,24.9685,secondary
within_checkpoint,legacy_e2_vit_base_nomixdir_baseline,vit_base,mixup,baseline,hist,T0,l2,count_mad_stage,2000,MISSING,1,10.3505,secondary
within_checkpoint,legacy_e2_vit_base_nomixdir_baseline,vit_base,mixup,baseline,hist,T0,centred_l2,count_mad_s11,2000,MISSING,1,24.9685,secondary
within_checkpoint,legacy_e2_vit_base_nomixdir_baseline,vit_base,mixup,baseline,hist,T0,centred_l2,count_mad_stage,2000,MISSING,1,10.3505,secondary
within_checkpoint,legacy_e2_vit_base_nomixdir_baseline,vit_base,mixup,baseline,s12_post_norm,T0,l2,count_mad_s11,2000,MISSING,1,24.9685,secondary
within_checkpoint,legacy_e2_vit_base_nomixdir_baseline,vit_base,mixup,baseline,s12_post_norm,T0,l2,count_mad_stage,2000,MISSING,1,0.0015,secondary
within_checkpoint,legacy_e2_vit_base_nomixdir_baseline,vit_base,mixup,baseline,s12_post_norm,T0,centred_l2,count_mad_s11,2000,MISSING,1,24.9685,secondary
within_checkpoint,legacy_e2_vit_base_nomixdir_baseline,vit_base,mixup,baseline,s12_post_norm,T0,centred_l2,count_mad_stage,2000,MISSING,1,0.0015,secondary
within_checkpoint,legacy_e2_vit_base_nomixdir_baseline,vit_base,mixup,baseline,s11_out,T1,l2,count_mad_s11,2000,-0.2892902861,0.848994898,24.9685,secondary
within_checkpoint,legacy_e2_vit_base_nomixdir_baseline,vit_base,mixup,baseline,s11_out,T1,l2,count_mad_stage,2000,-0.2892902861,0.848994898,24.9685,secondary
within_checkpoint,legacy_e2_vit_base_nomixdir_baseline,vit_base,mixup,baseline,s11_out,T1,centred_l2,count_mad_s11,2000,-0.2856398642,0.8469591837,24.9685,secondary
within_checkpoint,legacy_e2_vit_base_nomixdir_baseline,vit_base,mixup,baseline,s11_out,T1,centred_l2,count_mad_stage,2000,-0.2856398642,0.8469591837,24.9685,secondary
within_checkpoint,legacy_e2_vit_base_nomixdir_baseline,vit_base,mixup,baseline,hist,T1,l2,count_mad_s11,2000,-0.2869072178,0.8240459184,24.9685,secondary
within_checkpoint,legacy_e2_vit_base_nomixdir_baseline,vit_base,mixup,baseline,hist,T1,l2,count_mad_stage,2000,-0.0003328256628,0.8240459184,10.3505,secondary
within_checkpoint,legacy_e2_vit_base_nomixdir_baseline,vit_base,mixup,baseline,hist,T1,centred_l2,count_mad_s11,2000,-0.2901396473,0.8241607143,24.9685,secondary
within_checkpoint,legacy_e2_vit_base_nomixdir_baseline,vit_base,mixup,baseline,hist,T1,centred_l2,count_mad_stage,2000,4.566535643e-05,0.8241607143,10.3505,secondary
within_checkpoint,legacy_e2_vit_base_nomixdir_baseline,vit_base,mixup,baseline,s12_post_norm,T1,l2,count_mad_s11,2000,-0.2763913353,0.8468647959,24.9685,secondary
within_checkpoint,legacy_e2_vit_base_nomixdir_baseline,vit_base,mixup,baseline,s12_post_norm,T1,l2,count_mad_stage,2000,-0.003799344732,0.8468647959,0.0015,secondary
within_checkpoint,legacy_e2_vit_base_nomixdir_baseline,vit_base,mixup,baseline,s12_post_norm,T1,centred_l2,count_mad_s11,2000,-0.2782781395,0.8470357143,24.9685,secondary
within_checkpoint,legacy_e2_vit_base_nomixdir_baseline,vit_base,mixup,baseline,s12_post_norm,T1,centred_l2,count_mad_stage,2000,0.0005298807207,0.8470357143,0.0015,secondary
within_checkpoint,legacy_e2_vit_base_nomixdir_baseline,vit_base,mixup,baseline,s11_out,T2,l2,count_mad_s11,2000,-0.2434327826,0.8695851648,25.291,secondary
within_checkpoint,legacy_e2_vit_base_nomixdir_baseline,vit_base,mixup,baseline,s11_out,T2,l2,count_mad_stage,2000,-0.2434327826,0.8695851648,25.291,secondary
within_checkpoint,legacy_e2_vit_base_nomixdir_baseline,vit_base,mixup,baseline,s11_out,T2,centred_l2,count_mad_s11,2000,-0.2431123125,0.8678241758,25.291,secondary
within_checkpoint,legacy_e2_vit_base_nomixdir_baseline,vit_base,mixup,baseline,s11_out,T2,centred_l2,count_mad_stage,2000,-0.2431123125,0.8678241758,25.291,secondary
within_checkpoint,legacy_e2_vit_base_nomixdir_baseline,vit_base,mixup,baseline,hist,T2,l2,count_mad_s11,2000,-0.2327776744,0.855043956,25.291,secondary
within_checkpoint,legacy_e2_vit_base_nomixdir_baseline,vit_base,mixup,baseline,hist,T2,l2,count_mad_stage,2000,-0.09177053883,0.855043956,10.511,secondary
within_checkpoint,legacy_e2_vit_base_nomixdir_baseline,vit_base,mixup,baseline,hist,T2,centred_l2,count_mad_s11,2000,-0.2309552629,0.8550824176,25.291,secondary
within_checkpoint,legacy_e2_vit_base_nomixdir_baseline,vit_base,mixup,baseline,hist,T2,centred_l2,count_mad_stage,2000,-0.09468670228,0.8550824176,10.511,secondary
within_checkpoint,legacy_e2_vit_base_nomixdir_baseline,vit_base,mixup,baseline,s12_post_norm,T2,l2,count_mad_s11,2000,-0.2255320465,0.8705741758,25.291,secondary
within_checkpoint,legacy_e2_vit_base_nomixdir_baseline,vit_base,mixup,baseline,s12_post_norm,T2,l2,count_mad_stage,2000,-0.02510163631,0.8705741758,0.0025,secondary
within_checkpoint,legacy_e2_vit_base_nomixdir_baseline,vit_base,mixup,baseline,s12_post_norm,T2,centred_l2,count_mad_s11,2000,-0.2282486457,0.8699725275,25.291,secondary
within_checkpoint,legacy_e2_vit_base_nomixdir_baseline,vit_base,mixup,baseline,s12_post_norm,T2,centred_l2,count_mad_stage,2000,-0.02490804588,0.8699725275,0.0025,secondary
within_checkpoint,legacy_e2_vit_base_nomixdir_baseline,vit_base,mixup,baseline,s11_out,T3,l2,count_mad_s11,2000,-0.2272193546,0.8478125,25.397,secondary
within_checkpoint,legacy_e2_vit_base_nomixdir_baseline,vit_base,mixup,baseline,s11_out,T3,l2,count_mad_stage,2000,-0.2272193546,0.8478125,25.397,secondary
within_checkpoint,legacy_e2_vit_base_nomixdir_baseline,vit_base,mixup,baseline,s11_out,T3,centred_l2,count_mad_s11,2000,-0.2253630091,0.8458720238,25.397,secondary
within_checkpoint,legacy_e2_vit_base_nomixdir_baseline,vit_base,mixup,baseline,s11_out,T3,centred_l2,count_mad_stage,2000,-0.2253630091,0.8458720238,25.397,secondary
within_checkpoint,legacy_e2_vit_base_nomixdir_baseline,vit_base,mixup,baseline,hist,T3,l2,count_mad_s11,2000,-0.2230420579,0.8280982143,25.397,secondary
within_checkpoint,legacy_e2_vit_base_nomixdir_baseline,vit_base,mixup,baseline,hist,T3,l2,count_mad_stage,2000,-0.1082582402,0.8280982143,10.638,secondary
within_checkpoint,legacy_e2_vit_base_nomixdir_baseline,vit_base,mixup,baseline,hist,T3,centred_l2,count_mad_s11,2000,-0.228646734,0.8282529762,25.397,secondary
within_checkpoint,legacy_e2_vit_base_nomixdir_baseline,vit_base,mixup,baseline,hist,T3,centred_l2,count_mad_stage,2000,-0.1150763009,0.8282529762,10.638,secondary
within_checkpoint,legacy_e2_vit_base_nomixdir_baseline,vit_base,mixup,baseline,s12_post_norm,T3,l2,count_mad_s11,2000,-0.2091292576,0.8470714286,25.397,secondary
within_checkpoint,legacy_e2_vit_base_nomixdir_baseline,vit_base,mixup,baseline,s12_post_norm,T3,l2,count_mad_stage,2000,-0.03976662744,0.8470714286,0.0045,secondary
within_checkpoint,legacy_e2_vit_base_nomixdir_baseline,vit_base,mixup,baseline,s12_post_norm,T3,centred_l2,count_mad_s11,2000,-0.2156344833,0.8468125,25.397,secondary
within_checkpoint,legacy_e2_vit_base_nomixdir_baseline,vit_base,mixup,baseline,s12_post_norm,T3,centred_l2,count_mad_stage,2000,-0.04041151044,0.8468125,0.0045,secondary
within_checkpoint,e2r_vitb_mixup_baseline_s1,vit_base,mixup,baseline,s11_out,T0,l2,count_mad_s11,2000,MISSING,1,14.049,secondary
within_checkpoint,e2r_vitb_mixup_baseline_s1,vit_base,mixup,baseline,s11_out,T0,l2,count_mad_stage,2000,MISSING,1,14.049,secondary
within_checkpoint,e2r_vitb_mixup_baseline_s1,vit_base,mixup,baseline,s11_out,T0,centred_l2,count_mad_s11,2000,MISSING,1,14.049,secondary
within_checkpoint,e2r_vitb_mixup_baseline_s1,vit_base,mixup,baseline,s11_out,T0,centred_l2,count_mad_stage,2000,MISSING,1,14.049,secondary
within_checkpoint,e2r_vitb_mixup_baseline_s1,vit_base,mixup,baseline,hist,T0,l2,count_mad_s11,2000,MISSING,1,14.049,secondary
within_checkpoint,e2r_vitb_mixup_baseline_s1,vit_base,mixup,baseline,hist,T0,l2,count_mad_stage,2000,MISSING,1,9.5685,secondary
within_checkpoint,e2r_vitb_mixup_baseline_s1,vit_base,mixup,baseline,hist,T0,centred_l2,count_mad_s11,2000,MISSING,1,14.049,secondary
within_checkpoint,e2r_vitb_mixup_baseline_s1,vit_base,mixup,baseline,hist,T0,centred_l2,count_mad_stage,2000,MISSING,1,9.5685,secondary
within_checkpoint,e2r_vitb_mixup_baseline_s1,vit_base,mixup,baseline,s12_post_norm,T0,l2,count_mad_s11,2000,MISSING,1,14.049,secondary
within_checkpoint,e2r_vitb_mixup_baseline_s1,vit_base,mixup,baseline,s12_post_norm,T0,l2,count_mad_stage,2000,MISSING,1,1.0355,secondary
within_checkpoint,e2r_vitb_mixup_baseline_s1,vit_base,mixup,baseline,s12_post_norm,T0,centred_l2,count_mad_s11,2000,MISSING,1,14.049,secondary
within_checkpoint,e2r_vitb_mixup_baseline_s1,vit_base,mixup,baseline,s12_post_norm,T0,centred_l2,count_mad_stage,2000,MISSING,1,1.0355,secondary
within_checkpoint,e2r_vitb_mixup_baseline_s1,vit_base,mixup,baseline,s11_out,T1,l2,count_mad_s11,2000,0.03545315461,0.8025739796,14.049,secondary
within_checkpoint,e2r_vitb_mixup_baseline_s1,vit_base,mixup,baseline,s11_out,T1,l2,count_mad_stage,2000,0.03545315461,0.8025739796,14.049,secondary
within_checkpoint,e2r_vitb_mixup_baseline_s1,vit_base,mixup,baseline,s11_out,T1,centred_l2,count_mad_s11,2000,0.03834334973,0.7999668367,14.049,secondary
within_checkpoint,e2r_vitb_mixup_baseline_s1,vit_base,mixup,baseline,s11_out,T1,centred_l2,count_mad_stage,2000,0.03834334973,0.7999668367,14.049,secondary
within_checkpoint,e2r_vitb_mixup_baseline_s1,vit_base,mixup,baseline,hist,T1,l2,count_mad_s11,2000,0.04915895826,0.7954821429,14.049,secondary
within_checkpoint,e2r_vitb_mixup_baseline_s1,vit_base,mixup,baseline,hist,T1,l2,count_mad_stage,2000,-0.2965167065,0.7954821429,9.5685,secondary
within_checkpoint,e2r_vitb_mixup_baseline_s1,vit_base,mixup,baseline,hist,T1,centred_l2,count_mad_s11,2000,0.03521305717,0.7966530612,14.049,secondary
within_checkpoint,e2r_vitb_mixup_baseline_s1,vit_base,mixup,baseline,hist,T1,centred_l2,count_mad_stage,2000,-0.3024323642,0.7966530612,9.5685,secondary
within_checkpoint,e2r_vitb_mixup_baseline_s1,vit_base,mixup,baseline,s12_post_norm,T1,l2,count_mad_s11,2000,0.03083127978,0.8051709184,14.049,secondary
within_checkpoint,e2r_vitb_mixup_baseline_s1,vit_base,mixup,baseline,s12_post_norm,T1,l2,count_mad_stage,2000,0.04914957091,0.8051709184,1.0355,secondary
within_checkpoint,e2r_vitb_mixup_baseline_s1,vit_base,mixup,baseline,s12_post_norm,T1,centred_l2,count_mad_s11,2000,0.03229898386,0.8067576531,14.049,secondary
within_checkpoint,e2r_vitb_mixup_baseline_s1,vit_base,mixup,baseline,s12_post_norm,T1,centred_l2,count_mad_stage,2000,0.0509874197,0.8067576531,1.0355,secondary
within_checkpoint,e2r_vitb_mixup_baseline_s1,vit_base,mixup,baseline,s11_out,T2,l2,count_mad_s11,2000,-0.1556009004,0.8382527473,13.847,secondary
within_checkpoint,e2r_vitb_mixup_baseline_s1,vit_base,mixup,baseline,s11_out,T2,l2,count_mad_stage,2000,-0.1556009004,0.8382527473,13.847,secondary
within_checkpoint,e2r_vitb_mixup_baseline_s1,vit_base,mixup,baseline,s11_out,T2,centred_l2,count_mad_s11,2000,-0.1569906839,0.8371071429,13.847,secondary
within_checkpoint,e2r_vitb_mixup_baseline_s1,vit_base,mixup,baseline,s11_out,T2,centred_l2,count_mad_stage,2000,-0.1569906839,0.8371071429,13.847,secondary
within_checkpoint,e2r_vitb_mixup_baseline_s1,vit_base,mixup,baseline,hist,T2,l2,count_mad_s11,2000,-0.1529136514,0.8330961538,13.847,secondary
within_checkpoint,e2r_vitb_mixup_baseline_s1,vit_base,mixup,baseline,hist,T2,l2,count_mad_stage,2000,-0.4122808627,0.8330961538,9.8585,secondary
within_checkpoint,e2r_vitb_mixup_baseline_s1,vit_base,mixup,baseline,hist,T2,centred_l2,count_mad_s11,2000,-0.1620827115,0.8341208791,13.847,secondary
within_checkpoint,e2r_vitb_mixup_baseline_s1,vit_base,mixup,baseline,hist,T2,centred_l2,count_mad_stage,2000,-0.4116991079,0.8341208791,9.8585,secondary
within_checkpoint,e2r_vitb_mixup_baseline_s1,vit_base,mixup,baseline,s12_post_norm,T2,l2,count_mad_s11,2000,-0.1619017363,0.8400659341,13.847,secondary
within_checkpoint,e2r_vitb_mixup_baseline_s1,vit_base,mixup,baseline,s12_post_norm,T2,l2,count_mad_stage,2000,-0.02947691995,0.8400659341,0.612,secondary
within_checkpoint,e2r_vitb_mixup_baseline_s1,vit_base,mixup,baseline,s12_post_norm,T2,centred_l2,count_mad_s11,2000,-0.1627693291,0.8420961538,13.847,secondary
within_checkpoint,e2r_vitb_mixup_baseline_s1,vit_base,mixup,baseline,s12_post_norm,T2,centred_l2,count_mad_stage,2000,-0.02926299539,0.8420961538,0.612,secondary
within_checkpoint,e2r_vitb_mixup_baseline_s1,vit_base,mixup,baseline,s11_out,T3,l2,count_mad_s11,2000,-0.1303305117,0.8105833333,14.256,secondary
within_checkpoint,e2r_vitb_mixup_baseline_s1,vit_base,mixup,baseline,s11_out,T3,l2,count_mad_stage,2000,-0.1303305117,0.8105833333,14.256,secondary
within_checkpoint,e2r_vitb_mixup_baseline_s1,vit_base,mixup,baseline,s11_out,T3,centred_l2,count_mad_s11,2000,-0.1319828484,0.8087380952,14.256,secondary
within_checkpoint,e2r_vitb_mixup_baseline_s1,vit_base,mixup,baseline,s11_out,T3,centred_l2,count_mad_stage,2000,-0.1319828484,0.8087380952,14.256,secondary
within_checkpoint,e2r_vitb_mixup_baseline_s1,vit_base,mixup,baseline,hist,T3,l2,count_mad_s11,2000,-0.1218413114,0.8026607143,14.256,secondary
within_checkpoint,e2r_vitb_mixup_baseline_s1,vit_base,mixup,baseline,hist,T3,l2,count_mad_stage,2000,-0.3648416703,0.8026607143,9.8995,secondary
within_checkpoint,e2r_vitb_mixup_baseline_s1,vit_base,mixup,baseline,hist,T3,centred_l2,count_mad_s11,2000,-0.1379487791,0.8049315476,14.256,secondary
within_checkpoint,e2r_vitb_mixup_baseline_s1,vit_base,mixup,baseline,hist,T3,centred_l2,count_mad_stage,2000,-0.3676594024,0.8049315476,9.8995,secondary
within_checkpoint,e2r_vitb_mixup_baseline_s1,vit_base,mixup,baseline,s12_post_norm,T3,l2,count_mad_s11,2000,-0.1358101804,0.8119404762,14.256,secondary
within_checkpoint,e2r_vitb_mixup_baseline_s1,vit_base,mixup,baseline,s12_post_norm,T3,l2,count_mad_stage,2000,-0.01596038061,0.8119404762,0.83,secondary
within_checkpoint,e2r_vitb_mixup_baseline_s1,vit_base,mixup,baseline,s12_post_norm,T3,centred_l2,count_mad_s11,2000,-0.1400691199,0.8147410714,14.256,secondary
within_checkpoint,e2r_vitb_mixup_baseline_s1,vit_base,mixup,baseline,s12_post_norm,T3,centred_l2,count_mad_stage,2000,-0.01044061524,0.8147410714,0.83,secondary
within_checkpoint,legacy_e2_vit_small_mixupdir_baseline,vit_small,mixup,baseline,s11_out,T0,l2,count_mad_s11,2000,MISSING,1,14.517,secondary
within_checkpoint,legacy_e2_vit_small_mixupdir_baseline,vit_small,mixup,baseline,s11_out,T0,l2,count_mad_stage,2000,MISSING,1,14.517,secondary
within_checkpoint,legacy_e2_vit_small_mixupdir_baseline,vit_small,mixup,baseline,s11_out,T0,centred_l2,count_mad_s11,2000,MISSING,1,14.517,secondary
within_checkpoint,legacy_e2_vit_small_mixupdir_baseline,vit_small,mixup,baseline,s11_out,T0,centred_l2,count_mad_stage,2000,MISSING,1,14.517,secondary
within_checkpoint,legacy_e2_vit_small_mixupdir_baseline,vit_small,mixup,baseline,hist,T0,l2,count_mad_s11,2000,MISSING,1,14.517,secondary
within_checkpoint,legacy_e2_vit_small_mixupdir_baseline,vit_small,mixup,baseline,hist,T0,l2,count_mad_stage,2000,MISSING,1,14.079,secondary
within_checkpoint,legacy_e2_vit_small_mixupdir_baseline,vit_small,mixup,baseline,hist,T0,centred_l2,count_mad_s11,2000,MISSING,1,14.517,secondary
within_checkpoint,legacy_e2_vit_small_mixupdir_baseline,vit_small,mixup,baseline,hist,T0,centred_l2,count_mad_stage,2000,MISSING,1,14.079,secondary
within_checkpoint,legacy_e2_vit_small_mixupdir_baseline,vit_small,mixup,baseline,s12_post_norm,T0,l2,count_mad_s11,2000,MISSING,1,14.517,secondary
within_checkpoint,legacy_e2_vit_small_mixupdir_baseline,vit_small,mixup,baseline,s12_post_norm,T0,l2,count_mad_stage,2000,MISSING,1,0,secondary
within_checkpoint,legacy_e2_vit_small_mixupdir_baseline,vit_small,mixup,baseline,s12_post_norm,T0,centred_l2,count_mad_s11,2000,MISSING,1,14.517,secondary
within_checkpoint,legacy_e2_vit_small_mixupdir_baseline,vit_small,mixup,baseline,s12_post_norm,T0,centred_l2,count_mad_stage,2000,MISSING,1,0,secondary
within_checkpoint,legacy_e2_vit_small_mixupdir_baseline,vit_small,mixup,baseline,s11_out,T1,l2,count_mad_s11,2000,-0.3261002428,0.8928979592,14.517,secondary
within_checkpoint,legacy_e2_vit_small_mixupdir_baseline,vit_small,mixup,baseline,s11_out,T1,l2,count_mad_stage,2000,-0.3261002428,0.8928979592,14.517,secondary
within_checkpoint,legacy_e2_vit_small_mixupdir_baseline,vit_small,mixup,baseline,s11_out,T1,centred_l2,count_mad_s11,2000,-0.3237750229,0.8930943878,14.517,secondary
within_checkpoint,legacy_e2_vit_small_mixupdir_baseline,vit_small,mixup,baseline,s11_out,T1,centred_l2,count_mad_stage,2000,-0.3237750229,0.8930943878,14.517,secondary
within_checkpoint,legacy_e2_vit_small_mixupdir_baseline,vit_small,mixup,baseline,hist,T1,l2,count_mad_s11,2000,-0.3269306911,0.8894821429,14.517,secondary
within_checkpoint,legacy_e2_vit_small_mixupdir_baseline,vit_small,mixup,baseline,hist,T1,l2,count_mad_stage,2000,-0.3622079921,0.8894821429,14.079,secondary
within_checkpoint,legacy_e2_vit_small_mixupdir_baseline,vit_small,mixup,baseline,hist,T1,centred_l2,count_mad_s11,2000,-0.3259043608,0.8880739796,14.517,secondary
within_checkpoint,legacy_e2_vit_small_mixupdir_baseline,vit_small,mixup,baseline,hist,T1,centred_l2,count_mad_stage,2000,-0.3603264252,0.8880739796,14.079,secondary
within_checkpoint,legacy_e2_vit_small_mixupdir_baseline,vit_small,mixup,baseline,s12_post_norm,T1,l2,count_mad_s11,2000,-0.3379263919,0.8955280612,14.517,secondary
within_checkpoint,legacy_e2_vit_small_mixupdir_baseline,vit_small,mixup,baseline,s12_post_norm,T1,l2,count_mad_stage,2000,MISSING,0.8955280612,0,secondary
within_checkpoint,legacy_e2_vit_small_mixupdir_baseline,vit_small,mixup,baseline,s12_post_norm,T1,centred_l2,count_mad_s11,2000,-0.3354497951,0.8951632653,14.517,secondary
within_checkpoint,legacy_e2_vit_small_mixupdir_baseline,vit_small,mixup,baseline,s12_post_norm,T1,centred_l2,count_mad_stage,2000,MISSING,0.8951632653,0,secondary
within_checkpoint,legacy_e2_vit_small_mixupdir_baseline,vit_small,mixup,baseline,s11_out,T2,l2,count_mad_s11,2000,-0.3151413945,0.9050824176,14.829,secondary
within_checkpoint,legacy_e2_vit_small_mixupdir_baseline,vit_small,mixup,baseline,s11_out,T2,l2,count_mad_stage,2000,-0.3151413945,0.9050824176,14.829,secondary
within_checkpoint,legacy_e2_vit_small_mixupdir_baseline,vit_small,mixup,baseline,s11_out,T2,centred_l2,count_mad_s11,2000,-0.3123511543,0.9053571429,14.829,secondary
within_checkpoint,legacy_e2_vit_small_mixupdir_baseline,vit_small,mixup,baseline,s11_out,T2,centred_l2,count_mad_stage,2000,-0.3123511543,0.9053571429,14.829,secondary
within_checkpoint,legacy_e2_vit_small_mixupdir_baseline,vit_small,mixup,baseline,hist,T2,l2,count_mad_s11,2000,-0.3204082367,0.9031016484,14.829,secondary
within_checkpoint,legacy_e2_vit_small_mixupdir_baseline,vit_small,mixup,baseline,hist,T2,l2,count_mad_stage,2000,-0.3845911375,0.9031016484,14.1215,secondary
within_checkpoint,legacy_e2_vit_small_mixupdir_baseline,vit_small,mixup,baseline,hist,T2,centred_l2,count_mad_s11,2000,-0.3187908996,0.9018653846,14.829,secondary
within_checkpoint,legacy_e2_vit_small_mixupdir_baseline,vit_small,mixup,baseline,hist,T2,centred_l2,count_mad_stage,2000,-0.3848101616,0.9018653846,14.1215,secondary
within_checkpoint,legacy_e2_vit_small_mixupdir_baseline,vit_small,mixup,baseline,s12_post_norm,T2,l2,count_mad_s11,2000,-0.3108274029,0.9080467033,14.829,secondary
within_checkpoint,legacy_e2_vit_small_mixupdir_baseline,vit_small,mixup,baseline,s12_post_norm,T2,l2,count_mad_stage,2000,MISSING,0.9080467033,0,secondary
within_checkpoint,legacy_e2_vit_small_mixupdir_baseline,vit_small,mixup,baseline,s12_post_norm,T2,centred_l2,count_mad_s11,2000,-0.3190823741,0.9076950549,14.829,secondary
within_checkpoint,legacy_e2_vit_small_mixupdir_baseline,vit_small,mixup,baseline,s12_post_norm,T2,centred_l2,count_mad_stage,2000,MISSING,0.9076950549,0,secondary
within_checkpoint,legacy_e2_vit_small_mixupdir_baseline,vit_small,mixup,baseline,s11_out,T3,l2,count_mad_s11,2000,-0.3404992768,0.894547619,14.8585,secondary
within_checkpoint,legacy_e2_vit_small_mixupdir_baseline,vit_small,mixup,baseline,s11_out,T3,l2,count_mad_stage,2000,-0.3404992768,0.894547619,14.8585,secondary
within_checkpoint,legacy_e2_vit_small_mixupdir_baseline,vit_small,mixup,baseline,s11_out,T3,centred_l2,count_mad_s11,2000,-0.3407294349,0.8952380952,14.8585,secondary
within_checkpoint,legacy_e2_vit_small_mixupdir_baseline,vit_small,mixup,baseline,s11_out,T3,centred_l2,count_mad_stage,2000,-0.3407294349,0.8952380952,14.8585,secondary
within_checkpoint,legacy_e2_vit_small_mixupdir_baseline,vit_small,mixup,baseline,hist,T3,l2,count_mad_s11,2000,-0.3341921294,0.8914732143,14.8585,secondary
within_checkpoint,legacy_e2_vit_small_mixupdir_baseline,vit_small,mixup,baseline,hist,T3,l2,count_mad_stage,2000,-0.3662537526,0.8914732143,14.2995,secondary
within_checkpoint,legacy_e2_vit_small_mixupdir_baseline,vit_small,mixup,baseline,hist,T3,centred_l2,count_mad_s11,2000,-0.3386559044,0.8908511905,14.8585,secondary
within_checkpoint,legacy_e2_vit_small_mixupdir_baseline,vit_small,mixup,baseline,hist,T3,centred_l2,count_mad_stage,2000,-0.3716298852,0.8908511905,14.2995,secondary
within_checkpoint,legacy_e2_vit_small_mixupdir_baseline,vit_small,mixup,baseline,s12_post_norm,T3,l2,count_mad_s11,2000,-0.3396897917,0.897514881,14.8585,secondary
within_checkpoint,legacy_e2_vit_small_mixupdir_baseline,vit_small,mixup,baseline,s12_post_norm,T3,l2,count_mad_stage,2000,MISSING,0.897514881,0,secondary
within_checkpoint,legacy_e2_vit_small_mixupdir_baseline,vit_small,mixup,baseline,s12_post_norm,T3,centred_l2,count_mad_s11,2000,-0.349493188,0.8975952381,14.8585,secondary
within_checkpoint,legacy_e2_vit_small_mixupdir_baseline,vit_small,mixup,baseline,s12_post_norm,T3,centred_l2,count_mad_stage,2000,MISSING,0.8975952381,0,secondary
within_checkpoint,legacy_e2_vit_small_nomixdir_baseline,vit_small,mixup,baseline,s11_out,T0,l2,count_mad_s11,2000,MISSING,1,18.479,secondary
within_checkpoint,legacy_e2_vit_small_nomixdir_baseline,vit_small,mixup,baseline,s11_out,T0,l2,count_mad_stage,2000,MISSING,1,18.479,secondary
within_checkpoint,legacy_e2_vit_small_nomixdir_baseline,vit_small,mixup,baseline,s11_out,T0,centred_l2,count_mad_s11,2000,MISSING,1,18.479,secondary
within_checkpoint,legacy_e2_vit_small_nomixdir_baseline,vit_small,mixup,baseline,s11_out,T0,centred_l2,count_mad_stage,2000,MISSING,1,18.479,secondary
within_checkpoint,legacy_e2_vit_small_nomixdir_baseline,vit_small,mixup,baseline,hist,T0,l2,count_mad_s11,2000,MISSING,1,18.479,secondary
within_checkpoint,legacy_e2_vit_small_nomixdir_baseline,vit_small,mixup,baseline,hist,T0,l2,count_mad_stage,2000,MISSING,1,16.832,secondary
within_checkpoint,legacy_e2_vit_small_nomixdir_baseline,vit_small,mixup,baseline,hist,T0,centred_l2,count_mad_s11,2000,MISSING,1,18.479,secondary
within_checkpoint,legacy_e2_vit_small_nomixdir_baseline,vit_small,mixup,baseline,hist,T0,centred_l2,count_mad_stage,2000,MISSING,1,16.832,secondary
within_checkpoint,legacy_e2_vit_small_nomixdir_baseline,vit_small,mixup,baseline,s12_post_norm,T0,l2,count_mad_s11,2000,MISSING,1,18.479,secondary
within_checkpoint,legacy_e2_vit_small_nomixdir_baseline,vit_small,mixup,baseline,s12_post_norm,T0,l2,count_mad_stage,2000,MISSING,1,0.016,secondary
within_checkpoint,legacy_e2_vit_small_nomixdir_baseline,vit_small,mixup,baseline,s12_post_norm,T0,centred_l2,count_mad_s11,2000,MISSING,1,18.479,secondary
within_checkpoint,legacy_e2_vit_small_nomixdir_baseline,vit_small,mixup,baseline,s12_post_norm,T0,centred_l2,count_mad_stage,2000,MISSING,1,0.016,secondary
within_checkpoint,legacy_e2_vit_small_nomixdir_baseline,vit_small,mixup,baseline,s11_out,T1,l2,count_mad_s11,2000,-0.4057858321,0.8988163265,18.479,secondary
within_checkpoint,legacy_e2_vit_small_nomixdir_baseline,vit_small,mixup,baseline,s11_out,T1,l2,count_mad_stage,2000,-0.4057858321,0.8988163265,18.479,secondary
within_checkpoint,legacy_e2_vit_small_nomixdir_baseline,vit_small,mixup,baseline,s11_out,T1,centred_l2,count_mad_s11,2000,-0.4042775212,0.8991326531,18.479,secondary
within_checkpoint,legacy_e2_vit_small_nomixdir_baseline,vit_small,mixup,baseline,s11_out,T1,centred_l2,count_mad_stage,2000,-0.4042775212,0.8991326531,18.479,secondary
within_checkpoint,legacy_e2_vit_small_nomixdir_baseline,vit_small,mixup,baseline,hist,T1,l2,count_mad_s11,2000,-0.3978989742,0.8961632653,18.479,secondary
within_checkpoint,legacy_e2_vit_small_nomixdir_baseline,vit_small,mixup,baseline,hist,T1,l2,count_mad_stage,2000,-0.3536009398,0.8961632653,16.832,secondary
within_checkpoint,legacy_e2_vit_small_nomixdir_baseline,vit_small,mixup,baseline,hist,T1,centred_l2,count_mad_s11,2000,-0.4045452138,0.8947423469,18.479,secondary
within_checkpoint,legacy_e2_vit_small_nomixdir_baseline,vit_small,mixup,baseline,hist,T1,centred_l2,count_mad_stage,2000,-0.3568238625,0.8947423469,16.832,secondary
within_checkpoint,legacy_e2_vit_small_nomixdir_baseline,vit_small,mixup,baseline,s12_post_norm,T1,l2,count_mad_s11,2000,-0.3972738387,0.9014591837,18.479,secondary
within_checkpoint,legacy_e2_vit_small_nomixdir_baseline,vit_small,mixup,baseline,s12_post_norm,T1,l2,count_mad_stage,2000,-0.02352703827,0.9014591837,0.016,secondary
within_checkpoint,legacy_e2_vit_small_nomixdir_baseline,vit_small,mixup,baseline,s12_post_norm,T1,centred_l2,count_mad_s11,2000,-0.40592582,0.9007602041,18.479,secondary
within_checkpoint,legacy_e2_vit_small_nomixdir_baseline,vit_small,mixup,baseline,s12_post_norm,T1,centred_l2,count_mad_stage,2000,-0.01970170345,0.9007602041,0.016,secondary
within_checkpoint,legacy_e2_vit_small_nomixdir_baseline,vit_small,mixup,baseline,s11_out,T2,l2,count_mad_s11,2000,-0.4286076933,0.9039148352,18.878,secondary
within_checkpoint,legacy_e2_vit_small_nomixdir_baseline,vit_small,mixup,baseline,s11_out,T2,l2,count_mad_stage,2000,-0.4286076933,0.9039148352,18.878,secondary
within_checkpoint,legacy_e2_vit_small_nomixdir_baseline,vit_small,mixup,baseline,s11_out,T2,centred_l2,count_mad_s11,2000,-0.4217231635,0.9046483516,18.878,secondary
within_checkpoint,legacy_e2_vit_small_nomixdir_baseline,vit_small,mixup,baseline,s11_out,T2,centred_l2,count_mad_stage,2000,-0.4217231635,0.9046483516,18.878,secondary
within_checkpoint,legacy_e2_vit_small_nomixdir_baseline,vit_small,mixup,baseline,hist,T2,l2,count_mad_s11,2000,-0.4207517888,0.9023626374,18.878,secondary
within_checkpoint,legacy_e2_vit_small_nomixdir_baseline,vit_small,mixup,baseline,hist,T2,l2,count_mad_stage,2000,-0.4225110366,0.9023626374,17.1265,secondary
within_checkpoint,legacy_e2_vit_small_nomixdir_baseline,vit_small,mixup,baseline,hist,T2,centred_l2,count_mad_s11,2000,-0.4274897197,0.9011071429,18.878,secondary
within_checkpoint,legacy_e2_vit_small_nomixdir_baseline,vit_small,mixup,baseline,hist,T2,centred_l2,count_mad_stage,2000,-0.4257228551,0.9011071429,17.1265,secondary
within_checkpoint,legacy_e2_vit_small_nomixdir_baseline,vit_small,mixup,baseline,s12_post_norm,T2,l2,count_mad_s11,2000,-0.4193198301,0.9065247253,18.878,secondary
within_checkpoint,legacy_e2_vit_small_nomixdir_baseline,vit_small,mixup,baseline,s12_post_norm,T2,l2,count_mad_stage,2000,0.02324398261,0.9065247253,0.011,secondary
within_checkpoint,legacy_e2_vit_small_nomixdir_baseline,vit_small,mixup,baseline,s12_post_norm,T2,centred_l2,count_mad_s11,2000,-0.4187673809,0.9063021978,18.878,secondary
within_checkpoint,legacy_e2_vit_small_nomixdir_baseline,vit_small,mixup,baseline,s12_post_norm,T2,centred_l2,count_mad_stage,2000,0.02724609254,0.9063021978,0.011,secondary
within_checkpoint,legacy_e2_vit_small_nomixdir_baseline,vit_small,mixup,baseline,s11_out,T3,l2,count_mad_s11,2000,-0.4243307546,0.8869464286,18.9755,secondary
within_checkpoint,legacy_e2_vit_small_nomixdir_baseline,vit_small,mixup,baseline,s11_out,T3,l2,count_mad_stage,2000,-0.4243307546,0.8869464286,18.9755,secondary
within_checkpoint,legacy_e2_vit_small_nomixdir_baseline,vit_small,mixup,baseline,s11_out,T3,centred_l2,count_mad_s11,2000,-0.4190468298,0.8879047619,18.9755,secondary
within_checkpoint,legacy_e2_vit_small_nomixdir_baseline,vit_small,mixup,baseline,s11_out,T3,centred_l2,count_mad_stage,2000,-0.4190468298,0.8879047619,18.9755,secondary
within_checkpoint,legacy_e2_vit_small_nomixdir_baseline,vit_small,mixup,baseline,hist,T3,l2,count_mad_s11,2000,-0.4220100319,0.8843779762,18.9755,secondary
within_checkpoint,legacy_e2_vit_small_nomixdir_baseline,vit_small,mixup,baseline,hist,T3,l2,count_mad_stage,2000,-0.4432882771,0.8843779762,17.1785,secondary
within_checkpoint,legacy_e2_vit_small_nomixdir_baseline,vit_small,mixup,baseline,hist,T3,centred_l2,count_mad_s11,2000,-0.4229883256,0.8835386905,18.9755,secondary
within_checkpoint,legacy_e2_vit_small_nomixdir_baseline,vit_small,mixup,baseline,hist,T3,centred_l2,count_mad_stage,2000,-0.4443927415,0.8835386905,17.1785,secondary
within_checkpoint,legacy_e2_vit_small_nomixdir_baseline,vit_small,mixup,baseline,s12_post_norm,T3,l2,count_mad_s11,2000,-0.4177828222,0.8888541667,18.9755,secondary
within_checkpoint,legacy_e2_vit_small_nomixdir_baseline,vit_small,mixup,baseline,s12_post_norm,T3,l2,count_mad_stage,2000,0.006349389027,0.8888541667,0.004,secondary
within_checkpoint,legacy_e2_vit_small_nomixdir_baseline,vit_small,mixup,baseline,s12_post_norm,T3,centred_l2,count_mad_s11,2000,-0.4200892621,0.889172619,18.9755,secondary
within_checkpoint,legacy_e2_vit_small_nomixdir_baseline,vit_small,mixup,baseline,s12_post_norm,T3,centred_l2,count_mad_stage,2000,0.006892349642,0.889172619,0.004,secondary
within_checkpoint,e2r_vits_mixup_baseline_s1,vit_small,mixup,baseline,s11_out,T0,l2,count_mad_s11,2000,MISSING,1,18.0745,secondary
within_checkpoint,e2r_vits_mixup_baseline_s1,vit_small,mixup,baseline,s11_out,T0,l2,count_mad_stage,2000,MISSING,1,18.0745,secondary
within_checkpoint,e2r_vits_mixup_baseline_s1,vit_small,mixup,baseline,s11_out,T0,centred_l2,count_mad_s11,2000,MISSING,1,18.0745,secondary
within_checkpoint,e2r_vits_mixup_baseline_s1,vit_small,mixup,baseline,s11_out,T0,centred_l2,count_mad_stage,2000,MISSING,1,18.0745,secondary
within_checkpoint,e2r_vits_mixup_baseline_s1,vit_small,mixup,baseline,hist,T0,l2,count_mad_s11,2000,MISSING,1,18.0745,secondary
within_checkpoint,e2r_vits_mixup_baseline_s1,vit_small,mixup,baseline,hist,T0,l2,count_mad_stage,2000,MISSING,1,18.647,secondary
within_checkpoint,e2r_vits_mixup_baseline_s1,vit_small,mixup,baseline,hist,T0,centred_l2,count_mad_s11,2000,MISSING,1,18.0745,secondary
within_checkpoint,e2r_vits_mixup_baseline_s1,vit_small,mixup,baseline,hist,T0,centred_l2,count_mad_stage,2000,MISSING,1,18.647,secondary
within_checkpoint,e2r_vits_mixup_baseline_s1,vit_small,mixup,baseline,s12_post_norm,T0,l2,count_mad_s11,2000,MISSING,1,18.0745,secondary
within_checkpoint,e2r_vits_mixup_baseline_s1,vit_small,mixup,baseline,s12_post_norm,T0,l2,count_mad_stage,2000,MISSING,1,0.005,secondary
within_checkpoint,e2r_vits_mixup_baseline_s1,vit_small,mixup,baseline,s12_post_norm,T0,centred_l2,count_mad_s11,2000,MISSING,1,18.0745,secondary
within_checkpoint,e2r_vits_mixup_baseline_s1,vit_small,mixup,baseline,s12_post_norm,T0,centred_l2,count_mad_stage,2000,MISSING,1,0.005,secondary
within_checkpoint,e2r_vits_mixup_baseline_s1,vit_small,mixup,baseline,s11_out,T1,l2,count_mad_s11,2000,-0.445812784,0.9058061224,18.0745,secondary
within_checkpoint,e2r_vits_mixup_baseline_s1,vit_small,mixup,baseline,s11_out,T1,l2,count_mad_stage,2000,-0.445812784,0.9058061224,18.0745,secondary
within_checkpoint,e2r_vits_mixup_baseline_s1,vit_small,mixup,baseline,s11_out,T1,centred_l2,count_mad_s11,2000,-0.4423665911,0.9061632653,18.0745,secondary
within_checkpoint,e2r_vits_mixup_baseline_s1,vit_small,mixup,baseline,s11_out,T1,centred_l2,count_mad_stage,2000,-0.4423665911,0.9061632653,18.0745,secondary
within_checkpoint,e2r_vits_mixup_baseline_s1,vit_small,mixup,baseline,hist,T1,l2,count_mad_s11,2000,-0.4454683128,0.9048903061,18.0745,secondary
within_checkpoint,e2r_vits_mixup_baseline_s1,vit_small,mixup,baseline,hist,T1,l2,count_mad_stage,2000,-0.5028526961,0.9048903061,18.647,secondary
within_checkpoint,e2r_vits_mixup_baseline_s1,vit_small,mixup,baseline,hist,T1,centred_l2,count_mad_s11,2000,-0.4488275079,0.9036913265,18.0745,secondary
within_checkpoint,e2r_vits_mixup_baseline_s1,vit_small,mixup,baseline,hist,T1,centred_l2,count_mad_stage,2000,-0.5054586953,0.9036913265,18.647,secondary
within_checkpoint,e2r_vits_mixup_baseline_s1,vit_small,mixup,baseline,s12_post_norm,T1,l2,count_mad_s11,2000,-0.4406802404,0.9102984694,18.0745,secondary
within_checkpoint,e2r_vits_mixup_baseline_s1,vit_small,mixup,baseline,s12_post_norm,T1,l2,count_mad_stage,2000,-0.07387233367,0.9102984694,0.005,secondary
within_checkpoint,e2r_vits_mixup_baseline_s1,vit_small,mixup,baseline,s12_post_norm,T1,centred_l2,count_mad_s11,2000,-0.4465904156,0.9087729592,18.0745,secondary
within_checkpoint,e2r_vits_mixup_baseline_s1,vit_small,mixup,baseline,s12_post_norm,T1,centred_l2,count_mad_stage,2000,-0.07374620501,0.9087729592,0.005,secondary
within_checkpoint,e2r_vits_mixup_baseline_s1,vit_small,mixup,baseline,s11_out,T2,l2,count_mad_s11,2000,-0.3967516822,0.8981236264,18.3675,secondary
within_checkpoint,e2r_vits_mixup_baseline_s1,vit_small,mixup,baseline,s11_out,T2,l2,count_mad_stage,2000,-0.3967516822,0.8981236264,18.3675,secondary
within_checkpoint,e2r_vits_mixup_baseline_s1,vit_small,mixup,baseline,s11_out,T2,centred_l2,count_mad_s11,2000,-0.39609414,0.8987115385,18.3675,secondary
within_checkpoint,e2r_vits_mixup_baseline_s1,vit_small,mixup,baseline,s11_out,T2,centred_l2,count_mad_stage,2000,-0.39609414,0.8987115385,18.3675,secondary
within_checkpoint,e2r_vits_mixup_baseline_s1,vit_small,mixup,baseline,hist,T2,l2,count_mad_s11,2000,-0.3995722633,0.8973379121,18.3675,secondary
within_checkpoint,e2r_vits_mixup_baseline_s1,vit_small,mixup,baseline,hist,T2,l2,count_mad_stage,2000,-0.4935689732,0.8973379121,19.0965,secondary
within_checkpoint,e2r_vits_mixup_baseline_s1,vit_small,mixup,baseline,hist,T2,centred_l2,count_mad_s11,2000,-0.4076290507,0.8966840659,18.3675,secondary
within_checkpoint,e2r_vits_mixup_baseline_s1,vit_small,mixup,baseline,hist,T2,centred_l2,count_mad_stage,2000,-0.5028563078,0.8966840659,19.0965,secondary
within_checkpoint,e2r_vits_mixup_baseline_s1,vit_small,mixup,baseline,s12_post_norm,T2,l2,count_mad_s11,2000,-0.3937361646,0.9024093407,18.3675,secondary
within_checkpoint,e2r_vits_mixup_baseline_s1,vit_small,mixup,baseline,s12_post_norm,T2,l2,count_mad_stage,2000,-0.03549236369,0.9024093407,0.0035,secondary
within_checkpoint,e2r_vits_mixup_baseline_s1,vit_small,mixup,baseline,s12_post_norm,T2,centred_l2,count_mad_s11,2000,-0.399507915,0.9012307692,18.3675,secondary
within_checkpoint,e2r_vits_mixup_baseline_s1,vit_small,mixup,baseline,s12_post_norm,T2,centred_l2,count_mad_stage,2000,-0.0349293248,0.9012307692,0.0035,secondary
within_checkpoint,e2r_vits_mixup_baseline_s1,vit_small,mixup,baseline,s11_out,T3,l2,count_mad_s11,2000,-0.4113380866,0.88825,18.4535,secondary
within_checkpoint,e2r_vits_mixup_baseline_s1,vit_small,mixup,baseline,s11_out,T3,l2,count_mad_stage,2000,-0.4113380866,0.88825,18.4535,secondary
within_checkpoint,e2r_vits_mixup_baseline_s1,vit_small,mixup,baseline,s11_out,T3,centred_l2,count_mad_s11,2000,-0.4124012105,0.8888005952,18.4535,secondary
within_checkpoint,e2r_vits_mixup_baseline_s1,vit_small,mixup,baseline,s11_out,T3,centred_l2,count_mad_stage,2000,-0.4124012105,0.8888005952,18.4535,secondary
within_checkpoint,e2r_vits_mixup_baseline_s1,vit_small,mixup,baseline,hist,T3,l2,count_mad_s11,2000,-0.4154738062,0.8869821429,18.4535,secondary
within_checkpoint,e2r_vits_mixup_baseline_s1,vit_small,mixup,baseline,hist,T3,l2,count_mad_stage,2000,-0.4927745256,0.8869821429,19.1715,secondary
within_checkpoint,e2r_vits_mixup_baseline_s1,vit_small,mixup,baseline,hist,T3,centred_l2,count_mad_s11,2000,-0.4219619383,0.886235119,18.4535,secondary
within_checkpoint,e2r_vits_mixup_baseline_s1,vit_small,mixup,baseline,hist,T3,centred_l2,count_mad_stage,2000,-0.5006611228,0.886235119,19.1715,secondary
within_checkpoint,e2r_vits_mixup_baseline_s1,vit_small,mixup,baseline,s12_post_norm,T3,l2,count_mad_s11,2000,-0.4110843623,0.8922470238,18.4535,secondary
within_checkpoint,e2r_vits_mixup_baseline_s1,vit_small,mixup,baseline,s12_post_norm,T3,l2,count_mad_stage,2000,-0.05045716323,0.8922470238,0.0095,secondary
within_checkpoint,e2r_vits_mixup_baseline_s1,vit_small,mixup,baseline,s12_post_norm,T3,centred_l2,count_mad_s11,2000,-0.414599221,0.8914761905,18.4535,secondary
within_checkpoint,e2r_vits_mixup_baseline_s1,vit_small,mixup,baseline,s12_post_norm,T3,centred_l2,count_mad_stage,2000,-0.04921444395,0.8914761905,0.0095,secondary
within_checkpoint,e2r_vits_mixup_baseline_s2,vit_small,mixup,baseline,s11_out,T0,l2,count_mad_s11,2000,MISSING,1,17.525,secondary
within_checkpoint,e2r_vits_mixup_baseline_s2,vit_small,mixup,baseline,s11_out,T0,l2,count_mad_stage,2000,MISSING,1,17.525,secondary
within_checkpoint,e2r_vits_mixup_baseline_s2,vit_small,mixup,baseline,s11_out,T0,centred_l2,count_mad_s11,2000,MISSING,1,17.525,secondary
within_checkpoint,e2r_vits_mixup_baseline_s2,vit_small,mixup,baseline,s11_out,T0,centred_l2,count_mad_stage,2000,MISSING,1,17.525,secondary
within_checkpoint,e2r_vits_mixup_baseline_s2,vit_small,mixup,baseline,hist,T0,l2,count_mad_s11,2000,MISSING,1,17.525,secondary
within_checkpoint,e2r_vits_mixup_baseline_s2,vit_small,mixup,baseline,hist,T0,l2,count_mad_stage,2000,MISSING,1,16.562,secondary
within_checkpoint,e2r_vits_mixup_baseline_s2,vit_small,mixup,baseline,hist,T0,centred_l2,count_mad_s11,2000,MISSING,1,17.525,secondary
within_checkpoint,e2r_vits_mixup_baseline_s2,vit_small,mixup,baseline,hist,T0,centred_l2,count_mad_stage,2000,MISSING,1,16.562,secondary
within_checkpoint,e2r_vits_mixup_baseline_s2,vit_small,mixup,baseline,s12_post_norm,T0,l2,count_mad_s11,2000,MISSING,1,17.525,secondary
within_checkpoint,e2r_vits_mixup_baseline_s2,vit_small,mixup,baseline,s12_post_norm,T0,l2,count_mad_stage,2000,MISSING,1,0,secondary
within_checkpoint,e2r_vits_mixup_baseline_s2,vit_small,mixup,baseline,s12_post_norm,T0,centred_l2,count_mad_s11,2000,MISSING,1,17.525,secondary
within_checkpoint,e2r_vits_mixup_baseline_s2,vit_small,mixup,baseline,s12_post_norm,T0,centred_l2,count_mad_stage,2000,MISSING,1,0,secondary
within_checkpoint,e2r_vits_mixup_baseline_s2,vit_small,mixup,baseline,s11_out,T1,l2,count_mad_s11,2000,-0.4646088734,0.8955918367,17.525,secondary
within_checkpoint,e2r_vits_mixup_baseline_s2,vit_small,mixup,baseline,s11_out,T1,l2,count_mad_stage,2000,-0.4646088734,0.8955918367,17.525,secondary
within_checkpoint,e2r_vits_mixup_baseline_s2,vit_small,mixup,baseline,s11_out,T1,centred_l2,count_mad_s11,2000,-0.4618432048,0.8963954082,17.525,secondary
within_checkpoint,e2r_vits_mixup_baseline_s2,vit_small,mixup,baseline,s11_out,T1,centred_l2,count_mad_stage,2000,-0.4618432048,0.8963954082,17.525,secondary
within_checkpoint,e2r_vits_mixup_baseline_s2,vit_small,mixup,baseline,hist,T1,l2,count_mad_s11,2000,-0.4572577955,0.8887627551,17.525,secondary
within_checkpoint,e2r_vits_mixup_baseline_s2,vit_small,mixup,baseline,hist,T1,l2,count_mad_stage,2000,-0.3924890379,0.8887627551,16.562,secondary
within_checkpoint,e2r_vits_mixup_baseline_s2,vit_small,mixup,baseline,hist,T1,centred_l2,count_mad_s11,2000,-0.4607167199,0.8887959184,17.525,secondary
within_checkpoint,e2r_vits_mixup_baseline_s2,vit_small,mixup,baseline,hist,T1,centred_l2,count_mad_stage,2000,-0.392100561,0.8887959184,16.562,secondary
within_checkpoint,e2r_vits_mixup_baseline_s2,vit_small,mixup,baseline,s12_post_norm,T1,l2,count_mad_s11,2000,-0.4580040786,0.894127551,17.525,secondary
within_checkpoint,e2r_vits_mixup_baseline_s2,vit_small,mixup,baseline,s12_post_norm,T1,l2,count_mad_stage,2000,MISSING,0.894127551,0,secondary
within_checkpoint,e2r_vits_mixup_baseline_s2,vit_small,mixup,baseline,s12_post_norm,T1,centred_l2,count_mad_s11,2000,-0.464517944,0.8947857143,17.525,secondary
within_checkpoint,e2r_vits_mixup_baseline_s2,vit_small,mixup,baseline,s12_post_norm,T1,centred_l2,count_mad_stage,2000,MISSING,0.8947857143,0,secondary
within_checkpoint,e2r_vits_mixup_baseline_s2,vit_small,mixup,baseline,s11_out,T2,l2,count_mad_s11,2000,-0.445761405,0.9039587912,18.1205,secondary
within_checkpoint,e2r_vits_mixup_baseline_s2,vit_small,mixup,baseline,s11_out,T2,l2,count_mad_stage,2000,-0.445761405,0.9039587912,18.1205,secondary
within_checkpoint,e2r_vits_mixup_baseline_s2,vit_small,mixup,baseline,s11_out,T2,centred_l2,count_mad_s11,2000,-0.4417133788,0.9048324176,18.1205,secondary
within_checkpoint,e2r_vits_mixup_baseline_s2,vit_small,mixup,baseline,s11_out,T2,centred_l2,count_mad_stage,2000,-0.4417133788,0.9048324176,18.1205,secondary
within_checkpoint,e2r_vits_mixup_baseline_s2,vit_small,mixup,baseline,hist,T2,l2,count_mad_s11,2000,-0.445380286,0.8996868132,18.1205,secondary
within_checkpoint,e2r_vits_mixup_baseline_s2,vit_small,mixup,baseline,hist,T2,l2,count_mad_stage,2000,-0.3998497851,0.8996868132,17.068,secondary
within_checkpoint,e2r_vits_mixup_baseline_s2,vit_small,mixup,baseline,hist,T2,centred_l2,count_mad_s11,2000,-0.4473043318,0.8996318681,18.1205,secondary
within_checkpoint,e2r_vits_mixup_baseline_s2,vit_small,mixup,baseline,hist,T2,centred_l2,count_mad_stage,2000,-0.4036355147,0.8996318681,17.068,secondary
within_checkpoint,e2r_vits_mixup_baseline_s2,vit_small,mixup,baseline,s12_post_norm,T2,l2,count_mad_s11,2000,-0.4425806121,0.9036923077,18.1205,secondary
within_checkpoint,e2r_vits_mixup_baseline_s2,vit_small,mixup,baseline,s12_post_norm,T2,l2,count_mad_stage,2000,MISSING,0.9036923077,0,secondary
within_checkpoint,e2r_vits_mixup_baseline_s2,vit_small,mixup,baseline,s12_post_norm,T2,centred_l2,count_mad_s11,2000,-0.442897154,0.9045,18.1205,secondary
within_checkpoint,e2r_vits_mixup_baseline_s2,vit_small,mixup,baseline,s12_post_norm,T2,centred_l2,count_mad_stage,2000,MISSING,0.9045,0,secondary
within_checkpoint,e2r_vits_mixup_baseline_s2,vit_small,mixup,baseline,s11_out,T3,l2,count_mad_s11,2000,-0.4750959738,0.886672619,18.0235,secondary
within_checkpoint,e2r_vits_mixup_baseline_s2,vit_small,mixup,baseline,s11_out,T3,l2,count_mad_stage,2000,-0.4750959738,0.886672619,18.0235,secondary
within_checkpoint,e2r_vits_mixup_baseline_s2,vit_small,mixup,baseline,s11_out,T3,centred_l2,count_mad_s11,2000,-0.4695294847,0.8877291667,18.0235,secondary
within_checkpoint,e2r_vits_mixup_baseline_s2,vit_small,mixup,baseline,s11_out,T3,centred_l2,count_mad_stage,2000,-0.4695294847,0.8877291667,18.0235,secondary
within_checkpoint,e2r_vits_mixup_baseline_s2,vit_small,mixup,baseline,hist,T3,l2,count_mad_s11,2000,-0.4732864523,0.8800952381,18.0235,secondary
within_checkpoint,e2r_vits_mixup_baseline_s2,vit_small,mixup,baseline,hist,T3,l2,count_mad_stage,2000,-0.4117719186,0.8800952381,16.922,secondary
within_checkpoint,e2r_vits_mixup_baseline_s2,vit_small,mixup,baseline,hist,T3,centred_l2,count_mad_s11,2000,-0.4720754632,0.8807321429,18.0235,secondary
within_checkpoint,e2r_vits_mixup_baseline_s2,vit_small,mixup,baseline,hist,T3,centred_l2,count_mad_stage,2000,-0.4118667698,0.8807321429,16.922,secondary
within_checkpoint,e2r_vits_mixup_baseline_s2,vit_small,mixup,baseline,s12_post_norm,T3,l2,count_mad_s11,2000,-0.4753538661,0.8856369048,18.0235,secondary
within_checkpoint,e2r_vits_mixup_baseline_s2,vit_small,mixup,baseline,s12_post_norm,T3,l2,count_mad_stage,2000,MISSING,0.8856369048,0,secondary
within_checkpoint,e2r_vits_mixup_baseline_s2,vit_small,mixup,baseline,s12_post_norm,T3,centred_l2,count_mad_s11,2000,-0.4699105995,0.8869107143,18.0235,secondary
within_checkpoint,e2r_vits_mixup_baseline_s2,vit_small,mixup,baseline,s12_post_norm,T3,centred_l2,count_mad_stage,2000,MISSING,0.8869107143,0,secondary
within_checkpoint,e2r_vits_nomix_baseline_s1,vit_small,nomix,baseline,s11_out,T0,l2,count_mad_s11,2000,MISSING,1,2.64,secondary
within_checkpoint,e2r_vits_nomix_baseline_s1,vit_small,nomix,baseline,s11_out,T0,l2,count_mad_stage,2000,MISSING,1,2.64,secondary
within_checkpoint,e2r_vits_nomix_baseline_s1,vit_small,nomix,baseline,s11_out,T0,centred_l2,count_mad_s11,2000,MISSING,1,2.64,secondary
within_checkpoint,e2r_vits_nomix_baseline_s1,vit_small,nomix,baseline,s11_out,T0,centred_l2,count_mad_stage,2000,MISSING,1,2.64,secondary
within_checkpoint,e2r_vits_nomix_baseline_s1,vit_small,nomix,baseline,hist,T0,l2,count_mad_s11,2000,MISSING,1,2.64,secondary
within_checkpoint,e2r_vits_nomix_baseline_s1,vit_small,nomix,baseline,hist,T0,l2,count_mad_stage,2000,MISSING,1,3.202,secondary
within_checkpoint,e2r_vits_nomix_baseline_s1,vit_small,nomix,baseline,hist,T0,centred_l2,count_mad_s11,2000,MISSING,1,2.64,secondary
within_checkpoint,e2r_vits_nomix_baseline_s1,vit_small,nomix,baseline,hist,T0,centred_l2,count_mad_stage,2000,MISSING,1,3.202,secondary
within_checkpoint,e2r_vits_nomix_baseline_s1,vit_small,nomix,baseline,s12_post_norm,T0,l2,count_mad_s11,2000,MISSING,1,2.64,secondary
within_checkpoint,e2r_vits_nomix_baseline_s1,vit_small,nomix,baseline,s12_post_norm,T0,l2,count_mad_stage,2000,MISSING,1,0,secondary
within_checkpoint,e2r_vits_nomix_baseline_s1,vit_small,nomix,baseline,s12_post_norm,T0,centred_l2,count_mad_s11,2000,MISSING,1,2.64,secondary
within_checkpoint,e2r_vits_nomix_baseline_s1,vit_small,nomix,baseline,s12_post_norm,T0,centred_l2,count_mad_stage,2000,MISSING,1,0,secondary
within_checkpoint,e2r_vits_nomix_baseline_s1,vit_small,nomix,baseline,s11_out,T1,l2,count_mad_s11,2000,-0.07863800074,0.9913188776,2.64,secondary
within_checkpoint,e2r_vits_nomix_baseline_s1,vit_small,nomix,baseline,s11_out,T1,l2,count_mad_stage,2000,-0.07863800074,0.9913188776,2.64,secondary
within_checkpoint,e2r_vits_nomix_baseline_s1,vit_small,nomix,baseline,s11_out,T1,centred_l2,count_mad_s11,2000,-0.08176830074,0.9913979592,2.64,secondary
within_checkpoint,e2r_vits_nomix_baseline_s1,vit_small,nomix,baseline,s11_out,T1,centred_l2,count_mad_stage,2000,-0.08176830074,0.9913979592,2.64,secondary
within_checkpoint,e2r_vits_nomix_baseline_s1,vit_small,nomix,baseline,hist,T1,l2,count_mad_s11,2000,-0.08313010542,0.9897627551,2.64,secondary
within_checkpoint,e2r_vits_nomix_baseline_s1,vit_small,nomix,baseline,hist,T1,l2,count_mad_stage,2000,-0.01520501593,0.9897627551,3.202,secondary
within_checkpoint,e2r_vits_nomix_baseline_s1,vit_small,nomix,baseline,hist,T1,centred_l2,count_mad_s11,2000,-0.08396402414,0.9899540816,2.64,secondary
within_checkpoint,e2r_vits_nomix_baseline_s1,vit_small,nomix,baseline,hist,T1,centred_l2,count_mad_stage,2000,-0.02037031831,0.9899540816,3.202,secondary
within_checkpoint,e2r_vits_nomix_baseline_s1,vit_small,nomix,baseline,s12_post_norm,T1,l2,count_mad_s11,2000,-0.07803763258,0.9908443878,2.64,secondary
within_checkpoint,e2r_vits_nomix_baseline_s1,vit_small,nomix,baseline,s12_post_norm,T1,l2,count_mad_stage,2000,MISSING,0.9908443878,0,secondary
within_checkpoint,e2r_vits_nomix_baseline_s1,vit_small,nomix,baseline,s12_post_norm,T1,centred_l2,count_mad_s11,2000,-0.07539633428,0.9910408163,2.64,secondary
within_checkpoint,e2r_vits_nomix_baseline_s1,vit_small,nomix,baseline,s12_post_norm,T1,centred_l2,count_mad_stage,2000,MISSING,0.9910408163,0,secondary
within_checkpoint,e2r_vits_nomix_baseline_s1,vit_small,nomix,baseline,s11_out,T2,l2,count_mad_s11,2000,-0.1683945615,0.9686071429,3.3615,secondary
within_checkpoint,e2r_vits_nomix_baseline_s1,vit_small,nomix,baseline,s11_out,T2,l2,count_mad_stage,2000,-0.1683945615,0.9686071429,3.3615,secondary
within_checkpoint,e2r_vits_nomix_baseline_s1,vit_small,nomix,baseline,s11_out,T2,centred_l2,count_mad_s11,2000,-0.1689329231,0.9685494505,3.3615,secondary
within_checkpoint,e2r_vits_nomix_baseline_s1,vit_small,nomix,baseline,s11_out,T2,centred_l2,count_mad_stage,2000,-0.1689329231,0.9685494505,3.3615,secondary
within_checkpoint,e2r_vits_nomix_baseline_s1,vit_small,nomix,baseline,hist,T2,l2,count_mad_s11,2000,-0.16281863,0.9676593407,3.3615,secondary
within_checkpoint,e2r_vits_nomix_baseline_s1,vit_small,nomix,baseline,hist,T2,l2,count_mad_stage,2000,-0.109438264,0.9676593407,3.94,secondary
within_checkpoint,e2r_vits_nomix_baseline_s1,vit_small,nomix,baseline,hist,T2,centred_l2,count_mad_s11,2000,-0.1657684263,0.9676758242,3.3615,secondary
within_checkpoint,e2r_vits_nomix_baseline_s1,vit_small,nomix,baseline,hist,T2,centred_l2,count_mad_stage,2000,-0.1102271521,0.9676758242,3.94,secondary
within_checkpoint,e2r_vits_nomix_baseline_s1,vit_small,nomix,baseline,s12_post_norm,T2,l2,count_mad_s11,2000,-0.1645518149,0.9684945055,3.3615,secondary
within_checkpoint,e2r_vits_nomix_baseline_s1,vit_small,nomix,baseline,s12_post_norm,T2,l2,count_mad_stage,2000,MISSING,0.9684945055,0,secondary
within_checkpoint,e2r_vits_nomix_baseline_s1,vit_small,nomix,baseline,s12_post_norm,T2,centred_l2,count_mad_s11,2000,-0.1627655522,0.9685769231,3.3615,secondary
within_checkpoint,e2r_vits_nomix_baseline_s1,vit_small,nomix,baseline,s12_post_norm,T2,centred_l2,count_mad_stage,2000,MISSING,0.9685769231,0,secondary
within_checkpoint,e2r_vits_nomix_baseline_s1,vit_small,nomix,baseline,s11_out,T3,l2,count_mad_s11,2000,-0.146238775,0.964389881,3.3165,secondary
within_checkpoint,e2r_vits_nomix_baseline_s1,vit_small,nomix,baseline,s11_out,T3,l2,count_mad_stage,2000,-0.146238775,0.964389881,3.3165,secondary
within_checkpoint,e2r_vits_nomix_baseline_s1,vit_small,nomix,baseline,s11_out,T3,centred_l2,count_mad_s11,2000,-0.1477554378,0.9638809524,3.3165,secondary
within_checkpoint,e2r_vits_nomix_baseline_s1,vit_small,nomix,baseline,s11_out,T3,centred_l2,count_mad_stage,2000,-0.1477554378,0.9638809524,3.3165,secondary
within_checkpoint,e2r_vits_nomix_baseline_s1,vit_small,nomix,baseline,hist,T3,l2,count_mad_s11,2000,-0.1467873167,0.962327381,3.3165,secondary
within_checkpoint,e2r_vits_nomix_baseline_s1,vit_small,nomix,baseline,hist,T3,l2,count_mad_stage,2000,-0.1240354887,0.962327381,4.083,secondary
within_checkpoint,e2r_vits_nomix_baseline_s1,vit_small,nomix,baseline,hist,T3,centred_l2,count_mad_s11,2000,-0.1417731669,0.9620595238,3.3165,secondary
within_checkpoint,e2r_vits_nomix_baseline_s1,vit_small,nomix,baseline,hist,T3,centred_l2,count_mad_stage,2000,-0.1234035915,0.9620595238,4.083,secondary
within_checkpoint,e2r_vits_nomix_baseline_s1,vit_small,nomix,baseline,s12_post_norm,T3,l2,count_mad_s11,2000,-0.1471943567,0.9639672619,3.3165,secondary
within_checkpoint,e2r_vits_nomix_baseline_s1,vit_small,nomix,baseline,s12_post_norm,T3,l2,count_mad_stage,2000,MISSING,0.9639672619,0,secondary
within_checkpoint,e2r_vits_nomix_baseline_s1,vit_small,nomix,baseline,s12_post_norm,T3,centred_l2,count_mad_s11,2000,-0.1507775034,0.9637589286,3.3165,secondary
within_checkpoint,e2r_vits_nomix_baseline_s1,vit_small,nomix,baseline,s12_post_norm,T3,centred_l2,count_mad_stage,2000,MISSING,0.9637589286,0,secondary
within_checkpoint,e2r_vits_nomix_baseline_s2,vit_small,nomix,baseline,s11_out,T0,l2,count_mad_s11,2000,MISSING,1,2.1615,secondary
within_checkpoint,e2r_vits_nomix_baseline_s2,vit_small,nomix,baseline,s11_out,T0,l2,count_mad_stage,2000,MISSING,1,2.1615,secondary
within_checkpoint,e2r_vits_nomix_baseline_s2,vit_small,nomix,baseline,s11_out,T0,centred_l2,count_mad_s11,2000,MISSING,1,2.1615,secondary
within_checkpoint,e2r_vits_nomix_baseline_s2,vit_small,nomix,baseline,s11_out,T0,centred_l2,count_mad_stage,2000,MISSING,1,2.1615,secondary
within_checkpoint,e2r_vits_nomix_baseline_s2,vit_small,nomix,baseline,hist,T0,l2,count_mad_s11,2000,MISSING,1,2.1615,secondary
within_checkpoint,e2r_vits_nomix_baseline_s2,vit_small,nomix,baseline,hist,T0,l2,count_mad_stage,2000,MISSING,1,3.006,secondary
within_checkpoint,e2r_vits_nomix_baseline_s2,vit_small,nomix,baseline,hist,T0,centred_l2,count_mad_s11,2000,MISSING,1,2.1615,secondary
within_checkpoint,e2r_vits_nomix_baseline_s2,vit_small,nomix,baseline,hist,T0,centred_l2,count_mad_stage,2000,MISSING,1,3.006,secondary
within_checkpoint,e2r_vits_nomix_baseline_s2,vit_small,nomix,baseline,s12_post_norm,T0,l2,count_mad_s11,2000,MISSING,1,2.1615,secondary
within_checkpoint,e2r_vits_nomix_baseline_s2,vit_small,nomix,baseline,s12_post_norm,T0,l2,count_mad_stage,2000,MISSING,1,0,secondary
within_checkpoint,e2r_vits_nomix_baseline_s2,vit_small,nomix,baseline,s12_post_norm,T0,centred_l2,count_mad_s11,2000,MISSING,1,2.1615,secondary
within_checkpoint,e2r_vits_nomix_baseline_s2,vit_small,nomix,baseline,s12_post_norm,T0,centred_l2,count_mad_stage,2000,MISSING,1,0,secondary
within_checkpoint,e2r_vits_nomix_baseline_s2,vit_small,nomix,baseline,s11_out,T1,l2,count_mad_s11,2000,-0.06383576952,0.9954438776,2.1615,secondary
within_checkpoint,e2r_vits_nomix_baseline_s2,vit_small,nomix,baseline,s11_out,T1,l2,count_mad_stage,2000,-0.06383576952,0.9954438776,2.1615,secondary
within_checkpoint,e2r_vits_nomix_baseline_s2,vit_small,nomix,baseline,s11_out,T1,centred_l2,count_mad_s11,2000,-0.06524018389,0.9955816327,2.1615,secondary
within_checkpoint,e2r_vits_nomix_baseline_s2,vit_small,nomix,baseline,s11_out,T1,centred_l2,count_mad_stage,2000,-0.06524018389,0.9955816327,2.1615,secondary
within_checkpoint,e2r_vits_nomix_baseline_s2,vit_small,nomix,baseline,hist,T1,l2,count_mad_s11,2000,-0.07091355171,0.9948979592,2.1615,secondary
within_checkpoint,e2r_vits_nomix_baseline_s2,vit_small,nomix,baseline,hist,T1,l2,count_mad_stage,2000,-0.0199242412,0.9948979592,3.006,secondary
within_checkpoint,e2r_vits_nomix_baseline_s2,vit_small,nomix,baseline,hist,T1,centred_l2,count_mad_s11,2000,-0.06857746765,0.9949795918,2.1615,secondary
within_checkpoint,e2r_vits_nomix_baseline_s2,vit_small,nomix,baseline,hist,T1,centred_l2,count_mad_stage,2000,-0.0104461179,0.9949795918,3.006,secondary
within_checkpoint,e2r_vits_nomix_baseline_s2,vit_small,nomix,baseline,s12_post_norm,T1,l2,count_mad_s11,2000,-0.05077909226,0.9953010204,2.1615,secondary
within_checkpoint,e2r_vits_nomix_baseline_s2,vit_small,nomix,baseline,s12_post_norm,T1,l2,count_mad_stage,2000,MISSING,0.9953010204,0,secondary
within_checkpoint,e2r_vits_nomix_baseline_s2,vit_small,nomix,baseline,s12_post_norm,T1,centred_l2,count_mad_s11,2000,-0.0542995517,0.9954107143,2.1615,secondary
within_checkpoint,e2r_vits_nomix_baseline_s2,vit_small,nomix,baseline,s12_post_norm,T1,centred_l2,count_mad_stage,2000,MISSING,0.9954107143,0,secondary
within_checkpoint,e2r_vits_nomix_baseline_s2,vit_small,nomix,baseline,s11_out,T2,l2,count_mad_s11,2000,-0.08014834438,0.9616895604,2.295,secondary
within_checkpoint,e2r_vits_nomix_baseline_s2,vit_small,nomix,baseline,s11_out,T2,l2,count_mad_stage,2000,-0.08014834438,0.9616895604,2.295,secondary
within_checkpoint,e2r_vits_nomix_baseline_s2,vit_small,nomix,baseline,s11_out,T2,centred_l2,count_mad_s11,2000,-0.082900804,0.961717033,2.295,secondary
within_checkpoint,e2r_vits_nomix_baseline_s2,vit_small,nomix,baseline,s11_out,T2,centred_l2,count_mad_stage,2000,-0.082900804,0.961717033,2.295,secondary
within_checkpoint,e2r_vits_nomix_baseline_s2,vit_small,nomix,baseline,hist,T2,l2,count_mad_s11,2000,-0.08849883362,0.9618846154,2.295,secondary
within_checkpoint,e2r_vits_nomix_baseline_s2,vit_small,nomix,baseline,hist,T2,l2,count_mad_stage,2000,-0.1572744654,0.9618846154,3.0025,secondary
within_checkpoint,e2r_vits_nomix_baseline_s2,vit_small,nomix,baseline,hist,T2,centred_l2,count_mad_s11,2000,-0.08999058983,0.9616373626,2.295,secondary
within_checkpoint,e2r_vits_nomix_baseline_s2,vit_small,nomix,baseline,hist,T2,centred_l2,count_mad_stage,2000,-0.1595610795,0.9616373626,3.0025,secondary
within_checkpoint,e2r_vits_nomix_baseline_s2,vit_small,nomix,baseline,s12_post_norm,T2,l2,count_mad_s11,2000,-0.08114380124,0.9628956044,2.295,secondary
within_checkpoint,e2r_vits_nomix_baseline_s2,vit_small,nomix,baseline,s12_post_norm,T2,l2,count_mad_stage,2000,MISSING,0.9628956044,0,secondary
within_checkpoint,e2r_vits_nomix_baseline_s2,vit_small,nomix,baseline,s12_post_norm,T2,centred_l2,count_mad_s11,2000,-0.07978501125,0.9630631868,2.295,secondary
within_checkpoint,e2r_vits_nomix_baseline_s2,vit_small,nomix,baseline,s12_post_norm,T2,centred_l2,count_mad_stage,2000,MISSING,0.9630631868,0,secondary
within_checkpoint,e2r_vits_nomix_baseline_s2,vit_small,nomix,baseline,s11_out,T3,l2,count_mad_s11,2000,-0.1217393352,0.9554107143,2.3155,secondary
within_checkpoint,e2r_vits_nomix_baseline_s2,vit_small,nomix,baseline,s11_out,T3,l2,count_mad_stage,2000,-0.1217393352,0.9554107143,2.3155,secondary
within_checkpoint,e2r_vits_nomix_baseline_s2,vit_small,nomix,baseline,s11_out,T3,centred_l2,count_mad_s11,2000,-0.1157996548,0.9552857143,2.3155,secondary
within_checkpoint,e2r_vits_nomix_baseline_s2,vit_small,nomix,baseline,s11_out,T3,centred_l2,count_mad_stage,2000,-0.1157996548,0.9552857143,2.3155,secondary
within_checkpoint,e2r_vits_nomix_baseline_s2,vit_small,nomix,baseline,hist,T3,l2,count_mad_s11,2000,-0.1218944956,0.954860119,2.3155,secondary
within_checkpoint,e2r_vits_nomix_baseline_s2,vit_small,nomix,baseline,hist,T3,l2,count_mad_stage,2000,-0.1186790759,0.954860119,3.0695,secondary
within_checkpoint,e2r_vits_nomix_baseline_s2,vit_small,nomix,baseline,hist,T3,centred_l2,count_mad_s11,2000,-0.1186713287,0.9543303571,2.3155,secondary
within_checkpoint,e2r_vits_nomix_baseline_s2,vit_small,nomix,baseline,hist,T3,centred_l2,count_mad_stage,2000,-0.1182520949,0.9543303571,3.0695,secondary
within_checkpoint,e2r_vits_nomix_baseline_s2,vit_small,nomix,baseline,s12_post_norm,T3,l2,count_mad_s11,2000,-0.1191051409,0.9565327381,2.3155,secondary
within_checkpoint,e2r_vits_nomix_baseline_s2,vit_small,nomix,baseline,s12_post_norm,T3,l2,count_mad_stage,2000,MISSING,0.9565327381,0,secondary
within_checkpoint,e2r_vits_nomix_baseline_s2,vit_small,nomix,baseline,s12_post_norm,T3,centred_l2,count_mad_s11,2000,-0.1167530163,0.9565833333,2.3155,secondary
within_checkpoint,e2r_vits_nomix_baseline_s2,vit_small,nomix,baseline,s12_post_norm,T3,centred_l2,count_mad_stage,2000,MISSING,0.9565833333,0,secondary
within_checkpoint,legacy_e2_vit_base_nomixdir_registers,vit_base,mixup,registers,s11_out,T0,l2,count_mad_s11,2000,MISSING,1,9.239,secondary
within_checkpoint,legacy_e2_vit_base_nomixdir_registers,vit_base,mixup,registers,s11_out,T0,l2,count_mad_stage,2000,MISSING,1,9.239,secondary
within_checkpoint,legacy_e2_vit_base_nomixdir_registers,vit_base,mixup,registers,s11_out,T0,centred_l2,count_mad_s11,2000,MISSING,1,9.239,secondary
within_checkpoint,legacy_e2_vit_base_nomixdir_registers,vit_base,mixup,registers,s11_out,T0,centred_l2,count_mad_stage,2000,MISSING,1,9.239,secondary
within_checkpoint,legacy_e2_vit_base_nomixdir_registers,vit_base,mixup,registers,hist,T0,l2,count_mad_s11,2000,MISSING,1,9.239,secondary
within_checkpoint,legacy_e2_vit_base_nomixdir_registers,vit_base,mixup,registers,hist,T0,l2,count_mad_stage,2000,MISSING,1,1.424,secondary
within_checkpoint,legacy_e2_vit_base_nomixdir_registers,vit_base,mixup,registers,hist,T0,centred_l2,count_mad_s11,2000,MISSING,1,9.239,secondary
within_checkpoint,legacy_e2_vit_base_nomixdir_registers,vit_base,mixup,registers,hist,T0,centred_l2,count_mad_stage,2000,MISSING,1,1.424,secondary
within_checkpoint,legacy_e2_vit_base_nomixdir_registers,vit_base,mixup,registers,s12_post_norm,T0,l2,count_mad_s11,2000,MISSING,1,9.239,secondary
within_checkpoint,legacy_e2_vit_base_nomixdir_registers,vit_base,mixup,registers,s12_post_norm,T0,l2,count_mad_stage,2000,MISSING,1,1.754,secondary
within_checkpoint,legacy_e2_vit_base_nomixdir_registers,vit_base,mixup,registers,s12_post_norm,T0,centred_l2,count_mad_s11,2000,MISSING,1,9.239,secondary
within_checkpoint,legacy_e2_vit_base_nomixdir_registers,vit_base,mixup,registers,s12_post_norm,T0,centred_l2,count_mad_stage,2000,MISSING,1,1.754,secondary
within_checkpoint,legacy_e2_vit_base_nomixdir_registers,vit_base,mixup,registers,s11_out,T1,l2,count_mad_s11,2000,0.242143665,0.8573214286,9.239,secondary
within_checkpoint,legacy_e2_vit_base_nomixdir_registers,vit_base,mixup,registers,s11_out,T1,l2,count_mad_stage,2000,0.242143665,0.8573214286,9.239,secondary
within_checkpoint,legacy_e2_vit_base_nomixdir_registers,vit_base,mixup,registers,s11_out,T1,centred_l2,count_mad_s11,2000,0.2502036722,0.8587831633,9.239,secondary
within_checkpoint,legacy_e2_vit_base_nomixdir_registers,vit_base,mixup,registers,s11_out,T1,centred_l2,count_mad_stage,2000,0.2502036722,0.8587831633,9.239,secondary
within_checkpoint,legacy_e2_vit_base_nomixdir_registers,vit_base,mixup,registers,hist,T1,l2,count_mad_s11,2000,0.2551034449,0.8550306122,9.239,secondary
within_checkpoint,legacy_e2_vit_base_nomixdir_registers,vit_base,mixup,registers,hist,T1,l2,count_mad_stage,2000,0.1107182589,0.8550306122,1.424,secondary
within_checkpoint,legacy_e2_vit_base_nomixdir_registers,vit_base,mixup,registers,hist,T1,centred_l2,count_mad_s11,2000,0.2340641174,0.8538061224,9.239,secondary
within_checkpoint,legacy_e2_vit_base_nomixdir_registers,vit_base,mixup,registers,hist,T1,centred_l2,count_mad_stage,2000,0.114337367,0.8538061224,1.424,secondary
within_checkpoint,legacy_e2_vit_base_nomixdir_registers,vit_base,mixup,registers,s12_post_norm,T1,l2,count_mad_s11,2000,0.2444722627,0.8618035714,9.239,secondary
within_checkpoint,legacy_e2_vit_base_nomixdir_registers,vit_base,mixup,registers,s12_post_norm,T1,l2,count_mad_stage,2000,-0.01283767687,0.8618035714,1.754,secondary
within_checkpoint,legacy_e2_vit_base_nomixdir_registers,vit_base,mixup,registers,s12_post_norm,T1,centred_l2,count_mad_s11,2000,0.2352583866,0.8657908163,9.239,secondary
within_checkpoint,legacy_e2_vit_base_nomixdir_registers,vit_base,mixup,registers,s12_post_norm,T1,centred_l2,count_mad_stage,2000,-0.01625499939,0.8657908163,1.754,secondary
within_checkpoint,legacy_e2_vit_base_nomixdir_registers,vit_base,mixup,registers,s11_out,T2,l2,count_mad_s11,2000,0.07309499115,0.8725631868,8.8595,secondary
within_checkpoint,legacy_e2_vit_base_nomixdir_registers,vit_base,mixup,registers,s11_out,T2,l2,count_mad_stage,2000,0.07309499115,0.8725631868,8.8595,secondary
within_checkpoint,legacy_e2_vit_base_nomixdir_registers,vit_base,mixup,registers,s11_out,T2,centred_l2,count_mad_s11,2000,0.07708781028,0.8741181319,8.8595,secondary
within_checkpoint,legacy_e2_vit_base_nomixdir_registers,vit_base,mixup,registers,s11_out,T2,centred_l2,count_mad_stage,2000,0.07708781028,0.8741181319,8.8595,secondary
within_checkpoint,legacy_e2_vit_base_nomixdir_registers,vit_base,mixup,registers,hist,T2,l2,count_mad_s11,2000,0.07964403654,0.8713131868,8.8595,secondary
within_checkpoint,legacy_e2_vit_base_nomixdir_registers,vit_base,mixup,registers,hist,T2,l2,count_mad_stage,2000,0.06095114948,0.8713131868,1.3685,secondary
within_checkpoint,legacy_e2_vit_base_nomixdir_registers,vit_base,mixup,registers,hist,T2,centred_l2,count_mad_s11,2000,0.06578242779,0.8714120879,8.8595,secondary
within_checkpoint,legacy_e2_vit_base_nomixdir_registers,vit_base,mixup,registers,hist,T2,centred_l2,count_mad_stage,2000,0.07128912144,0.8714120879,1.3685,secondary
within_checkpoint,legacy_e2_vit_base_nomixdir_registers,vit_base,mixup,registers,s12_post_norm,T2,l2,count_mad_s11,2000,0.06998028257,0.8760989011,8.8595,secondary
within_checkpoint,legacy_e2_vit_base_nomixdir_registers,vit_base,mixup,registers,s12_post_norm,T2,l2,count_mad_stage,2000,0.05099960138,0.8760989011,1.497,secondary
within_checkpoint,legacy_e2_vit_base_nomixdir_registers,vit_base,mixup,registers,s12_post_norm,T2,centred_l2,count_mad_s11,2000,0.06122214026,0.8792252747,8.8595,secondary
within_checkpoint,legacy_e2_vit_base_nomixdir_registers,vit_base,mixup,registers,s12_post_norm,T2,centred_l2,count_mad_stage,2000,0.05140764891,0.8792252747,1.497,secondary
within_checkpoint,legacy_e2_vit_base_nomixdir_registers,vit_base,mixup,registers,s11_out,T3,l2,count_mad_s11,2000,0.1082114088,0.8538333333,9.2595,secondary
within_checkpoint,legacy_e2_vit_base_nomixdir_registers,vit_base,mixup,registers,s11_out,T3,l2,count_mad_stage,2000,0.1082114088,0.8538333333,9.2595,secondary
within_checkpoint,legacy_e2_vit_base_nomixdir_registers,vit_base,mixup,registers,s11_out,T3,centred_l2,count_mad_s11,2000,0.1114731388,0.855625,9.2595,secondary
within_checkpoint,legacy_e2_vit_base_nomixdir_registers,vit_base,mixup,registers,s11_out,T3,centred_l2,count_mad_stage,2000,0.1114731388,0.855625,9.2595,secondary
within_checkpoint,legacy_e2_vit_base_nomixdir_registers,vit_base,mixup,registers,hist,T3,l2,count_mad_s11,2000,0.1168959774,0.8507916667,9.2595,secondary
within_checkpoint,legacy_e2_vit_base_nomixdir_registers,vit_base,mixup,registers,hist,T3,l2,count_mad_stage,2000,0.08930346716,0.8507916667,1.4615,secondary
within_checkpoint,legacy_e2_vit_base_nomixdir_registers,vit_base,mixup,registers,hist,T3,centred_l2,count_mad_s11,2000,0.0997216092,0.8511696429,9.2595,secondary
within_checkpoint,legacy_e2_vit_base_nomixdir_registers,vit_base,mixup,registers,hist,T3,centred_l2,count_mad_stage,2000,0.1061796168,0.8511696429,1.4615,secondary
within_checkpoint,legacy_e2_vit_base_nomixdir_registers,vit_base,mixup,registers,s12_post_norm,T3,l2,count_mad_s11,2000,0.1082699041,0.8575416667,9.2595,secondary
within_checkpoint,legacy_e2_vit_base_nomixdir_registers,vit_base,mixup,registers,s12_post_norm,T3,l2,count_mad_stage,2000,0.03631077506,0.8575416667,1.5285,secondary
within_checkpoint,legacy_e2_vit_base_nomixdir_registers,vit_base,mixup,registers,s12_post_norm,T3,centred_l2,count_mad_s11,2000,0.09369644344,0.8621279762,9.2595,secondary
within_checkpoint,legacy_e2_vit_base_nomixdir_registers,vit_base,mixup,registers,s12_post_norm,T3,centred_l2,count_mad_stage,2000,0.0407426296,0.8621279762,1.5285,secondary
within_checkpoint,legacy_e2_vit_base_nomixdir_saga,vit_base,mixup,saga,s11_out,T0,l2,count_mad_s11,2000,MISSING,1,12.053,secondary
within_checkpoint,legacy_e2_vit_base_nomixdir_saga,vit_base,mixup,saga,s11_out,T0,l2,count_mad_stage,2000,MISSING,1,12.053,secondary
within_checkpoint,legacy_e2_vit_base_nomixdir_saga,vit_base,mixup,saga,s11_out,T0,centred_l2,count_mad_s11,2000,MISSING,1,12.053,secondary
within_checkpoint,legacy_e2_vit_base_nomixdir_saga,vit_base,mixup,saga,s11_out,T0,centred_l2,count_mad_stage,2000,MISSING,1,12.053,secondary
within_checkpoint,legacy_e2_vit_base_nomixdir_saga,vit_base,mixup,saga,hist,T0,l2,count_mad_s11,2000,MISSING,1,12.053,secondary
within_checkpoint,legacy_e2_vit_base_nomixdir_saga,vit_base,mixup,saga,hist,T0,l2,count_mad_stage,2000,MISSING,1,15.163,secondary
within_checkpoint,legacy_e2_vit_base_nomixdir_saga,vit_base,mixup,saga,hist,T0,centred_l2,count_mad_s11,2000,MISSING,1,12.053,secondary
within_checkpoint,legacy_e2_vit_base_nomixdir_saga,vit_base,mixup,saga,hist,T0,centred_l2,count_mad_stage,2000,MISSING,1,15.163,secondary
within_checkpoint,legacy_e2_vit_base_nomixdir_saga,vit_base,mixup,saga,s12_post_norm,T0,l2,count_mad_s11,2000,MISSING,1,12.053,secondary
within_checkpoint,legacy_e2_vit_base_nomixdir_saga,vit_base,mixup,saga,s12_post_norm,T0,l2,count_mad_stage,2000,MISSING,1,0,secondary
within_checkpoint,legacy_e2_vit_base_nomixdir_saga,vit_base,mixup,saga,s12_post_norm,T0,centred_l2,count_mad_s11,2000,MISSING,1,12.053,secondary
within_checkpoint,legacy_e2_vit_base_nomixdir_saga,vit_base,mixup,saga,s12_post_norm,T0,centred_l2,count_mad_stage,2000,MISSING,1,0,secondary
within_checkpoint,legacy_e2_vit_base_nomixdir_saga,vit_base,mixup,saga,s11_out,T1,l2,count_mad_s11,2000,0.05235036174,0.8468443878,12.053,secondary
within_checkpoint,legacy_e2_vit_base_nomixdir_saga,vit_base,mixup,saga,s11_out,T1,l2,count_mad_stage,2000,0.05235036174,0.8468443878,12.053,secondary
within_checkpoint,legacy_e2_vit_base_nomixdir_saga,vit_base,mixup,saga,s11_out,T1,centred_l2,count_mad_s11,2000,0.04768062513,0.8447244898,12.053,secondary
within_checkpoint,legacy_e2_vit_base_nomixdir_saga,vit_base,mixup,saga,s11_out,T1,centred_l2,count_mad_stage,2000,0.04768062513,0.8447244898,12.053,secondary
within_checkpoint,legacy_e2_vit_base_nomixdir_saga,vit_base,mixup,saga,hist,T1,l2,count_mad_s11,2000,0.03720554951,0.8369285714,12.053,secondary
within_checkpoint,legacy_e2_vit_base_nomixdir_saga,vit_base,mixup,saga,hist,T1,l2,count_mad_stage,2000,0.0712164726,0.8369285714,15.163,secondary
within_checkpoint,legacy_e2_vit_base_nomixdir_saga,vit_base,mixup,saga,hist,T1,centred_l2,count_mad_s11,2000,0.02801112753,0.8341479592,12.053,secondary
within_checkpoint,legacy_e2_vit_base_nomixdir_saga,vit_base,mixup,saga,hist,T1,centred_l2,count_mad_stage,2000,0.06065355876,0.8341479592,15.163,secondary
within_checkpoint,legacy_e2_vit_base_nomixdir_saga,vit_base,mixup,saga,s12_post_norm,T1,l2,count_mad_s11,2000,0.04146060418,0.8511556122,12.053,secondary
within_checkpoint,legacy_e2_vit_base_nomixdir_saga,vit_base,mixup,saga,s12_post_norm,T1,l2,count_mad_stage,2000,MISSING,0.8511556122,0,secondary
within_checkpoint,legacy_e2_vit_base_nomixdir_saga,vit_base,mixup,saga,s12_post_norm,T1,centred_l2,count_mad_s11,2000,0.03349674801,0.8499132653,12.053,secondary
within_checkpoint,legacy_e2_vit_base_nomixdir_saga,vit_base,mixup,saga,s12_post_norm,T1,centred_l2,count_mad_stage,2000,MISSING,0.8499132653,0,secondary
within_checkpoint,legacy_e2_vit_base_nomixdir_saga,vit_base,mixup,saga,s11_out,T2,l2,count_mad_s11,2000,0.01971198832,0.8831620879,11.806,secondary
within_checkpoint,legacy_e2_vit_base_nomixdir_saga,vit_base,mixup,saga,s11_out,T2,l2,count_mad_stage,2000,0.01971198832,0.8831620879,11.806,secondary
within_checkpoint,legacy_e2_vit_base_nomixdir_saga,vit_base,mixup,saga,s11_out,T2,centred_l2,count_mad_s11,2000,0.02026827446,0.8809038462,11.806,secondary
within_checkpoint,legacy_e2_vit_base_nomixdir_saga,vit_base,mixup,saga,s11_out,T2,centred_l2,count_mad_stage,2000,0.02026827446,0.8809038462,11.806,secondary
within_checkpoint,legacy_e2_vit_base_nomixdir_saga,vit_base,mixup,saga,hist,T2,l2,count_mad_s11,2000,0.02372633136,0.8750631868,11.806,secondary
within_checkpoint,legacy_e2_vit_base_nomixdir_saga,vit_base,mixup,saga,hist,T2,l2,count_mad_stage,2000,0.03136620172,0.8750631868,15.021,secondary
within_checkpoint,legacy_e2_vit_base_nomixdir_saga,vit_base,mixup,saga,hist,T2,centred_l2,count_mad_s11,2000,0.01364930688,0.8724945055,11.806,secondary
within_checkpoint,legacy_e2_vit_base_nomixdir_saga,vit_base,mixup,saga,hist,T2,centred_l2,count_mad_stage,2000,0.01914187476,0.8724945055,15.021,secondary
within_checkpoint,legacy_e2_vit_base_nomixdir_saga,vit_base,mixup,saga,s12_post_norm,T2,l2,count_mad_s11,2000,0.00914406854,0.8869642857,11.806,secondary
within_checkpoint,legacy_e2_vit_base_nomixdir_saga,vit_base,mixup,saga,s12_post_norm,T2,l2,count_mad_stage,2000,MISSING,0.8869642857,0,secondary
within_checkpoint,legacy_e2_vit_base_nomixdir_saga,vit_base,mixup,saga,s12_post_norm,T2,centred_l2,count_mad_s11,2000,0.009459673066,0.8855824176,11.806,secondary
within_checkpoint,legacy_e2_vit_base_nomixdir_saga,vit_base,mixup,saga,s12_post_norm,T2,centred_l2,count_mad_stage,2000,MISSING,0.8855824176,0,secondary
within_checkpoint,legacy_e2_vit_base_nomixdir_saga,vit_base,mixup,saga,s11_out,T3,l2,count_mad_s11,2000,0.04605872658,0.8660863095,11.9345,secondary
within_checkpoint,legacy_e2_vit_base_nomixdir_saga,vit_base,mixup,saga,s11_out,T3,l2,count_mad_stage,2000,0.04605872658,0.8660863095,11.9345,secondary
within_checkpoint,legacy_e2_vit_base_nomixdir_saga,vit_base,mixup,saga,s11_out,T3,centred_l2,count_mad_s11,2000,0.04191073908,0.8641845238,11.9345,secondary
within_checkpoint,legacy_e2_vit_base_nomixdir_saga,vit_base,mixup,saga,s11_out,T3,centred_l2,count_mad_stage,2000,0.04191073908,0.8641845238,11.9345,secondary
within_checkpoint,legacy_e2_vit_base_nomixdir_saga,vit_base,mixup,saga,hist,T3,l2,count_mad_s11,2000,0.04690886378,0.8566696429,11.9345,secondary
within_checkpoint,legacy_e2_vit_base_nomixdir_saga,vit_base,mixup,saga,hist,T3,l2,count_mad_stage,2000,0.06204084412,0.8566696429,15.134,secondary
within_checkpoint,legacy_e2_vit_base_nomixdir_saga,vit_base,mixup,saga,hist,T3,centred_l2,count_mad_s11,2000,0.0417460941,0.853889881,11.9345,secondary
within_checkpoint,legacy_e2_vit_base_nomixdir_saga,vit_base,mixup,saga,hist,T3,centred_l2,count_mad_stage,2000,0.05598870167,0.853889881,15.134,secondary
within_checkpoint,legacy_e2_vit_base_nomixdir_saga,vit_base,mixup,saga,s12_post_norm,T3,l2,count_mad_s11,2000,0.03459249898,0.8705029762,11.9345,secondary
within_checkpoint,legacy_e2_vit_base_nomixdir_saga,vit_base,mixup,saga,s12_post_norm,T3,l2,count_mad_stage,2000,MISSING,0.8705029762,0,secondary
within_checkpoint,legacy_e2_vit_base_nomixdir_saga,vit_base,mixup,saga,s12_post_norm,T3,centred_l2,count_mad_s11,2000,0.03341516111,0.8689196429,11.9345,secondary
within_checkpoint,legacy_e2_vit_base_nomixdir_saga,vit_base,mixup,saga,s12_post_norm,T3,centred_l2,count_mad_stage,2000,MISSING,0.8689196429,0,secondary
within_checkpoint,e2r_vitb_mixup_saga_s1,vit_base,mixup,saga,s11_out,T0,l2,count_mad_s11,2000,MISSING,1,19.8575,secondary
within_checkpoint,e2r_vitb_mixup_saga_s1,vit_base,mixup,saga,s11_out,T0,l2,count_mad_stage,2000,MISSING,1,19.8575,secondary
within_checkpoint,e2r_vitb_mixup_saga_s1,vit_base,mixup,saga,s11_out,T0,centred_l2,count_mad_s11,2000,MISSING,1,19.8575,secondary
within_checkpoint,e2r_vitb_mixup_saga_s1,vit_base,mixup,saga,s11_out,T0,centred_l2,count_mad_stage,2000,MISSING,1,19.8575,secondary
within_checkpoint,e2r_vitb_mixup_saga_s1,vit_base,mixup,saga,hist,T0,l2,count_mad_s11,2000,MISSING,1,19.8575,secondary
within_checkpoint,e2r_vitb_mixup_saga_s1,vit_base,mixup,saga,hist,T0,l2,count_mad_stage,2000,MISSING,1,18.5745,secondary
within_checkpoint,e2r_vitb_mixup_saga_s1,vit_base,mixup,saga,hist,T0,centred_l2,count_mad_s11,2000,MISSING,1,19.8575,secondary
within_checkpoint,e2r_vitb_mixup_saga_s1,vit_base,mixup,saga,hist,T0,centred_l2,count_mad_stage,2000,MISSING,1,18.5745,secondary
within_checkpoint,e2r_vitb_mixup_saga_s1,vit_base,mixup,saga,s12_post_norm,T0,l2,count_mad_s11,2000,MISSING,1,19.8575,secondary
within_checkpoint,e2r_vitb_mixup_saga_s1,vit_base,mixup,saga,s12_post_norm,T0,l2,count_mad_stage,2000,MISSING,1,0,secondary
within_checkpoint,e2r_vitb_mixup_saga_s1,vit_base,mixup,saga,s12_post_norm,T0,centred_l2,count_mad_s11,2000,MISSING,1,19.8575,secondary
within_checkpoint,e2r_vitb_mixup_saga_s1,vit_base,mixup,saga,s12_post_norm,T0,centred_l2,count_mad_stage,2000,MISSING,1,0,secondary
within_checkpoint,e2r_vitb_mixup_saga_s1,vit_base,mixup,saga,s11_out,T1,l2,count_mad_s11,2000,-0.149550528,0.8495867347,19.8575,secondary
within_checkpoint,e2r_vitb_mixup_saga_s1,vit_base,mixup,saga,s11_out,T1,l2,count_mad_stage,2000,-0.149550528,0.8495867347,19.8575,secondary
within_checkpoint,e2r_vitb_mixup_saga_s1,vit_base,mixup,saga,s11_out,T1,centred_l2,count_mad_s11,2000,-0.1493835021,0.8487397959,19.8575,secondary
within_checkpoint,e2r_vitb_mixup_saga_s1,vit_base,mixup,saga,s11_out,T1,centred_l2,count_mad_stage,2000,-0.1493835021,0.8487397959,19.8575,secondary
within_checkpoint,e2r_vitb_mixup_saga_s1,vit_base,mixup,saga,hist,T1,l2,count_mad_s11,2000,-0.1528533634,0.8395714286,19.8575,secondary
within_checkpoint,e2r_vitb_mixup_saga_s1,vit_base,mixup,saga,hist,T1,l2,count_mad_stage,2000,-0.06010477316,0.8395714286,18.5745,secondary
within_checkpoint,e2r_vitb_mixup_saga_s1,vit_base,mixup,saga,hist,T1,centred_l2,count_mad_s11,2000,-0.1493571328,0.8374387755,19.8575,secondary
within_checkpoint,e2r_vitb_mixup_saga_s1,vit_base,mixup,saga,hist,T1,centred_l2,count_mad_stage,2000,-0.05719773215,0.8374387755,18.5745,secondary
within_checkpoint,e2r_vitb_mixup_saga_s1,vit_base,mixup,saga,s12_post_norm,T1,l2,count_mad_s11,2000,-0.1465252967,0.8541913265,19.8575,secondary
within_checkpoint,e2r_vitb_mixup_saga_s1,vit_base,mixup,saga,s12_post_norm,T1,l2,count_mad_stage,2000,MISSING,0.8541913265,0,secondary
within_checkpoint,e2r_vitb_mixup_saga_s1,vit_base,mixup,saga,s12_post_norm,T1,centred_l2,count_mad_s11,2000,-0.1469073194,0.8527346939,19.8575,secondary
within_checkpoint,e2r_vitb_mixup_saga_s1,vit_base,mixup,saga,s12_post_norm,T1,centred_l2,count_mad_stage,2000,MISSING,0.8527346939,0,secondary
within_checkpoint,e2r_vitb_mixup_saga_s1,vit_base,mixup,saga,s11_out,T2,l2,count_mad_s11,2000,-0.07314268745,0.8794752747,20.2475,secondary
within_checkpoint,e2r_vitb_mixup_saga_s1,vit_base,mixup,saga,s11_out,T2,l2,count_mad_stage,2000,-0.07314268745,0.8794752747,20.2475,secondary
within_checkpoint,e2r_vitb_mixup_saga_s1,vit_base,mixup,saga,s11_out,T2,centred_l2,count_mad_s11,2000,-0.07467699118,0.8788983516,20.2475,secondary
within_checkpoint,e2r_vitb_mixup_saga_s1,vit_base,mixup,saga,s11_out,T2,centred_l2,count_mad_stage,2000,-0.07467699118,0.8788983516,20.2475,secondary
within_checkpoint,e2r_vitb_mixup_saga_s1,vit_base,mixup,saga,hist,T2,l2,count_mad_s11,2000,-0.07679549743,0.8733296703,20.2475,secondary
within_checkpoint,e2r_vitb_mixup_saga_s1,vit_base,mixup,saga,hist,T2,l2,count_mad_stage,2000,-0.04881118357,0.8733296703,18.9975,secondary
within_checkpoint,e2r_vitb_mixup_saga_s1,vit_base,mixup,saga,hist,T2,centred_l2,count_mad_s11,2000,-0.07609558706,0.8716346154,20.2475,secondary
within_checkpoint,e2r_vitb_mixup_saga_s1,vit_base,mixup,saga,hist,T2,centred_l2,count_mad_stage,2000,-0.04586750517,0.8716346154,18.9975,secondary
within_checkpoint,e2r_vitb_mixup_saga_s1,vit_base,mixup,saga,s12_post_norm,T2,l2,count_mad_s11,2000,-0.06778210705,0.8843791209,20.2475,secondary
within_checkpoint,e2r_vitb_mixup_saga_s1,vit_base,mixup,saga,s12_post_norm,T2,l2,count_mad_stage,2000,MISSING,0.8843791209,0,secondary
within_checkpoint,e2r_vitb_mixup_saga_s1,vit_base,mixup,saga,s12_post_norm,T2,centred_l2,count_mad_s11,2000,-0.07020653333,0.8828736264,20.2475,secondary
within_checkpoint,e2r_vitb_mixup_saga_s1,vit_base,mixup,saga,s12_post_norm,T2,centred_l2,count_mad_stage,2000,MISSING,0.8828736264,0,secondary
within_checkpoint,e2r_vitb_mixup_saga_s1,vit_base,mixup,saga,s11_out,T3,l2,count_mad_s11,2000,-0.06665673737,0.8663482143,20.374,secondary
within_checkpoint,e2r_vitb_mixup_saga_s1,vit_base,mixup,saga,s11_out,T3,l2,count_mad_stage,2000,-0.06665673737,0.8663482143,20.374,secondary
within_checkpoint,e2r_vitb_mixup_saga_s1,vit_base,mixup,saga,s11_out,T3,centred_l2,count_mad_s11,2000,-0.06872179611,0.8654583333,20.374,secondary
within_checkpoint,e2r_vitb_mixup_saga_s1,vit_base,mixup,saga,s11_out,T3,centred_l2,count_mad_stage,2000,-0.06872179611,0.8654583333,20.374,secondary
within_checkpoint,e2r_vitb_mixup_saga_s1,vit_base,mixup,saga,hist,T3,l2,count_mad_s11,2000,-0.06220550033,0.8579285714,20.374,secondary
within_checkpoint,e2r_vitb_mixup_saga_s1,vit_base,mixup,saga,hist,T3,l2,count_mad_stage,2000,-0.0186093293,0.8579285714,19.095,secondary
within_checkpoint,e2r_vitb_mixup_saga_s1,vit_base,mixup,saga,hist,T3,centred_l2,count_mad_s11,2000,-0.06376577607,0.8561369048,20.374,secondary
within_checkpoint,e2r_vitb_mixup_saga_s1,vit_base,mixup,saga,hist,T3,centred_l2,count_mad_stage,2000,-0.01916666821,0.8561369048,19.095,secondary
within_checkpoint,e2r_vitb_mixup_saga_s1,vit_base,mixup,saga,s12_post_norm,T3,l2,count_mad_s11,2000,-0.06123747739,0.871202381,20.374,secondary
within_checkpoint,e2r_vitb_mixup_saga_s1,vit_base,mixup,saga,s12_post_norm,T3,l2,count_mad_stage,2000,MISSING,0.871202381,0,secondary
within_checkpoint,e2r_vitb_mixup_saga_s1,vit_base,mixup,saga,s12_post_norm,T3,centred_l2,count_mad_s11,2000,-0.06100644645,0.8698511905,20.374,secondary
within_checkpoint,e2r_vitb_mixup_saga_s1,vit_base,mixup,saga,s12_post_norm,T3,centred_l2,count_mad_stage,2000,MISSING,0.8698511905,0,secondary
within_checkpoint,legacy_e2_vit_small_mixupdir_registers,vit_small,mixup,registers,s11_out,T0,l2,count_mad_s11,2000,MISSING,1,6.7775,secondary
within_checkpoint,legacy_e2_vit_small_mixupdir_registers,vit_small,mixup,registers,s11_out,T0,l2,count_mad_stage,2000,MISSING,1,6.7775,secondary
within_checkpoint,legacy_e2_vit_small_mixupdir_registers,vit_small,mixup,registers,s11_out,T0,centred_l2,count_mad_s11,2000,MISSING,1,6.7775,secondary
within_checkpoint,legacy_e2_vit_small_mixupdir_registers,vit_small,mixup,registers,s11_out,T0,centred_l2,count_mad_stage,2000,MISSING,1,6.7775,secondary
within_checkpoint,legacy_e2_vit_small_mixupdir_registers,vit_small,mixup,registers,hist,T0,l2,count_mad_s11,2000,MISSING,1,6.7775,secondary
within_checkpoint,legacy_e2_vit_small_mixupdir_registers,vit_small,mixup,registers,hist,T0,l2,count_mad_stage,2000,MISSING,1,4.096,secondary
within_checkpoint,legacy_e2_vit_small_mixupdir_registers,vit_small,mixup,registers,hist,T0,centred_l2,count_mad_s11,2000,MISSING,1,6.7775,secondary
within_checkpoint,legacy_e2_vit_small_mixupdir_registers,vit_small,mixup,registers,hist,T0,centred_l2,count_mad_stage,2000,MISSING,1,4.096,secondary
within_checkpoint,legacy_e2_vit_small_mixupdir_registers,vit_small,mixup,registers,s12_post_norm,T0,l2,count_mad_s11,2000,MISSING,1,6.7775,secondary
within_checkpoint,legacy_e2_vit_small_mixupdir_registers,vit_small,mixup,registers,s12_post_norm,T0,l2,count_mad_stage,2000,MISSING,1,0.215,secondary
within_checkpoint,legacy_e2_vit_small_mixupdir_registers,vit_small,mixup,registers,s12_post_norm,T0,centred_l2,count_mad_s11,2000,MISSING,1,6.7775,secondary
within_checkpoint,legacy_e2_vit_small_mixupdir_registers,vit_small,mixup,registers,s12_post_norm,T0,centred_l2,count_mad_stage,2000,MISSING,1,0.215,secondary
within_checkpoint,legacy_e2_vit_small_mixupdir_registers,vit_small,mixup,registers,s11_out,T1,l2,count_mad_s11,2000,-0.2675770782,0.9620816327,6.7775,secondary
within_checkpoint,legacy_e2_vit_small_mixupdir_registers,vit_small,mixup,registers,s11_out,T1,l2,count_mad_stage,2000,-0.2675770782,0.9620816327,6.7775,secondary
within_checkpoint,legacy_e2_vit_small_mixupdir_registers,vit_small,mixup,registers,s11_out,T1,centred_l2,count_mad_s11,2000,-0.2597995401,0.9630714286,6.7775,secondary
within_checkpoint,legacy_e2_vit_small_mixupdir_registers,vit_small,mixup,registers,s11_out,T1,centred_l2,count_mad_stage,2000,-0.2597995401,0.9630714286,6.7775,secondary
within_checkpoint,legacy_e2_vit_small_mixupdir_registers,vit_small,mixup,registers,hist,T1,l2,count_mad_s11,2000,-0.2594342146,0.9595102041,6.7775,secondary
within_checkpoint,legacy_e2_vit_small_mixupdir_registers,vit_small,mixup,registers,hist,T1,l2,count_mad_stage,2000,-0.07480615422,0.9595102041,4.096,secondary
within_checkpoint,legacy_e2_vit_small_mixupdir_registers,vit_small,mixup,registers,hist,T1,centred_l2,count_mad_s11,2000,-0.2629860213,0.9590969388,6.7775,secondary
within_checkpoint,legacy_e2_vit_small_mixupdir_registers,vit_small,mixup,registers,hist,T1,centred_l2,count_mad_stage,2000,-0.07242066988,0.9590969388,4.096,secondary
within_checkpoint,legacy_e2_vit_small_mixupdir_registers,vit_small,mixup,registers,s12_post_norm,T1,l2,count_mad_s11,2000,-0.256913668,0.9624005102,6.7775,secondary
within_checkpoint,legacy_e2_vit_small_mixupdir_registers,vit_small,mixup,registers,s12_post_norm,T1,l2,count_mad_stage,2000,-0.05682088995,0.9624005102,0.215,secondary
within_checkpoint,legacy_e2_vit_small_mixupdir_registers,vit_small,mixup,registers,s12_post_norm,T1,centred_l2,count_mad_s11,2000,-0.262540896,0.9633188776,6.7775,secondary
within_checkpoint,legacy_e2_vit_small_mixupdir_registers,vit_small,mixup,registers,s12_post_norm,T1,centred_l2,count_mad_stage,2000,-0.04704371861,0.9633188776,0.215,secondary
within_checkpoint,legacy_e2_vit_small_mixupdir_registers,vit_small,mixup,registers,s11_out,T2,l2,count_mad_s11,2000,-0.1349163735,0.9568791209,6.9645,secondary
within_checkpoint,legacy_e2_vit_small_mixupdir_registers,vit_small,mixup,registers,s11_out,T2,l2,count_mad_stage,2000,-0.1349163735,0.9568791209,6.9645,secondary
within_checkpoint,legacy_e2_vit_small_mixupdir_registers,vit_small,mixup,registers,s11_out,T2,centred_l2,count_mad_s11,2000,-0.1229263023,0.9578296703,6.9645,secondary
within_checkpoint,legacy_e2_vit_small_mixupdir_registers,vit_small,mixup,registers,s11_out,T2,centred_l2,count_mad_stage,2000,-0.1229263023,0.9578296703,6.9645,secondary
within_checkpoint,legacy_e2_vit_small_mixupdir_registers,vit_small,mixup,registers,hist,T2,l2,count_mad_s11,2000,-0.1316255511,0.9554230769,6.9645,secondary
within_checkpoint,legacy_e2_vit_small_mixupdir_registers,vit_small,mixup,registers,hist,T2,l2,count_mad_stage,2000,-0.1120297464,0.9554230769,4.2425,secondary
within_checkpoint,legacy_e2_vit_small_mixupdir_registers,vit_small,mixup,registers,hist,T2,centred_l2,count_mad_s11,2000,-0.1205119016,0.9555521978,6.9645,secondary
within_checkpoint,legacy_e2_vit_small_mixupdir_registers,vit_small,mixup,registers,hist,T2,centred_l2,count_mad_stage,2000,-0.110136906,0.9555521978,4.2425,secondary
within_checkpoint,legacy_e2_vit_small_mixupdir_registers,vit_small,mixup,registers,s12_post_norm,T2,l2,count_mad_s11,2000,-0.1217634649,0.9575192308,6.9645,secondary
within_checkpoint,legacy_e2_vit_small_mixupdir_registers,vit_small,mixup,registers,s12_post_norm,T2,l2,count_mad_stage,2000,0.02567391898,0.9575192308,0.179,secondary
within_checkpoint,legacy_e2_vit_small_mixupdir_registers,vit_small,mixup,registers,s12_post_norm,T2,centred_l2,count_mad_s11,2000,-0.1170848102,0.9583791209,6.9645,secondary
within_checkpoint,legacy_e2_vit_small_mixupdir_registers,vit_small,mixup,registers,s12_post_norm,T2,centred_l2,count_mad_stage,2000,0.02899026988,0.9583791209,0.179,secondary
within_checkpoint,legacy_e2_vit_small_mixupdir_registers,vit_small,mixup,registers,s11_out,T3,l2,count_mad_s11,2000,-0.1118915945,0.9448541667,6.846,secondary
within_checkpoint,legacy_e2_vit_small_mixupdir_registers,vit_small,mixup,registers,s11_out,T3,l2,count_mad_stage,2000,-0.1118915945,0.9448541667,6.846,secondary
within_checkpoint,legacy_e2_vit_small_mixupdir_registers,vit_small,mixup,registers,s11_out,T3,centred_l2,count_mad_s11,2000,-0.1043940503,0.9460446429,6.846,secondary
within_checkpoint,legacy_e2_vit_small_mixupdir_registers,vit_small,mixup,registers,s11_out,T3,centred_l2,count_mad_stage,2000,-0.1043940503,0.9460446429,6.846,secondary
within_checkpoint,legacy_e2_vit_small_mixupdir_registers,vit_small,mixup,registers,hist,T3,l2,count_mad_s11,2000,-0.1073235863,0.9423095238,6.846,secondary
within_checkpoint,legacy_e2_vit_small_mixupdir_registers,vit_small,mixup,registers,hist,T3,l2,count_mad_stage,2000,-0.1126689023,0.9423095238,4.261,secondary
within_checkpoint,legacy_e2_vit_small_mixupdir_registers,vit_small,mixup,registers,hist,T3,centred_l2,count_mad_s11,2000,-0.09769700527,0.9421130952,6.846,secondary
within_checkpoint,legacy_e2_vit_small_mixupdir_registers,vit_small,mixup,registers,hist,T3,centred_l2,count_mad_stage,2000,-0.1077808896,0.9421130952,4.261,secondary
within_checkpoint,legacy_e2_vit_small_mixupdir_registers,vit_small,mixup,registers,s12_post_norm,T3,l2,count_mad_s11,2000,-0.09835410125,0.9454613095,6.846,secondary
within_checkpoint,legacy_e2_vit_small_mixupdir_registers,vit_small,mixup,registers,s12_post_norm,T3,l2,count_mad_stage,2000,0.04806483369,0.9454613095,0.2215,secondary
within_checkpoint,legacy_e2_vit_small_mixupdir_registers,vit_small,mixup,registers,s12_post_norm,T3,centred_l2,count_mad_s11,2000,-0.1000927472,0.9465535714,6.846,secondary
within_checkpoint,legacy_e2_vit_small_mixupdir_registers,vit_small,mixup,registers,s12_post_norm,T3,centred_l2,count_mad_stage,2000,0.05081956464,0.9465535714,0.2215,secondary
within_checkpoint,legacy_e2_vit_small_nomixdir_registers,vit_small,mixup,registers,s11_out,T0,l2,count_mad_s11,2000,MISSING,1,8.1205,secondary
within_checkpoint,legacy_e2_vit_small_nomixdir_registers,vit_small,mixup,registers,s11_out,T0,l2,count_mad_stage,2000,MISSING,1,8.1205,secondary
within_checkpoint,legacy_e2_vit_small_nomixdir_registers,vit_small,mixup,registers,s11_out,T0,centred_l2,count_mad_s11,2000,MISSING,1,8.1205,secondary
within_checkpoint,legacy_e2_vit_small_nomixdir_registers,vit_small,mixup,registers,s11_out,T0,centred_l2,count_mad_stage,2000,MISSING,1,8.1205,secondary
within_checkpoint,legacy_e2_vit_small_nomixdir_registers,vit_small,mixup,registers,hist,T0,l2,count_mad_s11,2000,MISSING,1,8.1205,secondary
within_checkpoint,legacy_e2_vit_small_nomixdir_registers,vit_small,mixup,registers,hist,T0,l2,count_mad_stage,2000,MISSING,1,4.288,secondary
within_checkpoint,legacy_e2_vit_small_nomixdir_registers,vit_small,mixup,registers,hist,T0,centred_l2,count_mad_s11,2000,MISSING,1,8.1205,secondary
within_checkpoint,legacy_e2_vit_small_nomixdir_registers,vit_small,mixup,registers,hist,T0,centred_l2,count_mad_stage,2000,MISSING,1,4.288,secondary
within_checkpoint,legacy_e2_vit_small_nomixdir_registers,vit_small,mixup,registers,s12_post_norm,T0,l2,count_mad_s11,2000,MISSING,1,8.1205,secondary
within_checkpoint,legacy_e2_vit_small_nomixdir_registers,vit_small,mixup,registers,s12_post_norm,T0,l2,count_mad_stage,2000,MISSING,1,0.355,secondary
within_checkpoint,legacy_e2_vit_small_nomixdir_registers,vit_small,mixup,registers,s12_post_norm,T0,centred_l2,count_mad_s11,2000,MISSING,1,8.1205,secondary
within_checkpoint,legacy_e2_vit_small_nomixdir_registers,vit_small,mixup,registers,s12_post_norm,T0,centred_l2,count_mad_stage,2000,MISSING,1,0.355,secondary
within_checkpoint,legacy_e2_vit_small_nomixdir_registers,vit_small,mixup,registers,s11_out,T1,l2,count_mad_s11,2000,-0.3586410852,0.9629719388,8.1205,secondary
within_checkpoint,legacy_e2_vit_small_nomixdir_registers,vit_small,mixup,registers,s11_out,T1,l2,count_mad_stage,2000,-0.3586410852,0.9629719388,8.1205,secondary
within_checkpoint,legacy_e2_vit_small_nomixdir_registers,vit_small,mixup,registers,s11_out,T1,centred_l2,count_mad_s11,2000,-0.3485256174,0.9639234694,8.1205,secondary
within_checkpoint,legacy_e2_vit_small_nomixdir_registers,vit_small,mixup,registers,s11_out,T1,centred_l2,count_mad_stage,2000,-0.3485256174,0.9639234694,8.1205,secondary
within_checkpoint,legacy_e2_vit_small_nomixdir_registers,vit_small,mixup,registers,hist,T1,l2,count_mad_s11,2000,-0.3419198856,0.9584438776,8.1205,secondary
within_checkpoint,legacy_e2_vit_small_nomixdir_registers,vit_small,mixup,registers,hist,T1,l2,count_mad_stage,2000,-0.1151284511,0.9584438776,4.288,secondary
within_checkpoint,legacy_e2_vit_small_nomixdir_registers,vit_small,mixup,registers,hist,T1,centred_l2,count_mad_s11,2000,-0.3346701925,0.9589846939,8.1205,secondary
within_checkpoint,legacy_e2_vit_small_nomixdir_registers,vit_small,mixup,registers,hist,T1,centred_l2,count_mad_stage,2000,-0.1068197495,0.9589846939,4.288,secondary
within_checkpoint,legacy_e2_vit_small_nomixdir_registers,vit_small,mixup,registers,s12_post_norm,T1,l2,count_mad_s11,2000,-0.3413802385,0.9626454082,8.1205,secondary
within_checkpoint,legacy_e2_vit_small_nomixdir_registers,vit_small,mixup,registers,s12_post_norm,T1,l2,count_mad_stage,2000,0.001347244886,0.9626454082,0.355,secondary
within_checkpoint,legacy_e2_vit_small_nomixdir_registers,vit_small,mixup,registers,s12_post_norm,T1,centred_l2,count_mad_s11,2000,-0.3394538054,0.9633188776,8.1205,secondary
within_checkpoint,legacy_e2_vit_small_nomixdir_registers,vit_small,mixup,registers,s12_post_norm,T1,centred_l2,count_mad_stage,2000,0.006770786971,0.9633188776,0.355,secondary
within_checkpoint,legacy_e2_vit_small_nomixdir_registers,vit_small,mixup,registers,s11_out,T2,l2,count_mad_s11,2000,-0.2253938522,0.9587142857,8.4705,secondary
within_checkpoint,legacy_e2_vit_small_nomixdir_registers,vit_small,mixup,registers,s11_out,T2,l2,count_mad_stage,2000,-0.2253938522,0.9587142857,8.4705,secondary
within_checkpoint,legacy_e2_vit_small_nomixdir_registers,vit_small,mixup,registers,s11_out,T2,centred_l2,count_mad_s11,2000,-0.2265185586,0.9596978022,8.4705,secondary
within_checkpoint,legacy_e2_vit_small_nomixdir_registers,vit_small,mixup,registers,s11_out,T2,centred_l2,count_mad_stage,2000,-0.2265185586,0.9596978022,8.4705,secondary
within_checkpoint,legacy_e2_vit_small_nomixdir_registers,vit_small,mixup,registers,hist,T2,l2,count_mad_s11,2000,-0.2310038699,0.9558791209,8.4705,secondary
within_checkpoint,legacy_e2_vit_small_nomixdir_registers,vit_small,mixup,registers,hist,T2,l2,count_mad_stage,2000,-0.06325178171,0.9558791209,4.268,secondary
within_checkpoint,legacy_e2_vit_small_nomixdir_registers,vit_small,mixup,registers,hist,T2,centred_l2,count_mad_s11,2000,-0.2248770092,0.9569917582,8.4705,secondary
within_checkpoint,legacy_e2_vit_small_nomixdir_registers,vit_small,mixup,registers,hist,T2,centred_l2,count_mad_stage,2000,-0.0667432596,0.9569917582,4.268,secondary
within_checkpoint,legacy_e2_vit_small_nomixdir_registers,vit_small,mixup,registers,s12_post_norm,T2,l2,count_mad_s11,2000,-0.220350558,0.9595357143,8.4705,secondary
within_checkpoint,legacy_e2_vit_small_nomixdir_registers,vit_small,mixup,registers,s12_post_norm,T2,l2,count_mad_stage,2000,0.04882881009,0.9595357143,0.344,secondary
within_checkpoint,legacy_e2_vit_small_nomixdir_registers,vit_small,mixup,registers,s12_post_norm,T2,centred_l2,count_mad_s11,2000,-0.2190067004,0.960217033,8.4705,secondary
within_checkpoint,legacy_e2_vit_small_nomixdir_registers,vit_small,mixup,registers,s12_post_norm,T2,centred_l2,count_mad_stage,2000,0.05160704871,0.960217033,0.344,secondary
within_checkpoint,legacy_e2_vit_small_nomixdir_registers,vit_small,mixup,registers,s11_out,T3,l2,count_mad_s11,2000,-0.2058874116,0.9468363095,8.4395,secondary
within_checkpoint,legacy_e2_vit_small_nomixdir_registers,vit_small,mixup,registers,s11_out,T3,l2,count_mad_stage,2000,-0.2058874116,0.9468363095,8.4395,secondary
within_checkpoint,legacy_e2_vit_small_nomixdir_registers,vit_small,mixup,registers,s11_out,T3,centred_l2,count_mad_s11,2000,-0.1945902744,0.9480714286,8.4395,secondary
within_checkpoint,legacy_e2_vit_small_nomixdir_registers,vit_small,mixup,registers,s11_out,T3,centred_l2,count_mad_stage,2000,-0.1945902744,0.9480714286,8.4395,secondary
within_checkpoint,legacy_e2_vit_small_nomixdir_registers,vit_small,mixup,registers,hist,T3,l2,count_mad_s11,2000,-0.2014874106,0.9422589286,8.4395,secondary
within_checkpoint,legacy_e2_vit_small_nomixdir_registers,vit_small,mixup,registers,hist,T3,l2,count_mad_stage,2000,-0.06081171914,0.9422589286,4.272,secondary
within_checkpoint,legacy_e2_vit_small_nomixdir_registers,vit_small,mixup,registers,hist,T3,centred_l2,count_mad_s11,2000,-0.1950790441,0.9430863095,8.4395,secondary
within_checkpoint,legacy_e2_vit_small_nomixdir_registers,vit_small,mixup,registers,hist,T3,centred_l2,count_mad_stage,2000,-0.05682240755,0.9430863095,4.272,secondary
within_checkpoint,legacy_e2_vit_small_nomixdir_registers,vit_small,mixup,registers,s12_post_norm,T3,l2,count_mad_s11,2000,-0.1928266991,0.9470386905,8.4395,secondary
within_checkpoint,legacy_e2_vit_small_nomixdir_registers,vit_small,mixup,registers,s12_post_norm,T3,l2,count_mad_stage,2000,0.07934753828,0.9470386905,0.349,secondary
within_checkpoint,legacy_e2_vit_small_nomixdir_registers,vit_small,mixup,registers,s12_post_norm,T3,centred_l2,count_mad_s11,2000,-0.1915652493,0.947985119,8.4395,secondary
within_checkpoint,legacy_e2_vit_small_nomixdir_registers,vit_small,mixup,registers,s12_post_norm,T3,centred_l2,count_mad_stage,2000,0.08602077113,0.947985119,0.349,secondary
within_checkpoint,legacy_e2_vit_small_mixupdir_saga,vit_small,mixup,saga,s11_out,T0,l2,count_mad_s11,2000,MISSING,1,14.128,secondary
within_checkpoint,legacy_e2_vit_small_mixupdir_saga,vit_small,mixup,saga,s11_out,T0,l2,count_mad_stage,2000,MISSING,1,14.128,secondary
within_checkpoint,legacy_e2_vit_small_mixupdir_saga,vit_small,mixup,saga,s11_out,T0,centred_l2,count_mad_s11,2000,MISSING,1,14.128,secondary
within_checkpoint,legacy_e2_vit_small_mixupdir_saga,vit_small,mixup,saga,s11_out,T0,centred_l2,count_mad_stage,2000,MISSING,1,14.128,secondary
within_checkpoint,legacy_e2_vit_small_mixupdir_saga,vit_small,mixup,saga,hist,T0,l2,count_mad_s11,2000,MISSING,1,14.128,secondary
within_checkpoint,legacy_e2_vit_small_mixupdir_saga,vit_small,mixup,saga,hist,T0,l2,count_mad_stage,2000,MISSING,1,11.6625,secondary
within_checkpoint,legacy_e2_vit_small_mixupdir_saga,vit_small,mixup,saga,hist,T0,centred_l2,count_mad_s11,2000,MISSING,1,14.128,secondary
within_checkpoint,legacy_e2_vit_small_mixupdir_saga,vit_small,mixup,saga,hist,T0,centred_l2,count_mad_stage,2000,MISSING,1,11.6625,secondary
within_checkpoint,legacy_e2_vit_small_mixupdir_saga,vit_small,mixup,saga,s12_post_norm,T0,l2,count_mad_s11,2000,MISSING,1,14.128,secondary
within_checkpoint,legacy_e2_vit_small_mixupdir_saga,vit_small,mixup,saga,s12_post_norm,T0,l2,count_mad_stage,2000,MISSING,1,0.018,secondary
within_checkpoint,legacy_e2_vit_small_mixupdir_saga,vit_small,mixup,saga,s12_post_norm,T0,centred_l2,count_mad_s11,2000,MISSING,1,14.128,secondary
within_checkpoint,legacy_e2_vit_small_mixupdir_saga,vit_small,mixup,saga,s12_post_norm,T0,centred_l2,count_mad_stage,2000,MISSING,1,0.018,secondary
within_checkpoint,legacy_e2_vit_small_mixupdir_saga,vit_small,mixup,saga,s11_out,T1,l2,count_mad_s11,2000,-0.355988581,0.9124285714,14.128,secondary
within_checkpoint,legacy_e2_vit_small_mixupdir_saga,vit_small,mixup,saga,s11_out,T1,l2,count_mad_stage,2000,-0.355988581,0.9124285714,14.128,secondary
within_checkpoint,legacy_e2_vit_small_mixupdir_saga,vit_small,mixup,saga,s11_out,T1,centred_l2,count_mad_s11,2000,-0.3514996408,0.9133214286,14.128,secondary
within_checkpoint,legacy_e2_vit_small_mixupdir_saga,vit_small,mixup,saga,s11_out,T1,centred_l2,count_mad_stage,2000,-0.3514996408,0.9133214286,14.128,secondary
within_checkpoint,legacy_e2_vit_small_mixupdir_saga,vit_small,mixup,saga,hist,T1,l2,count_mad_s11,2000,-0.3576554899,0.9090153061,14.128,secondary
within_checkpoint,legacy_e2_vit_small_mixupdir_saga,vit_small,mixup,saga,hist,T1,l2,count_mad_stage,2000,-0.3162237006,0.9090153061,11.6625,secondary
within_checkpoint,legacy_e2_vit_small_mixupdir_saga,vit_small,mixup,saga,hist,T1,centred_l2,count_mad_s11,2000,-0.3585297898,0.9102040816,14.128,secondary
within_checkpoint,legacy_e2_vit_small_mixupdir_saga,vit_small,mixup,saga,hist,T1,centred_l2,count_mad_stage,2000,-0.3179167572,0.9102040816,11.6625,secondary
within_checkpoint,legacy_e2_vit_small_mixupdir_saga,vit_small,mixup,saga,s12_post_norm,T1,l2,count_mad_s11,2000,-0.3568629746,0.9143392857,14.128,secondary
within_checkpoint,legacy_e2_vit_small_mixupdir_saga,vit_small,mixup,saga,s12_post_norm,T1,l2,count_mad_stage,2000,-0.05299490444,0.9143392857,0.018,secondary
within_checkpoint,legacy_e2_vit_small_mixupdir_saga,vit_small,mixup,saga,s12_post_norm,T1,centred_l2,count_mad_s11,2000,-0.3548492191,0.9150459184,14.128,secondary
within_checkpoint,legacy_e2_vit_small_mixupdir_saga,vit_small,mixup,saga,s12_post_norm,T1,centred_l2,count_mad_stage,2000,-0.0524318276,0.9150459184,0.018,secondary
within_checkpoint,legacy_e2_vit_small_mixupdir_saga,vit_small,mixup,saga,s11_out,T2,l2,count_mad_s11,2000,-0.2552160461,0.9174450549,14.266,secondary
within_checkpoint,legacy_e2_vit_small_mixupdir_saga,vit_small,mixup,saga,s11_out,T2,l2,count_mad_stage,2000,-0.2552160461,0.9174450549,14.266,secondary
within_checkpoint,legacy_e2_vit_small_mixupdir_saga,vit_small,mixup,saga,s11_out,T2,centred_l2,count_mad_s11,2000,-0.2483539085,0.9183543956,14.266,secondary
within_checkpoint,legacy_e2_vit_small_mixupdir_saga,vit_small,mixup,saga,s11_out,T2,centred_l2,count_mad_stage,2000,-0.2483539085,0.9183543956,14.266,secondary
within_checkpoint,legacy_e2_vit_small_mixupdir_saga,vit_small,mixup,saga,hist,T2,l2,count_mad_s11,2000,-0.2615492634,0.915467033,14.266,secondary
within_checkpoint,legacy_e2_vit_small_mixupdir_saga,vit_small,mixup,saga,hist,T2,l2,count_mad_stage,2000,-0.1190442202,0.915467033,11.5345,secondary
within_checkpoint,legacy_e2_vit_small_mixupdir_saga,vit_small,mixup,saga,hist,T2,centred_l2,count_mad_s11,2000,-0.2574772441,0.916739011,14.266,secondary
within_checkpoint,legacy_e2_vit_small_mixupdir_saga,vit_small,mixup,saga,hist,T2,centred_l2,count_mad_stage,2000,-0.1088796702,0.916739011,11.5345,secondary
within_checkpoint,legacy_e2_vit_small_mixupdir_saga,vit_small,mixup,saga,s12_post_norm,T2,l2,count_mad_s11,2000,-0.2491774157,0.9193598901,14.266,secondary
within_checkpoint,legacy_e2_vit_small_mixupdir_saga,vit_small,mixup,saga,s12_post_norm,T2,l2,count_mad_stage,2000,-0.05295310867,0.9193598901,0.0105,secondary
within_checkpoint,legacy_e2_vit_small_mixupdir_saga,vit_small,mixup,saga,s12_post_norm,T2,centred_l2,count_mad_s11,2000,-0.2492559289,0.920032967,14.266,secondary
within_checkpoint,legacy_e2_vit_small_mixupdir_saga,vit_small,mixup,saga,s12_post_norm,T2,centred_l2,count_mad_stage,2000,-0.05291099078,0.920032967,0.0105,secondary
within_checkpoint,legacy_e2_vit_small_mixupdir_saga,vit_small,mixup,saga,s11_out,T3,l2,count_mad_s11,2000,-0.3072252912,0.8999613095,14.2695,secondary
within_checkpoint,legacy_e2_vit_small_mixupdir_saga,vit_small,mixup,saga,s11_out,T3,l2,count_mad_stage,2000,-0.3072252912,0.8999613095,14.2695,secondary
within_checkpoint,legacy_e2_vit_small_mixupdir_saga,vit_small,mixup,saga,s11_out,T3,centred_l2,count_mad_s11,2000,-0.2983658216,0.9009464286,14.2695,secondary
within_checkpoint,legacy_e2_vit_small_mixupdir_saga,vit_small,mixup,saga,s11_out,T3,centred_l2,count_mad_stage,2000,-0.2983658216,0.9009464286,14.2695,secondary
within_checkpoint,legacy_e2_vit_small_mixupdir_saga,vit_small,mixup,saga,hist,T3,l2,count_mad_s11,2000,-0.3092411457,0.8970833333,14.2695,secondary
within_checkpoint,legacy_e2_vit_small_mixupdir_saga,vit_small,mixup,saga,hist,T3,l2,count_mad_stage,2000,-0.1630163234,0.8970833333,11.5835,secondary
within_checkpoint,legacy_e2_vit_small_mixupdir_saga,vit_small,mixup,saga,hist,T3,centred_l2,count_mad_s11,2000,-0.3064706576,0.8982172619,14.2695,secondary
within_checkpoint,legacy_e2_vit_small_mixupdir_saga,vit_small,mixup,saga,hist,T3,centred_l2,count_mad_stage,2000,-0.1611143592,0.8982172619,11.5835,secondary
within_checkpoint,legacy_e2_vit_small_mixupdir_saga,vit_small,mixup,saga,s12_post_norm,T3,l2,count_mad_s11,2000,-0.3051030345,0.9021815476,14.2695,secondary
within_checkpoint,legacy_e2_vit_small_mixupdir_saga,vit_small,mixup,saga,s12_post_norm,T3,l2,count_mad_stage,2000,-0.05718783217,0.9021815476,0.01,secondary
within_checkpoint,legacy_e2_vit_small_mixupdir_saga,vit_small,mixup,saga,s12_post_norm,T3,centred_l2,count_mad_s11,2000,-0.3033037522,0.9029315476,14.2695,secondary
within_checkpoint,legacy_e2_vit_small_mixupdir_saga,vit_small,mixup,saga,s12_post_norm,T3,centred_l2,count_mad_stage,2000,-0.05742280655,0.9029315476,0.01,secondary
within_checkpoint,legacy_e2_vit_small_nomixdir_saga,vit_small,mixup,saga,s11_out,T0,l2,count_mad_s11,2000,MISSING,1,16.361,secondary
within_checkpoint,legacy_e2_vit_small_nomixdir_saga,vit_small,mixup,saga,s11_out,T0,l2,count_mad_stage,2000,MISSING,1,16.361,secondary
within_checkpoint,legacy_e2_vit_small_nomixdir_saga,vit_small,mixup,saga,s11_out,T0,centred_l2,count_mad_s11,2000,MISSING,1,16.361,secondary
within_checkpoint,legacy_e2_vit_small_nomixdir_saga,vit_small,mixup,saga,s11_out,T0,centred_l2,count_mad_stage,2000,MISSING,1,16.361,secondary
within_checkpoint,legacy_e2_vit_small_nomixdir_saga,vit_small,mixup,saga,hist,T0,l2,count_mad_s11,2000,MISSING,1,16.361,secondary
within_checkpoint,legacy_e2_vit_small_nomixdir_saga,vit_small,mixup,saga,hist,T0,l2,count_mad_stage,2000,MISSING,1,16.014,secondary
within_checkpoint,legacy_e2_vit_small_nomixdir_saga,vit_small,mixup,saga,hist,T0,centred_l2,count_mad_s11,2000,MISSING,1,16.361,secondary
within_checkpoint,legacy_e2_vit_small_nomixdir_saga,vit_small,mixup,saga,hist,T0,centred_l2,count_mad_stage,2000,MISSING,1,16.014,secondary
within_checkpoint,legacy_e2_vit_small_nomixdir_saga,vit_small,mixup,saga,s12_post_norm,T0,l2,count_mad_s11,2000,MISSING,1,16.361,secondary
within_checkpoint,legacy_e2_vit_small_nomixdir_saga,vit_small,mixup,saga,s12_post_norm,T0,l2,count_mad_stage,2000,MISSING,1,0,secondary
within_checkpoint,legacy_e2_vit_small_nomixdir_saga,vit_small,mixup,saga,s12_post_norm,T0,centred_l2,count_mad_s11,2000,MISSING,1,16.361,secondary
within_checkpoint,legacy_e2_vit_small_nomixdir_saga,vit_small,mixup,saga,s12_post_norm,T0,centred_l2,count_mad_stage,2000,MISSING,1,0,secondary
within_checkpoint,legacy_e2_vit_small_nomixdir_saga,vit_small,mixup,saga,s11_out,T1,l2,count_mad_s11,2000,-0.316809531,0.8712219388,16.361,secondary
within_checkpoint,legacy_e2_vit_small_nomixdir_saga,vit_small,mixup,saga,s11_out,T1,l2,count_mad_stage,2000,-0.316809531,0.8712219388,16.361,secondary
within_checkpoint,legacy_e2_vit_small_nomixdir_saga,vit_small,mixup,saga,s11_out,T1,centred_l2,count_mad_s11,2000,-0.3070630542,0.8717678571,16.361,secondary
within_checkpoint,legacy_e2_vit_small_nomixdir_saga,vit_small,mixup,saga,s11_out,T1,centred_l2,count_mad_stage,2000,-0.3070630542,0.8717678571,16.361,secondary
within_checkpoint,legacy_e2_vit_small_nomixdir_saga,vit_small,mixup,saga,hist,T1,l2,count_mad_s11,2000,-0.3170622977,0.8669183673,16.361,secondary
within_checkpoint,legacy_e2_vit_small_nomixdir_saga,vit_small,mixup,saga,hist,T1,l2,count_mad_stage,2000,-0.3842705168,0.8669183673,16.014,secondary
within_checkpoint,legacy_e2_vit_small_nomixdir_saga,vit_small,mixup,saga,hist,T1,centred_l2,count_mad_s11,2000,-0.3149521352,0.8665178571,16.361,secondary
within_checkpoint,legacy_e2_vit_small_nomixdir_saga,vit_small,mixup,saga,hist,T1,centred_l2,count_mad_stage,2000,-0.3831942574,0.8665178571,16.014,secondary
within_checkpoint,legacy_e2_vit_small_nomixdir_saga,vit_small,mixup,saga,s12_post_norm,T1,l2,count_mad_s11,2000,-0.3147626229,0.8775153061,16.361,secondary
within_checkpoint,legacy_e2_vit_small_nomixdir_saga,vit_small,mixup,saga,s12_post_norm,T1,l2,count_mad_stage,2000,MISSING,0.8775153061,0,secondary
within_checkpoint,legacy_e2_vit_small_nomixdir_saga,vit_small,mixup,saga,s12_post_norm,T1,centred_l2,count_mad_s11,2000,-0.3170492919,0.8759209184,16.361,secondary
within_checkpoint,legacy_e2_vit_small_nomixdir_saga,vit_small,mixup,saga,s12_post_norm,T1,centred_l2,count_mad_stage,2000,MISSING,0.8759209184,0,secondary
within_checkpoint,legacy_e2_vit_small_nomixdir_saga,vit_small,mixup,saga,s11_out,T2,l2,count_mad_s11,2000,-0.2646441913,0.9083516484,16.547,secondary
within_checkpoint,legacy_e2_vit_small_nomixdir_saga,vit_small,mixup,saga,s11_out,T2,l2,count_mad_stage,2000,-0.2646441913,0.9083516484,16.547,secondary
within_checkpoint,legacy_e2_vit_small_nomixdir_saga,vit_small,mixup,saga,s11_out,T2,centred_l2,count_mad_s11,2000,-0.2612996332,0.9091263736,16.547,secondary
within_checkpoint,legacy_e2_vit_small_nomixdir_saga,vit_small,mixup,saga,s11_out,T2,centred_l2,count_mad_stage,2000,-0.2612996332,0.9091263736,16.547,secondary
within_checkpoint,legacy_e2_vit_small_nomixdir_saga,vit_small,mixup,saga,hist,T2,l2,count_mad_s11,2000,-0.2644334491,0.9061098901,16.547,secondary
within_checkpoint,legacy_e2_vit_small_nomixdir_saga,vit_small,mixup,saga,hist,T2,l2,count_mad_stage,2000,-0.3366516197,0.9061098901,16.0985,secondary
within_checkpoint,legacy_e2_vit_small_nomixdir_saga,vit_small,mixup,saga,hist,T2,centred_l2,count_mad_s11,2000,-0.267249052,0.9059120879,16.547,secondary
within_checkpoint,legacy_e2_vit_small_nomixdir_saga,vit_small,mixup,saga,hist,T2,centred_l2,count_mad_stage,2000,-0.3415768834,0.9059120879,16.0985,secondary
within_checkpoint,legacy_e2_vit_small_nomixdir_saga,vit_small,mixup,saga,s12_post_norm,T2,l2,count_mad_s11,2000,-0.2496577231,0.9145082418,16.547,secondary
within_checkpoint,legacy_e2_vit_small_nomixdir_saga,vit_small,mixup,saga,s12_post_norm,T2,l2,count_mad_stage,2000,MISSING,0.9145082418,0,secondary
within_checkpoint,legacy_e2_vit_small_nomixdir_saga,vit_small,mixup,saga,s12_post_norm,T2,centred_l2,count_mad_s11,2000,-0.258896726,0.9128049451,16.547,secondary
within_checkpoint,legacy_e2_vit_small_nomixdir_saga,vit_small,mixup,saga,s12_post_norm,T2,centred_l2,count_mad_stage,2000,MISSING,0.9128049451,0,secondary
within_checkpoint,legacy_e2_vit_small_nomixdir_saga,vit_small,mixup,saga,s11_out,T3,l2,count_mad_s11,2000,-0.2947633464,0.8901875,16.6405,secondary
within_checkpoint,legacy_e2_vit_small_nomixdir_saga,vit_small,mixup,saga,s11_out,T3,l2,count_mad_stage,2000,-0.2947633464,0.8901875,16.6405,secondary
within_checkpoint,legacy_e2_vit_small_nomixdir_saga,vit_small,mixup,saga,s11_out,T3,centred_l2,count_mad_s11,2000,-0.2895475219,0.8915267857,16.6405,secondary
within_checkpoint,legacy_e2_vit_small_nomixdir_saga,vit_small,mixup,saga,s11_out,T3,centred_l2,count_mad_stage,2000,-0.2895475219,0.8915267857,16.6405,secondary
within_checkpoint,legacy_e2_vit_small_nomixdir_saga,vit_small,mixup,saga,hist,T3,l2,count_mad_s11,2000,-0.3041302833,0.8873690476,16.6405,secondary
within_checkpoint,legacy_e2_vit_small_nomixdir_saga,vit_small,mixup,saga,hist,T3,l2,count_mad_stage,2000,-0.3607133761,0.8873690476,16.1715,secondary
within_checkpoint,legacy_e2_vit_small_nomixdir_saga,vit_small,mixup,saga,hist,T3,centred_l2,count_mad_s11,2000,-0.2999912225,0.887452381,16.6405,secondary
within_checkpoint,legacy_e2_vit_small_nomixdir_saga,vit_small,mixup,saga,hist,T3,centred_l2,count_mad_stage,2000,-0.3591217121,0.887452381,16.1715,secondary
within_checkpoint,legacy_e2_vit_small_nomixdir_saga,vit_small,mixup,saga,s12_post_norm,T3,l2,count_mad_s11,2000,-0.2947981753,0.8967767857,16.6405,secondary
within_checkpoint,legacy_e2_vit_small_nomixdir_saga,vit_small,mixup,saga,s12_post_norm,T3,l2,count_mad_stage,2000,MISSING,0.8967767857,0,secondary
within_checkpoint,legacy_e2_vit_small_nomixdir_saga,vit_small,mixup,saga,s12_post_norm,T3,centred_l2,count_mad_s11,2000,-0.2967110324,0.8955059524,16.6405,secondary
within_checkpoint,legacy_e2_vit_small_nomixdir_saga,vit_small,mixup,saga,s12_post_norm,T3,centred_l2,count_mad_stage,2000,MISSING,0.8955059524,0,secondary
within_checkpoint,e2r_vits_mixup_saga_s1,vit_small,mixup,saga,s11_out,T0,l2,count_mad_s11,2000,MISSING,1,15.414,secondary
within_checkpoint,e2r_vits_mixup_saga_s1,vit_small,mixup,saga,s11_out,T0,l2,count_mad_stage,2000,MISSING,1,15.414,secondary
within_checkpoint,e2r_vits_mixup_saga_s1,vit_small,mixup,saga,s11_out,T0,centred_l2,count_mad_s11,2000,MISSING,1,15.414,secondary
within_checkpoint,e2r_vits_mixup_saga_s1,vit_small,mixup,saga,s11_out,T0,centred_l2,count_mad_stage,2000,MISSING,1,15.414,secondary
within_checkpoint,e2r_vits_mixup_saga_s1,vit_small,mixup,saga,hist,T0,l2,count_mad_s11,2000,MISSING,1,15.414,secondary
within_checkpoint,e2r_vits_mixup_saga_s1,vit_small,mixup,saga,hist,T0,l2,count_mad_stage,2000,MISSING,1,16.5455,secondary
within_checkpoint,e2r_vits_mixup_saga_s1,vit_small,mixup,saga,hist,T0,centred_l2,count_mad_s11,2000,MISSING,1,15.414,secondary
within_checkpoint,e2r_vits_mixup_saga_s1,vit_small,mixup,saga,hist,T0,centred_l2,count_mad_stage,2000,MISSING,1,16.5455,secondary
within_checkpoint,e2r_vits_mixup_saga_s1,vit_small,mixup,saga,s12_post_norm,T0,l2,count_mad_s11,2000,MISSING,1,15.414,secondary
within_checkpoint,e2r_vits_mixup_saga_s1,vit_small,mixup,saga,s12_post_norm,T0,l2,count_mad_stage,2000,MISSING,1,0.0045,secondary
within_checkpoint,e2r_vits_mixup_saga_s1,vit_small,mixup,saga,s12_post_norm,T0,centred_l2,count_mad_s11,2000,MISSING,1,15.414,secondary
within_checkpoint,e2r_vits_mixup_saga_s1,vit_small,mixup,saga,s12_post_norm,T0,centred_l2,count_mad_stage,2000,MISSING,1,0.0045,secondary
within_checkpoint,e2r_vits_mixup_saga_s1,vit_small,mixup,saga,s11_out,T1,l2,count_mad_s11,2000,-0.4275792507,0.8837193878,15.414,secondary
within_checkpoint,e2r_vits_mixup_saga_s1,vit_small,mixup,saga,s11_out,T1,l2,count_mad_stage,2000,-0.4275792507,0.8837193878,15.414,secondary
within_checkpoint,e2r_vits_mixup_saga_s1,vit_small,mixup,saga,s11_out,T1,centred_l2,count_mad_s11,2000,-0.4258574698,0.8842193878,15.414,secondary
within_checkpoint,e2r_vits_mixup_saga_s1,vit_small,mixup,saga,s11_out,T1,centred_l2,count_mad_stage,2000,-0.4258574698,0.8842193878,15.414,secondary
within_checkpoint,e2r_vits_mixup_saga_s1,vit_small,mixup,saga,hist,T1,l2,count_mad_s11,2000,-0.4309564766,0.8831785714,15.414,secondary
within_checkpoint,e2r_vits_mixup_saga_s1,vit_small,mixup,saga,hist,T1,l2,count_mad_stage,2000,-0.4962008981,0.8831785714,16.5455,secondary
within_checkpoint,e2r_vits_mixup_saga_s1,vit_small,mixup,saga,hist,T1,centred_l2,count_mad_s11,2000,-0.4273361672,0.8832397959,15.414,secondary
within_checkpoint,e2r_vits_mixup_saga_s1,vit_small,mixup,saga,hist,T1,centred_l2,count_mad_stage,2000,-0.4944414108,0.8832397959,16.5455,secondary
within_checkpoint,e2r_vits_mixup_saga_s1,vit_small,mixup,saga,s12_post_norm,T1,l2,count_mad_s11,2000,-0.4290769411,0.8891173469,15.414,secondary
within_checkpoint,e2r_vits_mixup_saga_s1,vit_small,mixup,saga,s12_post_norm,T1,l2,count_mad_stage,2000,-0.02092306346,0.8891173469,0.0045,secondary
within_checkpoint,e2r_vits_mixup_saga_s1,vit_small,mixup,saga,s12_post_norm,T1,centred_l2,count_mad_s11,2000,-0.4308552062,0.8881505102,15.414,secondary
within_checkpoint,e2r_vits_mixup_saga_s1,vit_small,mixup,saga,s12_post_norm,T1,centred_l2,count_mad_stage,2000,-0.01799122851,0.8881505102,0.0045,secondary
within_checkpoint,e2r_vits_mixup_saga_s1,vit_small,mixup,saga,s11_out,T2,l2,count_mad_s11,2000,-0.3295477035,0.9096346154,15.323,secondary
within_checkpoint,e2r_vits_mixup_saga_s1,vit_small,mixup,saga,s11_out,T2,l2,count_mad_stage,2000,-0.3295477035,0.9096346154,15.323,secondary
within_checkpoint,e2r_vits_mixup_saga_s1,vit_small,mixup,saga,s11_out,T2,centred_l2,count_mad_s11,2000,-0.3215435761,0.9101620879,15.323,secondary
within_checkpoint,e2r_vits_mixup_saga_s1,vit_small,mixup,saga,s11_out,T2,centred_l2,count_mad_stage,2000,-0.3215435761,0.9101620879,15.323,secondary
within_checkpoint,e2r_vits_mixup_saga_s1,vit_small,mixup,saga,hist,T2,l2,count_mad_s11,2000,-0.3333170309,0.9095576923,15.323,secondary
within_checkpoint,e2r_vits_mixup_saga_s1,vit_small,mixup,saga,hist,T2,l2,count_mad_stage,2000,-0.4275892288,0.9095576923,16.5975,secondary
within_checkpoint,e2r_vits_mixup_saga_s1,vit_small,mixup,saga,hist,T2,centred_l2,count_mad_s11,2000,-0.3311463552,0.9097115385,15.323,secondary
within_checkpoint,e2r_vits_mixup_saga_s1,vit_small,mixup,saga,hist,T2,centred_l2,count_mad_stage,2000,-0.4282787127,0.9097115385,16.5975,secondary
within_checkpoint,e2r_vits_mixup_saga_s1,vit_small,mixup,saga,s12_post_norm,T2,l2,count_mad_s11,2000,-0.3236165152,0.9149203297,15.323,secondary
within_checkpoint,e2r_vits_mixup_saga_s1,vit_small,mixup,saga,s12_post_norm,T2,l2,count_mad_stage,2000,-0.02432662726,0.9149203297,0.004,secondary
within_checkpoint,e2r_vits_mixup_saga_s1,vit_small,mixup,saga,s12_post_norm,T2,centred_l2,count_mad_s11,2000,-0.3311183134,0.9140741758,15.323,secondary
within_checkpoint,e2r_vits_mixup_saga_s1,vit_small,mixup,saga,s12_post_norm,T2,centred_l2,count_mad_stage,2000,-0.02143000555,0.9140741758,0.004,secondary
within_checkpoint,e2r_vits_mixup_saga_s1,vit_small,mixup,saga,s11_out,T3,l2,count_mad_s11,2000,-0.3111224283,0.8958452381,15.4845,secondary
within_checkpoint,e2r_vits_mixup_saga_s1,vit_small,mixup,saga,s11_out,T3,l2,count_mad_stage,2000,-0.3111224283,0.8958452381,15.4845,secondary
within_checkpoint,e2r_vits_mixup_saga_s1,vit_small,mixup,saga,s11_out,T3,centred_l2,count_mad_s11,2000,-0.3073312435,0.8967886905,15.4845,secondary
within_checkpoint,e2r_vits_mixup_saga_s1,vit_small,mixup,saga,s11_out,T3,centred_l2,count_mad_stage,2000,-0.3073312435,0.8967886905,15.4845,secondary
within_checkpoint,e2r_vits_mixup_saga_s1,vit_small,mixup,saga,hist,T3,l2,count_mad_s11,2000,-0.3116331425,0.8958988095,15.4845,secondary
within_checkpoint,e2r_vits_mixup_saga_s1,vit_small,mixup,saga,hist,T3,l2,count_mad_stage,2000,-0.4060214132,0.8958988095,16.744,secondary
within_checkpoint,e2r_vits_mixup_saga_s1,vit_small,mixup,saga,hist,T3,centred_l2,count_mad_s11,2000,-0.3132012896,0.8962529762,15.4845,secondary
within_checkpoint,e2r_vits_mixup_saga_s1,vit_small,mixup,saga,hist,T3,centred_l2,count_mad_stage,2000,-0.4089030166,0.8962529762,16.744,secondary
within_checkpoint,e2r_vits_mixup_saga_s1,vit_small,mixup,saga,s12_post_norm,T3,l2,count_mad_s11,2000,-0.3099216869,0.9014880952,15.4845,secondary
within_checkpoint,e2r_vits_mixup_saga_s1,vit_small,mixup,saga,s12_post_norm,T3,l2,count_mad_stage,2000,-0.05004913083,0.9014880952,0.001,secondary
within_checkpoint,e2r_vits_mixup_saga_s1,vit_small,mixup,saga,s12_post_norm,T3,centred_l2,count_mad_s11,2000,-0.3199228265,0.9007440476,15.4845,secondary
within_checkpoint,e2r_vits_mixup_saga_s1,vit_small,mixup,saga,s12_post_norm,T3,centred_l2,count_mad_stage,2000,-0.04956873029,0.9007440476,0.001,secondary
within_checkpoint,e2r_vits_mixup_saga_s2,vit_small,mixup,saga,s11_out,T0,l2,count_mad_s11,2000,MISSING,1,15.7175,secondary
within_checkpoint,e2r_vits_mixup_saga_s2,vit_small,mixup,saga,s11_out,T0,l2,count_mad_stage,2000,MISSING,1,15.7175,secondary
within_checkpoint,e2r_vits_mixup_saga_s2,vit_small,mixup,saga,s11_out,T0,centred_l2,count_mad_s11,2000,MISSING,1,15.7175,secondary
within_checkpoint,e2r_vits_mixup_saga_s2,vit_small,mixup,saga,s11_out,T0,centred_l2,count_mad_stage,2000,MISSING,1,15.7175,secondary
within_checkpoint,e2r_vits_mixup_saga_s2,vit_small,mixup,saga,hist,T0,l2,count_mad_s11,2000,MISSING,1,15.7175,secondary
within_checkpoint,e2r_vits_mixup_saga_s2,vit_small,mixup,saga,hist,T0,l2,count_mad_stage,2000,MISSING,1,14.4205,secondary
within_checkpoint,e2r_vits_mixup_saga_s2,vit_small,mixup,saga,hist,T0,centred_l2,count_mad_s11,2000,MISSING,1,15.7175,secondary
within_checkpoint,e2r_vits_mixup_saga_s2,vit_small,mixup,saga,hist,T0,centred_l2,count_mad_stage,2000,MISSING,1,14.4205,secondary
within_checkpoint,e2r_vits_mixup_saga_s2,vit_small,mixup,saga,s12_post_norm,T0,l2,count_mad_s11,2000,MISSING,1,15.7175,secondary
within_checkpoint,e2r_vits_mixup_saga_s2,vit_small,mixup,saga,s12_post_norm,T0,l2,count_mad_stage,2000,MISSING,1,0.006,secondary
within_checkpoint,e2r_vits_mixup_saga_s2,vit_small,mixup,saga,s12_post_norm,T0,centred_l2,count_mad_s11,2000,MISSING,1,15.7175,secondary
within_checkpoint,e2r_vits_mixup_saga_s2,vit_small,mixup,saga,s12_post_norm,T0,centred_l2,count_mad_stage,2000,MISSING,1,0.006,secondary
within_checkpoint,e2r_vits_mixup_saga_s2,vit_small,mixup,saga,s11_out,T1,l2,count_mad_s11,2000,-0.3888889572,0.9059821429,15.7175,secondary
within_checkpoint,e2r_vits_mixup_saga_s2,vit_small,mixup,saga,s11_out,T1,l2,count_mad_stage,2000,-0.3888889572,0.9059821429,15.7175,secondary
within_checkpoint,e2r_vits_mixup_saga_s2,vit_small,mixup,saga,s11_out,T1,centred_l2,count_mad_s11,2000,-0.3858792955,0.9068239796,15.7175,secondary
within_checkpoint,e2r_vits_mixup_saga_s2,vit_small,mixup,saga,s11_out,T1,centred_l2,count_mad_stage,2000,-0.3858792955,0.9068239796,15.7175,secondary
within_checkpoint,e2r_vits_mixup_saga_s2,vit_small,mixup,saga,hist,T1,l2,count_mad_s11,2000,-0.3890756088,0.9034081633,15.7175,secondary
within_checkpoint,e2r_vits_mixup_saga_s2,vit_small,mixup,saga,hist,T1,l2,count_mad_stage,2000,-0.3630607077,0.9034081633,14.4205,secondary
within_checkpoint,e2r_vits_mixup_saga_s2,vit_small,mixup,saga,hist,T1,centred_l2,count_mad_s11,2000,-0.3909552125,0.904244898,15.7175,secondary
within_checkpoint,e2r_vits_mixup_saga_s2,vit_small,mixup,saga,hist,T1,centred_l2,count_mad_stage,2000,-0.3647289359,0.904244898,14.4205,secondary
within_checkpoint,e2r_vits_mixup_saga_s2,vit_small,mixup,saga,s12_post_norm,T1,l2,count_mad_s11,2000,-0.3907775618,0.9080280612,15.7175,secondary
within_checkpoint,e2r_vits_mixup_saga_s2,vit_small,mixup,saga,s12_post_norm,T1,l2,count_mad_stage,2000,-0.03829389117,0.9080280612,0.006,secondary
within_checkpoint,e2r_vits_mixup_saga_s2,vit_small,mixup,saga,s12_post_norm,T1,centred_l2,count_mad_s11,2000,-0.3951425749,0.908619898,15.7175,secondary
within_checkpoint,e2r_vits_mixup_saga_s2,vit_small,mixup,saga,s12_post_norm,T1,centred_l2,count_mad_stage,2000,-0.03848782143,0.908619898,0.006,secondary
within_checkpoint,e2r_vits_mixup_saga_s2,vit_small,mixup,saga,s11_out,T2,l2,count_mad_s11,2000,-0.3413415378,0.9091318681,15.9485,secondary
within_checkpoint,e2r_vits_mixup_saga_s2,vit_small,mixup,saga,s11_out,T2,l2,count_mad_stage,2000,-0.3413415378,0.9091318681,15.9485,secondary
within_checkpoint,e2r_vits_mixup_saga_s2,vit_small,mixup,saga,s11_out,T2,centred_l2,count_mad_s11,2000,-0.3346383641,0.9101978022,15.9485,secondary
within_checkpoint,e2r_vits_mixup_saga_s2,vit_small,mixup,saga,s11_out,T2,centred_l2,count_mad_stage,2000,-0.3346383641,0.9101978022,15.9485,secondary
within_checkpoint,e2r_vits_mixup_saga_s2,vit_small,mixup,saga,hist,T2,l2,count_mad_s11,2000,-0.3501615436,0.9076840659,15.9485,secondary
within_checkpoint,e2r_vits_mixup_saga_s2,vit_small,mixup,saga,hist,T2,l2,count_mad_stage,2000,-0.2510817871,0.9076840659,14.553,secondary
within_checkpoint,e2r_vits_mixup_saga_s2,vit_small,mixup,saga,hist,T2,centred_l2,count_mad_s11,2000,-0.3504925334,0.9084807692,15.9485,secondary
within_checkpoint,e2r_vits_mixup_saga_s2,vit_small,mixup,saga,hist,T2,centred_l2,count_mad_stage,2000,-0.25263532,0.9084807692,14.553,secondary
within_checkpoint,e2r_vits_mixup_saga_s2,vit_small,mixup,saga,s12_post_norm,T2,l2,count_mad_s11,2000,-0.341988359,0.9112417582,15.9485,secondary
within_checkpoint,e2r_vits_mixup_saga_s2,vit_small,mixup,saga,s12_post_norm,T2,l2,count_mad_stage,2000,-0.05444886077,0.9112417582,0.004,secondary
within_checkpoint,e2r_vits_mixup_saga_s2,vit_small,mixup,saga,s12_post_norm,T2,centred_l2,count_mad_s11,2000,-0.3413663583,0.9118846154,15.9485,secondary
within_checkpoint,e2r_vits_mixup_saga_s2,vit_small,mixup,saga,s12_post_norm,T2,centred_l2,count_mad_stage,2000,-0.05444943717,0.9118846154,0.004,secondary
within_checkpoint,e2r_vits_mixup_saga_s2,vit_small,mixup,saga,s11_out,T3,l2,count_mad_s11,2000,-0.3631388739,0.8958482143,16.136,secondary
within_checkpoint,e2r_vits_mixup_saga_s2,vit_small,mixup,saga,s11_out,T3,l2,count_mad_stage,2000,-0.3631388739,0.8958482143,16.136,secondary
within_checkpoint,e2r_vits_mixup_saga_s2,vit_small,mixup,saga,s11_out,T3,centred_l2,count_mad_s11,2000,-0.367131225,0.8972321429,16.136,secondary
within_checkpoint,e2r_vits_mixup_saga_s2,vit_small,mixup,saga,s11_out,T3,centred_l2,count_mad_stage,2000,-0.367131225,0.8972321429,16.136,secondary
within_checkpoint,e2r_vits_mixup_saga_s2,vit_small,mixup,saga,hist,T3,l2,count_mad_s11,2000,-0.3664178963,0.8939970238,16.136,secondary
within_checkpoint,e2r_vits_mixup_saga_s2,vit_small,mixup,saga,hist,T3,l2,count_mad_stage,2000,-0.2807877683,0.8939970238,14.699,secondary
within_checkpoint,e2r_vits_mixup_saga_s2,vit_small,mixup,saga,hist,T3,centred_l2,count_mad_s11,2000,-0.369740282,0.8954255952,16.136,secondary
within_checkpoint,e2r_vits_mixup_saga_s2,vit_small,mixup,saga,hist,T3,centred_l2,count_mad_stage,2000,-0.2853752988,0.8954255952,14.699,secondary
within_checkpoint,e2r_vits_mixup_saga_s2,vit_small,mixup,saga,s12_post_norm,T3,l2,count_mad_s11,2000,-0.3643184247,0.898235119,16.136,secondary
within_checkpoint,e2r_vits_mixup_saga_s2,vit_small,mixup,saga,s12_post_norm,T3,l2,count_mad_stage,2000,-0.06625180416,0.898235119,0.017,secondary
within_checkpoint,e2r_vits_mixup_saga_s2,vit_small,mixup,saga,s12_post_norm,T3,centred_l2,count_mad_s11,2000,-0.3664694232,0.8992619048,16.136,secondary
within_checkpoint,e2r_vits_mixup_saga_s2,vit_small,mixup,saga,s12_post_norm,T3,centred_l2,count_mad_stage,2000,-0.06625352085,0.8992619048,0.017,secondary
within_checkpoint,e2r_vits_nomix_saga_s1,vit_small,nomix,saga,s11_out,T0,l2,count_mad_s11,2000,MISSING,1,1.6575,secondary
within_checkpoint,e2r_vits_nomix_saga_s1,vit_small,nomix,saga,s11_out,T0,l2,count_mad_stage,2000,MISSING,1,1.6575,secondary
within_checkpoint,e2r_vits_nomix_saga_s1,vit_small,nomix,saga,s11_out,T0,centred_l2,count_mad_s11,2000,MISSING,1,1.6575,secondary
within_checkpoint,e2r_vits_nomix_saga_s1,vit_small,nomix,saga,s11_out,T0,centred_l2,count_mad_stage,2000,MISSING,1,1.6575,secondary
within_checkpoint,e2r_vits_nomix_saga_s1,vit_small,nomix,saga,hist,T0,l2,count_mad_s11,2000,MISSING,1,1.6575,secondary
within_checkpoint,e2r_vits_nomix_saga_s1,vit_small,nomix,saga,hist,T0,l2,count_mad_stage,2000,MISSING,1,3.3845,secondary
within_checkpoint,e2r_vits_nomix_saga_s1,vit_small,nomix,saga,hist,T0,centred_l2,count_mad_s11,2000,MISSING,1,1.6575,secondary
within_checkpoint,e2r_vits_nomix_saga_s1,vit_small,nomix,saga,hist,T0,centred_l2,count_mad_stage,2000,MISSING,1,3.3845,secondary
within_checkpoint,e2r_vits_nomix_saga_s1,vit_small,nomix,saga,s12_post_norm,T0,l2,count_mad_s11,2000,MISSING,1,1.6575,secondary
within_checkpoint,e2r_vits_nomix_saga_s1,vit_small,nomix,saga,s12_post_norm,T0,l2,count_mad_stage,2000,MISSING,1,0,secondary
within_checkpoint,e2r_vits_nomix_saga_s1,vit_small,nomix,saga,s12_post_norm,T0,centred_l2,count_mad_s11,2000,MISSING,1,1.6575,secondary
within_checkpoint,e2r_vits_nomix_saga_s1,vit_small,nomix,saga,s12_post_norm,T0,centred_l2,count_mad_stage,2000,MISSING,1,0,secondary
within_checkpoint,e2r_vits_nomix_saga_s1,vit_small,nomix,saga,s11_out,T1,l2,count_mad_s11,2000,-0.02871268826,0.9865255102,1.6575,secondary
within_checkpoint,e2r_vits_nomix_saga_s1,vit_small,nomix,saga,s11_out,T1,l2,count_mad_stage,2000,-0.02871268826,0.9865255102,1.6575,secondary
within_checkpoint,e2r_vits_nomix_saga_s1,vit_small,nomix,saga,s11_out,T1,centred_l2,count_mad_s11,2000,-0.02512544244,0.9867857143,1.6575,secondary
within_checkpoint,e2r_vits_nomix_saga_s1,vit_small,nomix,saga,s11_out,T1,centred_l2,count_mad_stage,2000,-0.02512544244,0.9867857143,1.6575,secondary
within_checkpoint,e2r_vits_nomix_saga_s1,vit_small,nomix,saga,hist,T1,l2,count_mad_s11,2000,-0.06512126636,0.9829719388,1.6575,secondary
within_checkpoint,e2r_vits_nomix_saga_s1,vit_small,nomix,saga,hist,T1,l2,count_mad_stage,2000,-0.0421888477,0.9829719388,3.3845,secondary
within_checkpoint,e2r_vits_nomix_saga_s1,vit_small,nomix,saga,hist,T1,centred_l2,count_mad_s11,2000,-0.0602596295,0.9836096939,1.6575,secondary
within_checkpoint,e2r_vits_nomix_saga_s1,vit_small,nomix,saga,hist,T1,centred_l2,count_mad_stage,2000,-0.04142816866,0.9836096939,3.3845,secondary
within_checkpoint,e2r_vits_nomix_saga_s1,vit_small,nomix,saga,s12_post_norm,T1,l2,count_mad_s11,2000,-0.03422469089,0.985619898,1.6575,secondary
within_checkpoint,e2r_vits_nomix_saga_s1,vit_small,nomix,saga,s12_post_norm,T1,l2,count_mad_stage,2000,MISSING,0.985619898,0,secondary
within_checkpoint,e2r_vits_nomix_saga_s1,vit_small,nomix,saga,s12_post_norm,T1,centred_l2,count_mad_s11,2000,-0.0368471897,0.9860255102,1.6575,secondary
within_checkpoint,e2r_vits_nomix_saga_s1,vit_small,nomix,saga,s12_post_norm,T1,centred_l2,count_mad_stage,2000,MISSING,0.9860255102,0,secondary
within_checkpoint,e2r_vits_nomix_saga_s1,vit_small,nomix,saga,s11_out,T2,l2,count_mad_s11,2000,0.04519093542,0.9725741758,2.0335,secondary
within_checkpoint,e2r_vits_nomix_saga_s1,vit_small,nomix,saga,s11_out,T2,l2,count_mad_stage,2000,0.04519093542,0.9725741758,2.0335,secondary
within_checkpoint,e2r_vits_nomix_saga_s1,vit_small,nomix,saga,s11_out,T2,centred_l2,count_mad_s11,2000,0.04336194386,0.9725934066,2.0335,secondary
within_checkpoint,e2r_vits_nomix_saga_s1,vit_small,nomix,saga,s11_out,T2,centred_l2,count_mad_stage,2000,0.04336194386,0.9725934066,2.0335,secondary
within_checkpoint,e2r_vits_nomix_saga_s1,vit_small,nomix,saga,hist,T2,l2,count_mad_s11,2000,0.0432930625,0.9711703297,2.0335,secondary
within_checkpoint,e2r_vits_nomix_saga_s1,vit_small,nomix,saga,hist,T2,l2,count_mad_stage,2000,-0.1646851583,0.9711703297,3.9745,secondary
within_checkpoint,e2r_vits_nomix_saga_s1,vit_small,nomix,saga,hist,T2,centred_l2,count_mad_s11,2000,0.0492584373,0.9712335165,2.0335,secondary
within_checkpoint,e2r_vits_nomix_saga_s1,vit_small,nomix,saga,hist,T2,centred_l2,count_mad_stage,2000,-0.1579794844,0.9712335165,3.9745,secondary
within_checkpoint,e2r_vits_nomix_saga_s1,vit_small,nomix,saga,s12_post_norm,T2,l2,count_mad_s11,2000,0.03873710924,0.9727005495,2.0335,secondary
within_checkpoint,e2r_vits_nomix_saga_s1,vit_small,nomix,saga,s12_post_norm,T2,l2,count_mad_stage,2000,MISSING,0.9727005495,0,secondary
within_checkpoint,e2r_vits_nomix_saga_s1,vit_small,nomix,saga,s12_post_norm,T2,centred_l2,count_mad_s11,2000,0.04332953332,0.9728983516,2.0335,secondary
within_checkpoint,e2r_vits_nomix_saga_s1,vit_small,nomix,saga,s12_post_norm,T2,centred_l2,count_mad_stage,2000,MISSING,0.9728983516,0,secondary
within_checkpoint,e2r_vits_nomix_saga_s1,vit_small,nomix,saga,s11_out,T3,l2,count_mad_s11,2000,0.009030792721,0.9682440476,2.11,secondary
within_checkpoint,e2r_vits_nomix_saga_s1,vit_small,nomix,saga,s11_out,T3,l2,count_mad_stage,2000,0.009030792721,0.9682440476,2.11,secondary
within_checkpoint,e2r_vits_nomix_saga_s1,vit_small,nomix,saga,s11_out,T3,centred_l2,count_mad_s11,2000,0.003840421444,0.9680505952,2.11,secondary
within_checkpoint,e2r_vits_nomix_saga_s1,vit_small,nomix,saga,s11_out,T3,centred_l2,count_mad_stage,2000,0.003840421444,0.9680505952,2.11,secondary
within_checkpoint,e2r_vits_nomix_saga_s1,vit_small,nomix,saga,hist,T3,l2,count_mad_s11,2000,-0.006577204764,0.9658541667,2.11,secondary
within_checkpoint,e2r_vits_nomix_saga_s1,vit_small,nomix,saga,hist,T3,l2,count_mad_stage,2000,-0.1777079512,0.9658541667,4.1125,secondary
within_checkpoint,e2r_vits_nomix_saga_s1,vit_small,nomix,saga,hist,T3,centred_l2,count_mad_s11,2000,0.003010379808,0.9657410714,2.11,secondary
within_checkpoint,e2r_vits_nomix_saga_s1,vit_small,nomix,saga,hist,T3,centred_l2,count_mad_stage,2000,-0.1768434162,0.9657410714,4.1125,secondary
within_checkpoint,e2r_vits_nomix_saga_s1,vit_small,nomix,saga,s12_post_norm,T3,l2,count_mad_s11,2000,0.0002177688973,0.9681458333,2.11,secondary
within_checkpoint,e2r_vits_nomix_saga_s1,vit_small,nomix,saga,s12_post_norm,T3,l2,count_mad_stage,2000,MISSING,0.9681458333,0,secondary
within_checkpoint,e2r_vits_nomix_saga_s1,vit_small,nomix,saga,s12_post_norm,T3,centred_l2,count_mad_s11,2000,0.005002288759,0.9682321429,2.11,secondary
within_checkpoint,e2r_vits_nomix_saga_s1,vit_small,nomix,saga,s12_post_norm,T3,centred_l2,count_mad_stage,2000,MISSING,0.9682321429,0,secondary
within_checkpoint,e2r_vits_nomix_saga_s2,vit_small,nomix,saga,s11_out,T0,l2,count_mad_s11,2000,MISSING,1,2.554,secondary
within_checkpoint,e2r_vits_nomix_saga_s2,vit_small,nomix,saga,s11_out,T0,l2,count_mad_stage,2000,MISSING,1,2.554,secondary
within_checkpoint,e2r_vits_nomix_saga_s2,vit_small,nomix,saga,s11_out,T0,centred_l2,count_mad_s11,2000,MISSING,1,2.554,secondary
within_checkpoint,e2r_vits_nomix_saga_s2,vit_small,nomix,saga,s11_out,T0,centred_l2,count_mad_stage,2000,MISSING,1,2.554,secondary
within_checkpoint,e2r_vits_nomix_saga_s2,vit_small,nomix,saga,hist,T0,l2,count_mad_s11,2000,MISSING,1,2.554,secondary
within_checkpoint,e2r_vits_nomix_saga_s2,vit_small,nomix,saga,hist,T0,l2,count_mad_stage,2000,MISSING,1,2.287,secondary
within_checkpoint,e2r_vits_nomix_saga_s2,vit_small,nomix,saga,hist,T0,centred_l2,count_mad_s11,2000,MISSING,1,2.554,secondary
within_checkpoint,e2r_vits_nomix_saga_s2,vit_small,nomix,saga,hist,T0,centred_l2,count_mad_stage,2000,MISSING,1,2.287,secondary
within_checkpoint,e2r_vits_nomix_saga_s2,vit_small,nomix,saga,s12_post_norm,T0,l2,count_mad_s11,2000,MISSING,1,2.554,secondary
within_checkpoint,e2r_vits_nomix_saga_s2,vit_small,nomix,saga,s12_post_norm,T0,l2,count_mad_stage,2000,MISSING,1,0.008,secondary
within_checkpoint,e2r_vits_nomix_saga_s2,vit_small,nomix,saga,s12_post_norm,T0,centred_l2,count_mad_s11,2000,MISSING,1,2.554,secondary
within_checkpoint,e2r_vits_nomix_saga_s2,vit_small,nomix,saga,s12_post_norm,T0,centred_l2,count_mad_stage,2000,MISSING,1,0.008,secondary
within_checkpoint,e2r_vits_nomix_saga_s2,vit_small,nomix,saga,s11_out,T1,l2,count_mad_s11,2000,0.006614823391,0.9944719388,2.554,secondary
within_checkpoint,e2r_vits_nomix_saga_s2,vit_small,nomix,saga,s11_out,T1,l2,count_mad_stage,2000,0.006614823391,0.9944719388,2.554,secondary
within_checkpoint,e2r_vits_nomix_saga_s2,vit_small,nomix,saga,s11_out,T1,centred_l2,count_mad_s11,2000,0.006021957961,0.9946428571,2.554,secondary
within_checkpoint,e2r_vits_nomix_saga_s2,vit_small,nomix,saga,s11_out,T1,centred_l2,count_mad_stage,2000,0.006021957961,0.9946428571,2.554,secondary
within_checkpoint,e2r_vits_nomix_saga_s2,vit_small,nomix,saga,hist,T1,l2,count_mad_s11,2000,-0.00244923826,0.9932780612,2.554,secondary
within_checkpoint,e2r_vits_nomix_saga_s2,vit_small,nomix,saga,hist,T1,l2,count_mad_stage,2000,0.06394143574,0.9932780612,2.287,secondary
within_checkpoint,e2r_vits_nomix_saga_s2,vit_small,nomix,saga,hist,T1,centred_l2,count_mad_s11,2000,-0.0190774998,0.9933469388,2.554,secondary
within_checkpoint,e2r_vits_nomix_saga_s2,vit_small,nomix,saga,hist,T1,centred_l2,count_mad_stage,2000,0.05555869916,0.9933469388,2.287,secondary
within_checkpoint,e2r_vits_nomix_saga_s2,vit_small,nomix,saga,s12_post_norm,T1,l2,count_mad_s11,2000,0.008557716222,0.9940127551,2.554,secondary
within_checkpoint,e2r_vits_nomix_saga_s2,vit_small,nomix,saga,s12_post_norm,T1,l2,count_mad_stage,2000,-0.04855362602,0.9940127551,0.008,secondary
within_checkpoint,e2r_vits_nomix_saga_s2,vit_small,nomix,saga,s12_post_norm,T1,centred_l2,count_mad_s11,2000,0.00410546341,0.9942168367,2.554,secondary
within_checkpoint,e2r_vits_nomix_saga_s2,vit_small,nomix,saga,s12_post_norm,T1,centred_l2,count_mad_stage,2000,-0.04928340439,0.9942168367,0.008,secondary
within_checkpoint,e2r_vits_nomix_saga_s2,vit_small,nomix,saga,s11_out,T2,l2,count_mad_s11,2000,-0.09464078706,0.9744120879,3.1605,secondary
within_checkpoint,e2r_vits_nomix_saga_s2,vit_small,nomix,saga,s11_out,T2,l2,count_mad_stage,2000,-0.09464078706,0.9744120879,3.1605,secondary
within_checkpoint,e2r_vits_nomix_saga_s2,vit_small,nomix,saga,s11_out,T2,centred_l2,count_mad_s11,2000,-0.09677313567,0.9744093407,3.1605,secondary
within_checkpoint,e2r_vits_nomix_saga_s2,vit_small,nomix,saga,s11_out,T2,centred_l2,count_mad_stage,2000,-0.09677313567,0.9744093407,3.1605,secondary
within_checkpoint,e2r_vits_nomix_saga_s2,vit_small,nomix,saga,hist,T2,l2,count_mad_s11,2000,-0.09515761227,0.9721043956,3.1605,secondary
within_checkpoint,e2r_vits_nomix_saga_s2,vit_small,nomix,saga,hist,T2,l2,count_mad_stage,2000,0.04264446993,0.9721043956,2.4155,secondary
within_checkpoint,e2r_vits_nomix_saga_s2,vit_small,nomix,saga,hist,T2,centred_l2,count_mad_s11,2000,-0.09484066786,0.9720302198,3.1605,secondary
within_checkpoint,e2r_vits_nomix_saga_s2,vit_small,nomix,saga,hist,T2,centred_l2,count_mad_stage,2000,0.0464652722,0.9720302198,2.4155,secondary
within_checkpoint,e2r_vits_nomix_saga_s2,vit_small,nomix,saga,s12_post_norm,T2,l2,count_mad_s11,2000,-0.09563282719,0.9743324176,3.1605,secondary
within_checkpoint,e2r_vits_nomix_saga_s2,vit_small,nomix,saga,s12_post_norm,T2,l2,count_mad_stage,2000,MISSING,0.9743324176,0,secondary
within_checkpoint,e2r_vits_nomix_saga_s2,vit_small,nomix,saga,s12_post_norm,T2,centred_l2,count_mad_s11,2000,-0.09604450751,0.9744423077,3.1605,secondary
within_checkpoint,e2r_vits_nomix_saga_s2,vit_small,nomix,saga,s12_post_norm,T2,centred_l2,count_mad_stage,2000,MISSING,0.9744423077,0,secondary
within_checkpoint,e2r_vits_nomix_saga_s2,vit_small,nomix,saga,s11_out,T3,l2,count_mad_s11,2000,-0.100291754,0.9697232143,3.1125,secondary
within_checkpoint,e2r_vits_nomix_saga_s2,vit_small,nomix,saga,s11_out,T3,l2,count_mad_stage,2000,-0.100291754,0.9697232143,3.1125,secondary
within_checkpoint,e2r_vits_nomix_saga_s2,vit_small,nomix,saga,s11_out,T3,centred_l2,count_mad_s11,2000,-0.09672410166,0.9693005952,3.1125,secondary
within_checkpoint,e2r_vits_nomix_saga_s2,vit_small,nomix,saga,s11_out,T3,centred_l2,count_mad_stage,2000,-0.09672410166,0.9693005952,3.1125,secondary
within_checkpoint,e2r_vits_nomix_saga_s2,vit_small,nomix,saga,hist,T3,l2,count_mad_s11,2000,-0.09838515338,0.966077381,3.1125,secondary
within_checkpoint,e2r_vits_nomix_saga_s2,vit_small,nomix,saga,hist,T3,l2,count_mad_stage,2000,0.03835943788,0.966077381,2.3355,secondary
within_checkpoint,e2r_vits_nomix_saga_s2,vit_small,nomix,saga,hist,T3,centred_l2,count_mad_s11,2000,-0.09706155156,0.9658541667,3.1125,secondary
within_checkpoint,e2r_vits_nomix_saga_s2,vit_small,nomix,saga,hist,T3,centred_l2,count_mad_stage,2000,0.04372325183,0.9658541667,2.3355,secondary
within_checkpoint,e2r_vits_nomix_saga_s2,vit_small,nomix,saga,s12_post_norm,T3,l2,count_mad_s11,2000,-0.09985722613,0.9691636905,3.1125,secondary
within_checkpoint,e2r_vits_nomix_saga_s2,vit_small,nomix,saga,s12_post_norm,T3,l2,count_mad_stage,2000,-0.03868498886,0.9691636905,0.0055,secondary
within_checkpoint,e2r_vits_nomix_saga_s2,vit_small,nomix,saga,s12_post_norm,T3,centred_l2,count_mad_s11,2000,-0.09995082709,0.9692827381,3.1125,secondary
within_checkpoint,e2r_vits_nomix_saga_s2,vit_small,nomix,saga,s12_post_norm,T3,centred_l2,count_mad_stage,2000,-0.0387075569,0.9692827381,0.0055,secondary
across_checkpoints,legacy_e2_vit_base_nomixdir_baseline,vit_base,mixup,baseline,s11_out,T0,l2,count_mad_s11,2000,MISSING,1,24.9685,descriptive
across_checkpoints,legacy_e2_vit_base_nomixdir_baseline,vit_base,mixup,baseline,s11_out,T0,l2,count_mad_stage,2000,MISSING,1,24.9685,descriptive
across_checkpoints,legacy_e2_vit_base_nomixdir_baseline,vit_base,mixup,baseline,s11_out,T0,centred_l2,count_mad_s11,2000,MISSING,1,24.9685,descriptive
across_checkpoints,legacy_e2_vit_base_nomixdir_baseline,vit_base,mixup,baseline,s11_out,T0,centred_l2,count_mad_stage,2000,MISSING,1,24.9685,descriptive
across_checkpoints,legacy_e2_vit_base_nomixdir_baseline,vit_base,mixup,baseline,hist,T0,l2,count_mad_s11,2000,MISSING,1,24.9685,descriptive
across_checkpoints,legacy_e2_vit_base_nomixdir_baseline,vit_base,mixup,baseline,hist,T0,l2,count_mad_stage,2000,MISSING,1,10.3505,descriptive
across_checkpoints,legacy_e2_vit_base_nomixdir_baseline,vit_base,mixup,baseline,hist,T0,centred_l2,count_mad_s11,2000,MISSING,1,24.9685,descriptive
across_checkpoints,legacy_e2_vit_base_nomixdir_baseline,vit_base,mixup,baseline,hist,T0,centred_l2,count_mad_stage,2000,MISSING,1,10.3505,descriptive
across_checkpoints,legacy_e2_vit_base_nomixdir_baseline,vit_base,mixup,baseline,s12_post_norm,T0,l2,count_mad_s11,2000,MISSING,1,24.9685,descriptive
across_checkpoints,legacy_e2_vit_base_nomixdir_baseline,vit_base,mixup,baseline,s12_post_norm,T0,l2,count_mad_stage,2000,MISSING,1,0.0015,descriptive
across_checkpoints,legacy_e2_vit_base_nomixdir_baseline,vit_base,mixup,baseline,s12_post_norm,T0,centred_l2,count_mad_s11,2000,MISSING,1,24.9685,descriptive
across_checkpoints,legacy_e2_vit_base_nomixdir_baseline,vit_base,mixup,baseline,s12_post_norm,T0,centred_l2,count_mad_stage,2000,MISSING,1,0.0015,descriptive
across_checkpoints,legacy_e2_vit_base_nomixdir_baseline,vit_base,mixup,baseline,s11_out,T1,l2,count_mad_s11,2000,MISSING,0.848994898,24.9685,descriptive
across_checkpoints,legacy_e2_vit_base_nomixdir_baseline,vit_base,mixup,baseline,s11_out,T1,l2,count_mad_stage,2000,MISSING,0.848994898,24.9685,descriptive
across_checkpoints,legacy_e2_vit_base_nomixdir_baseline,vit_base,mixup,baseline,s11_out,T1,centred_l2,count_mad_s11,2000,MISSING,0.8469591837,24.9685,descriptive
across_checkpoints,legacy_e2_vit_base_nomixdir_baseline,vit_base,mixup,baseline,s11_out,T1,centred_l2,count_mad_stage,2000,MISSING,0.8469591837,24.9685,descriptive
across_checkpoints,legacy_e2_vit_base_nomixdir_baseline,vit_base,mixup,baseline,hist,T1,l2,count_mad_s11,2000,MISSING,0.8240459184,24.9685,descriptive
across_checkpoints,legacy_e2_vit_base_nomixdir_baseline,vit_base,mixup,baseline,hist,T1,l2,count_mad_stage,2000,MISSING,0.8240459184,10.3505,descriptive
across_checkpoints,legacy_e2_vit_base_nomixdir_baseline,vit_base,mixup,baseline,hist,T1,centred_l2,count_mad_s11,2000,MISSING,0.8241607143,24.9685,descriptive
across_checkpoints,legacy_e2_vit_base_nomixdir_baseline,vit_base,mixup,baseline,hist,T1,centred_l2,count_mad_stage,2000,MISSING,0.8241607143,10.3505,descriptive
across_checkpoints,legacy_e2_vit_base_nomixdir_baseline,vit_base,mixup,baseline,s12_post_norm,T1,l2,count_mad_s11,2000,MISSING,0.8468647959,24.9685,descriptive
across_checkpoints,legacy_e2_vit_base_nomixdir_baseline,vit_base,mixup,baseline,s12_post_norm,T1,l2,count_mad_stage,2000,MISSING,0.8468647959,0.0015,descriptive
across_checkpoints,legacy_e2_vit_base_nomixdir_baseline,vit_base,mixup,baseline,s12_post_norm,T1,centred_l2,count_mad_s11,2000,MISSING,0.8470357143,24.9685,descriptive
across_checkpoints,legacy_e2_vit_base_nomixdir_baseline,vit_base,mixup,baseline,s12_post_norm,T1,centred_l2,count_mad_stage,2000,MISSING,0.8470357143,0.0015,descriptive
across_checkpoints,legacy_e2_vit_base_nomixdir_baseline,vit_base,mixup,baseline,s11_out,T2,l2,count_mad_s11,2000,MISSING,0.8695851648,25.291,descriptive
across_checkpoints,legacy_e2_vit_base_nomixdir_baseline,vit_base,mixup,baseline,s11_out,T2,l2,count_mad_stage,2000,MISSING,0.8695851648,25.291,descriptive
across_checkpoints,legacy_e2_vit_base_nomixdir_baseline,vit_base,mixup,baseline,s11_out,T2,centred_l2,count_mad_s11,2000,MISSING,0.8678241758,25.291,descriptive
across_checkpoints,legacy_e2_vit_base_nomixdir_baseline,vit_base,mixup,baseline,s11_out,T2,centred_l2,count_mad_stage,2000,MISSING,0.8678241758,25.291,descriptive
across_checkpoints,legacy_e2_vit_base_nomixdir_baseline,vit_base,mixup,baseline,hist,T2,l2,count_mad_s11,2000,MISSING,0.855043956,25.291,descriptive
across_checkpoints,legacy_e2_vit_base_nomixdir_baseline,vit_base,mixup,baseline,hist,T2,l2,count_mad_stage,2000,MISSING,0.855043956,10.511,descriptive
across_checkpoints,legacy_e2_vit_base_nomixdir_baseline,vit_base,mixup,baseline,hist,T2,centred_l2,count_mad_s11,2000,MISSING,0.8550824176,25.291,descriptive
across_checkpoints,legacy_e2_vit_base_nomixdir_baseline,vit_base,mixup,baseline,hist,T2,centred_l2,count_mad_stage,2000,MISSING,0.8550824176,10.511,descriptive
across_checkpoints,legacy_e2_vit_base_nomixdir_baseline,vit_base,mixup,baseline,s12_post_norm,T2,l2,count_mad_s11,2000,MISSING,0.8705741758,25.291,descriptive
across_checkpoints,legacy_e2_vit_base_nomixdir_baseline,vit_base,mixup,baseline,s12_post_norm,T2,l2,count_mad_stage,2000,MISSING,0.8705741758,0.0025,descriptive
across_checkpoints,legacy_e2_vit_base_nomixdir_baseline,vit_base,mixup,baseline,s12_post_norm,T2,centred_l2,count_mad_s11,2000,MISSING,0.8699725275,25.291,descriptive
across_checkpoints,legacy_e2_vit_base_nomixdir_baseline,vit_base,mixup,baseline,s12_post_norm,T2,centred_l2,count_mad_stage,2000,MISSING,0.8699725275,0.0025,descriptive
across_checkpoints,legacy_e2_vit_base_nomixdir_baseline,vit_base,mixup,baseline,s11_out,T3,l2,count_mad_s11,2000,MISSING,0.8478125,25.397,descriptive
across_checkpoints,legacy_e2_vit_base_nomixdir_baseline,vit_base,mixup,baseline,s11_out,T3,l2,count_mad_stage,2000,MISSING,0.8478125,25.397,descriptive
across_checkpoints,legacy_e2_vit_base_nomixdir_baseline,vit_base,mixup,baseline,s11_out,T3,centred_l2,count_mad_s11,2000,MISSING,0.8458720238,25.397,descriptive
across_checkpoints,legacy_e2_vit_base_nomixdir_baseline,vit_base,mixup,baseline,s11_out,T3,centred_l2,count_mad_stage,2000,MISSING,0.8458720238,25.397,descriptive
across_checkpoints,legacy_e2_vit_base_nomixdir_baseline,vit_base,mixup,baseline,hist,T3,l2,count_mad_s11,2000,MISSING,0.8280982143,25.397,descriptive
across_checkpoints,legacy_e2_vit_base_nomixdir_baseline,vit_base,mixup,baseline,hist,T3,l2,count_mad_stage,2000,MISSING,0.8280982143,10.638,descriptive
across_checkpoints,legacy_e2_vit_base_nomixdir_baseline,vit_base,mixup,baseline,hist,T3,centred_l2,count_mad_s11,2000,MISSING,0.8282529762,25.397,descriptive
across_checkpoints,legacy_e2_vit_base_nomixdir_baseline,vit_base,mixup,baseline,hist,T3,centred_l2,count_mad_stage,2000,MISSING,0.8282529762,10.638,descriptive
across_checkpoints,legacy_e2_vit_base_nomixdir_baseline,vit_base,mixup,baseline,s12_post_norm,T3,l2,count_mad_s11,2000,MISSING,0.8470714286,25.397,descriptive
across_checkpoints,legacy_e2_vit_base_nomixdir_baseline,vit_base,mixup,baseline,s12_post_norm,T3,l2,count_mad_stage,2000,MISSING,0.8470714286,0.0045,descriptive
across_checkpoints,legacy_e2_vit_base_nomixdir_baseline,vit_base,mixup,baseline,s12_post_norm,T3,centred_l2,count_mad_s11,2000,MISSING,0.8468125,25.397,descriptive
across_checkpoints,legacy_e2_vit_base_nomixdir_baseline,vit_base,mixup,baseline,s12_post_norm,T3,centred_l2,count_mad_stage,2000,MISSING,0.8468125,0.0045,descriptive
across_checkpoints,e2r_vitb_mixup_baseline_s1,vit_base,mixup,baseline,s11_out,T0,l2,count_mad_s11,2000,MISSING,1,14.049,descriptive
across_checkpoints,e2r_vitb_mixup_baseline_s1,vit_base,mixup,baseline,s11_out,T0,l2,count_mad_stage,2000,MISSING,1,14.049,descriptive
across_checkpoints,e2r_vitb_mixup_baseline_s1,vit_base,mixup,baseline,s11_out,T0,centred_l2,count_mad_s11,2000,MISSING,1,14.049,descriptive
across_checkpoints,e2r_vitb_mixup_baseline_s1,vit_base,mixup,baseline,s11_out,T0,centred_l2,count_mad_stage,2000,MISSING,1,14.049,descriptive
across_checkpoints,e2r_vitb_mixup_baseline_s1,vit_base,mixup,baseline,hist,T0,l2,count_mad_s11,2000,MISSING,1,14.049,descriptive
across_checkpoints,e2r_vitb_mixup_baseline_s1,vit_base,mixup,baseline,hist,T0,l2,count_mad_stage,2000,MISSING,1,9.5685,descriptive
across_checkpoints,e2r_vitb_mixup_baseline_s1,vit_base,mixup,baseline,hist,T0,centred_l2,count_mad_s11,2000,MISSING,1,14.049,descriptive
across_checkpoints,e2r_vitb_mixup_baseline_s1,vit_base,mixup,baseline,hist,T0,centred_l2,count_mad_stage,2000,MISSING,1,9.5685,descriptive
across_checkpoints,e2r_vitb_mixup_baseline_s1,vit_base,mixup,baseline,s12_post_norm,T0,l2,count_mad_s11,2000,MISSING,1,14.049,descriptive
across_checkpoints,e2r_vitb_mixup_baseline_s1,vit_base,mixup,baseline,s12_post_norm,T0,l2,count_mad_stage,2000,MISSING,1,1.0355,descriptive
across_checkpoints,e2r_vitb_mixup_baseline_s1,vit_base,mixup,baseline,s12_post_norm,T0,centred_l2,count_mad_s11,2000,MISSING,1,14.049,descriptive
across_checkpoints,e2r_vitb_mixup_baseline_s1,vit_base,mixup,baseline,s12_post_norm,T0,centred_l2,count_mad_stage,2000,MISSING,1,1.0355,descriptive
across_checkpoints,e2r_vitb_mixup_baseline_s1,vit_base,mixup,baseline,s11_out,T1,l2,count_mad_s11,2000,MISSING,0.8025739796,14.049,descriptive
across_checkpoints,e2r_vitb_mixup_baseline_s1,vit_base,mixup,baseline,s11_out,T1,l2,count_mad_stage,2000,MISSING,0.8025739796,14.049,descriptive
across_checkpoints,e2r_vitb_mixup_baseline_s1,vit_base,mixup,baseline,s11_out,T1,centred_l2,count_mad_s11,2000,MISSING,0.7999668367,14.049,descriptive
across_checkpoints,e2r_vitb_mixup_baseline_s1,vit_base,mixup,baseline,s11_out,T1,centred_l2,count_mad_stage,2000,MISSING,0.7999668367,14.049,descriptive
across_checkpoints,e2r_vitb_mixup_baseline_s1,vit_base,mixup,baseline,hist,T1,l2,count_mad_s11,2000,MISSING,0.7954821429,14.049,descriptive
across_checkpoints,e2r_vitb_mixup_baseline_s1,vit_base,mixup,baseline,hist,T1,l2,count_mad_stage,2000,MISSING,0.7954821429,9.5685,descriptive
across_checkpoints,e2r_vitb_mixup_baseline_s1,vit_base,mixup,baseline,hist,T1,centred_l2,count_mad_s11,2000,MISSING,0.7966530612,14.049,descriptive
across_checkpoints,e2r_vitb_mixup_baseline_s1,vit_base,mixup,baseline,hist,T1,centred_l2,count_mad_stage,2000,MISSING,0.7966530612,9.5685,descriptive
across_checkpoints,e2r_vitb_mixup_baseline_s1,vit_base,mixup,baseline,s12_post_norm,T1,l2,count_mad_s11,2000,MISSING,0.8051709184,14.049,descriptive
across_checkpoints,e2r_vitb_mixup_baseline_s1,vit_base,mixup,baseline,s12_post_norm,T1,l2,count_mad_stage,2000,MISSING,0.8051709184,1.0355,descriptive
across_checkpoints,e2r_vitb_mixup_baseline_s1,vit_base,mixup,baseline,s12_post_norm,T1,centred_l2,count_mad_s11,2000,MISSING,0.8067576531,14.049,descriptive
across_checkpoints,e2r_vitb_mixup_baseline_s1,vit_base,mixup,baseline,s12_post_norm,T1,centred_l2,count_mad_stage,2000,MISSING,0.8067576531,1.0355,descriptive
across_checkpoints,e2r_vitb_mixup_baseline_s1,vit_base,mixup,baseline,s11_out,T2,l2,count_mad_s11,2000,MISSING,0.8382527473,13.847,descriptive
across_checkpoints,e2r_vitb_mixup_baseline_s1,vit_base,mixup,baseline,s11_out,T2,l2,count_mad_stage,2000,MISSING,0.8382527473,13.847,descriptive
across_checkpoints,e2r_vitb_mixup_baseline_s1,vit_base,mixup,baseline,s11_out,T2,centred_l2,count_mad_s11,2000,MISSING,0.8371071429,13.847,descriptive
across_checkpoints,e2r_vitb_mixup_baseline_s1,vit_base,mixup,baseline,s11_out,T2,centred_l2,count_mad_stage,2000,MISSING,0.8371071429,13.847,descriptive
across_checkpoints,e2r_vitb_mixup_baseline_s1,vit_base,mixup,baseline,hist,T2,l2,count_mad_s11,2000,MISSING,0.8330961538,13.847,descriptive
across_checkpoints,e2r_vitb_mixup_baseline_s1,vit_base,mixup,baseline,hist,T2,l2,count_mad_stage,2000,MISSING,0.8330961538,9.8585,descriptive
across_checkpoints,e2r_vitb_mixup_baseline_s1,vit_base,mixup,baseline,hist,T2,centred_l2,count_mad_s11,2000,MISSING,0.8341208791,13.847,descriptive
across_checkpoints,e2r_vitb_mixup_baseline_s1,vit_base,mixup,baseline,hist,T2,centred_l2,count_mad_stage,2000,MISSING,0.8341208791,9.8585,descriptive
across_checkpoints,e2r_vitb_mixup_baseline_s1,vit_base,mixup,baseline,s12_post_norm,T2,l2,count_mad_s11,2000,MISSING,0.8400659341,13.847,descriptive
across_checkpoints,e2r_vitb_mixup_baseline_s1,vit_base,mixup,baseline,s12_post_norm,T2,l2,count_mad_stage,2000,MISSING,0.8400659341,0.612,descriptive
across_checkpoints,e2r_vitb_mixup_baseline_s1,vit_base,mixup,baseline,s12_post_norm,T2,centred_l2,count_mad_s11,2000,MISSING,0.8420961538,13.847,descriptive
across_checkpoints,e2r_vitb_mixup_baseline_s1,vit_base,mixup,baseline,s12_post_norm,T2,centred_l2,count_mad_stage,2000,MISSING,0.8420961538,0.612,descriptive
across_checkpoints,e2r_vitb_mixup_baseline_s1,vit_base,mixup,baseline,s11_out,T3,l2,count_mad_s11,2000,MISSING,0.8105833333,14.256,descriptive
across_checkpoints,e2r_vitb_mixup_baseline_s1,vit_base,mixup,baseline,s11_out,T3,l2,count_mad_stage,2000,MISSING,0.8105833333,14.256,descriptive
across_checkpoints,e2r_vitb_mixup_baseline_s1,vit_base,mixup,baseline,s11_out,T3,centred_l2,count_mad_s11,2000,MISSING,0.8087380952,14.256,descriptive
across_checkpoints,e2r_vitb_mixup_baseline_s1,vit_base,mixup,baseline,s11_out,T3,centred_l2,count_mad_stage,2000,MISSING,0.8087380952,14.256,descriptive
across_checkpoints,e2r_vitb_mixup_baseline_s1,vit_base,mixup,baseline,hist,T3,l2,count_mad_s11,2000,MISSING,0.8026607143,14.256,descriptive
across_checkpoints,e2r_vitb_mixup_baseline_s1,vit_base,mixup,baseline,hist,T3,l2,count_mad_stage,2000,MISSING,0.8026607143,9.8995,descriptive
across_checkpoints,e2r_vitb_mixup_baseline_s1,vit_base,mixup,baseline,hist,T3,centred_l2,count_mad_s11,2000,MISSING,0.8049315476,14.256,descriptive
across_checkpoints,e2r_vitb_mixup_baseline_s1,vit_base,mixup,baseline,hist,T3,centred_l2,count_mad_stage,2000,MISSING,0.8049315476,9.8995,descriptive
across_checkpoints,e2r_vitb_mixup_baseline_s1,vit_base,mixup,baseline,s12_post_norm,T3,l2,count_mad_s11,2000,MISSING,0.8119404762,14.256,descriptive
across_checkpoints,e2r_vitb_mixup_baseline_s1,vit_base,mixup,baseline,s12_post_norm,T3,l2,count_mad_stage,2000,MISSING,0.8119404762,0.83,descriptive
across_checkpoints,e2r_vitb_mixup_baseline_s1,vit_base,mixup,baseline,s12_post_norm,T3,centred_l2,count_mad_s11,2000,MISSING,0.8147410714,14.256,descriptive
across_checkpoints,e2r_vitb_mixup_baseline_s1,vit_base,mixup,baseline,s12_post_norm,T3,centred_l2,count_mad_stage,2000,MISSING,0.8147410714,0.83,descriptive
across_checkpoints,legacy_e2_vit_small_mixupdir_baseline,vit_small,mixup,baseline,s11_out,T0,l2,count_mad_s11,2000,MISSING,1,14.517,descriptive
across_checkpoints,legacy_e2_vit_small_mixupdir_baseline,vit_small,mixup,baseline,s11_out,T0,l2,count_mad_stage,2000,MISSING,1,14.517,descriptive
across_checkpoints,legacy_e2_vit_small_mixupdir_baseline,vit_small,mixup,baseline,s11_out,T0,centred_l2,count_mad_s11,2000,MISSING,1,14.517,descriptive
across_checkpoints,legacy_e2_vit_small_mixupdir_baseline,vit_small,mixup,baseline,s11_out,T0,centred_l2,count_mad_stage,2000,MISSING,1,14.517,descriptive
across_checkpoints,legacy_e2_vit_small_mixupdir_baseline,vit_small,mixup,baseline,hist,T0,l2,count_mad_s11,2000,MISSING,1,14.517,descriptive
across_checkpoints,legacy_e2_vit_small_mixupdir_baseline,vit_small,mixup,baseline,hist,T0,l2,count_mad_stage,2000,MISSING,1,14.079,descriptive
across_checkpoints,legacy_e2_vit_small_mixupdir_baseline,vit_small,mixup,baseline,hist,T0,centred_l2,count_mad_s11,2000,MISSING,1,14.517,descriptive
across_checkpoints,legacy_e2_vit_small_mixupdir_baseline,vit_small,mixup,baseline,hist,T0,centred_l2,count_mad_stage,2000,MISSING,1,14.079,descriptive
across_checkpoints,legacy_e2_vit_small_mixupdir_baseline,vit_small,mixup,baseline,s12_post_norm,T0,l2,count_mad_s11,2000,MISSING,1,14.517,descriptive
across_checkpoints,legacy_e2_vit_small_mixupdir_baseline,vit_small,mixup,baseline,s12_post_norm,T0,l2,count_mad_stage,2000,MISSING,1,0,descriptive
across_checkpoints,legacy_e2_vit_small_mixupdir_baseline,vit_small,mixup,baseline,s12_post_norm,T0,centred_l2,count_mad_s11,2000,MISSING,1,14.517,descriptive
across_checkpoints,legacy_e2_vit_small_mixupdir_baseline,vit_small,mixup,baseline,s12_post_norm,T0,centred_l2,count_mad_stage,2000,MISSING,1,0,descriptive
across_checkpoints,legacy_e2_vit_small_mixupdir_baseline,vit_small,mixup,baseline,s11_out,T1,l2,count_mad_s11,2000,MISSING,0.8928979592,14.517,descriptive
across_checkpoints,legacy_e2_vit_small_mixupdir_baseline,vit_small,mixup,baseline,s11_out,T1,l2,count_mad_stage,2000,MISSING,0.8928979592,14.517,descriptive
across_checkpoints,legacy_e2_vit_small_mixupdir_baseline,vit_small,mixup,baseline,s11_out,T1,centred_l2,count_mad_s11,2000,MISSING,0.8930943878,14.517,descriptive
across_checkpoints,legacy_e2_vit_small_mixupdir_baseline,vit_small,mixup,baseline,s11_out,T1,centred_l2,count_mad_stage,2000,MISSING,0.8930943878,14.517,descriptive
across_checkpoints,legacy_e2_vit_small_mixupdir_baseline,vit_small,mixup,baseline,hist,T1,l2,count_mad_s11,2000,MISSING,0.8894821429,14.517,descriptive
across_checkpoints,legacy_e2_vit_small_mixupdir_baseline,vit_small,mixup,baseline,hist,T1,l2,count_mad_stage,2000,MISSING,0.8894821429,14.079,descriptive
across_checkpoints,legacy_e2_vit_small_mixupdir_baseline,vit_small,mixup,baseline,hist,T1,centred_l2,count_mad_s11,2000,MISSING,0.8880739796,14.517,descriptive
across_checkpoints,legacy_e2_vit_small_mixupdir_baseline,vit_small,mixup,baseline,hist,T1,centred_l2,count_mad_stage,2000,MISSING,0.8880739796,14.079,descriptive
across_checkpoints,legacy_e2_vit_small_mixupdir_baseline,vit_small,mixup,baseline,s12_post_norm,T1,l2,count_mad_s11,2000,MISSING,0.8955280612,14.517,descriptive
across_checkpoints,legacy_e2_vit_small_mixupdir_baseline,vit_small,mixup,baseline,s12_post_norm,T1,l2,count_mad_stage,2000,MISSING,0.8955280612,0,descriptive
across_checkpoints,legacy_e2_vit_small_mixupdir_baseline,vit_small,mixup,baseline,s12_post_norm,T1,centred_l2,count_mad_s11,2000,MISSING,0.8951632653,14.517,descriptive
across_checkpoints,legacy_e2_vit_small_mixupdir_baseline,vit_small,mixup,baseline,s12_post_norm,T1,centred_l2,count_mad_stage,2000,MISSING,0.8951632653,0,descriptive
across_checkpoints,legacy_e2_vit_small_mixupdir_baseline,vit_small,mixup,baseline,s11_out,T2,l2,count_mad_s11,2000,MISSING,0.9050824176,14.829,descriptive
across_checkpoints,legacy_e2_vit_small_mixupdir_baseline,vit_small,mixup,baseline,s11_out,T2,l2,count_mad_stage,2000,MISSING,0.9050824176,14.829,descriptive
across_checkpoints,legacy_e2_vit_small_mixupdir_baseline,vit_small,mixup,baseline,s11_out,T2,centred_l2,count_mad_s11,2000,MISSING,0.9053571429,14.829,descriptive
across_checkpoints,legacy_e2_vit_small_mixupdir_baseline,vit_small,mixup,baseline,s11_out,T2,centred_l2,count_mad_stage,2000,MISSING,0.9053571429,14.829,descriptive
across_checkpoints,legacy_e2_vit_small_mixupdir_baseline,vit_small,mixup,baseline,hist,T2,l2,count_mad_s11,2000,MISSING,0.9031016484,14.829,descriptive
across_checkpoints,legacy_e2_vit_small_mixupdir_baseline,vit_small,mixup,baseline,hist,T2,l2,count_mad_stage,2000,MISSING,0.9031016484,14.1215,descriptive
across_checkpoints,legacy_e2_vit_small_mixupdir_baseline,vit_small,mixup,baseline,hist,T2,centred_l2,count_mad_s11,2000,MISSING,0.9018653846,14.829,descriptive
across_checkpoints,legacy_e2_vit_small_mixupdir_baseline,vit_small,mixup,baseline,hist,T2,centred_l2,count_mad_stage,2000,MISSING,0.9018653846,14.1215,descriptive
across_checkpoints,legacy_e2_vit_small_mixupdir_baseline,vit_small,mixup,baseline,s12_post_norm,T2,l2,count_mad_s11,2000,MISSING,0.9080467033,14.829,descriptive
across_checkpoints,legacy_e2_vit_small_mixupdir_baseline,vit_small,mixup,baseline,s12_post_norm,T2,l2,count_mad_stage,2000,MISSING,0.9080467033,0,descriptive
across_checkpoints,legacy_e2_vit_small_mixupdir_baseline,vit_small,mixup,baseline,s12_post_norm,T2,centred_l2,count_mad_s11,2000,MISSING,0.9076950549,14.829,descriptive
across_checkpoints,legacy_e2_vit_small_mixupdir_baseline,vit_small,mixup,baseline,s12_post_norm,T2,centred_l2,count_mad_stage,2000,MISSING,0.9076950549,0,descriptive
across_checkpoints,legacy_e2_vit_small_mixupdir_baseline,vit_small,mixup,baseline,s11_out,T3,l2,count_mad_s11,2000,MISSING,0.894547619,14.8585,descriptive
across_checkpoints,legacy_e2_vit_small_mixupdir_baseline,vit_small,mixup,baseline,s11_out,T3,l2,count_mad_stage,2000,MISSING,0.894547619,14.8585,descriptive
across_checkpoints,legacy_e2_vit_small_mixupdir_baseline,vit_small,mixup,baseline,s11_out,T3,centred_l2,count_mad_s11,2000,MISSING,0.8952380952,14.8585,descriptive
across_checkpoints,legacy_e2_vit_small_mixupdir_baseline,vit_small,mixup,baseline,s11_out,T3,centred_l2,count_mad_stage,2000,MISSING,0.8952380952,14.8585,descriptive
across_checkpoints,legacy_e2_vit_small_mixupdir_baseline,vit_small,mixup,baseline,hist,T3,l2,count_mad_s11,2000,MISSING,0.8914732143,14.8585,descriptive
across_checkpoints,legacy_e2_vit_small_mixupdir_baseline,vit_small,mixup,baseline,hist,T3,l2,count_mad_stage,2000,MISSING,0.8914732143,14.2995,descriptive
across_checkpoints,legacy_e2_vit_small_mixupdir_baseline,vit_small,mixup,baseline,hist,T3,centred_l2,count_mad_s11,2000,MISSING,0.8908511905,14.8585,descriptive
across_checkpoints,legacy_e2_vit_small_mixupdir_baseline,vit_small,mixup,baseline,hist,T3,centred_l2,count_mad_stage,2000,MISSING,0.8908511905,14.2995,descriptive
across_checkpoints,legacy_e2_vit_small_mixupdir_baseline,vit_small,mixup,baseline,s12_post_norm,T3,l2,count_mad_s11,2000,MISSING,0.897514881,14.8585,descriptive
across_checkpoints,legacy_e2_vit_small_mixupdir_baseline,vit_small,mixup,baseline,s12_post_norm,T3,l2,count_mad_stage,2000,MISSING,0.897514881,0,descriptive
across_checkpoints,legacy_e2_vit_small_mixupdir_baseline,vit_small,mixup,baseline,s12_post_norm,T3,centred_l2,count_mad_s11,2000,MISSING,0.8975952381,14.8585,descriptive
across_checkpoints,legacy_e2_vit_small_mixupdir_baseline,vit_small,mixup,baseline,s12_post_norm,T3,centred_l2,count_mad_stage,2000,MISSING,0.8975952381,0,descriptive
across_checkpoints,legacy_e2_vit_small_nomixdir_baseline,vit_small,mixup,baseline,s11_out,T0,l2,count_mad_s11,2000,MISSING,1,18.479,descriptive
across_checkpoints,legacy_e2_vit_small_nomixdir_baseline,vit_small,mixup,baseline,s11_out,T0,l2,count_mad_stage,2000,MISSING,1,18.479,descriptive
across_checkpoints,legacy_e2_vit_small_nomixdir_baseline,vit_small,mixup,baseline,s11_out,T0,centred_l2,count_mad_s11,2000,MISSING,1,18.479,descriptive
across_checkpoints,legacy_e2_vit_small_nomixdir_baseline,vit_small,mixup,baseline,s11_out,T0,centred_l2,count_mad_stage,2000,MISSING,1,18.479,descriptive
across_checkpoints,legacy_e2_vit_small_nomixdir_baseline,vit_small,mixup,baseline,hist,T0,l2,count_mad_s11,2000,MISSING,1,18.479,descriptive
across_checkpoints,legacy_e2_vit_small_nomixdir_baseline,vit_small,mixup,baseline,hist,T0,l2,count_mad_stage,2000,MISSING,1,16.832,descriptive
across_checkpoints,legacy_e2_vit_small_nomixdir_baseline,vit_small,mixup,baseline,hist,T0,centred_l2,count_mad_s11,2000,MISSING,1,18.479,descriptive
across_checkpoints,legacy_e2_vit_small_nomixdir_baseline,vit_small,mixup,baseline,hist,T0,centred_l2,count_mad_stage,2000,MISSING,1,16.832,descriptive
across_checkpoints,legacy_e2_vit_small_nomixdir_baseline,vit_small,mixup,baseline,s12_post_norm,T0,l2,count_mad_s11,2000,MISSING,1,18.479,descriptive
across_checkpoints,legacy_e2_vit_small_nomixdir_baseline,vit_small,mixup,baseline,s12_post_norm,T0,l2,count_mad_stage,2000,MISSING,1,0.016,descriptive
across_checkpoints,legacy_e2_vit_small_nomixdir_baseline,vit_small,mixup,baseline,s12_post_norm,T0,centred_l2,count_mad_s11,2000,MISSING,1,18.479,descriptive
across_checkpoints,legacy_e2_vit_small_nomixdir_baseline,vit_small,mixup,baseline,s12_post_norm,T0,centred_l2,count_mad_stage,2000,MISSING,1,0.016,descriptive
across_checkpoints,legacy_e2_vit_small_nomixdir_baseline,vit_small,mixup,baseline,s11_out,T1,l2,count_mad_s11,2000,MISSING,0.8988163265,18.479,descriptive
across_checkpoints,legacy_e2_vit_small_nomixdir_baseline,vit_small,mixup,baseline,s11_out,T1,l2,count_mad_stage,2000,MISSING,0.8988163265,18.479,descriptive
across_checkpoints,legacy_e2_vit_small_nomixdir_baseline,vit_small,mixup,baseline,s11_out,T1,centred_l2,count_mad_s11,2000,MISSING,0.8991326531,18.479,descriptive
across_checkpoints,legacy_e2_vit_small_nomixdir_baseline,vit_small,mixup,baseline,s11_out,T1,centred_l2,count_mad_stage,2000,MISSING,0.8991326531,18.479,descriptive
across_checkpoints,legacy_e2_vit_small_nomixdir_baseline,vit_small,mixup,baseline,hist,T1,l2,count_mad_s11,2000,MISSING,0.8961632653,18.479,descriptive
across_checkpoints,legacy_e2_vit_small_nomixdir_baseline,vit_small,mixup,baseline,hist,T1,l2,count_mad_stage,2000,MISSING,0.8961632653,16.832,descriptive
across_checkpoints,legacy_e2_vit_small_nomixdir_baseline,vit_small,mixup,baseline,hist,T1,centred_l2,count_mad_s11,2000,MISSING,0.8947423469,18.479,descriptive
across_checkpoints,legacy_e2_vit_small_nomixdir_baseline,vit_small,mixup,baseline,hist,T1,centred_l2,count_mad_stage,2000,MISSING,0.8947423469,16.832,descriptive
across_checkpoints,legacy_e2_vit_small_nomixdir_baseline,vit_small,mixup,baseline,s12_post_norm,T1,l2,count_mad_s11,2000,MISSING,0.9014591837,18.479,descriptive
across_checkpoints,legacy_e2_vit_small_nomixdir_baseline,vit_small,mixup,baseline,s12_post_norm,T1,l2,count_mad_stage,2000,MISSING,0.9014591837,0.016,descriptive
across_checkpoints,legacy_e2_vit_small_nomixdir_baseline,vit_small,mixup,baseline,s12_post_norm,T1,centred_l2,count_mad_s11,2000,MISSING,0.9007602041,18.479,descriptive
across_checkpoints,legacy_e2_vit_small_nomixdir_baseline,vit_small,mixup,baseline,s12_post_norm,T1,centred_l2,count_mad_stage,2000,MISSING,0.9007602041,0.016,descriptive
across_checkpoints,legacy_e2_vit_small_nomixdir_baseline,vit_small,mixup,baseline,s11_out,T2,l2,count_mad_s11,2000,MISSING,0.9039148352,18.878,descriptive
across_checkpoints,legacy_e2_vit_small_nomixdir_baseline,vit_small,mixup,baseline,s11_out,T2,l2,count_mad_stage,2000,MISSING,0.9039148352,18.878,descriptive
across_checkpoints,legacy_e2_vit_small_nomixdir_baseline,vit_small,mixup,baseline,s11_out,T2,centred_l2,count_mad_s11,2000,MISSING,0.9046483516,18.878,descriptive
across_checkpoints,legacy_e2_vit_small_nomixdir_baseline,vit_small,mixup,baseline,s11_out,T2,centred_l2,count_mad_stage,2000,MISSING,0.9046483516,18.878,descriptive
across_checkpoints,legacy_e2_vit_small_nomixdir_baseline,vit_small,mixup,baseline,hist,T2,l2,count_mad_s11,2000,MISSING,0.9023626374,18.878,descriptive
across_checkpoints,legacy_e2_vit_small_nomixdir_baseline,vit_small,mixup,baseline,hist,T2,l2,count_mad_stage,2000,MISSING,0.9023626374,17.1265,descriptive
across_checkpoints,legacy_e2_vit_small_nomixdir_baseline,vit_small,mixup,baseline,hist,T2,centred_l2,count_mad_s11,2000,MISSING,0.9011071429,18.878,descriptive
across_checkpoints,legacy_e2_vit_small_nomixdir_baseline,vit_small,mixup,baseline,hist,T2,centred_l2,count_mad_stage,2000,MISSING,0.9011071429,17.1265,descriptive
across_checkpoints,legacy_e2_vit_small_nomixdir_baseline,vit_small,mixup,baseline,s12_post_norm,T2,l2,count_mad_s11,2000,MISSING,0.9065247253,18.878,descriptive
across_checkpoints,legacy_e2_vit_small_nomixdir_baseline,vit_small,mixup,baseline,s12_post_norm,T2,l2,count_mad_stage,2000,MISSING,0.9065247253,0.011,descriptive
across_checkpoints,legacy_e2_vit_small_nomixdir_baseline,vit_small,mixup,baseline,s12_post_norm,T2,centred_l2,count_mad_s11,2000,MISSING,0.9063021978,18.878,descriptive
across_checkpoints,legacy_e2_vit_small_nomixdir_baseline,vit_small,mixup,baseline,s12_post_norm,T2,centred_l2,count_mad_stage,2000,MISSING,0.9063021978,0.011,descriptive
across_checkpoints,legacy_e2_vit_small_nomixdir_baseline,vit_small,mixup,baseline,s11_out,T3,l2,count_mad_s11,2000,MISSING,0.8869464286,18.9755,descriptive
across_checkpoints,legacy_e2_vit_small_nomixdir_baseline,vit_small,mixup,baseline,s11_out,T3,l2,count_mad_stage,2000,MISSING,0.8869464286,18.9755,descriptive
across_checkpoints,legacy_e2_vit_small_nomixdir_baseline,vit_small,mixup,baseline,s11_out,T3,centred_l2,count_mad_s11,2000,MISSING,0.8879047619,18.9755,descriptive
across_checkpoints,legacy_e2_vit_small_nomixdir_baseline,vit_small,mixup,baseline,s11_out,T3,centred_l2,count_mad_stage,2000,MISSING,0.8879047619,18.9755,descriptive
across_checkpoints,legacy_e2_vit_small_nomixdir_baseline,vit_small,mixup,baseline,hist,T3,l2,count_mad_s11,2000,MISSING,0.8843779762,18.9755,descriptive
across_checkpoints,legacy_e2_vit_small_nomixdir_baseline,vit_small,mixup,baseline,hist,T3,l2,count_mad_stage,2000,MISSING,0.8843779762,17.1785,descriptive
across_checkpoints,legacy_e2_vit_small_nomixdir_baseline,vit_small,mixup,baseline,hist,T3,centred_l2,count_mad_s11,2000,MISSING,0.8835386905,18.9755,descriptive
across_checkpoints,legacy_e2_vit_small_nomixdir_baseline,vit_small,mixup,baseline,hist,T3,centred_l2,count_mad_stage,2000,MISSING,0.8835386905,17.1785,descriptive
across_checkpoints,legacy_e2_vit_small_nomixdir_baseline,vit_small,mixup,baseline,s12_post_norm,T3,l2,count_mad_s11,2000,MISSING,0.8888541667,18.9755,descriptive
across_checkpoints,legacy_e2_vit_small_nomixdir_baseline,vit_small,mixup,baseline,s12_post_norm,T3,l2,count_mad_stage,2000,MISSING,0.8888541667,0.004,descriptive
across_checkpoints,legacy_e2_vit_small_nomixdir_baseline,vit_small,mixup,baseline,s12_post_norm,T3,centred_l2,count_mad_s11,2000,MISSING,0.889172619,18.9755,descriptive
across_checkpoints,legacy_e2_vit_small_nomixdir_baseline,vit_small,mixup,baseline,s12_post_norm,T3,centred_l2,count_mad_stage,2000,MISSING,0.889172619,0.004,descriptive
across_checkpoints,e2r_vits_mixup_baseline_s1,vit_small,mixup,baseline,s11_out,T0,l2,count_mad_s11,2000,MISSING,1,18.0745,descriptive
across_checkpoints,e2r_vits_mixup_baseline_s1,vit_small,mixup,baseline,s11_out,T0,l2,count_mad_stage,2000,MISSING,1,18.0745,descriptive
across_checkpoints,e2r_vits_mixup_baseline_s1,vit_small,mixup,baseline,s11_out,T0,centred_l2,count_mad_s11,2000,MISSING,1,18.0745,descriptive
across_checkpoints,e2r_vits_mixup_baseline_s1,vit_small,mixup,baseline,s11_out,T0,centred_l2,count_mad_stage,2000,MISSING,1,18.0745,descriptive
across_checkpoints,e2r_vits_mixup_baseline_s1,vit_small,mixup,baseline,hist,T0,l2,count_mad_s11,2000,MISSING,1,18.0745,descriptive
across_checkpoints,e2r_vits_mixup_baseline_s1,vit_small,mixup,baseline,hist,T0,l2,count_mad_stage,2000,MISSING,1,18.647,descriptive
across_checkpoints,e2r_vits_mixup_baseline_s1,vit_small,mixup,baseline,hist,T0,centred_l2,count_mad_s11,2000,MISSING,1,18.0745,descriptive
across_checkpoints,e2r_vits_mixup_baseline_s1,vit_small,mixup,baseline,hist,T0,centred_l2,count_mad_stage,2000,MISSING,1,18.647,descriptive
across_checkpoints,e2r_vits_mixup_baseline_s1,vit_small,mixup,baseline,s12_post_norm,T0,l2,count_mad_s11,2000,MISSING,1,18.0745,descriptive
across_checkpoints,e2r_vits_mixup_baseline_s1,vit_small,mixup,baseline,s12_post_norm,T0,l2,count_mad_stage,2000,MISSING,1,0.005,descriptive
across_checkpoints,e2r_vits_mixup_baseline_s1,vit_small,mixup,baseline,s12_post_norm,T0,centred_l2,count_mad_s11,2000,MISSING,1,18.0745,descriptive
across_checkpoints,e2r_vits_mixup_baseline_s1,vit_small,mixup,baseline,s12_post_norm,T0,centred_l2,count_mad_stage,2000,MISSING,1,0.005,descriptive
across_checkpoints,e2r_vits_mixup_baseline_s1,vit_small,mixup,baseline,s11_out,T1,l2,count_mad_s11,2000,MISSING,0.9058061224,18.0745,descriptive
across_checkpoints,e2r_vits_mixup_baseline_s1,vit_small,mixup,baseline,s11_out,T1,l2,count_mad_stage,2000,MISSING,0.9058061224,18.0745,descriptive
across_checkpoints,e2r_vits_mixup_baseline_s1,vit_small,mixup,baseline,s11_out,T1,centred_l2,count_mad_s11,2000,MISSING,0.9061632653,18.0745,descriptive
across_checkpoints,e2r_vits_mixup_baseline_s1,vit_small,mixup,baseline,s11_out,T1,centred_l2,count_mad_stage,2000,MISSING,0.9061632653,18.0745,descriptive
across_checkpoints,e2r_vits_mixup_baseline_s1,vit_small,mixup,baseline,hist,T1,l2,count_mad_s11,2000,MISSING,0.9048903061,18.0745,descriptive
across_checkpoints,e2r_vits_mixup_baseline_s1,vit_small,mixup,baseline,hist,T1,l2,count_mad_stage,2000,MISSING,0.9048903061,18.647,descriptive
across_checkpoints,e2r_vits_mixup_baseline_s1,vit_small,mixup,baseline,hist,T1,centred_l2,count_mad_s11,2000,MISSING,0.9036913265,18.0745,descriptive
across_checkpoints,e2r_vits_mixup_baseline_s1,vit_small,mixup,baseline,hist,T1,centred_l2,count_mad_stage,2000,MISSING,0.9036913265,18.647,descriptive
across_checkpoints,e2r_vits_mixup_baseline_s1,vit_small,mixup,baseline,s12_post_norm,T1,l2,count_mad_s11,2000,MISSING,0.9102984694,18.0745,descriptive
across_checkpoints,e2r_vits_mixup_baseline_s1,vit_small,mixup,baseline,s12_post_norm,T1,l2,count_mad_stage,2000,MISSING,0.9102984694,0.005,descriptive
across_checkpoints,e2r_vits_mixup_baseline_s1,vit_small,mixup,baseline,s12_post_norm,T1,centred_l2,count_mad_s11,2000,MISSING,0.9087729592,18.0745,descriptive
across_checkpoints,e2r_vits_mixup_baseline_s1,vit_small,mixup,baseline,s12_post_norm,T1,centred_l2,count_mad_stage,2000,MISSING,0.9087729592,0.005,descriptive
across_checkpoints,e2r_vits_mixup_baseline_s1,vit_small,mixup,baseline,s11_out,T2,l2,count_mad_s11,2000,MISSING,0.8981236264,18.3675,descriptive
across_checkpoints,e2r_vits_mixup_baseline_s1,vit_small,mixup,baseline,s11_out,T2,l2,count_mad_stage,2000,MISSING,0.8981236264,18.3675,descriptive
across_checkpoints,e2r_vits_mixup_baseline_s1,vit_small,mixup,baseline,s11_out,T2,centred_l2,count_mad_s11,2000,MISSING,0.8987115385,18.3675,descriptive
across_checkpoints,e2r_vits_mixup_baseline_s1,vit_small,mixup,baseline,s11_out,T2,centred_l2,count_mad_stage,2000,MISSING,0.8987115385,18.3675,descriptive
across_checkpoints,e2r_vits_mixup_baseline_s1,vit_small,mixup,baseline,hist,T2,l2,count_mad_s11,2000,MISSING,0.8973379121,18.3675,descriptive
across_checkpoints,e2r_vits_mixup_baseline_s1,vit_small,mixup,baseline,hist,T2,l2,count_mad_stage,2000,MISSING,0.8973379121,19.0965,descriptive
across_checkpoints,e2r_vits_mixup_baseline_s1,vit_small,mixup,baseline,hist,T2,centred_l2,count_mad_s11,2000,MISSING,0.8966840659,18.3675,descriptive
across_checkpoints,e2r_vits_mixup_baseline_s1,vit_small,mixup,baseline,hist,T2,centred_l2,count_mad_stage,2000,MISSING,0.8966840659,19.0965,descriptive
across_checkpoints,e2r_vits_mixup_baseline_s1,vit_small,mixup,baseline,s12_post_norm,T2,l2,count_mad_s11,2000,MISSING,0.9024093407,18.3675,descriptive
across_checkpoints,e2r_vits_mixup_baseline_s1,vit_small,mixup,baseline,s12_post_norm,T2,l2,count_mad_stage,2000,MISSING,0.9024093407,0.0035,descriptive
across_checkpoints,e2r_vits_mixup_baseline_s1,vit_small,mixup,baseline,s12_post_norm,T2,centred_l2,count_mad_s11,2000,MISSING,0.9012307692,18.3675,descriptive
across_checkpoints,e2r_vits_mixup_baseline_s1,vit_small,mixup,baseline,s12_post_norm,T2,centred_l2,count_mad_stage,2000,MISSING,0.9012307692,0.0035,descriptive
across_checkpoints,e2r_vits_mixup_baseline_s1,vit_small,mixup,baseline,s11_out,T3,l2,count_mad_s11,2000,MISSING,0.88825,18.4535,descriptive
across_checkpoints,e2r_vits_mixup_baseline_s1,vit_small,mixup,baseline,s11_out,T3,l2,count_mad_stage,2000,MISSING,0.88825,18.4535,descriptive
across_checkpoints,e2r_vits_mixup_baseline_s1,vit_small,mixup,baseline,s11_out,T3,centred_l2,count_mad_s11,2000,MISSING,0.8888005952,18.4535,descriptive
across_checkpoints,e2r_vits_mixup_baseline_s1,vit_small,mixup,baseline,s11_out,T3,centred_l2,count_mad_stage,2000,MISSING,0.8888005952,18.4535,descriptive
across_checkpoints,e2r_vits_mixup_baseline_s1,vit_small,mixup,baseline,hist,T3,l2,count_mad_s11,2000,MISSING,0.8869821429,18.4535,descriptive
across_checkpoints,e2r_vits_mixup_baseline_s1,vit_small,mixup,baseline,hist,T3,l2,count_mad_stage,2000,MISSING,0.8869821429,19.1715,descriptive
across_checkpoints,e2r_vits_mixup_baseline_s1,vit_small,mixup,baseline,hist,T3,centred_l2,count_mad_s11,2000,MISSING,0.886235119,18.4535,descriptive
across_checkpoints,e2r_vits_mixup_baseline_s1,vit_small,mixup,baseline,hist,T3,centred_l2,count_mad_stage,2000,MISSING,0.886235119,19.1715,descriptive
across_checkpoints,e2r_vits_mixup_baseline_s1,vit_small,mixup,baseline,s12_post_norm,T3,l2,count_mad_s11,2000,MISSING,0.8922470238,18.4535,descriptive
across_checkpoints,e2r_vits_mixup_baseline_s1,vit_small,mixup,baseline,s12_post_norm,T3,l2,count_mad_stage,2000,MISSING,0.8922470238,0.0095,descriptive
across_checkpoints,e2r_vits_mixup_baseline_s1,vit_small,mixup,baseline,s12_post_norm,T3,centred_l2,count_mad_s11,2000,MISSING,0.8914761905,18.4535,descriptive
across_checkpoints,e2r_vits_mixup_baseline_s1,vit_small,mixup,baseline,s12_post_norm,T3,centred_l2,count_mad_stage,2000,MISSING,0.8914761905,0.0095,descriptive
across_checkpoints,e2r_vits_mixup_baseline_s2,vit_small,mixup,baseline,s11_out,T0,l2,count_mad_s11,2000,MISSING,1,17.525,descriptive
across_checkpoints,e2r_vits_mixup_baseline_s2,vit_small,mixup,baseline,s11_out,T0,l2,count_mad_stage,2000,MISSING,1,17.525,descriptive
across_checkpoints,e2r_vits_mixup_baseline_s2,vit_small,mixup,baseline,s11_out,T0,centred_l2,count_mad_s11,2000,MISSING,1,17.525,descriptive
across_checkpoints,e2r_vits_mixup_baseline_s2,vit_small,mixup,baseline,s11_out,T0,centred_l2,count_mad_stage,2000,MISSING,1,17.525,descriptive
across_checkpoints,e2r_vits_mixup_baseline_s2,vit_small,mixup,baseline,hist,T0,l2,count_mad_s11,2000,MISSING,1,17.525,descriptive
across_checkpoints,e2r_vits_mixup_baseline_s2,vit_small,mixup,baseline,hist,T0,l2,count_mad_stage,2000,MISSING,1,16.562,descriptive
across_checkpoints,e2r_vits_mixup_baseline_s2,vit_small,mixup,baseline,hist,T0,centred_l2,count_mad_s11,2000,MISSING,1,17.525,descriptive
across_checkpoints,e2r_vits_mixup_baseline_s2,vit_small,mixup,baseline,hist,T0,centred_l2,count_mad_stage,2000,MISSING,1,16.562,descriptive
across_checkpoints,e2r_vits_mixup_baseline_s2,vit_small,mixup,baseline,s12_post_norm,T0,l2,count_mad_s11,2000,MISSING,1,17.525,descriptive
across_checkpoints,e2r_vits_mixup_baseline_s2,vit_small,mixup,baseline,s12_post_norm,T0,l2,count_mad_stage,2000,MISSING,1,0,descriptive
across_checkpoints,e2r_vits_mixup_baseline_s2,vit_small,mixup,baseline,s12_post_norm,T0,centred_l2,count_mad_s11,2000,MISSING,1,17.525,descriptive
across_checkpoints,e2r_vits_mixup_baseline_s2,vit_small,mixup,baseline,s12_post_norm,T0,centred_l2,count_mad_stage,2000,MISSING,1,0,descriptive
across_checkpoints,e2r_vits_mixup_baseline_s2,vit_small,mixup,baseline,s11_out,T1,l2,count_mad_s11,2000,MISSING,0.8955918367,17.525,descriptive
across_checkpoints,e2r_vits_mixup_baseline_s2,vit_small,mixup,baseline,s11_out,T1,l2,count_mad_stage,2000,MISSING,0.8955918367,17.525,descriptive
across_checkpoints,e2r_vits_mixup_baseline_s2,vit_small,mixup,baseline,s11_out,T1,centred_l2,count_mad_s11,2000,MISSING,0.8963954082,17.525,descriptive
across_checkpoints,e2r_vits_mixup_baseline_s2,vit_small,mixup,baseline,s11_out,T1,centred_l2,count_mad_stage,2000,MISSING,0.8963954082,17.525,descriptive
across_checkpoints,e2r_vits_mixup_baseline_s2,vit_small,mixup,baseline,hist,T1,l2,count_mad_s11,2000,MISSING,0.8887627551,17.525,descriptive
across_checkpoints,e2r_vits_mixup_baseline_s2,vit_small,mixup,baseline,hist,T1,l2,count_mad_stage,2000,MISSING,0.8887627551,16.562,descriptive
across_checkpoints,e2r_vits_mixup_baseline_s2,vit_small,mixup,baseline,hist,T1,centred_l2,count_mad_s11,2000,MISSING,0.8887959184,17.525,descriptive
across_checkpoints,e2r_vits_mixup_baseline_s2,vit_small,mixup,baseline,hist,T1,centred_l2,count_mad_stage,2000,MISSING,0.8887959184,16.562,descriptive
across_checkpoints,e2r_vits_mixup_baseline_s2,vit_small,mixup,baseline,s12_post_norm,T1,l2,count_mad_s11,2000,MISSING,0.894127551,17.525,descriptive
across_checkpoints,e2r_vits_mixup_baseline_s2,vit_small,mixup,baseline,s12_post_norm,T1,l2,count_mad_stage,2000,MISSING,0.894127551,0,descriptive
across_checkpoints,e2r_vits_mixup_baseline_s2,vit_small,mixup,baseline,s12_post_norm,T1,centred_l2,count_mad_s11,2000,MISSING,0.8947857143,17.525,descriptive
across_checkpoints,e2r_vits_mixup_baseline_s2,vit_small,mixup,baseline,s12_post_norm,T1,centred_l2,count_mad_stage,2000,MISSING,0.8947857143,0,descriptive
across_checkpoints,e2r_vits_mixup_baseline_s2,vit_small,mixup,baseline,s11_out,T2,l2,count_mad_s11,2000,MISSING,0.9039587912,18.1205,descriptive
across_checkpoints,e2r_vits_mixup_baseline_s2,vit_small,mixup,baseline,s11_out,T2,l2,count_mad_stage,2000,MISSING,0.9039587912,18.1205,descriptive
across_checkpoints,e2r_vits_mixup_baseline_s2,vit_small,mixup,baseline,s11_out,T2,centred_l2,count_mad_s11,2000,MISSING,0.9048324176,18.1205,descriptive
across_checkpoints,e2r_vits_mixup_baseline_s2,vit_small,mixup,baseline,s11_out,T2,centred_l2,count_mad_stage,2000,MISSING,0.9048324176,18.1205,descriptive
across_checkpoints,e2r_vits_mixup_baseline_s2,vit_small,mixup,baseline,hist,T2,l2,count_mad_s11,2000,MISSING,0.8996868132,18.1205,descriptive
across_checkpoints,e2r_vits_mixup_baseline_s2,vit_small,mixup,baseline,hist,T2,l2,count_mad_stage,2000,MISSING,0.8996868132,17.068,descriptive
across_checkpoints,e2r_vits_mixup_baseline_s2,vit_small,mixup,baseline,hist,T2,centred_l2,count_mad_s11,2000,MISSING,0.8996318681,18.1205,descriptive
across_checkpoints,e2r_vits_mixup_baseline_s2,vit_small,mixup,baseline,hist,T2,centred_l2,count_mad_stage,2000,MISSING,0.8996318681,17.068,descriptive
across_checkpoints,e2r_vits_mixup_baseline_s2,vit_small,mixup,baseline,s12_post_norm,T2,l2,count_mad_s11,2000,MISSING,0.9036923077,18.1205,descriptive
across_checkpoints,e2r_vits_mixup_baseline_s2,vit_small,mixup,baseline,s12_post_norm,T2,l2,count_mad_stage,2000,MISSING,0.9036923077,0,descriptive
across_checkpoints,e2r_vits_mixup_baseline_s2,vit_small,mixup,baseline,s12_post_norm,T2,centred_l2,count_mad_s11,2000,MISSING,0.9045,18.1205,descriptive
across_checkpoints,e2r_vits_mixup_baseline_s2,vit_small,mixup,baseline,s12_post_norm,T2,centred_l2,count_mad_stage,2000,MISSING,0.9045,0,descriptive
across_checkpoints,e2r_vits_mixup_baseline_s2,vit_small,mixup,baseline,s11_out,T3,l2,count_mad_s11,2000,MISSING,0.886672619,18.0235,descriptive
across_checkpoints,e2r_vits_mixup_baseline_s2,vit_small,mixup,baseline,s11_out,T3,l2,count_mad_stage,2000,MISSING,0.886672619,18.0235,descriptive
across_checkpoints,e2r_vits_mixup_baseline_s2,vit_small,mixup,baseline,s11_out,T3,centred_l2,count_mad_s11,2000,MISSING,0.8877291667,18.0235,descriptive
across_checkpoints,e2r_vits_mixup_baseline_s2,vit_small,mixup,baseline,s11_out,T3,centred_l2,count_mad_stage,2000,MISSING,0.8877291667,18.0235,descriptive
across_checkpoints,e2r_vits_mixup_baseline_s2,vit_small,mixup,baseline,hist,T3,l2,count_mad_s11,2000,MISSING,0.8800952381,18.0235,descriptive
across_checkpoints,e2r_vits_mixup_baseline_s2,vit_small,mixup,baseline,hist,T3,l2,count_mad_stage,2000,MISSING,0.8800952381,16.922,descriptive
across_checkpoints,e2r_vits_mixup_baseline_s2,vit_small,mixup,baseline,hist,T3,centred_l2,count_mad_s11,2000,MISSING,0.8807321429,18.0235,descriptive
across_checkpoints,e2r_vits_mixup_baseline_s2,vit_small,mixup,baseline,hist,T3,centred_l2,count_mad_stage,2000,MISSING,0.8807321429,16.922,descriptive
across_checkpoints,e2r_vits_mixup_baseline_s2,vit_small,mixup,baseline,s12_post_norm,T3,l2,count_mad_s11,2000,MISSING,0.8856369048,18.0235,descriptive
across_checkpoints,e2r_vits_mixup_baseline_s2,vit_small,mixup,baseline,s12_post_norm,T3,l2,count_mad_stage,2000,MISSING,0.8856369048,0,descriptive
across_checkpoints,e2r_vits_mixup_baseline_s2,vit_small,mixup,baseline,s12_post_norm,T3,centred_l2,count_mad_s11,2000,MISSING,0.8869107143,18.0235,descriptive
across_checkpoints,e2r_vits_mixup_baseline_s2,vit_small,mixup,baseline,s12_post_norm,T3,centred_l2,count_mad_stage,2000,MISSING,0.8869107143,0,descriptive
across_checkpoints,e2r_vits_nomix_baseline_s1,vit_small,nomix,baseline,s11_out,T0,l2,count_mad_s11,2000,MISSING,1,2.64,descriptive
across_checkpoints,e2r_vits_nomix_baseline_s1,vit_small,nomix,baseline,s11_out,T0,l2,count_mad_stage,2000,MISSING,1,2.64,descriptive
across_checkpoints,e2r_vits_nomix_baseline_s1,vit_small,nomix,baseline,s11_out,T0,centred_l2,count_mad_s11,2000,MISSING,1,2.64,descriptive
across_checkpoints,e2r_vits_nomix_baseline_s1,vit_small,nomix,baseline,s11_out,T0,centred_l2,count_mad_stage,2000,MISSING,1,2.64,descriptive
across_checkpoints,e2r_vits_nomix_baseline_s1,vit_small,nomix,baseline,hist,T0,l2,count_mad_s11,2000,MISSING,1,2.64,descriptive
across_checkpoints,e2r_vits_nomix_baseline_s1,vit_small,nomix,baseline,hist,T0,l2,count_mad_stage,2000,MISSING,1,3.202,descriptive
across_checkpoints,e2r_vits_nomix_baseline_s1,vit_small,nomix,baseline,hist,T0,centred_l2,count_mad_s11,2000,MISSING,1,2.64,descriptive
across_checkpoints,e2r_vits_nomix_baseline_s1,vit_small,nomix,baseline,hist,T0,centred_l2,count_mad_stage,2000,MISSING,1,3.202,descriptive
across_checkpoints,e2r_vits_nomix_baseline_s1,vit_small,nomix,baseline,s12_post_norm,T0,l2,count_mad_s11,2000,MISSING,1,2.64,descriptive
across_checkpoints,e2r_vits_nomix_baseline_s1,vit_small,nomix,baseline,s12_post_norm,T0,l2,count_mad_stage,2000,MISSING,1,0,descriptive
across_checkpoints,e2r_vits_nomix_baseline_s1,vit_small,nomix,baseline,s12_post_norm,T0,centred_l2,count_mad_s11,2000,MISSING,1,2.64,descriptive
across_checkpoints,e2r_vits_nomix_baseline_s1,vit_small,nomix,baseline,s12_post_norm,T0,centred_l2,count_mad_stage,2000,MISSING,1,0,descriptive
across_checkpoints,e2r_vits_nomix_baseline_s1,vit_small,nomix,baseline,s11_out,T1,l2,count_mad_s11,2000,MISSING,0.9913188776,2.64,descriptive
across_checkpoints,e2r_vits_nomix_baseline_s1,vit_small,nomix,baseline,s11_out,T1,l2,count_mad_stage,2000,MISSING,0.9913188776,2.64,descriptive
across_checkpoints,e2r_vits_nomix_baseline_s1,vit_small,nomix,baseline,s11_out,T1,centred_l2,count_mad_s11,2000,MISSING,0.9913979592,2.64,descriptive
across_checkpoints,e2r_vits_nomix_baseline_s1,vit_small,nomix,baseline,s11_out,T1,centred_l2,count_mad_stage,2000,MISSING,0.9913979592,2.64,descriptive
across_checkpoints,e2r_vits_nomix_baseline_s1,vit_small,nomix,baseline,hist,T1,l2,count_mad_s11,2000,MISSING,0.9897627551,2.64,descriptive
across_checkpoints,e2r_vits_nomix_baseline_s1,vit_small,nomix,baseline,hist,T1,l2,count_mad_stage,2000,MISSING,0.9897627551,3.202,descriptive
across_checkpoints,e2r_vits_nomix_baseline_s1,vit_small,nomix,baseline,hist,T1,centred_l2,count_mad_s11,2000,MISSING,0.9899540816,2.64,descriptive
across_checkpoints,e2r_vits_nomix_baseline_s1,vit_small,nomix,baseline,hist,T1,centred_l2,count_mad_stage,2000,MISSING,0.9899540816,3.202,descriptive
across_checkpoints,e2r_vits_nomix_baseline_s1,vit_small,nomix,baseline,s12_post_norm,T1,l2,count_mad_s11,2000,MISSING,0.9908443878,2.64,descriptive
across_checkpoints,e2r_vits_nomix_baseline_s1,vit_small,nomix,baseline,s12_post_norm,T1,l2,count_mad_stage,2000,MISSING,0.9908443878,0,descriptive
across_checkpoints,e2r_vits_nomix_baseline_s1,vit_small,nomix,baseline,s12_post_norm,T1,centred_l2,count_mad_s11,2000,MISSING,0.9910408163,2.64,descriptive
across_checkpoints,e2r_vits_nomix_baseline_s1,vit_small,nomix,baseline,s12_post_norm,T1,centred_l2,count_mad_stage,2000,MISSING,0.9910408163,0,descriptive
across_checkpoints,e2r_vits_nomix_baseline_s1,vit_small,nomix,baseline,s11_out,T2,l2,count_mad_s11,2000,MISSING,0.9686071429,3.3615,descriptive
across_checkpoints,e2r_vits_nomix_baseline_s1,vit_small,nomix,baseline,s11_out,T2,l2,count_mad_stage,2000,MISSING,0.9686071429,3.3615,descriptive
across_checkpoints,e2r_vits_nomix_baseline_s1,vit_small,nomix,baseline,s11_out,T2,centred_l2,count_mad_s11,2000,MISSING,0.9685494505,3.3615,descriptive
across_checkpoints,e2r_vits_nomix_baseline_s1,vit_small,nomix,baseline,s11_out,T2,centred_l2,count_mad_stage,2000,MISSING,0.9685494505,3.3615,descriptive
across_checkpoints,e2r_vits_nomix_baseline_s1,vit_small,nomix,baseline,hist,T2,l2,count_mad_s11,2000,MISSING,0.9676593407,3.3615,descriptive
across_checkpoints,e2r_vits_nomix_baseline_s1,vit_small,nomix,baseline,hist,T2,l2,count_mad_stage,2000,MISSING,0.9676593407,3.94,descriptive
across_checkpoints,e2r_vits_nomix_baseline_s1,vit_small,nomix,baseline,hist,T2,centred_l2,count_mad_s11,2000,MISSING,0.9676758242,3.3615,descriptive
across_checkpoints,e2r_vits_nomix_baseline_s1,vit_small,nomix,baseline,hist,T2,centred_l2,count_mad_stage,2000,MISSING,0.9676758242,3.94,descriptive
across_checkpoints,e2r_vits_nomix_baseline_s1,vit_small,nomix,baseline,s12_post_norm,T2,l2,count_mad_s11,2000,MISSING,0.9684945055,3.3615,descriptive
across_checkpoints,e2r_vits_nomix_baseline_s1,vit_small,nomix,baseline,s12_post_norm,T2,l2,count_mad_stage,2000,MISSING,0.9684945055,0,descriptive
across_checkpoints,e2r_vits_nomix_baseline_s1,vit_small,nomix,baseline,s12_post_norm,T2,centred_l2,count_mad_s11,2000,MISSING,0.9685769231,3.3615,descriptive
across_checkpoints,e2r_vits_nomix_baseline_s1,vit_small,nomix,baseline,s12_post_norm,T2,centred_l2,count_mad_stage,2000,MISSING,0.9685769231,0,descriptive
across_checkpoints,e2r_vits_nomix_baseline_s1,vit_small,nomix,baseline,s11_out,T3,l2,count_mad_s11,2000,MISSING,0.964389881,3.3165,descriptive
across_checkpoints,e2r_vits_nomix_baseline_s1,vit_small,nomix,baseline,s11_out,T3,l2,count_mad_stage,2000,MISSING,0.964389881,3.3165,descriptive
across_checkpoints,e2r_vits_nomix_baseline_s1,vit_small,nomix,baseline,s11_out,T3,centred_l2,count_mad_s11,2000,MISSING,0.9638809524,3.3165,descriptive
across_checkpoints,e2r_vits_nomix_baseline_s1,vit_small,nomix,baseline,s11_out,T3,centred_l2,count_mad_stage,2000,MISSING,0.9638809524,3.3165,descriptive
across_checkpoints,e2r_vits_nomix_baseline_s1,vit_small,nomix,baseline,hist,T3,l2,count_mad_s11,2000,MISSING,0.962327381,3.3165,descriptive
across_checkpoints,e2r_vits_nomix_baseline_s1,vit_small,nomix,baseline,hist,T3,l2,count_mad_stage,2000,MISSING,0.962327381,4.083,descriptive
across_checkpoints,e2r_vits_nomix_baseline_s1,vit_small,nomix,baseline,hist,T3,centred_l2,count_mad_s11,2000,MISSING,0.9620595238,3.3165,descriptive
across_checkpoints,e2r_vits_nomix_baseline_s1,vit_small,nomix,baseline,hist,T3,centred_l2,count_mad_stage,2000,MISSING,0.9620595238,4.083,descriptive
across_checkpoints,e2r_vits_nomix_baseline_s1,vit_small,nomix,baseline,s12_post_norm,T3,l2,count_mad_s11,2000,MISSING,0.9639672619,3.3165,descriptive
across_checkpoints,e2r_vits_nomix_baseline_s1,vit_small,nomix,baseline,s12_post_norm,T3,l2,count_mad_stage,2000,MISSING,0.9639672619,0,descriptive
across_checkpoints,e2r_vits_nomix_baseline_s1,vit_small,nomix,baseline,s12_post_norm,T3,centred_l2,count_mad_s11,2000,MISSING,0.9637589286,3.3165,descriptive
across_checkpoints,e2r_vits_nomix_baseline_s1,vit_small,nomix,baseline,s12_post_norm,T3,centred_l2,count_mad_stage,2000,MISSING,0.9637589286,0,descriptive
across_checkpoints,e2r_vits_nomix_baseline_s2,vit_small,nomix,baseline,s11_out,T0,l2,count_mad_s11,2000,MISSING,1,2.1615,descriptive
across_checkpoints,e2r_vits_nomix_baseline_s2,vit_small,nomix,baseline,s11_out,T0,l2,count_mad_stage,2000,MISSING,1,2.1615,descriptive
across_checkpoints,e2r_vits_nomix_baseline_s2,vit_small,nomix,baseline,s11_out,T0,centred_l2,count_mad_s11,2000,MISSING,1,2.1615,descriptive
across_checkpoints,e2r_vits_nomix_baseline_s2,vit_small,nomix,baseline,s11_out,T0,centred_l2,count_mad_stage,2000,MISSING,1,2.1615,descriptive
across_checkpoints,e2r_vits_nomix_baseline_s2,vit_small,nomix,baseline,hist,T0,l2,count_mad_s11,2000,MISSING,1,2.1615,descriptive
across_checkpoints,e2r_vits_nomix_baseline_s2,vit_small,nomix,baseline,hist,T0,l2,count_mad_stage,2000,MISSING,1,3.006,descriptive
across_checkpoints,e2r_vits_nomix_baseline_s2,vit_small,nomix,baseline,hist,T0,centred_l2,count_mad_s11,2000,MISSING,1,2.1615,descriptive
across_checkpoints,e2r_vits_nomix_baseline_s2,vit_small,nomix,baseline,hist,T0,centred_l2,count_mad_stage,2000,MISSING,1,3.006,descriptive
across_checkpoints,e2r_vits_nomix_baseline_s2,vit_small,nomix,baseline,s12_post_norm,T0,l2,count_mad_s11,2000,MISSING,1,2.1615,descriptive
across_checkpoints,e2r_vits_nomix_baseline_s2,vit_small,nomix,baseline,s12_post_norm,T0,l2,count_mad_stage,2000,MISSING,1,0,descriptive
across_checkpoints,e2r_vits_nomix_baseline_s2,vit_small,nomix,baseline,s12_post_norm,T0,centred_l2,count_mad_s11,2000,MISSING,1,2.1615,descriptive
across_checkpoints,e2r_vits_nomix_baseline_s2,vit_small,nomix,baseline,s12_post_norm,T0,centred_l2,count_mad_stage,2000,MISSING,1,0,descriptive
across_checkpoints,e2r_vits_nomix_baseline_s2,vit_small,nomix,baseline,s11_out,T1,l2,count_mad_s11,2000,MISSING,0.9954438776,2.1615,descriptive
across_checkpoints,e2r_vits_nomix_baseline_s2,vit_small,nomix,baseline,s11_out,T1,l2,count_mad_stage,2000,MISSING,0.9954438776,2.1615,descriptive
across_checkpoints,e2r_vits_nomix_baseline_s2,vit_small,nomix,baseline,s11_out,T1,centred_l2,count_mad_s11,2000,MISSING,0.9955816327,2.1615,descriptive
across_checkpoints,e2r_vits_nomix_baseline_s2,vit_small,nomix,baseline,s11_out,T1,centred_l2,count_mad_stage,2000,MISSING,0.9955816327,2.1615,descriptive
across_checkpoints,e2r_vits_nomix_baseline_s2,vit_small,nomix,baseline,hist,T1,l2,count_mad_s11,2000,MISSING,0.9948979592,2.1615,descriptive
across_checkpoints,e2r_vits_nomix_baseline_s2,vit_small,nomix,baseline,hist,T1,l2,count_mad_stage,2000,MISSING,0.9948979592,3.006,descriptive
across_checkpoints,e2r_vits_nomix_baseline_s2,vit_small,nomix,baseline,hist,T1,centred_l2,count_mad_s11,2000,MISSING,0.9949795918,2.1615,descriptive
across_checkpoints,e2r_vits_nomix_baseline_s2,vit_small,nomix,baseline,hist,T1,centred_l2,count_mad_stage,2000,MISSING,0.9949795918,3.006,descriptive
across_checkpoints,e2r_vits_nomix_baseline_s2,vit_small,nomix,baseline,s12_post_norm,T1,l2,count_mad_s11,2000,MISSING,0.9953010204,2.1615,descriptive
across_checkpoints,e2r_vits_nomix_baseline_s2,vit_small,nomix,baseline,s12_post_norm,T1,l2,count_mad_stage,2000,MISSING,0.9953010204,0,descriptive
across_checkpoints,e2r_vits_nomix_baseline_s2,vit_small,nomix,baseline,s12_post_norm,T1,centred_l2,count_mad_s11,2000,MISSING,0.9954107143,2.1615,descriptive
across_checkpoints,e2r_vits_nomix_baseline_s2,vit_small,nomix,baseline,s12_post_norm,T1,centred_l2,count_mad_stage,2000,MISSING,0.9954107143,0,descriptive
across_checkpoints,e2r_vits_nomix_baseline_s2,vit_small,nomix,baseline,s11_out,T2,l2,count_mad_s11,2000,MISSING,0.9616895604,2.295,descriptive
across_checkpoints,e2r_vits_nomix_baseline_s2,vit_small,nomix,baseline,s11_out,T2,l2,count_mad_stage,2000,MISSING,0.9616895604,2.295,descriptive
across_checkpoints,e2r_vits_nomix_baseline_s2,vit_small,nomix,baseline,s11_out,T2,centred_l2,count_mad_s11,2000,MISSING,0.961717033,2.295,descriptive
across_checkpoints,e2r_vits_nomix_baseline_s2,vit_small,nomix,baseline,s11_out,T2,centred_l2,count_mad_stage,2000,MISSING,0.961717033,2.295,descriptive
across_checkpoints,e2r_vits_nomix_baseline_s2,vit_small,nomix,baseline,hist,T2,l2,count_mad_s11,2000,MISSING,0.9618846154,2.295,descriptive
across_checkpoints,e2r_vits_nomix_baseline_s2,vit_small,nomix,baseline,hist,T2,l2,count_mad_stage,2000,MISSING,0.9618846154,3.0025,descriptive
across_checkpoints,e2r_vits_nomix_baseline_s2,vit_small,nomix,baseline,hist,T2,centred_l2,count_mad_s11,2000,MISSING,0.9616373626,2.295,descriptive
across_checkpoints,e2r_vits_nomix_baseline_s2,vit_small,nomix,baseline,hist,T2,centred_l2,count_mad_stage,2000,MISSING,0.9616373626,3.0025,descriptive
across_checkpoints,e2r_vits_nomix_baseline_s2,vit_small,nomix,baseline,s12_post_norm,T2,l2,count_mad_s11,2000,MISSING,0.9628956044,2.295,descriptive
across_checkpoints,e2r_vits_nomix_baseline_s2,vit_small,nomix,baseline,s12_post_norm,T2,l2,count_mad_stage,2000,MISSING,0.9628956044,0,descriptive
across_checkpoints,e2r_vits_nomix_baseline_s2,vit_small,nomix,baseline,s12_post_norm,T2,centred_l2,count_mad_s11,2000,MISSING,0.9630631868,2.295,descriptive
across_checkpoints,e2r_vits_nomix_baseline_s2,vit_small,nomix,baseline,s12_post_norm,T2,centred_l2,count_mad_stage,2000,MISSING,0.9630631868,0,descriptive
across_checkpoints,e2r_vits_nomix_baseline_s2,vit_small,nomix,baseline,s11_out,T3,l2,count_mad_s11,2000,MISSING,0.9554107143,2.3155,descriptive
across_checkpoints,e2r_vits_nomix_baseline_s2,vit_small,nomix,baseline,s11_out,T3,l2,count_mad_stage,2000,MISSING,0.9554107143,2.3155,descriptive
across_checkpoints,e2r_vits_nomix_baseline_s2,vit_small,nomix,baseline,s11_out,T3,centred_l2,count_mad_s11,2000,MISSING,0.9552857143,2.3155,descriptive
across_checkpoints,e2r_vits_nomix_baseline_s2,vit_small,nomix,baseline,s11_out,T3,centred_l2,count_mad_stage,2000,MISSING,0.9552857143,2.3155,descriptive
across_checkpoints,e2r_vits_nomix_baseline_s2,vit_small,nomix,baseline,hist,T3,l2,count_mad_s11,2000,MISSING,0.954860119,2.3155,descriptive
across_checkpoints,e2r_vits_nomix_baseline_s2,vit_small,nomix,baseline,hist,T3,l2,count_mad_stage,2000,MISSING,0.954860119,3.0695,descriptive
across_checkpoints,e2r_vits_nomix_baseline_s2,vit_small,nomix,baseline,hist,T3,centred_l2,count_mad_s11,2000,MISSING,0.9543303571,2.3155,descriptive
across_checkpoints,e2r_vits_nomix_baseline_s2,vit_small,nomix,baseline,hist,T3,centred_l2,count_mad_stage,2000,MISSING,0.9543303571,3.0695,descriptive
across_checkpoints,e2r_vits_nomix_baseline_s2,vit_small,nomix,baseline,s12_post_norm,T3,l2,count_mad_s11,2000,MISSING,0.9565327381,2.3155,descriptive
across_checkpoints,e2r_vits_nomix_baseline_s2,vit_small,nomix,baseline,s12_post_norm,T3,l2,count_mad_stage,2000,MISSING,0.9565327381,0,descriptive
across_checkpoints,e2r_vits_nomix_baseline_s2,vit_small,nomix,baseline,s12_post_norm,T3,centred_l2,count_mad_s11,2000,MISSING,0.9565833333,2.3155,descriptive
across_checkpoints,e2r_vits_nomix_baseline_s2,vit_small,nomix,baseline,s12_post_norm,T3,centred_l2,count_mad_stage,2000,MISSING,0.9565833333,0,descriptive
across_checkpoints,legacy_e2_vit_base_nomixdir_registers,vit_base,mixup,registers,s11_out,T0,l2,count_mad_s11,2000,MISSING,1,9.239,descriptive
across_checkpoints,legacy_e2_vit_base_nomixdir_registers,vit_base,mixup,registers,s11_out,T0,l2,count_mad_stage,2000,MISSING,1,9.239,descriptive
across_checkpoints,legacy_e2_vit_base_nomixdir_registers,vit_base,mixup,registers,s11_out,T0,centred_l2,count_mad_s11,2000,MISSING,1,9.239,descriptive
across_checkpoints,legacy_e2_vit_base_nomixdir_registers,vit_base,mixup,registers,s11_out,T0,centred_l2,count_mad_stage,2000,MISSING,1,9.239,descriptive
across_checkpoints,legacy_e2_vit_base_nomixdir_registers,vit_base,mixup,registers,hist,T0,l2,count_mad_s11,2000,MISSING,1,9.239,descriptive
across_checkpoints,legacy_e2_vit_base_nomixdir_registers,vit_base,mixup,registers,hist,T0,l2,count_mad_stage,2000,MISSING,1,1.424,descriptive
across_checkpoints,legacy_e2_vit_base_nomixdir_registers,vit_base,mixup,registers,hist,T0,centred_l2,count_mad_s11,2000,MISSING,1,9.239,descriptive
across_checkpoints,legacy_e2_vit_base_nomixdir_registers,vit_base,mixup,registers,hist,T0,centred_l2,count_mad_stage,2000,MISSING,1,1.424,descriptive
across_checkpoints,legacy_e2_vit_base_nomixdir_registers,vit_base,mixup,registers,s12_post_norm,T0,l2,count_mad_s11,2000,MISSING,1,9.239,descriptive
across_checkpoints,legacy_e2_vit_base_nomixdir_registers,vit_base,mixup,registers,s12_post_norm,T0,l2,count_mad_stage,2000,MISSING,1,1.754,descriptive
across_checkpoints,legacy_e2_vit_base_nomixdir_registers,vit_base,mixup,registers,s12_post_norm,T0,centred_l2,count_mad_s11,2000,MISSING,1,9.239,descriptive
across_checkpoints,legacy_e2_vit_base_nomixdir_registers,vit_base,mixup,registers,s12_post_norm,T0,centred_l2,count_mad_stage,2000,MISSING,1,1.754,descriptive
across_checkpoints,legacy_e2_vit_base_nomixdir_registers,vit_base,mixup,registers,s11_out,T1,l2,count_mad_s11,2000,MISSING,0.8573214286,9.239,descriptive
across_checkpoints,legacy_e2_vit_base_nomixdir_registers,vit_base,mixup,registers,s11_out,T1,l2,count_mad_stage,2000,MISSING,0.8573214286,9.239,descriptive
across_checkpoints,legacy_e2_vit_base_nomixdir_registers,vit_base,mixup,registers,s11_out,T1,centred_l2,count_mad_s11,2000,MISSING,0.8587831633,9.239,descriptive
across_checkpoints,legacy_e2_vit_base_nomixdir_registers,vit_base,mixup,registers,s11_out,T1,centred_l2,count_mad_stage,2000,MISSING,0.8587831633,9.239,descriptive
across_checkpoints,legacy_e2_vit_base_nomixdir_registers,vit_base,mixup,registers,hist,T1,l2,count_mad_s11,2000,MISSING,0.8550306122,9.239,descriptive
across_checkpoints,legacy_e2_vit_base_nomixdir_registers,vit_base,mixup,registers,hist,T1,l2,count_mad_stage,2000,MISSING,0.8550306122,1.424,descriptive
across_checkpoints,legacy_e2_vit_base_nomixdir_registers,vit_base,mixup,registers,hist,T1,centred_l2,count_mad_s11,2000,MISSING,0.8538061224,9.239,descriptive
across_checkpoints,legacy_e2_vit_base_nomixdir_registers,vit_base,mixup,registers,hist,T1,centred_l2,count_mad_stage,2000,MISSING,0.8538061224,1.424,descriptive
across_checkpoints,legacy_e2_vit_base_nomixdir_registers,vit_base,mixup,registers,s12_post_norm,T1,l2,count_mad_s11,2000,MISSING,0.8618035714,9.239,descriptive
across_checkpoints,legacy_e2_vit_base_nomixdir_registers,vit_base,mixup,registers,s12_post_norm,T1,l2,count_mad_stage,2000,MISSING,0.8618035714,1.754,descriptive
across_checkpoints,legacy_e2_vit_base_nomixdir_registers,vit_base,mixup,registers,s12_post_norm,T1,centred_l2,count_mad_s11,2000,MISSING,0.8657908163,9.239,descriptive
across_checkpoints,legacy_e2_vit_base_nomixdir_registers,vit_base,mixup,registers,s12_post_norm,T1,centred_l2,count_mad_stage,2000,MISSING,0.8657908163,1.754,descriptive
across_checkpoints,legacy_e2_vit_base_nomixdir_registers,vit_base,mixup,registers,s11_out,T2,l2,count_mad_s11,2000,MISSING,0.8725631868,8.8595,descriptive
across_checkpoints,legacy_e2_vit_base_nomixdir_registers,vit_base,mixup,registers,s11_out,T2,l2,count_mad_stage,2000,MISSING,0.8725631868,8.8595,descriptive
across_checkpoints,legacy_e2_vit_base_nomixdir_registers,vit_base,mixup,registers,s11_out,T2,centred_l2,count_mad_s11,2000,MISSING,0.8741181319,8.8595,descriptive
across_checkpoints,legacy_e2_vit_base_nomixdir_registers,vit_base,mixup,registers,s11_out,T2,centred_l2,count_mad_stage,2000,MISSING,0.8741181319,8.8595,descriptive
across_checkpoints,legacy_e2_vit_base_nomixdir_registers,vit_base,mixup,registers,hist,T2,l2,count_mad_s11,2000,MISSING,0.8713131868,8.8595,descriptive
across_checkpoints,legacy_e2_vit_base_nomixdir_registers,vit_base,mixup,registers,hist,T2,l2,count_mad_stage,2000,MISSING,0.8713131868,1.3685,descriptive
across_checkpoints,legacy_e2_vit_base_nomixdir_registers,vit_base,mixup,registers,hist,T2,centred_l2,count_mad_s11,2000,MISSING,0.8714120879,8.8595,descriptive
across_checkpoints,legacy_e2_vit_base_nomixdir_registers,vit_base,mixup,registers,hist,T2,centred_l2,count_mad_stage,2000,MISSING,0.8714120879,1.3685,descriptive
across_checkpoints,legacy_e2_vit_base_nomixdir_registers,vit_base,mixup,registers,s12_post_norm,T2,l2,count_mad_s11,2000,MISSING,0.8760989011,8.8595,descriptive
across_checkpoints,legacy_e2_vit_base_nomixdir_registers,vit_base,mixup,registers,s12_post_norm,T2,l2,count_mad_stage,2000,MISSING,0.8760989011,1.497,descriptive
across_checkpoints,legacy_e2_vit_base_nomixdir_registers,vit_base,mixup,registers,s12_post_norm,T2,centred_l2,count_mad_s11,2000,MISSING,0.8792252747,8.8595,descriptive
across_checkpoints,legacy_e2_vit_base_nomixdir_registers,vit_base,mixup,registers,s12_post_norm,T2,centred_l2,count_mad_stage,2000,MISSING,0.8792252747,1.497,descriptive
across_checkpoints,legacy_e2_vit_base_nomixdir_registers,vit_base,mixup,registers,s11_out,T3,l2,count_mad_s11,2000,MISSING,0.8538333333,9.2595,descriptive
across_checkpoints,legacy_e2_vit_base_nomixdir_registers,vit_base,mixup,registers,s11_out,T3,l2,count_mad_stage,2000,MISSING,0.8538333333,9.2595,descriptive
across_checkpoints,legacy_e2_vit_base_nomixdir_registers,vit_base,mixup,registers,s11_out,T3,centred_l2,count_mad_s11,2000,MISSING,0.855625,9.2595,descriptive
across_checkpoints,legacy_e2_vit_base_nomixdir_registers,vit_base,mixup,registers,s11_out,T3,centred_l2,count_mad_stage,2000,MISSING,0.855625,9.2595,descriptive
across_checkpoints,legacy_e2_vit_base_nomixdir_registers,vit_base,mixup,registers,hist,T3,l2,count_mad_s11,2000,MISSING,0.8507916667,9.2595,descriptive
across_checkpoints,legacy_e2_vit_base_nomixdir_registers,vit_base,mixup,registers,hist,T3,l2,count_mad_stage,2000,MISSING,0.8507916667,1.4615,descriptive
across_checkpoints,legacy_e2_vit_base_nomixdir_registers,vit_base,mixup,registers,hist,T3,centred_l2,count_mad_s11,2000,MISSING,0.8511696429,9.2595,descriptive
across_checkpoints,legacy_e2_vit_base_nomixdir_registers,vit_base,mixup,registers,hist,T3,centred_l2,count_mad_stage,2000,MISSING,0.8511696429,1.4615,descriptive
across_checkpoints,legacy_e2_vit_base_nomixdir_registers,vit_base,mixup,registers,s12_post_norm,T3,l2,count_mad_s11,2000,MISSING,0.8575416667,9.2595,descriptive
across_checkpoints,legacy_e2_vit_base_nomixdir_registers,vit_base,mixup,registers,s12_post_norm,T3,l2,count_mad_stage,2000,MISSING,0.8575416667,1.5285,descriptive
across_checkpoints,legacy_e2_vit_base_nomixdir_registers,vit_base,mixup,registers,s12_post_norm,T3,centred_l2,count_mad_s11,2000,MISSING,0.8621279762,9.2595,descriptive
across_checkpoints,legacy_e2_vit_base_nomixdir_registers,vit_base,mixup,registers,s12_post_norm,T3,centred_l2,count_mad_stage,2000,MISSING,0.8621279762,1.5285,descriptive
across_checkpoints,legacy_e2_vit_base_nomixdir_saga,vit_base,mixup,saga,s11_out,T0,l2,count_mad_s11,2000,MISSING,1,12.053,descriptive
across_checkpoints,legacy_e2_vit_base_nomixdir_saga,vit_base,mixup,saga,s11_out,T0,l2,count_mad_stage,2000,MISSING,1,12.053,descriptive
across_checkpoints,legacy_e2_vit_base_nomixdir_saga,vit_base,mixup,saga,s11_out,T0,centred_l2,count_mad_s11,2000,MISSING,1,12.053,descriptive
across_checkpoints,legacy_e2_vit_base_nomixdir_saga,vit_base,mixup,saga,s11_out,T0,centred_l2,count_mad_stage,2000,MISSING,1,12.053,descriptive
across_checkpoints,legacy_e2_vit_base_nomixdir_saga,vit_base,mixup,saga,hist,T0,l2,count_mad_s11,2000,MISSING,1,12.053,descriptive
across_checkpoints,legacy_e2_vit_base_nomixdir_saga,vit_base,mixup,saga,hist,T0,l2,count_mad_stage,2000,MISSING,1,15.163,descriptive
across_checkpoints,legacy_e2_vit_base_nomixdir_saga,vit_base,mixup,saga,hist,T0,centred_l2,count_mad_s11,2000,MISSING,1,12.053,descriptive
across_checkpoints,legacy_e2_vit_base_nomixdir_saga,vit_base,mixup,saga,hist,T0,centred_l2,count_mad_stage,2000,MISSING,1,15.163,descriptive
across_checkpoints,legacy_e2_vit_base_nomixdir_saga,vit_base,mixup,saga,s12_post_norm,T0,l2,count_mad_s11,2000,MISSING,1,12.053,descriptive
across_checkpoints,legacy_e2_vit_base_nomixdir_saga,vit_base,mixup,saga,s12_post_norm,T0,l2,count_mad_stage,2000,MISSING,1,0,descriptive
across_checkpoints,legacy_e2_vit_base_nomixdir_saga,vit_base,mixup,saga,s12_post_norm,T0,centred_l2,count_mad_s11,2000,MISSING,1,12.053,descriptive
across_checkpoints,legacy_e2_vit_base_nomixdir_saga,vit_base,mixup,saga,s12_post_norm,T0,centred_l2,count_mad_stage,2000,MISSING,1,0,descriptive
across_checkpoints,legacy_e2_vit_base_nomixdir_saga,vit_base,mixup,saga,s11_out,T1,l2,count_mad_s11,2000,MISSING,0.8468443878,12.053,descriptive
across_checkpoints,legacy_e2_vit_base_nomixdir_saga,vit_base,mixup,saga,s11_out,T1,l2,count_mad_stage,2000,MISSING,0.8468443878,12.053,descriptive
across_checkpoints,legacy_e2_vit_base_nomixdir_saga,vit_base,mixup,saga,s11_out,T1,centred_l2,count_mad_s11,2000,MISSING,0.8447244898,12.053,descriptive
across_checkpoints,legacy_e2_vit_base_nomixdir_saga,vit_base,mixup,saga,s11_out,T1,centred_l2,count_mad_stage,2000,MISSING,0.8447244898,12.053,descriptive
across_checkpoints,legacy_e2_vit_base_nomixdir_saga,vit_base,mixup,saga,hist,T1,l2,count_mad_s11,2000,MISSING,0.8369285714,12.053,descriptive
across_checkpoints,legacy_e2_vit_base_nomixdir_saga,vit_base,mixup,saga,hist,T1,l2,count_mad_stage,2000,MISSING,0.8369285714,15.163,descriptive
across_checkpoints,legacy_e2_vit_base_nomixdir_saga,vit_base,mixup,saga,hist,T1,centred_l2,count_mad_s11,2000,MISSING,0.8341479592,12.053,descriptive
across_checkpoints,legacy_e2_vit_base_nomixdir_saga,vit_base,mixup,saga,hist,T1,centred_l2,count_mad_stage,2000,MISSING,0.8341479592,15.163,descriptive
across_checkpoints,legacy_e2_vit_base_nomixdir_saga,vit_base,mixup,saga,s12_post_norm,T1,l2,count_mad_s11,2000,MISSING,0.8511556122,12.053,descriptive
across_checkpoints,legacy_e2_vit_base_nomixdir_saga,vit_base,mixup,saga,s12_post_norm,T1,l2,count_mad_stage,2000,MISSING,0.8511556122,0,descriptive
across_checkpoints,legacy_e2_vit_base_nomixdir_saga,vit_base,mixup,saga,s12_post_norm,T1,centred_l2,count_mad_s11,2000,MISSING,0.8499132653,12.053,descriptive
across_checkpoints,legacy_e2_vit_base_nomixdir_saga,vit_base,mixup,saga,s12_post_norm,T1,centred_l2,count_mad_stage,2000,MISSING,0.8499132653,0,descriptive
across_checkpoints,legacy_e2_vit_base_nomixdir_saga,vit_base,mixup,saga,s11_out,T2,l2,count_mad_s11,2000,MISSING,0.8831620879,11.806,descriptive
across_checkpoints,legacy_e2_vit_base_nomixdir_saga,vit_base,mixup,saga,s11_out,T2,l2,count_mad_stage,2000,MISSING,0.8831620879,11.806,descriptive
across_checkpoints,legacy_e2_vit_base_nomixdir_saga,vit_base,mixup,saga,s11_out,T2,centred_l2,count_mad_s11,2000,MISSING,0.8809038462,11.806,descriptive
across_checkpoints,legacy_e2_vit_base_nomixdir_saga,vit_base,mixup,saga,s11_out,T2,centred_l2,count_mad_stage,2000,MISSING,0.8809038462,11.806,descriptive
across_checkpoints,legacy_e2_vit_base_nomixdir_saga,vit_base,mixup,saga,hist,T2,l2,count_mad_s11,2000,MISSING,0.8750631868,11.806,descriptive
across_checkpoints,legacy_e2_vit_base_nomixdir_saga,vit_base,mixup,saga,hist,T2,l2,count_mad_stage,2000,MISSING,0.8750631868,15.021,descriptive
across_checkpoints,legacy_e2_vit_base_nomixdir_saga,vit_base,mixup,saga,hist,T2,centred_l2,count_mad_s11,2000,MISSING,0.8724945055,11.806,descriptive
across_checkpoints,legacy_e2_vit_base_nomixdir_saga,vit_base,mixup,saga,hist,T2,centred_l2,count_mad_stage,2000,MISSING,0.8724945055,15.021,descriptive
across_checkpoints,legacy_e2_vit_base_nomixdir_saga,vit_base,mixup,saga,s12_post_norm,T2,l2,count_mad_s11,2000,MISSING,0.8869642857,11.806,descriptive
across_checkpoints,legacy_e2_vit_base_nomixdir_saga,vit_base,mixup,saga,s12_post_norm,T2,l2,count_mad_stage,2000,MISSING,0.8869642857,0,descriptive
across_checkpoints,legacy_e2_vit_base_nomixdir_saga,vit_base,mixup,saga,s12_post_norm,T2,centred_l2,count_mad_s11,2000,MISSING,0.8855824176,11.806,descriptive
across_checkpoints,legacy_e2_vit_base_nomixdir_saga,vit_base,mixup,saga,s12_post_norm,T2,centred_l2,count_mad_stage,2000,MISSING,0.8855824176,0,descriptive
across_checkpoints,legacy_e2_vit_base_nomixdir_saga,vit_base,mixup,saga,s11_out,T3,l2,count_mad_s11,2000,MISSING,0.8660863095,11.9345,descriptive
across_checkpoints,legacy_e2_vit_base_nomixdir_saga,vit_base,mixup,saga,s11_out,T3,l2,count_mad_stage,2000,MISSING,0.8660863095,11.9345,descriptive
across_checkpoints,legacy_e2_vit_base_nomixdir_saga,vit_base,mixup,saga,s11_out,T3,centred_l2,count_mad_s11,2000,MISSING,0.8641845238,11.9345,descriptive
across_checkpoints,legacy_e2_vit_base_nomixdir_saga,vit_base,mixup,saga,s11_out,T3,centred_l2,count_mad_stage,2000,MISSING,0.8641845238,11.9345,descriptive
across_checkpoints,legacy_e2_vit_base_nomixdir_saga,vit_base,mixup,saga,hist,T3,l2,count_mad_s11,2000,MISSING,0.8566696429,11.9345,descriptive
across_checkpoints,legacy_e2_vit_base_nomixdir_saga,vit_base,mixup,saga,hist,T3,l2,count_mad_stage,2000,MISSING,0.8566696429,15.134,descriptive
across_checkpoints,legacy_e2_vit_base_nomixdir_saga,vit_base,mixup,saga,hist,T3,centred_l2,count_mad_s11,2000,MISSING,0.853889881,11.9345,descriptive
across_checkpoints,legacy_e2_vit_base_nomixdir_saga,vit_base,mixup,saga,hist,T3,centred_l2,count_mad_stage,2000,MISSING,0.853889881,15.134,descriptive
across_checkpoints,legacy_e2_vit_base_nomixdir_saga,vit_base,mixup,saga,s12_post_norm,T3,l2,count_mad_s11,2000,MISSING,0.8705029762,11.9345,descriptive
across_checkpoints,legacy_e2_vit_base_nomixdir_saga,vit_base,mixup,saga,s12_post_norm,T3,l2,count_mad_stage,2000,MISSING,0.8705029762,0,descriptive
across_checkpoints,legacy_e2_vit_base_nomixdir_saga,vit_base,mixup,saga,s12_post_norm,T3,centred_l2,count_mad_s11,2000,MISSING,0.8689196429,11.9345,descriptive
across_checkpoints,legacy_e2_vit_base_nomixdir_saga,vit_base,mixup,saga,s12_post_norm,T3,centred_l2,count_mad_stage,2000,MISSING,0.8689196429,0,descriptive
across_checkpoints,e2r_vitb_mixup_saga_s1,vit_base,mixup,saga,s11_out,T0,l2,count_mad_s11,2000,MISSING,1,19.8575,descriptive
across_checkpoints,e2r_vitb_mixup_saga_s1,vit_base,mixup,saga,s11_out,T0,l2,count_mad_stage,2000,MISSING,1,19.8575,descriptive
across_checkpoints,e2r_vitb_mixup_saga_s1,vit_base,mixup,saga,s11_out,T0,centred_l2,count_mad_s11,2000,MISSING,1,19.8575,descriptive
across_checkpoints,e2r_vitb_mixup_saga_s1,vit_base,mixup,saga,s11_out,T0,centred_l2,count_mad_stage,2000,MISSING,1,19.8575,descriptive
across_checkpoints,e2r_vitb_mixup_saga_s1,vit_base,mixup,saga,hist,T0,l2,count_mad_s11,2000,MISSING,1,19.8575,descriptive
across_checkpoints,e2r_vitb_mixup_saga_s1,vit_base,mixup,saga,hist,T0,l2,count_mad_stage,2000,MISSING,1,18.5745,descriptive
across_checkpoints,e2r_vitb_mixup_saga_s1,vit_base,mixup,saga,hist,T0,centred_l2,count_mad_s11,2000,MISSING,1,19.8575,descriptive
across_checkpoints,e2r_vitb_mixup_saga_s1,vit_base,mixup,saga,hist,T0,centred_l2,count_mad_stage,2000,MISSING,1,18.5745,descriptive
across_checkpoints,e2r_vitb_mixup_saga_s1,vit_base,mixup,saga,s12_post_norm,T0,l2,count_mad_s11,2000,MISSING,1,19.8575,descriptive
across_checkpoints,e2r_vitb_mixup_saga_s1,vit_base,mixup,saga,s12_post_norm,T0,l2,count_mad_stage,2000,MISSING,1,0,descriptive
across_checkpoints,e2r_vitb_mixup_saga_s1,vit_base,mixup,saga,s12_post_norm,T0,centred_l2,count_mad_s11,2000,MISSING,1,19.8575,descriptive
across_checkpoints,e2r_vitb_mixup_saga_s1,vit_base,mixup,saga,s12_post_norm,T0,centred_l2,count_mad_stage,2000,MISSING,1,0,descriptive
across_checkpoints,e2r_vitb_mixup_saga_s1,vit_base,mixup,saga,s11_out,T1,l2,count_mad_s11,2000,MISSING,0.8495867347,19.8575,descriptive
across_checkpoints,e2r_vitb_mixup_saga_s1,vit_base,mixup,saga,s11_out,T1,l2,count_mad_stage,2000,MISSING,0.8495867347,19.8575,descriptive
across_checkpoints,e2r_vitb_mixup_saga_s1,vit_base,mixup,saga,s11_out,T1,centred_l2,count_mad_s11,2000,MISSING,0.8487397959,19.8575,descriptive
across_checkpoints,e2r_vitb_mixup_saga_s1,vit_base,mixup,saga,s11_out,T1,centred_l2,count_mad_stage,2000,MISSING,0.8487397959,19.8575,descriptive
across_checkpoints,e2r_vitb_mixup_saga_s1,vit_base,mixup,saga,hist,T1,l2,count_mad_s11,2000,MISSING,0.8395714286,19.8575,descriptive
across_checkpoints,e2r_vitb_mixup_saga_s1,vit_base,mixup,saga,hist,T1,l2,count_mad_stage,2000,MISSING,0.8395714286,18.5745,descriptive
across_checkpoints,e2r_vitb_mixup_saga_s1,vit_base,mixup,saga,hist,T1,centred_l2,count_mad_s11,2000,MISSING,0.8374387755,19.8575,descriptive
across_checkpoints,e2r_vitb_mixup_saga_s1,vit_base,mixup,saga,hist,T1,centred_l2,count_mad_stage,2000,MISSING,0.8374387755,18.5745,descriptive
across_checkpoints,e2r_vitb_mixup_saga_s1,vit_base,mixup,saga,s12_post_norm,T1,l2,count_mad_s11,2000,MISSING,0.8541913265,19.8575,descriptive
across_checkpoints,e2r_vitb_mixup_saga_s1,vit_base,mixup,saga,s12_post_norm,T1,l2,count_mad_stage,2000,MISSING,0.8541913265,0,descriptive
across_checkpoints,e2r_vitb_mixup_saga_s1,vit_base,mixup,saga,s12_post_norm,T1,centred_l2,count_mad_s11,2000,MISSING,0.8527346939,19.8575,descriptive
across_checkpoints,e2r_vitb_mixup_saga_s1,vit_base,mixup,saga,s12_post_norm,T1,centred_l2,count_mad_stage,2000,MISSING,0.8527346939,0,descriptive
across_checkpoints,e2r_vitb_mixup_saga_s1,vit_base,mixup,saga,s11_out,T2,l2,count_mad_s11,2000,MISSING,0.8794752747,20.2475,descriptive
across_checkpoints,e2r_vitb_mixup_saga_s1,vit_base,mixup,saga,s11_out,T2,l2,count_mad_stage,2000,MISSING,0.8794752747,20.2475,descriptive
across_checkpoints,e2r_vitb_mixup_saga_s1,vit_base,mixup,saga,s11_out,T2,centred_l2,count_mad_s11,2000,MISSING,0.8788983516,20.2475,descriptive
across_checkpoints,e2r_vitb_mixup_saga_s1,vit_base,mixup,saga,s11_out,T2,centred_l2,count_mad_stage,2000,MISSING,0.8788983516,20.2475,descriptive
across_checkpoints,e2r_vitb_mixup_saga_s1,vit_base,mixup,saga,hist,T2,l2,count_mad_s11,2000,MISSING,0.8733296703,20.2475,descriptive
across_checkpoints,e2r_vitb_mixup_saga_s1,vit_base,mixup,saga,hist,T2,l2,count_mad_stage,2000,MISSING,0.8733296703,18.9975,descriptive
across_checkpoints,e2r_vitb_mixup_saga_s1,vit_base,mixup,saga,hist,T2,centred_l2,count_mad_s11,2000,MISSING,0.8716346154,20.2475,descriptive
across_checkpoints,e2r_vitb_mixup_saga_s1,vit_base,mixup,saga,hist,T2,centred_l2,count_mad_stage,2000,MISSING,0.8716346154,18.9975,descriptive
across_checkpoints,e2r_vitb_mixup_saga_s1,vit_base,mixup,saga,s12_post_norm,T2,l2,count_mad_s11,2000,MISSING,0.8843791209,20.2475,descriptive
across_checkpoints,e2r_vitb_mixup_saga_s1,vit_base,mixup,saga,s12_post_norm,T2,l2,count_mad_stage,2000,MISSING,0.8843791209,0,descriptive
across_checkpoints,e2r_vitb_mixup_saga_s1,vit_base,mixup,saga,s12_post_norm,T2,centred_l2,count_mad_s11,2000,MISSING,0.8828736264,20.2475,descriptive
across_checkpoints,e2r_vitb_mixup_saga_s1,vit_base,mixup,saga,s12_post_norm,T2,centred_l2,count_mad_stage,2000,MISSING,0.8828736264,0,descriptive
across_checkpoints,e2r_vitb_mixup_saga_s1,vit_base,mixup,saga,s11_out,T3,l2,count_mad_s11,2000,MISSING,0.8663482143,20.374,descriptive
across_checkpoints,e2r_vitb_mixup_saga_s1,vit_base,mixup,saga,s11_out,T3,l2,count_mad_stage,2000,MISSING,0.8663482143,20.374,descriptive
across_checkpoints,e2r_vitb_mixup_saga_s1,vit_base,mixup,saga,s11_out,T3,centred_l2,count_mad_s11,2000,MISSING,0.8654583333,20.374,descriptive
across_checkpoints,e2r_vitb_mixup_saga_s1,vit_base,mixup,saga,s11_out,T3,centred_l2,count_mad_stage,2000,MISSING,0.8654583333,20.374,descriptive
across_checkpoints,e2r_vitb_mixup_saga_s1,vit_base,mixup,saga,hist,T3,l2,count_mad_s11,2000,MISSING,0.8579285714,20.374,descriptive
across_checkpoints,e2r_vitb_mixup_saga_s1,vit_base,mixup,saga,hist,T3,l2,count_mad_stage,2000,MISSING,0.8579285714,19.095,descriptive
across_checkpoints,e2r_vitb_mixup_saga_s1,vit_base,mixup,saga,hist,T3,centred_l2,count_mad_s11,2000,MISSING,0.8561369048,20.374,descriptive
across_checkpoints,e2r_vitb_mixup_saga_s1,vit_base,mixup,saga,hist,T3,centred_l2,count_mad_stage,2000,MISSING,0.8561369048,19.095,descriptive
across_checkpoints,e2r_vitb_mixup_saga_s1,vit_base,mixup,saga,s12_post_norm,T3,l2,count_mad_s11,2000,MISSING,0.871202381,20.374,descriptive
across_checkpoints,e2r_vitb_mixup_saga_s1,vit_base,mixup,saga,s12_post_norm,T3,l2,count_mad_stage,2000,MISSING,0.871202381,0,descriptive
across_checkpoints,e2r_vitb_mixup_saga_s1,vit_base,mixup,saga,s12_post_norm,T3,centred_l2,count_mad_s11,2000,MISSING,0.8698511905,20.374,descriptive
across_checkpoints,e2r_vitb_mixup_saga_s1,vit_base,mixup,saga,s12_post_norm,T3,centred_l2,count_mad_stage,2000,MISSING,0.8698511905,0,descriptive
across_checkpoints,legacy_e2_vit_small_mixupdir_registers,vit_small,mixup,registers,s11_out,T0,l2,count_mad_s11,2000,MISSING,1,6.7775,descriptive
across_checkpoints,legacy_e2_vit_small_mixupdir_registers,vit_small,mixup,registers,s11_out,T0,l2,count_mad_stage,2000,MISSING,1,6.7775,descriptive
across_checkpoints,legacy_e2_vit_small_mixupdir_registers,vit_small,mixup,registers,s11_out,T0,centred_l2,count_mad_s11,2000,MISSING,1,6.7775,descriptive
across_checkpoints,legacy_e2_vit_small_mixupdir_registers,vit_small,mixup,registers,s11_out,T0,centred_l2,count_mad_stage,2000,MISSING,1,6.7775,descriptive
across_checkpoints,legacy_e2_vit_small_mixupdir_registers,vit_small,mixup,registers,hist,T0,l2,count_mad_s11,2000,MISSING,1,6.7775,descriptive
across_checkpoints,legacy_e2_vit_small_mixupdir_registers,vit_small,mixup,registers,hist,T0,l2,count_mad_stage,2000,MISSING,1,4.096,descriptive
across_checkpoints,legacy_e2_vit_small_mixupdir_registers,vit_small,mixup,registers,hist,T0,centred_l2,count_mad_s11,2000,MISSING,1,6.7775,descriptive
across_checkpoints,legacy_e2_vit_small_mixupdir_registers,vit_small,mixup,registers,hist,T0,centred_l2,count_mad_stage,2000,MISSING,1,4.096,descriptive
across_checkpoints,legacy_e2_vit_small_mixupdir_registers,vit_small,mixup,registers,s12_post_norm,T0,l2,count_mad_s11,2000,MISSING,1,6.7775,descriptive
across_checkpoints,legacy_e2_vit_small_mixupdir_registers,vit_small,mixup,registers,s12_post_norm,T0,l2,count_mad_stage,2000,MISSING,1,0.215,descriptive
across_checkpoints,legacy_e2_vit_small_mixupdir_registers,vit_small,mixup,registers,s12_post_norm,T0,centred_l2,count_mad_s11,2000,MISSING,1,6.7775,descriptive
across_checkpoints,legacy_e2_vit_small_mixupdir_registers,vit_small,mixup,registers,s12_post_norm,T0,centred_l2,count_mad_stage,2000,MISSING,1,0.215,descriptive
across_checkpoints,legacy_e2_vit_small_mixupdir_registers,vit_small,mixup,registers,s11_out,T1,l2,count_mad_s11,2000,MISSING,0.9620816327,6.7775,descriptive
across_checkpoints,legacy_e2_vit_small_mixupdir_registers,vit_small,mixup,registers,s11_out,T1,l2,count_mad_stage,2000,MISSING,0.9620816327,6.7775,descriptive
across_checkpoints,legacy_e2_vit_small_mixupdir_registers,vit_small,mixup,registers,s11_out,T1,centred_l2,count_mad_s11,2000,MISSING,0.9630714286,6.7775,descriptive
across_checkpoints,legacy_e2_vit_small_mixupdir_registers,vit_small,mixup,registers,s11_out,T1,centred_l2,count_mad_stage,2000,MISSING,0.9630714286,6.7775,descriptive
across_checkpoints,legacy_e2_vit_small_mixupdir_registers,vit_small,mixup,registers,hist,T1,l2,count_mad_s11,2000,MISSING,0.9595102041,6.7775,descriptive
across_checkpoints,legacy_e2_vit_small_mixupdir_registers,vit_small,mixup,registers,hist,T1,l2,count_mad_stage,2000,MISSING,0.9595102041,4.096,descriptive
across_checkpoints,legacy_e2_vit_small_mixupdir_registers,vit_small,mixup,registers,hist,T1,centred_l2,count_mad_s11,2000,MISSING,0.9590969388,6.7775,descriptive
across_checkpoints,legacy_e2_vit_small_mixupdir_registers,vit_small,mixup,registers,hist,T1,centred_l2,count_mad_stage,2000,MISSING,0.9590969388,4.096,descriptive
across_checkpoints,legacy_e2_vit_small_mixupdir_registers,vit_small,mixup,registers,s12_post_norm,T1,l2,count_mad_s11,2000,MISSING,0.9624005102,6.7775,descriptive
across_checkpoints,legacy_e2_vit_small_mixupdir_registers,vit_small,mixup,registers,s12_post_norm,T1,l2,count_mad_stage,2000,MISSING,0.9624005102,0.215,descriptive
across_checkpoints,legacy_e2_vit_small_mixupdir_registers,vit_small,mixup,registers,s12_post_norm,T1,centred_l2,count_mad_s11,2000,MISSING,0.9633188776,6.7775,descriptive
across_checkpoints,legacy_e2_vit_small_mixupdir_registers,vit_small,mixup,registers,s12_post_norm,T1,centred_l2,count_mad_stage,2000,MISSING,0.9633188776,0.215,descriptive
across_checkpoints,legacy_e2_vit_small_mixupdir_registers,vit_small,mixup,registers,s11_out,T2,l2,count_mad_s11,2000,MISSING,0.9568791209,6.9645,descriptive
across_checkpoints,legacy_e2_vit_small_mixupdir_registers,vit_small,mixup,registers,s11_out,T2,l2,count_mad_stage,2000,MISSING,0.9568791209,6.9645,descriptive
across_checkpoints,legacy_e2_vit_small_mixupdir_registers,vit_small,mixup,registers,s11_out,T2,centred_l2,count_mad_s11,2000,MISSING,0.9578296703,6.9645,descriptive
across_checkpoints,legacy_e2_vit_small_mixupdir_registers,vit_small,mixup,registers,s11_out,T2,centred_l2,count_mad_stage,2000,MISSING,0.9578296703,6.9645,descriptive
across_checkpoints,legacy_e2_vit_small_mixupdir_registers,vit_small,mixup,registers,hist,T2,l2,count_mad_s11,2000,MISSING,0.9554230769,6.9645,descriptive
across_checkpoints,legacy_e2_vit_small_mixupdir_registers,vit_small,mixup,registers,hist,T2,l2,count_mad_stage,2000,MISSING,0.9554230769,4.2425,descriptive
across_checkpoints,legacy_e2_vit_small_mixupdir_registers,vit_small,mixup,registers,hist,T2,centred_l2,count_mad_s11,2000,MISSING,0.9555521978,6.9645,descriptive
across_checkpoints,legacy_e2_vit_small_mixupdir_registers,vit_small,mixup,registers,hist,T2,centred_l2,count_mad_stage,2000,MISSING,0.9555521978,4.2425,descriptive
across_checkpoints,legacy_e2_vit_small_mixupdir_registers,vit_small,mixup,registers,s12_post_norm,T2,l2,count_mad_s11,2000,MISSING,0.9575192308,6.9645,descriptive
across_checkpoints,legacy_e2_vit_small_mixupdir_registers,vit_small,mixup,registers,s12_post_norm,T2,l2,count_mad_stage,2000,MISSING,0.9575192308,0.179,descriptive
across_checkpoints,legacy_e2_vit_small_mixupdir_registers,vit_small,mixup,registers,s12_post_norm,T2,centred_l2,count_mad_s11,2000,MISSING,0.9583791209,6.9645,descriptive
across_checkpoints,legacy_e2_vit_small_mixupdir_registers,vit_small,mixup,registers,s12_post_norm,T2,centred_l2,count_mad_stage,2000,MISSING,0.9583791209,0.179,descriptive
across_checkpoints,legacy_e2_vit_small_mixupdir_registers,vit_small,mixup,registers,s11_out,T3,l2,count_mad_s11,2000,MISSING,0.9448541667,6.846,descriptive
across_checkpoints,legacy_e2_vit_small_mixupdir_registers,vit_small,mixup,registers,s11_out,T3,l2,count_mad_stage,2000,MISSING,0.9448541667,6.846,descriptive
across_checkpoints,legacy_e2_vit_small_mixupdir_registers,vit_small,mixup,registers,s11_out,T3,centred_l2,count_mad_s11,2000,MISSING,0.9460446429,6.846,descriptive
across_checkpoints,legacy_e2_vit_small_mixupdir_registers,vit_small,mixup,registers,s11_out,T3,centred_l2,count_mad_stage,2000,MISSING,0.9460446429,6.846,descriptive
across_checkpoints,legacy_e2_vit_small_mixupdir_registers,vit_small,mixup,registers,hist,T3,l2,count_mad_s11,2000,MISSING,0.9423095238,6.846,descriptive
across_checkpoints,legacy_e2_vit_small_mixupdir_registers,vit_small,mixup,registers,hist,T3,l2,count_mad_stage,2000,MISSING,0.9423095238,4.261,descriptive
across_checkpoints,legacy_e2_vit_small_mixupdir_registers,vit_small,mixup,registers,hist,T3,centred_l2,count_mad_s11,2000,MISSING,0.9421130952,6.846,descriptive
across_checkpoints,legacy_e2_vit_small_mixupdir_registers,vit_small,mixup,registers,hist,T3,centred_l2,count_mad_stage,2000,MISSING,0.9421130952,4.261,descriptive
across_checkpoints,legacy_e2_vit_small_mixupdir_registers,vit_small,mixup,registers,s12_post_norm,T3,l2,count_mad_s11,2000,MISSING,0.9454613095,6.846,descriptive
across_checkpoints,legacy_e2_vit_small_mixupdir_registers,vit_small,mixup,registers,s12_post_norm,T3,l2,count_mad_stage,2000,MISSING,0.9454613095,0.2215,descriptive
across_checkpoints,legacy_e2_vit_small_mixupdir_registers,vit_small,mixup,registers,s12_post_norm,T3,centred_l2,count_mad_s11,2000,MISSING,0.9465535714,6.846,descriptive
across_checkpoints,legacy_e2_vit_small_mixupdir_registers,vit_small,mixup,registers,s12_post_norm,T3,centred_l2,count_mad_stage,2000,MISSING,0.9465535714,0.2215,descriptive
across_checkpoints,legacy_e2_vit_small_nomixdir_registers,vit_small,mixup,registers,s11_out,T0,l2,count_mad_s11,2000,MISSING,1,8.1205,descriptive
across_checkpoints,legacy_e2_vit_small_nomixdir_registers,vit_small,mixup,registers,s11_out,T0,l2,count_mad_stage,2000,MISSING,1,8.1205,descriptive
across_checkpoints,legacy_e2_vit_small_nomixdir_registers,vit_small,mixup,registers,s11_out,T0,centred_l2,count_mad_s11,2000,MISSING,1,8.1205,descriptive
across_checkpoints,legacy_e2_vit_small_nomixdir_registers,vit_small,mixup,registers,s11_out,T0,centred_l2,count_mad_stage,2000,MISSING,1,8.1205,descriptive
across_checkpoints,legacy_e2_vit_small_nomixdir_registers,vit_small,mixup,registers,hist,T0,l2,count_mad_s11,2000,MISSING,1,8.1205,descriptive
across_checkpoints,legacy_e2_vit_small_nomixdir_registers,vit_small,mixup,registers,hist,T0,l2,count_mad_stage,2000,MISSING,1,4.288,descriptive
across_checkpoints,legacy_e2_vit_small_nomixdir_registers,vit_small,mixup,registers,hist,T0,centred_l2,count_mad_s11,2000,MISSING,1,8.1205,descriptive
across_checkpoints,legacy_e2_vit_small_nomixdir_registers,vit_small,mixup,registers,hist,T0,centred_l2,count_mad_stage,2000,MISSING,1,4.288,descriptive
across_checkpoints,legacy_e2_vit_small_nomixdir_registers,vit_small,mixup,registers,s12_post_norm,T0,l2,count_mad_s11,2000,MISSING,1,8.1205,descriptive
across_checkpoints,legacy_e2_vit_small_nomixdir_registers,vit_small,mixup,registers,s12_post_norm,T0,l2,count_mad_stage,2000,MISSING,1,0.355,descriptive
across_checkpoints,legacy_e2_vit_small_nomixdir_registers,vit_small,mixup,registers,s12_post_norm,T0,centred_l2,count_mad_s11,2000,MISSING,1,8.1205,descriptive
across_checkpoints,legacy_e2_vit_small_nomixdir_registers,vit_small,mixup,registers,s12_post_norm,T0,centred_l2,count_mad_stage,2000,MISSING,1,0.355,descriptive
across_checkpoints,legacy_e2_vit_small_nomixdir_registers,vit_small,mixup,registers,s11_out,T1,l2,count_mad_s11,2000,MISSING,0.9629719388,8.1205,descriptive
across_checkpoints,legacy_e2_vit_small_nomixdir_registers,vit_small,mixup,registers,s11_out,T1,l2,count_mad_stage,2000,MISSING,0.9629719388,8.1205,descriptive
across_checkpoints,legacy_e2_vit_small_nomixdir_registers,vit_small,mixup,registers,s11_out,T1,centred_l2,count_mad_s11,2000,MISSING,0.9639234694,8.1205,descriptive
across_checkpoints,legacy_e2_vit_small_nomixdir_registers,vit_small,mixup,registers,s11_out,T1,centred_l2,count_mad_stage,2000,MISSING,0.9639234694,8.1205,descriptive
across_checkpoints,legacy_e2_vit_small_nomixdir_registers,vit_small,mixup,registers,hist,T1,l2,count_mad_s11,2000,MISSING,0.9584438776,8.1205,descriptive
across_checkpoints,legacy_e2_vit_small_nomixdir_registers,vit_small,mixup,registers,hist,T1,l2,count_mad_stage,2000,MISSING,0.9584438776,4.288,descriptive
across_checkpoints,legacy_e2_vit_small_nomixdir_registers,vit_small,mixup,registers,hist,T1,centred_l2,count_mad_s11,2000,MISSING,0.9589846939,8.1205,descriptive
across_checkpoints,legacy_e2_vit_small_nomixdir_registers,vit_small,mixup,registers,hist,T1,centred_l2,count_mad_stage,2000,MISSING,0.9589846939,4.288,descriptive
across_checkpoints,legacy_e2_vit_small_nomixdir_registers,vit_small,mixup,registers,s12_post_norm,T1,l2,count_mad_s11,2000,MISSING,0.9626454082,8.1205,descriptive
across_checkpoints,legacy_e2_vit_small_nomixdir_registers,vit_small,mixup,registers,s12_post_norm,T1,l2,count_mad_stage,2000,MISSING,0.9626454082,0.355,descriptive
across_checkpoints,legacy_e2_vit_small_nomixdir_registers,vit_small,mixup,registers,s12_post_norm,T1,centred_l2,count_mad_s11,2000,MISSING,0.9633188776,8.1205,descriptive
across_checkpoints,legacy_e2_vit_small_nomixdir_registers,vit_small,mixup,registers,s12_post_norm,T1,centred_l2,count_mad_stage,2000,MISSING,0.9633188776,0.355,descriptive
across_checkpoints,legacy_e2_vit_small_nomixdir_registers,vit_small,mixup,registers,s11_out,T2,l2,count_mad_s11,2000,MISSING,0.9587142857,8.4705,descriptive
across_checkpoints,legacy_e2_vit_small_nomixdir_registers,vit_small,mixup,registers,s11_out,T2,l2,count_mad_stage,2000,MISSING,0.9587142857,8.4705,descriptive
across_checkpoints,legacy_e2_vit_small_nomixdir_registers,vit_small,mixup,registers,s11_out,T2,centred_l2,count_mad_s11,2000,MISSING,0.9596978022,8.4705,descriptive
across_checkpoints,legacy_e2_vit_small_nomixdir_registers,vit_small,mixup,registers,s11_out,T2,centred_l2,count_mad_stage,2000,MISSING,0.9596978022,8.4705,descriptive
across_checkpoints,legacy_e2_vit_small_nomixdir_registers,vit_small,mixup,registers,hist,T2,l2,count_mad_s11,2000,MISSING,0.9558791209,8.4705,descriptive
across_checkpoints,legacy_e2_vit_small_nomixdir_registers,vit_small,mixup,registers,hist,T2,l2,count_mad_stage,2000,MISSING,0.9558791209,4.268,descriptive
across_checkpoints,legacy_e2_vit_small_nomixdir_registers,vit_small,mixup,registers,hist,T2,centred_l2,count_mad_s11,2000,MISSING,0.9569917582,8.4705,descriptive
across_checkpoints,legacy_e2_vit_small_nomixdir_registers,vit_small,mixup,registers,hist,T2,centred_l2,count_mad_stage,2000,MISSING,0.9569917582,4.268,descriptive
across_checkpoints,legacy_e2_vit_small_nomixdir_registers,vit_small,mixup,registers,s12_post_norm,T2,l2,count_mad_s11,2000,MISSING,0.9595357143,8.4705,descriptive
across_checkpoints,legacy_e2_vit_small_nomixdir_registers,vit_small,mixup,registers,s12_post_norm,T2,l2,count_mad_stage,2000,MISSING,0.9595357143,0.344,descriptive
across_checkpoints,legacy_e2_vit_small_nomixdir_registers,vit_small,mixup,registers,s12_post_norm,T2,centred_l2,count_mad_s11,2000,MISSING,0.960217033,8.4705,descriptive
across_checkpoints,legacy_e2_vit_small_nomixdir_registers,vit_small,mixup,registers,s12_post_norm,T2,centred_l2,count_mad_stage,2000,MISSING,0.960217033,0.344,descriptive
across_checkpoints,legacy_e2_vit_small_nomixdir_registers,vit_small,mixup,registers,s11_out,T3,l2,count_mad_s11,2000,MISSING,0.9468363095,8.4395,descriptive
across_checkpoints,legacy_e2_vit_small_nomixdir_registers,vit_small,mixup,registers,s11_out,T3,l2,count_mad_stage,2000,MISSING,0.9468363095,8.4395,descriptive
across_checkpoints,legacy_e2_vit_small_nomixdir_registers,vit_small,mixup,registers,s11_out,T3,centred_l2,count_mad_s11,2000,MISSING,0.9480714286,8.4395,descriptive
across_checkpoints,legacy_e2_vit_small_nomixdir_registers,vit_small,mixup,registers,s11_out,T3,centred_l2,count_mad_stage,2000,MISSING,0.9480714286,8.4395,descriptive
across_checkpoints,legacy_e2_vit_small_nomixdir_registers,vit_small,mixup,registers,hist,T3,l2,count_mad_s11,2000,MISSING,0.9422589286,8.4395,descriptive
across_checkpoints,legacy_e2_vit_small_nomixdir_registers,vit_small,mixup,registers,hist,T3,l2,count_mad_stage,2000,MISSING,0.9422589286,4.272,descriptive
across_checkpoints,legacy_e2_vit_small_nomixdir_registers,vit_small,mixup,registers,hist,T3,centred_l2,count_mad_s11,2000,MISSING,0.9430863095,8.4395,descriptive
across_checkpoints,legacy_e2_vit_small_nomixdir_registers,vit_small,mixup,registers,hist,T3,centred_l2,count_mad_stage,2000,MISSING,0.9430863095,4.272,descriptive
across_checkpoints,legacy_e2_vit_small_nomixdir_registers,vit_small,mixup,registers,s12_post_norm,T3,l2,count_mad_s11,2000,MISSING,0.9470386905,8.4395,descriptive
across_checkpoints,legacy_e2_vit_small_nomixdir_registers,vit_small,mixup,registers,s12_post_norm,T3,l2,count_mad_stage,2000,MISSING,0.9470386905,0.349,descriptive
across_checkpoints,legacy_e2_vit_small_nomixdir_registers,vit_small,mixup,registers,s12_post_norm,T3,centred_l2,count_mad_s11,2000,MISSING,0.947985119,8.4395,descriptive
across_checkpoints,legacy_e2_vit_small_nomixdir_registers,vit_small,mixup,registers,s12_post_norm,T3,centred_l2,count_mad_stage,2000,MISSING,0.947985119,0.349,descriptive
across_checkpoints,legacy_e2_vit_small_mixupdir_saga,vit_small,mixup,saga,s11_out,T0,l2,count_mad_s11,2000,MISSING,1,14.128,descriptive
across_checkpoints,legacy_e2_vit_small_mixupdir_saga,vit_small,mixup,saga,s11_out,T0,l2,count_mad_stage,2000,MISSING,1,14.128,descriptive
across_checkpoints,legacy_e2_vit_small_mixupdir_saga,vit_small,mixup,saga,s11_out,T0,centred_l2,count_mad_s11,2000,MISSING,1,14.128,descriptive
across_checkpoints,legacy_e2_vit_small_mixupdir_saga,vit_small,mixup,saga,s11_out,T0,centred_l2,count_mad_stage,2000,MISSING,1,14.128,descriptive
across_checkpoints,legacy_e2_vit_small_mixupdir_saga,vit_small,mixup,saga,hist,T0,l2,count_mad_s11,2000,MISSING,1,14.128,descriptive
across_checkpoints,legacy_e2_vit_small_mixupdir_saga,vit_small,mixup,saga,hist,T0,l2,count_mad_stage,2000,MISSING,1,11.6625,descriptive
across_checkpoints,legacy_e2_vit_small_mixupdir_saga,vit_small,mixup,saga,hist,T0,centred_l2,count_mad_s11,2000,MISSING,1,14.128,descriptive
across_checkpoints,legacy_e2_vit_small_mixupdir_saga,vit_small,mixup,saga,hist,T0,centred_l2,count_mad_stage,2000,MISSING,1,11.6625,descriptive
across_checkpoints,legacy_e2_vit_small_mixupdir_saga,vit_small,mixup,saga,s12_post_norm,T0,l2,count_mad_s11,2000,MISSING,1,14.128,descriptive
across_checkpoints,legacy_e2_vit_small_mixupdir_saga,vit_small,mixup,saga,s12_post_norm,T0,l2,count_mad_stage,2000,MISSING,1,0.018,descriptive
across_checkpoints,legacy_e2_vit_small_mixupdir_saga,vit_small,mixup,saga,s12_post_norm,T0,centred_l2,count_mad_s11,2000,MISSING,1,14.128,descriptive
across_checkpoints,legacy_e2_vit_small_mixupdir_saga,vit_small,mixup,saga,s12_post_norm,T0,centred_l2,count_mad_stage,2000,MISSING,1,0.018,descriptive
across_checkpoints,legacy_e2_vit_small_mixupdir_saga,vit_small,mixup,saga,s11_out,T1,l2,count_mad_s11,2000,MISSING,0.9124285714,14.128,descriptive
across_checkpoints,legacy_e2_vit_small_mixupdir_saga,vit_small,mixup,saga,s11_out,T1,l2,count_mad_stage,2000,MISSING,0.9124285714,14.128,descriptive
across_checkpoints,legacy_e2_vit_small_mixupdir_saga,vit_small,mixup,saga,s11_out,T1,centred_l2,count_mad_s11,2000,MISSING,0.9133214286,14.128,descriptive
across_checkpoints,legacy_e2_vit_small_mixupdir_saga,vit_small,mixup,saga,s11_out,T1,centred_l2,count_mad_stage,2000,MISSING,0.9133214286,14.128,descriptive
across_checkpoints,legacy_e2_vit_small_mixupdir_saga,vit_small,mixup,saga,hist,T1,l2,count_mad_s11,2000,MISSING,0.9090153061,14.128,descriptive
across_checkpoints,legacy_e2_vit_small_mixupdir_saga,vit_small,mixup,saga,hist,T1,l2,count_mad_stage,2000,MISSING,0.9090153061,11.6625,descriptive
across_checkpoints,legacy_e2_vit_small_mixupdir_saga,vit_small,mixup,saga,hist,T1,centred_l2,count_mad_s11,2000,MISSING,0.9102040816,14.128,descriptive
across_checkpoints,legacy_e2_vit_small_mixupdir_saga,vit_small,mixup,saga,hist,T1,centred_l2,count_mad_stage,2000,MISSING,0.9102040816,11.6625,descriptive
across_checkpoints,legacy_e2_vit_small_mixupdir_saga,vit_small,mixup,saga,s12_post_norm,T1,l2,count_mad_s11,2000,MISSING,0.9143392857,14.128,descriptive
across_checkpoints,legacy_e2_vit_small_mixupdir_saga,vit_small,mixup,saga,s12_post_norm,T1,l2,count_mad_stage,2000,MISSING,0.9143392857,0.018,descriptive
across_checkpoints,legacy_e2_vit_small_mixupdir_saga,vit_small,mixup,saga,s12_post_norm,T1,centred_l2,count_mad_s11,2000,MISSING,0.9150459184,14.128,descriptive
across_checkpoints,legacy_e2_vit_small_mixupdir_saga,vit_small,mixup,saga,s12_post_norm,T1,centred_l2,count_mad_stage,2000,MISSING,0.9150459184,0.018,descriptive
across_checkpoints,legacy_e2_vit_small_mixupdir_saga,vit_small,mixup,saga,s11_out,T2,l2,count_mad_s11,2000,MISSING,0.9174450549,14.266,descriptive
across_checkpoints,legacy_e2_vit_small_mixupdir_saga,vit_small,mixup,saga,s11_out,T2,l2,count_mad_stage,2000,MISSING,0.9174450549,14.266,descriptive
across_checkpoints,legacy_e2_vit_small_mixupdir_saga,vit_small,mixup,saga,s11_out,T2,centred_l2,count_mad_s11,2000,MISSING,0.9183543956,14.266,descriptive
across_checkpoints,legacy_e2_vit_small_mixupdir_saga,vit_small,mixup,saga,s11_out,T2,centred_l2,count_mad_stage,2000,MISSING,0.9183543956,14.266,descriptive
across_checkpoints,legacy_e2_vit_small_mixupdir_saga,vit_small,mixup,saga,hist,T2,l2,count_mad_s11,2000,MISSING,0.915467033,14.266,descriptive
across_checkpoints,legacy_e2_vit_small_mixupdir_saga,vit_small,mixup,saga,hist,T2,l2,count_mad_stage,2000,MISSING,0.915467033,11.5345,descriptive
across_checkpoints,legacy_e2_vit_small_mixupdir_saga,vit_small,mixup,saga,hist,T2,centred_l2,count_mad_s11,2000,MISSING,0.916739011,14.266,descriptive
across_checkpoints,legacy_e2_vit_small_mixupdir_saga,vit_small,mixup,saga,hist,T2,centred_l2,count_mad_stage,2000,MISSING,0.916739011,11.5345,descriptive
across_checkpoints,legacy_e2_vit_small_mixupdir_saga,vit_small,mixup,saga,s12_post_norm,T2,l2,count_mad_s11,2000,MISSING,0.9193598901,14.266,descriptive
across_checkpoints,legacy_e2_vit_small_mixupdir_saga,vit_small,mixup,saga,s12_post_norm,T2,l2,count_mad_stage,2000,MISSING,0.9193598901,0.0105,descriptive
across_checkpoints,legacy_e2_vit_small_mixupdir_saga,vit_small,mixup,saga,s12_post_norm,T2,centred_l2,count_mad_s11,2000,MISSING,0.920032967,14.266,descriptive
across_checkpoints,legacy_e2_vit_small_mixupdir_saga,vit_small,mixup,saga,s12_post_norm,T2,centred_l2,count_mad_stage,2000,MISSING,0.920032967,0.0105,descriptive
across_checkpoints,legacy_e2_vit_small_mixupdir_saga,vit_small,mixup,saga,s11_out,T3,l2,count_mad_s11,2000,MISSING,0.8999613095,14.2695,descriptive
across_checkpoints,legacy_e2_vit_small_mixupdir_saga,vit_small,mixup,saga,s11_out,T3,l2,count_mad_stage,2000,MISSING,0.8999613095,14.2695,descriptive
across_checkpoints,legacy_e2_vit_small_mixupdir_saga,vit_small,mixup,saga,s11_out,T3,centred_l2,count_mad_s11,2000,MISSING,0.9009464286,14.2695,descriptive
across_checkpoints,legacy_e2_vit_small_mixupdir_saga,vit_small,mixup,saga,s11_out,T3,centred_l2,count_mad_stage,2000,MISSING,0.9009464286,14.2695,descriptive
across_checkpoints,legacy_e2_vit_small_mixupdir_saga,vit_small,mixup,saga,hist,T3,l2,count_mad_s11,2000,MISSING,0.8970833333,14.2695,descriptive
across_checkpoints,legacy_e2_vit_small_mixupdir_saga,vit_small,mixup,saga,hist,T3,l2,count_mad_stage,2000,MISSING,0.8970833333,11.5835,descriptive
across_checkpoints,legacy_e2_vit_small_mixupdir_saga,vit_small,mixup,saga,hist,T3,centred_l2,count_mad_s11,2000,MISSING,0.8982172619,14.2695,descriptive
across_checkpoints,legacy_e2_vit_small_mixupdir_saga,vit_small,mixup,saga,hist,T3,centred_l2,count_mad_stage,2000,MISSING,0.8982172619,11.5835,descriptive
across_checkpoints,legacy_e2_vit_small_mixupdir_saga,vit_small,mixup,saga,s12_post_norm,T3,l2,count_mad_s11,2000,MISSING,0.9021815476,14.2695,descriptive
across_checkpoints,legacy_e2_vit_small_mixupdir_saga,vit_small,mixup,saga,s12_post_norm,T3,l2,count_mad_stage,2000,MISSING,0.9021815476,0.01,descriptive
across_checkpoints,legacy_e2_vit_small_mixupdir_saga,vit_small,mixup,saga,s12_post_norm,T3,centred_l2,count_mad_s11,2000,MISSING,0.9029315476,14.2695,descriptive
across_checkpoints,legacy_e2_vit_small_mixupdir_saga,vit_small,mixup,saga,s12_post_norm,T3,centred_l2,count_mad_stage,2000,MISSING,0.9029315476,0.01,descriptive
across_checkpoints,legacy_e2_vit_small_nomixdir_saga,vit_small,mixup,saga,s11_out,T0,l2,count_mad_s11,2000,MISSING,1,16.361,descriptive
across_checkpoints,legacy_e2_vit_small_nomixdir_saga,vit_small,mixup,saga,s11_out,T0,l2,count_mad_stage,2000,MISSING,1,16.361,descriptive
across_checkpoints,legacy_e2_vit_small_nomixdir_saga,vit_small,mixup,saga,s11_out,T0,centred_l2,count_mad_s11,2000,MISSING,1,16.361,descriptive
across_checkpoints,legacy_e2_vit_small_nomixdir_saga,vit_small,mixup,saga,s11_out,T0,centred_l2,count_mad_stage,2000,MISSING,1,16.361,descriptive
across_checkpoints,legacy_e2_vit_small_nomixdir_saga,vit_small,mixup,saga,hist,T0,l2,count_mad_s11,2000,MISSING,1,16.361,descriptive
across_checkpoints,legacy_e2_vit_small_nomixdir_saga,vit_small,mixup,saga,hist,T0,l2,count_mad_stage,2000,MISSING,1,16.014,descriptive
across_checkpoints,legacy_e2_vit_small_nomixdir_saga,vit_small,mixup,saga,hist,T0,centred_l2,count_mad_s11,2000,MISSING,1,16.361,descriptive
across_checkpoints,legacy_e2_vit_small_nomixdir_saga,vit_small,mixup,saga,hist,T0,centred_l2,count_mad_stage,2000,MISSING,1,16.014,descriptive
across_checkpoints,legacy_e2_vit_small_nomixdir_saga,vit_small,mixup,saga,s12_post_norm,T0,l2,count_mad_s11,2000,MISSING,1,16.361,descriptive
across_checkpoints,legacy_e2_vit_small_nomixdir_saga,vit_small,mixup,saga,s12_post_norm,T0,l2,count_mad_stage,2000,MISSING,1,0,descriptive
across_checkpoints,legacy_e2_vit_small_nomixdir_saga,vit_small,mixup,saga,s12_post_norm,T0,centred_l2,count_mad_s11,2000,MISSING,1,16.361,descriptive
across_checkpoints,legacy_e2_vit_small_nomixdir_saga,vit_small,mixup,saga,s12_post_norm,T0,centred_l2,count_mad_stage,2000,MISSING,1,0,descriptive
across_checkpoints,legacy_e2_vit_small_nomixdir_saga,vit_small,mixup,saga,s11_out,T1,l2,count_mad_s11,2000,MISSING,0.8712219388,16.361,descriptive
across_checkpoints,legacy_e2_vit_small_nomixdir_saga,vit_small,mixup,saga,s11_out,T1,l2,count_mad_stage,2000,MISSING,0.8712219388,16.361,descriptive
across_checkpoints,legacy_e2_vit_small_nomixdir_saga,vit_small,mixup,saga,s11_out,T1,centred_l2,count_mad_s11,2000,MISSING,0.8717678571,16.361,descriptive
across_checkpoints,legacy_e2_vit_small_nomixdir_saga,vit_small,mixup,saga,s11_out,T1,centred_l2,count_mad_stage,2000,MISSING,0.8717678571,16.361,descriptive
across_checkpoints,legacy_e2_vit_small_nomixdir_saga,vit_small,mixup,saga,hist,T1,l2,count_mad_s11,2000,MISSING,0.8669183673,16.361,descriptive
across_checkpoints,legacy_e2_vit_small_nomixdir_saga,vit_small,mixup,saga,hist,T1,l2,count_mad_stage,2000,MISSING,0.8669183673,16.014,descriptive
across_checkpoints,legacy_e2_vit_small_nomixdir_saga,vit_small,mixup,saga,hist,T1,centred_l2,count_mad_s11,2000,MISSING,0.8665178571,16.361,descriptive
across_checkpoints,legacy_e2_vit_small_nomixdir_saga,vit_small,mixup,saga,hist,T1,centred_l2,count_mad_stage,2000,MISSING,0.8665178571,16.014,descriptive
across_checkpoints,legacy_e2_vit_small_nomixdir_saga,vit_small,mixup,saga,s12_post_norm,T1,l2,count_mad_s11,2000,MISSING,0.8775153061,16.361,descriptive
across_checkpoints,legacy_e2_vit_small_nomixdir_saga,vit_small,mixup,saga,s12_post_norm,T1,l2,count_mad_stage,2000,MISSING,0.8775153061,0,descriptive
across_checkpoints,legacy_e2_vit_small_nomixdir_saga,vit_small,mixup,saga,s12_post_norm,T1,centred_l2,count_mad_s11,2000,MISSING,0.8759209184,16.361,descriptive
across_checkpoints,legacy_e2_vit_small_nomixdir_saga,vit_small,mixup,saga,s12_post_norm,T1,centred_l2,count_mad_stage,2000,MISSING,0.8759209184,0,descriptive
across_checkpoints,legacy_e2_vit_small_nomixdir_saga,vit_small,mixup,saga,s11_out,T2,l2,count_mad_s11,2000,MISSING,0.9083516484,16.547,descriptive
across_checkpoints,legacy_e2_vit_small_nomixdir_saga,vit_small,mixup,saga,s11_out,T2,l2,count_mad_stage,2000,MISSING,0.9083516484,16.547,descriptive
across_checkpoints,legacy_e2_vit_small_nomixdir_saga,vit_small,mixup,saga,s11_out,T2,centred_l2,count_mad_s11,2000,MISSING,0.9091263736,16.547,descriptive
across_checkpoints,legacy_e2_vit_small_nomixdir_saga,vit_small,mixup,saga,s11_out,T2,centred_l2,count_mad_stage,2000,MISSING,0.9091263736,16.547,descriptive
across_checkpoints,legacy_e2_vit_small_nomixdir_saga,vit_small,mixup,saga,hist,T2,l2,count_mad_s11,2000,MISSING,0.9061098901,16.547,descriptive
across_checkpoints,legacy_e2_vit_small_nomixdir_saga,vit_small,mixup,saga,hist,T2,l2,count_mad_stage,2000,MISSING,0.9061098901,16.0985,descriptive
across_checkpoints,legacy_e2_vit_small_nomixdir_saga,vit_small,mixup,saga,hist,T2,centred_l2,count_mad_s11,2000,MISSING,0.9059120879,16.547,descriptive
across_checkpoints,legacy_e2_vit_small_nomixdir_saga,vit_small,mixup,saga,hist,T2,centred_l2,count_mad_stage,2000,MISSING,0.9059120879,16.0985,descriptive
across_checkpoints,legacy_e2_vit_small_nomixdir_saga,vit_small,mixup,saga,s12_post_norm,T2,l2,count_mad_s11,2000,MISSING,0.9145082418,16.547,descriptive
across_checkpoints,legacy_e2_vit_small_nomixdir_saga,vit_small,mixup,saga,s12_post_norm,T2,l2,count_mad_stage,2000,MISSING,0.9145082418,0,descriptive
across_checkpoints,legacy_e2_vit_small_nomixdir_saga,vit_small,mixup,saga,s12_post_norm,T2,centred_l2,count_mad_s11,2000,MISSING,0.9128049451,16.547,descriptive
across_checkpoints,legacy_e2_vit_small_nomixdir_saga,vit_small,mixup,saga,s12_post_norm,T2,centred_l2,count_mad_stage,2000,MISSING,0.9128049451,0,descriptive
across_checkpoints,legacy_e2_vit_small_nomixdir_saga,vit_small,mixup,saga,s11_out,T3,l2,count_mad_s11,2000,MISSING,0.8901875,16.6405,descriptive
across_checkpoints,legacy_e2_vit_small_nomixdir_saga,vit_small,mixup,saga,s11_out,T3,l2,count_mad_stage,2000,MISSING,0.8901875,16.6405,descriptive
across_checkpoints,legacy_e2_vit_small_nomixdir_saga,vit_small,mixup,saga,s11_out,T3,centred_l2,count_mad_s11,2000,MISSING,0.8915267857,16.6405,descriptive
across_checkpoints,legacy_e2_vit_small_nomixdir_saga,vit_small,mixup,saga,s11_out,T3,centred_l2,count_mad_stage,2000,MISSING,0.8915267857,16.6405,descriptive
across_checkpoints,legacy_e2_vit_small_nomixdir_saga,vit_small,mixup,saga,hist,T3,l2,count_mad_s11,2000,MISSING,0.8873690476,16.6405,descriptive
across_checkpoints,legacy_e2_vit_small_nomixdir_saga,vit_small,mixup,saga,hist,T3,l2,count_mad_stage,2000,MISSING,0.8873690476,16.1715,descriptive
across_checkpoints,legacy_e2_vit_small_nomixdir_saga,vit_small,mixup,saga,hist,T3,centred_l2,count_mad_s11,2000,MISSING,0.887452381,16.6405,descriptive
across_checkpoints,legacy_e2_vit_small_nomixdir_saga,vit_small,mixup,saga,hist,T3,centred_l2,count_mad_stage,2000,MISSING,0.887452381,16.1715,descriptive
across_checkpoints,legacy_e2_vit_small_nomixdir_saga,vit_small,mixup,saga,s12_post_norm,T3,l2,count_mad_s11,2000,MISSING,0.8967767857,16.6405,descriptive
across_checkpoints,legacy_e2_vit_small_nomixdir_saga,vit_small,mixup,saga,s12_post_norm,T3,l2,count_mad_stage,2000,MISSING,0.8967767857,0,descriptive
across_checkpoints,legacy_e2_vit_small_nomixdir_saga,vit_small,mixup,saga,s12_post_norm,T3,centred_l2,count_mad_s11,2000,MISSING,0.8955059524,16.6405,descriptive
across_checkpoints,legacy_e2_vit_small_nomixdir_saga,vit_small,mixup,saga,s12_post_norm,T3,centred_l2,count_mad_stage,2000,MISSING,0.8955059524,0,descriptive
across_checkpoints,e2r_vits_mixup_saga_s1,vit_small,mixup,saga,s11_out,T0,l2,count_mad_s11,2000,MISSING,1,15.414,descriptive
across_checkpoints,e2r_vits_mixup_saga_s1,vit_small,mixup,saga,s11_out,T0,l2,count_mad_stage,2000,MISSING,1,15.414,descriptive
across_checkpoints,e2r_vits_mixup_saga_s1,vit_small,mixup,saga,s11_out,T0,centred_l2,count_mad_s11,2000,MISSING,1,15.414,descriptive
across_checkpoints,e2r_vits_mixup_saga_s1,vit_small,mixup,saga,s11_out,T0,centred_l2,count_mad_stage,2000,MISSING,1,15.414,descriptive
across_checkpoints,e2r_vits_mixup_saga_s1,vit_small,mixup,saga,hist,T0,l2,count_mad_s11,2000,MISSING,1,15.414,descriptive
across_checkpoints,e2r_vits_mixup_saga_s1,vit_small,mixup,saga,hist,T0,l2,count_mad_stage,2000,MISSING,1,16.5455,descriptive
across_checkpoints,e2r_vits_mixup_saga_s1,vit_small,mixup,saga,hist,T0,centred_l2,count_mad_s11,2000,MISSING,1,15.414,descriptive
across_checkpoints,e2r_vits_mixup_saga_s1,vit_small,mixup,saga,hist,T0,centred_l2,count_mad_stage,2000,MISSING,1,16.5455,descriptive
across_checkpoints,e2r_vits_mixup_saga_s1,vit_small,mixup,saga,s12_post_norm,T0,l2,count_mad_s11,2000,MISSING,1,15.414,descriptive
across_checkpoints,e2r_vits_mixup_saga_s1,vit_small,mixup,saga,s12_post_norm,T0,l2,count_mad_stage,2000,MISSING,1,0.0045,descriptive
across_checkpoints,e2r_vits_mixup_saga_s1,vit_small,mixup,saga,s12_post_norm,T0,centred_l2,count_mad_s11,2000,MISSING,1,15.414,descriptive
across_checkpoints,e2r_vits_mixup_saga_s1,vit_small,mixup,saga,s12_post_norm,T0,centred_l2,count_mad_stage,2000,MISSING,1,0.0045,descriptive
across_checkpoints,e2r_vits_mixup_saga_s1,vit_small,mixup,saga,s11_out,T1,l2,count_mad_s11,2000,MISSING,0.8837193878,15.414,descriptive
across_checkpoints,e2r_vits_mixup_saga_s1,vit_small,mixup,saga,s11_out,T1,l2,count_mad_stage,2000,MISSING,0.8837193878,15.414,descriptive
across_checkpoints,e2r_vits_mixup_saga_s1,vit_small,mixup,saga,s11_out,T1,centred_l2,count_mad_s11,2000,MISSING,0.8842193878,15.414,descriptive
across_checkpoints,e2r_vits_mixup_saga_s1,vit_small,mixup,saga,s11_out,T1,centred_l2,count_mad_stage,2000,MISSING,0.8842193878,15.414,descriptive
across_checkpoints,e2r_vits_mixup_saga_s1,vit_small,mixup,saga,hist,T1,l2,count_mad_s11,2000,MISSING,0.8831785714,15.414,descriptive
across_checkpoints,e2r_vits_mixup_saga_s1,vit_small,mixup,saga,hist,T1,l2,count_mad_stage,2000,MISSING,0.8831785714,16.5455,descriptive
across_checkpoints,e2r_vits_mixup_saga_s1,vit_small,mixup,saga,hist,T1,centred_l2,count_mad_s11,2000,MISSING,0.8832397959,15.414,descriptive
across_checkpoints,e2r_vits_mixup_saga_s1,vit_small,mixup,saga,hist,T1,centred_l2,count_mad_stage,2000,MISSING,0.8832397959,16.5455,descriptive
across_checkpoints,e2r_vits_mixup_saga_s1,vit_small,mixup,saga,s12_post_norm,T1,l2,count_mad_s11,2000,MISSING,0.8891173469,15.414,descriptive
across_checkpoints,e2r_vits_mixup_saga_s1,vit_small,mixup,saga,s12_post_norm,T1,l2,count_mad_stage,2000,MISSING,0.8891173469,0.0045,descriptive
across_checkpoints,e2r_vits_mixup_saga_s1,vit_small,mixup,saga,s12_post_norm,T1,centred_l2,count_mad_s11,2000,MISSING,0.8881505102,15.414,descriptive
across_checkpoints,e2r_vits_mixup_saga_s1,vit_small,mixup,saga,s12_post_norm,T1,centred_l2,count_mad_stage,2000,MISSING,0.8881505102,0.0045,descriptive
across_checkpoints,e2r_vits_mixup_saga_s1,vit_small,mixup,saga,s11_out,T2,l2,count_mad_s11,2000,MISSING,0.9096346154,15.323,descriptive
across_checkpoints,e2r_vits_mixup_saga_s1,vit_small,mixup,saga,s11_out,T2,l2,count_mad_stage,2000,MISSING,0.9096346154,15.323,descriptive
across_checkpoints,e2r_vits_mixup_saga_s1,vit_small,mixup,saga,s11_out,T2,centred_l2,count_mad_s11,2000,MISSING,0.9101620879,15.323,descriptive
across_checkpoints,e2r_vits_mixup_saga_s1,vit_small,mixup,saga,s11_out,T2,centred_l2,count_mad_stage,2000,MISSING,0.9101620879,15.323,descriptive
across_checkpoints,e2r_vits_mixup_saga_s1,vit_small,mixup,saga,hist,T2,l2,count_mad_s11,2000,MISSING,0.9095576923,15.323,descriptive
across_checkpoints,e2r_vits_mixup_saga_s1,vit_small,mixup,saga,hist,T2,l2,count_mad_stage,2000,MISSING,0.9095576923,16.5975,descriptive
across_checkpoints,e2r_vits_mixup_saga_s1,vit_small,mixup,saga,hist,T2,centred_l2,count_mad_s11,2000,MISSING,0.9097115385,15.323,descriptive
across_checkpoints,e2r_vits_mixup_saga_s1,vit_small,mixup,saga,hist,T2,centred_l2,count_mad_stage,2000,MISSING,0.9097115385,16.5975,descriptive
across_checkpoints,e2r_vits_mixup_saga_s1,vit_small,mixup,saga,s12_post_norm,T2,l2,count_mad_s11,2000,MISSING,0.9149203297,15.323,descriptive
across_checkpoints,e2r_vits_mixup_saga_s1,vit_small,mixup,saga,s12_post_norm,T2,l2,count_mad_stage,2000,MISSING,0.9149203297,0.004,descriptive
across_checkpoints,e2r_vits_mixup_saga_s1,vit_small,mixup,saga,s12_post_norm,T2,centred_l2,count_mad_s11,2000,MISSING,0.9140741758,15.323,descriptive
across_checkpoints,e2r_vits_mixup_saga_s1,vit_small,mixup,saga,s12_post_norm,T2,centred_l2,count_mad_stage,2000,MISSING,0.9140741758,0.004,descriptive
across_checkpoints,e2r_vits_mixup_saga_s1,vit_small,mixup,saga,s11_out,T3,l2,count_mad_s11,2000,MISSING,0.8958452381,15.4845,descriptive
across_checkpoints,e2r_vits_mixup_saga_s1,vit_small,mixup,saga,s11_out,T3,l2,count_mad_stage,2000,MISSING,0.8958452381,15.4845,descriptive
across_checkpoints,e2r_vits_mixup_saga_s1,vit_small,mixup,saga,s11_out,T3,centred_l2,count_mad_s11,2000,MISSING,0.8967886905,15.4845,descriptive
across_checkpoints,e2r_vits_mixup_saga_s1,vit_small,mixup,saga,s11_out,T3,centred_l2,count_mad_stage,2000,MISSING,0.8967886905,15.4845,descriptive
across_checkpoints,e2r_vits_mixup_saga_s1,vit_small,mixup,saga,hist,T3,l2,count_mad_s11,2000,MISSING,0.8958988095,15.4845,descriptive
across_checkpoints,e2r_vits_mixup_saga_s1,vit_small,mixup,saga,hist,T3,l2,count_mad_stage,2000,MISSING,0.8958988095,16.744,descriptive
across_checkpoints,e2r_vits_mixup_saga_s1,vit_small,mixup,saga,hist,T3,centred_l2,count_mad_s11,2000,MISSING,0.8962529762,15.4845,descriptive
across_checkpoints,e2r_vits_mixup_saga_s1,vit_small,mixup,saga,hist,T3,centred_l2,count_mad_stage,2000,MISSING,0.8962529762,16.744,descriptive
across_checkpoints,e2r_vits_mixup_saga_s1,vit_small,mixup,saga,s12_post_norm,T3,l2,count_mad_s11,2000,MISSING,0.9014880952,15.4845,descriptive
across_checkpoints,e2r_vits_mixup_saga_s1,vit_small,mixup,saga,s12_post_norm,T3,l2,count_mad_stage,2000,MISSING,0.9014880952,0.001,descriptive
across_checkpoints,e2r_vits_mixup_saga_s1,vit_small,mixup,saga,s12_post_norm,T3,centred_l2,count_mad_s11,2000,MISSING,0.9007440476,15.4845,descriptive
across_checkpoints,e2r_vits_mixup_saga_s1,vit_small,mixup,saga,s12_post_norm,T3,centred_l2,count_mad_stage,2000,MISSING,0.9007440476,0.001,descriptive
across_checkpoints,e2r_vits_mixup_saga_s2,vit_small,mixup,saga,s11_out,T0,l2,count_mad_s11,2000,MISSING,1,15.7175,descriptive
across_checkpoints,e2r_vits_mixup_saga_s2,vit_small,mixup,saga,s11_out,T0,l2,count_mad_stage,2000,MISSING,1,15.7175,descriptive
across_checkpoints,e2r_vits_mixup_saga_s2,vit_small,mixup,saga,s11_out,T0,centred_l2,count_mad_s11,2000,MISSING,1,15.7175,descriptive
across_checkpoints,e2r_vits_mixup_saga_s2,vit_small,mixup,saga,s11_out,T0,centred_l2,count_mad_stage,2000,MISSING,1,15.7175,descriptive
across_checkpoints,e2r_vits_mixup_saga_s2,vit_small,mixup,saga,hist,T0,l2,count_mad_s11,2000,MISSING,1,15.7175,descriptive
across_checkpoints,e2r_vits_mixup_saga_s2,vit_small,mixup,saga,hist,T0,l2,count_mad_stage,2000,MISSING,1,14.4205,descriptive
across_checkpoints,e2r_vits_mixup_saga_s2,vit_small,mixup,saga,hist,T0,centred_l2,count_mad_s11,2000,MISSING,1,15.7175,descriptive
across_checkpoints,e2r_vits_mixup_saga_s2,vit_small,mixup,saga,hist,T0,centred_l2,count_mad_stage,2000,MISSING,1,14.4205,descriptive
across_checkpoints,e2r_vits_mixup_saga_s2,vit_small,mixup,saga,s12_post_norm,T0,l2,count_mad_s11,2000,MISSING,1,15.7175,descriptive
across_checkpoints,e2r_vits_mixup_saga_s2,vit_small,mixup,saga,s12_post_norm,T0,l2,count_mad_stage,2000,MISSING,1,0.006,descriptive
across_checkpoints,e2r_vits_mixup_saga_s2,vit_small,mixup,saga,s12_post_norm,T0,centred_l2,count_mad_s11,2000,MISSING,1,15.7175,descriptive
across_checkpoints,e2r_vits_mixup_saga_s2,vit_small,mixup,saga,s12_post_norm,T0,centred_l2,count_mad_stage,2000,MISSING,1,0.006,descriptive
across_checkpoints,e2r_vits_mixup_saga_s2,vit_small,mixup,saga,s11_out,T1,l2,count_mad_s11,2000,MISSING,0.9059821429,15.7175,descriptive
across_checkpoints,e2r_vits_mixup_saga_s2,vit_small,mixup,saga,s11_out,T1,l2,count_mad_stage,2000,MISSING,0.9059821429,15.7175,descriptive
across_checkpoints,e2r_vits_mixup_saga_s2,vit_small,mixup,saga,s11_out,T1,centred_l2,count_mad_s11,2000,MISSING,0.9068239796,15.7175,descriptive
across_checkpoints,e2r_vits_mixup_saga_s2,vit_small,mixup,saga,s11_out,T1,centred_l2,count_mad_stage,2000,MISSING,0.9068239796,15.7175,descriptive
across_checkpoints,e2r_vits_mixup_saga_s2,vit_small,mixup,saga,hist,T1,l2,count_mad_s11,2000,MISSING,0.9034081633,15.7175,descriptive
across_checkpoints,e2r_vits_mixup_saga_s2,vit_small,mixup,saga,hist,T1,l2,count_mad_stage,2000,MISSING,0.9034081633,14.4205,descriptive
across_checkpoints,e2r_vits_mixup_saga_s2,vit_small,mixup,saga,hist,T1,centred_l2,count_mad_s11,2000,MISSING,0.904244898,15.7175,descriptive
across_checkpoints,e2r_vits_mixup_saga_s2,vit_small,mixup,saga,hist,T1,centred_l2,count_mad_stage,2000,MISSING,0.904244898,14.4205,descriptive
across_checkpoints,e2r_vits_mixup_saga_s2,vit_small,mixup,saga,s12_post_norm,T1,l2,count_mad_s11,2000,MISSING,0.9080280612,15.7175,descriptive
across_checkpoints,e2r_vits_mixup_saga_s2,vit_small,mixup,saga,s12_post_norm,T1,l2,count_mad_stage,2000,MISSING,0.9080280612,0.006,descriptive
across_checkpoints,e2r_vits_mixup_saga_s2,vit_small,mixup,saga,s12_post_norm,T1,centred_l2,count_mad_s11,2000,MISSING,0.908619898,15.7175,descriptive
across_checkpoints,e2r_vits_mixup_saga_s2,vit_small,mixup,saga,s12_post_norm,T1,centred_l2,count_mad_stage,2000,MISSING,0.908619898,0.006,descriptive
across_checkpoints,e2r_vits_mixup_saga_s2,vit_small,mixup,saga,s11_out,T2,l2,count_mad_s11,2000,MISSING,0.9091318681,15.9485,descriptive
across_checkpoints,e2r_vits_mixup_saga_s2,vit_small,mixup,saga,s11_out,T2,l2,count_mad_stage,2000,MISSING,0.9091318681,15.9485,descriptive
across_checkpoints,e2r_vits_mixup_saga_s2,vit_small,mixup,saga,s11_out,T2,centred_l2,count_mad_s11,2000,MISSING,0.9101978022,15.9485,descriptive
across_checkpoints,e2r_vits_mixup_saga_s2,vit_small,mixup,saga,s11_out,T2,centred_l2,count_mad_stage,2000,MISSING,0.9101978022,15.9485,descriptive
across_checkpoints,e2r_vits_mixup_saga_s2,vit_small,mixup,saga,hist,T2,l2,count_mad_s11,2000,MISSING,0.9076840659,15.9485,descriptive
across_checkpoints,e2r_vits_mixup_saga_s2,vit_small,mixup,saga,hist,T2,l2,count_mad_stage,2000,MISSING,0.9076840659,14.553,descriptive
across_checkpoints,e2r_vits_mixup_saga_s2,vit_small,mixup,saga,hist,T2,centred_l2,count_mad_s11,2000,MISSING,0.9084807692,15.9485,descriptive
across_checkpoints,e2r_vits_mixup_saga_s2,vit_small,mixup,saga,hist,T2,centred_l2,count_mad_stage,2000,MISSING,0.9084807692,14.553,descriptive
across_checkpoints,e2r_vits_mixup_saga_s2,vit_small,mixup,saga,s12_post_norm,T2,l2,count_mad_s11,2000,MISSING,0.9112417582,15.9485,descriptive
across_checkpoints,e2r_vits_mixup_saga_s2,vit_small,mixup,saga,s12_post_norm,T2,l2,count_mad_stage,2000,MISSING,0.9112417582,0.004,descriptive
across_checkpoints,e2r_vits_mixup_saga_s2,vit_small,mixup,saga,s12_post_norm,T2,centred_l2,count_mad_s11,2000,MISSING,0.9118846154,15.9485,descriptive
across_checkpoints,e2r_vits_mixup_saga_s2,vit_small,mixup,saga,s12_post_norm,T2,centred_l2,count_mad_stage,2000,MISSING,0.9118846154,0.004,descriptive
across_checkpoints,e2r_vits_mixup_saga_s2,vit_small,mixup,saga,s11_out,T3,l2,count_mad_s11,2000,MISSING,0.8958482143,16.136,descriptive
across_checkpoints,e2r_vits_mixup_saga_s2,vit_small,mixup,saga,s11_out,T3,l2,count_mad_stage,2000,MISSING,0.8958482143,16.136,descriptive
across_checkpoints,e2r_vits_mixup_saga_s2,vit_small,mixup,saga,s11_out,T3,centred_l2,count_mad_s11,2000,MISSING,0.8972321429,16.136,descriptive
across_checkpoints,e2r_vits_mixup_saga_s2,vit_small,mixup,saga,s11_out,T3,centred_l2,count_mad_stage,2000,MISSING,0.8972321429,16.136,descriptive
across_checkpoints,e2r_vits_mixup_saga_s2,vit_small,mixup,saga,hist,T3,l2,count_mad_s11,2000,MISSING,0.8939970238,16.136,descriptive
across_checkpoints,e2r_vits_mixup_saga_s2,vit_small,mixup,saga,hist,T3,l2,count_mad_stage,2000,MISSING,0.8939970238,14.699,descriptive
across_checkpoints,e2r_vits_mixup_saga_s2,vit_small,mixup,saga,hist,T3,centred_l2,count_mad_s11,2000,MISSING,0.8954255952,16.136,descriptive
across_checkpoints,e2r_vits_mixup_saga_s2,vit_small,mixup,saga,hist,T3,centred_l2,count_mad_stage,2000,MISSING,0.8954255952,14.699,descriptive
across_checkpoints,e2r_vits_mixup_saga_s2,vit_small,mixup,saga,s12_post_norm,T3,l2,count_mad_s11,2000,MISSING,0.898235119,16.136,descriptive
across_checkpoints,e2r_vits_mixup_saga_s2,vit_small,mixup,saga,s12_post_norm,T3,l2,count_mad_stage,2000,MISSING,0.898235119,0.017,descriptive
across_checkpoints,e2r_vits_mixup_saga_s2,vit_small,mixup,saga,s12_post_norm,T3,centred_l2,count_mad_s11,2000,MISSING,0.8992619048,16.136,descriptive
across_checkpoints,e2r_vits_mixup_saga_s2,vit_small,mixup,saga,s12_post_norm,T3,centred_l2,count_mad_stage,2000,MISSING,0.8992619048,0.017,descriptive
across_checkpoints,e2r_vits_nomix_saga_s1,vit_small,nomix,saga,s11_out,T0,l2,count_mad_s11,2000,MISSING,1,1.6575,descriptive
across_checkpoints,e2r_vits_nomix_saga_s1,vit_small,nomix,saga,s11_out,T0,l2,count_mad_stage,2000,MISSING,1,1.6575,descriptive
across_checkpoints,e2r_vits_nomix_saga_s1,vit_small,nomix,saga,s11_out,T0,centred_l2,count_mad_s11,2000,MISSING,1,1.6575,descriptive
across_checkpoints,e2r_vits_nomix_saga_s1,vit_small,nomix,saga,s11_out,T0,centred_l2,count_mad_stage,2000,MISSING,1,1.6575,descriptive
across_checkpoints,e2r_vits_nomix_saga_s1,vit_small,nomix,saga,hist,T0,l2,count_mad_s11,2000,MISSING,1,1.6575,descriptive
across_checkpoints,e2r_vits_nomix_saga_s1,vit_small,nomix,saga,hist,T0,l2,count_mad_stage,2000,MISSING,1,3.3845,descriptive
across_checkpoints,e2r_vits_nomix_saga_s1,vit_small,nomix,saga,hist,T0,centred_l2,count_mad_s11,2000,MISSING,1,1.6575,descriptive
across_checkpoints,e2r_vits_nomix_saga_s1,vit_small,nomix,saga,hist,T0,centred_l2,count_mad_stage,2000,MISSING,1,3.3845,descriptive
across_checkpoints,e2r_vits_nomix_saga_s1,vit_small,nomix,saga,s12_post_norm,T0,l2,count_mad_s11,2000,MISSING,1,1.6575,descriptive
across_checkpoints,e2r_vits_nomix_saga_s1,vit_small,nomix,saga,s12_post_norm,T0,l2,count_mad_stage,2000,MISSING,1,0,descriptive
across_checkpoints,e2r_vits_nomix_saga_s1,vit_small,nomix,saga,s12_post_norm,T0,centred_l2,count_mad_s11,2000,MISSING,1,1.6575,descriptive
across_checkpoints,e2r_vits_nomix_saga_s1,vit_small,nomix,saga,s12_post_norm,T0,centred_l2,count_mad_stage,2000,MISSING,1,0,descriptive
across_checkpoints,e2r_vits_nomix_saga_s1,vit_small,nomix,saga,s11_out,T1,l2,count_mad_s11,2000,MISSING,0.9865255102,1.6575,descriptive
across_checkpoints,e2r_vits_nomix_saga_s1,vit_small,nomix,saga,s11_out,T1,l2,count_mad_stage,2000,MISSING,0.9865255102,1.6575,descriptive
across_checkpoints,e2r_vits_nomix_saga_s1,vit_small,nomix,saga,s11_out,T1,centred_l2,count_mad_s11,2000,MISSING,0.9867857143,1.6575,descriptive
across_checkpoints,e2r_vits_nomix_saga_s1,vit_small,nomix,saga,s11_out,T1,centred_l2,count_mad_stage,2000,MISSING,0.9867857143,1.6575,descriptive
across_checkpoints,e2r_vits_nomix_saga_s1,vit_small,nomix,saga,hist,T1,l2,count_mad_s11,2000,MISSING,0.9829719388,1.6575,descriptive
across_checkpoints,e2r_vits_nomix_saga_s1,vit_small,nomix,saga,hist,T1,l2,count_mad_stage,2000,MISSING,0.9829719388,3.3845,descriptive
across_checkpoints,e2r_vits_nomix_saga_s1,vit_small,nomix,saga,hist,T1,centred_l2,count_mad_s11,2000,MISSING,0.9836096939,1.6575,descriptive
across_checkpoints,e2r_vits_nomix_saga_s1,vit_small,nomix,saga,hist,T1,centred_l2,count_mad_stage,2000,MISSING,0.9836096939,3.3845,descriptive
across_checkpoints,e2r_vits_nomix_saga_s1,vit_small,nomix,saga,s12_post_norm,T1,l2,count_mad_s11,2000,MISSING,0.985619898,1.6575,descriptive
across_checkpoints,e2r_vits_nomix_saga_s1,vit_small,nomix,saga,s12_post_norm,T1,l2,count_mad_stage,2000,MISSING,0.985619898,0,descriptive
across_checkpoints,e2r_vits_nomix_saga_s1,vit_small,nomix,saga,s12_post_norm,T1,centred_l2,count_mad_s11,2000,MISSING,0.9860255102,1.6575,descriptive
across_checkpoints,e2r_vits_nomix_saga_s1,vit_small,nomix,saga,s12_post_norm,T1,centred_l2,count_mad_stage,2000,MISSING,0.9860255102,0,descriptive
across_checkpoints,e2r_vits_nomix_saga_s1,vit_small,nomix,saga,s11_out,T2,l2,count_mad_s11,2000,MISSING,0.9725741758,2.0335,descriptive
across_checkpoints,e2r_vits_nomix_saga_s1,vit_small,nomix,saga,s11_out,T2,l2,count_mad_stage,2000,MISSING,0.9725741758,2.0335,descriptive
across_checkpoints,e2r_vits_nomix_saga_s1,vit_small,nomix,saga,s11_out,T2,centred_l2,count_mad_s11,2000,MISSING,0.9725934066,2.0335,descriptive
across_checkpoints,e2r_vits_nomix_saga_s1,vit_small,nomix,saga,s11_out,T2,centred_l2,count_mad_stage,2000,MISSING,0.9725934066,2.0335,descriptive
across_checkpoints,e2r_vits_nomix_saga_s1,vit_small,nomix,saga,hist,T2,l2,count_mad_s11,2000,MISSING,0.9711703297,2.0335,descriptive
across_checkpoints,e2r_vits_nomix_saga_s1,vit_small,nomix,saga,hist,T2,l2,count_mad_stage,2000,MISSING,0.9711703297,3.9745,descriptive
across_checkpoints,e2r_vits_nomix_saga_s1,vit_small,nomix,saga,hist,T2,centred_l2,count_mad_s11,2000,MISSING,0.9712335165,2.0335,descriptive
across_checkpoints,e2r_vits_nomix_saga_s1,vit_small,nomix,saga,hist,T2,centred_l2,count_mad_stage,2000,MISSING,0.9712335165,3.9745,descriptive
across_checkpoints,e2r_vits_nomix_saga_s1,vit_small,nomix,saga,s12_post_norm,T2,l2,count_mad_s11,2000,MISSING,0.9727005495,2.0335,descriptive
across_checkpoints,e2r_vits_nomix_saga_s1,vit_small,nomix,saga,s12_post_norm,T2,l2,count_mad_stage,2000,MISSING,0.9727005495,0,descriptive
across_checkpoints,e2r_vits_nomix_saga_s1,vit_small,nomix,saga,s12_post_norm,T2,centred_l2,count_mad_s11,2000,MISSING,0.9728983516,2.0335,descriptive
across_checkpoints,e2r_vits_nomix_saga_s1,vit_small,nomix,saga,s12_post_norm,T2,centred_l2,count_mad_stage,2000,MISSING,0.9728983516,0,descriptive
across_checkpoints,e2r_vits_nomix_saga_s1,vit_small,nomix,saga,s11_out,T3,l2,count_mad_s11,2000,MISSING,0.9682440476,2.11,descriptive
across_checkpoints,e2r_vits_nomix_saga_s1,vit_small,nomix,saga,s11_out,T3,l2,count_mad_stage,2000,MISSING,0.9682440476,2.11,descriptive
across_checkpoints,e2r_vits_nomix_saga_s1,vit_small,nomix,saga,s11_out,T3,centred_l2,count_mad_s11,2000,MISSING,0.9680505952,2.11,descriptive
across_checkpoints,e2r_vits_nomix_saga_s1,vit_small,nomix,saga,s11_out,T3,centred_l2,count_mad_stage,2000,MISSING,0.9680505952,2.11,descriptive
across_checkpoints,e2r_vits_nomix_saga_s1,vit_small,nomix,saga,hist,T3,l2,count_mad_s11,2000,MISSING,0.9658541667,2.11,descriptive
across_checkpoints,e2r_vits_nomix_saga_s1,vit_small,nomix,saga,hist,T3,l2,count_mad_stage,2000,MISSING,0.9658541667,4.1125,descriptive
across_checkpoints,e2r_vits_nomix_saga_s1,vit_small,nomix,saga,hist,T3,centred_l2,count_mad_s11,2000,MISSING,0.9657410714,2.11,descriptive
across_checkpoints,e2r_vits_nomix_saga_s1,vit_small,nomix,saga,hist,T3,centred_l2,count_mad_stage,2000,MISSING,0.9657410714,4.1125,descriptive
across_checkpoints,e2r_vits_nomix_saga_s1,vit_small,nomix,saga,s12_post_norm,T3,l2,count_mad_s11,2000,MISSING,0.9681458333,2.11,descriptive
across_checkpoints,e2r_vits_nomix_saga_s1,vit_small,nomix,saga,s12_post_norm,T3,l2,count_mad_stage,2000,MISSING,0.9681458333,0,descriptive
across_checkpoints,e2r_vits_nomix_saga_s1,vit_small,nomix,saga,s12_post_norm,T3,centred_l2,count_mad_s11,2000,MISSING,0.9682321429,2.11,descriptive
across_checkpoints,e2r_vits_nomix_saga_s1,vit_small,nomix,saga,s12_post_norm,T3,centred_l2,count_mad_stage,2000,MISSING,0.9682321429,0,descriptive
across_checkpoints,e2r_vits_nomix_saga_s2,vit_small,nomix,saga,s11_out,T0,l2,count_mad_s11,2000,MISSING,1,2.554,descriptive
across_checkpoints,e2r_vits_nomix_saga_s2,vit_small,nomix,saga,s11_out,T0,l2,count_mad_stage,2000,MISSING,1,2.554,descriptive
across_checkpoints,e2r_vits_nomix_saga_s2,vit_small,nomix,saga,s11_out,T0,centred_l2,count_mad_s11,2000,MISSING,1,2.554,descriptive
across_checkpoints,e2r_vits_nomix_saga_s2,vit_small,nomix,saga,s11_out,T0,centred_l2,count_mad_stage,2000,MISSING,1,2.554,descriptive
across_checkpoints,e2r_vits_nomix_saga_s2,vit_small,nomix,saga,hist,T0,l2,count_mad_s11,2000,MISSING,1,2.554,descriptive
across_checkpoints,e2r_vits_nomix_saga_s2,vit_small,nomix,saga,hist,T0,l2,count_mad_stage,2000,MISSING,1,2.287,descriptive
across_checkpoints,e2r_vits_nomix_saga_s2,vit_small,nomix,saga,hist,T0,centred_l2,count_mad_s11,2000,MISSING,1,2.554,descriptive
across_checkpoints,e2r_vits_nomix_saga_s2,vit_small,nomix,saga,hist,T0,centred_l2,count_mad_stage,2000,MISSING,1,2.287,descriptive
across_checkpoints,e2r_vits_nomix_saga_s2,vit_small,nomix,saga,s12_post_norm,T0,l2,count_mad_s11,2000,MISSING,1,2.554,descriptive
across_checkpoints,e2r_vits_nomix_saga_s2,vit_small,nomix,saga,s12_post_norm,T0,l2,count_mad_stage,2000,MISSING,1,0.008,descriptive
across_checkpoints,e2r_vits_nomix_saga_s2,vit_small,nomix,saga,s12_post_norm,T0,centred_l2,count_mad_s11,2000,MISSING,1,2.554,descriptive
across_checkpoints,e2r_vits_nomix_saga_s2,vit_small,nomix,saga,s12_post_norm,T0,centred_l2,count_mad_stage,2000,MISSING,1,0.008,descriptive
across_checkpoints,e2r_vits_nomix_saga_s2,vit_small,nomix,saga,s11_out,T1,l2,count_mad_s11,2000,MISSING,0.9944719388,2.554,descriptive
across_checkpoints,e2r_vits_nomix_saga_s2,vit_small,nomix,saga,s11_out,T1,l2,count_mad_stage,2000,MISSING,0.9944719388,2.554,descriptive
across_checkpoints,e2r_vits_nomix_saga_s2,vit_small,nomix,saga,s11_out,T1,centred_l2,count_mad_s11,2000,MISSING,0.9946428571,2.554,descriptive
across_checkpoints,e2r_vits_nomix_saga_s2,vit_small,nomix,saga,s11_out,T1,centred_l2,count_mad_stage,2000,MISSING,0.9946428571,2.554,descriptive
across_checkpoints,e2r_vits_nomix_saga_s2,vit_small,nomix,saga,hist,T1,l2,count_mad_s11,2000,MISSING,0.9932780612,2.554,descriptive
across_checkpoints,e2r_vits_nomix_saga_s2,vit_small,nomix,saga,hist,T1,l2,count_mad_stage,2000,MISSING,0.9932780612,2.287,descriptive
across_checkpoints,e2r_vits_nomix_saga_s2,vit_small,nomix,saga,hist,T1,centred_l2,count_mad_s11,2000,MISSING,0.9933469388,2.554,descriptive
across_checkpoints,e2r_vits_nomix_saga_s2,vit_small,nomix,saga,hist,T1,centred_l2,count_mad_stage,2000,MISSING,0.9933469388,2.287,descriptive
across_checkpoints,e2r_vits_nomix_saga_s2,vit_small,nomix,saga,s12_post_norm,T1,l2,count_mad_s11,2000,MISSING,0.9940127551,2.554,descriptive
across_checkpoints,e2r_vits_nomix_saga_s2,vit_small,nomix,saga,s12_post_norm,T1,l2,count_mad_stage,2000,MISSING,0.9940127551,0.008,descriptive
across_checkpoints,e2r_vits_nomix_saga_s2,vit_small,nomix,saga,s12_post_norm,T1,centred_l2,count_mad_s11,2000,MISSING,0.9942168367,2.554,descriptive
across_checkpoints,e2r_vits_nomix_saga_s2,vit_small,nomix,saga,s12_post_norm,T1,centred_l2,count_mad_stage,2000,MISSING,0.9942168367,0.008,descriptive
across_checkpoints,e2r_vits_nomix_saga_s2,vit_small,nomix,saga,s11_out,T2,l2,count_mad_s11,2000,MISSING,0.9744120879,3.1605,descriptive
across_checkpoints,e2r_vits_nomix_saga_s2,vit_small,nomix,saga,s11_out,T2,l2,count_mad_stage,2000,MISSING,0.9744120879,3.1605,descriptive
across_checkpoints,e2r_vits_nomix_saga_s2,vit_small,nomix,saga,s11_out,T2,centred_l2,count_mad_s11,2000,MISSING,0.9744093407,3.1605,descriptive
across_checkpoints,e2r_vits_nomix_saga_s2,vit_small,nomix,saga,s11_out,T2,centred_l2,count_mad_stage,2000,MISSING,0.9744093407,3.1605,descriptive
across_checkpoints,e2r_vits_nomix_saga_s2,vit_small,nomix,saga,hist,T2,l2,count_mad_s11,2000,MISSING,0.9721043956,3.1605,descriptive
across_checkpoints,e2r_vits_nomix_saga_s2,vit_small,nomix,saga,hist,T2,l2,count_mad_stage,2000,MISSING,0.9721043956,2.4155,descriptive
across_checkpoints,e2r_vits_nomix_saga_s2,vit_small,nomix,saga,hist,T2,centred_l2,count_mad_s11,2000,MISSING,0.9720302198,3.1605,descriptive
across_checkpoints,e2r_vits_nomix_saga_s2,vit_small,nomix,saga,hist,T2,centred_l2,count_mad_stage,2000,MISSING,0.9720302198,2.4155,descriptive
across_checkpoints,e2r_vits_nomix_saga_s2,vit_small,nomix,saga,s12_post_norm,T2,l2,count_mad_s11,2000,MISSING,0.9743324176,3.1605,descriptive
across_checkpoints,e2r_vits_nomix_saga_s2,vit_small,nomix,saga,s12_post_norm,T2,l2,count_mad_stage,2000,MISSING,0.9743324176,0,descriptive
across_checkpoints,e2r_vits_nomix_saga_s2,vit_small,nomix,saga,s12_post_norm,T2,centred_l2,count_mad_s11,2000,MISSING,0.9744423077,3.1605,descriptive
across_checkpoints,e2r_vits_nomix_saga_s2,vit_small,nomix,saga,s12_post_norm,T2,centred_l2,count_mad_stage,2000,MISSING,0.9744423077,0,descriptive
across_checkpoints,e2r_vits_nomix_saga_s2,vit_small,nomix,saga,s11_out,T3,l2,count_mad_s11,2000,MISSING,0.9697232143,3.1125,descriptive
across_checkpoints,e2r_vits_nomix_saga_s2,vit_small,nomix,saga,s11_out,T3,l2,count_mad_stage,2000,MISSING,0.9697232143,3.1125,descriptive
across_checkpoints,e2r_vits_nomix_saga_s2,vit_small,nomix,saga,s11_out,T3,centred_l2,count_mad_s11,2000,MISSING,0.9693005952,3.1125,descriptive
across_checkpoints,e2r_vits_nomix_saga_s2,vit_small,nomix,saga,s11_out,T3,centred_l2,count_mad_stage,2000,MISSING,0.9693005952,3.1125,descriptive
across_checkpoints,e2r_vits_nomix_saga_s2,vit_small,nomix,saga,hist,T3,l2,count_mad_s11,2000,MISSING,0.966077381,3.1125,descriptive
across_checkpoints,e2r_vits_nomix_saga_s2,vit_small,nomix,saga,hist,T3,l2,count_mad_stage,2000,MISSING,0.966077381,2.3355,descriptive
across_checkpoints,e2r_vits_nomix_saga_s2,vit_small,nomix,saga,hist,T3,centred_l2,count_mad_s11,2000,MISSING,0.9658541667,3.1125,descriptive
across_checkpoints,e2r_vits_nomix_saga_s2,vit_small,nomix,saga,hist,T3,centred_l2,count_mad_stage,2000,MISSING,0.9658541667,2.3355,descriptive
across_checkpoints,e2r_vits_nomix_saga_s2,vit_small,nomix,saga,s12_post_norm,T3,l2,count_mad_s11,2000,MISSING,0.9691636905,3.1125,descriptive
across_checkpoints,e2r_vits_nomix_saga_s2,vit_small,nomix,saga,s12_post_norm,T3,l2,count_mad_stage,2000,MISSING,0.9691636905,0.0055,descriptive
across_checkpoints,e2r_vits_nomix_saga_s2,vit_small,nomix,saga,s12_post_norm,T3,centred_l2,count_mad_s11,2000,MISSING,0.9692827381,3.1125,descriptive
across_checkpoints,e2r_vits_nomix_saga_s2,vit_small,nomix,saga,s12_post_norm,T3,centred_l2,count_mad_stage,2000,MISSING,0.9692827381,0.0055,descriptive
