run_id,arch,recipe_actual,variant,provenance_tag,condition_id,stage,transform,descriptor,n_images,n_shared,grid,chance_exact,chance_1,acc_exact_mean,acc_exact_ci_lo,acc_exact_ci_hi,acc_1_mean,acc_1_ci_lo,acc_1_ci_hi,mean_nn_sim,acc_exact_over_chance,endpoint_class
legacy_e2_vit_base_nomixdir_baseline,vit_base,mixup,baseline,legacy-nomixdir,native,s11_out,T0,l2,2000,196,14,0.005102040816,0.04164931279,1,1,1,1,1,1,0.9999999948,196,secondary
legacy_e2_vit_base_nomixdir_baseline,vit_base,mixup,baseline,legacy-nomixdir,native,s11_out,T0,centred_l2,2000,196,14,0.005102040816,0.04164931279,1,1,1,1,1,1,0.9999999959,196,secondary
legacy_e2_vit_base_nomixdir_baseline,vit_base,mixup,baseline,legacy-nomixdir,native,hist,T0,l2,2000,196,14,0.005102040816,0.04164931279,1,1,1,1,1,1,0.9999999963,196,secondary
legacy_e2_vit_base_nomixdir_baseline,vit_base,mixup,baseline,legacy-nomixdir,native,hist,T0,centred_l2,2000,196,14,0.005102040816,0.04164931279,1,1,1,1,1,1,0.9999999965,196,secondary
legacy_e2_vit_base_nomixdir_baseline,vit_base,mixup,baseline,legacy-nomixdir,native,s12_post_norm,T0,l2,2000,196,14,0.005102040816,0.04164931279,1,1,1,1,1,1,0.9999999906,196,secondary
legacy_e2_vit_base_nomixdir_baseline,vit_base,mixup,baseline,legacy-nomixdir,native,s12_post_norm,T0,centred_l2,2000,196,14,0.005102040816,0.04164931279,1,1,1,1,1,1,0.9999999864,196,secondary
legacy_e2_vit_base_nomixdir_baseline,vit_base,mixup,baseline,legacy-nomixdir,native,s11_out,T1,l2,2000,196,14,0.005102040816,0.04164931279,0.848994898,0.8465330995,0.8514260842,0.8941403061,0.8920892219,0.8961072066,0.9440184086,166.403,secondary
legacy_e2_vit_base_nomixdir_baseline,vit_base,mixup,baseline,legacy-nomixdir,native,s11_out,T1,centred_l2,2000,196,14,0.005102040816,0.04164931279,0.8469591837,0.8445330995,0.849375,0.8936505102,0.891594324,0.8956479592,0.9197469814,166.004,secondary
legacy_e2_vit_base_nomixdir_baseline,vit_base,mixup,baseline,legacy-nomixdir,native,hist,T1,l2,2000,196,14,0.005102040816,0.04164931279,0.8240459184,0.8213111607,0.8268010204,0.8752678571,0.8729591199,0.8775510204,0.942848597,161.513,secondary
legacy_e2_vit_base_nomixdir_baseline,vit_base,mixup,baseline,legacy-nomixdir,native,hist,T1,centred_l2,2000,196,14,0.005102040816,0.04164931279,0.8241607143,0.8214183673,0.8268903061,0.8745204082,0.872221875,0.8768239796,0.9179453293,161.5355,secondary
legacy_e2_vit_base_nomixdir_baseline,vit_base,mixup,baseline,legacy-nomixdir,native,s12_post_norm,T1,l2,2000,196,14,0.005102040816,0.04164931279,0.8468647959,0.844348852,0.8493826531,0.8948520408,0.8927422832,0.896898023,0.9237602168,165.9855,secondary
legacy_e2_vit_base_nomixdir_baseline,vit_base,mixup,baseline,legacy-nomixdir,native,s12_post_norm,T1,centred_l2,2000,196,14,0.005102040816,0.04164931279,0.8470357143,0.8445254464,0.8495688776,0.894244898,0.8921604592,0.8962806122,0.9029462215,166.019,secondary
legacy_e2_vit_base_nomixdir_baseline,vit_base,mixup,baseline,legacy-nomixdir,native,s11_out,T2,l2,2000,182,14,0.005102040816,0.04261045077,0.8695851648,0.8661400412,0.8729588599,0.9168269231,0.9149037775,0.9187500687,0.9730757456,170.4386923,secondary
legacy_e2_vit_base_nomixdir_baseline,vit_base,mixup,baseline,legacy-nomixdir,native,s11_out,T2,centred_l2,2000,182,14,0.005102040816,0.04261045077,0.8678241758,0.8644120879,0.871206044,0.9160686813,0.914148283,0.9179972527,0.9583795575,170.0935385,secondary
legacy_e2_vit_base_nomixdir_baseline,vit_base,mixup,baseline,legacy-nomixdir,native,hist,T2,l2,2000,182,14,0.005102040816,0.04261045077,0.855043956,0.851420261,0.8585934066,0.9040576923,0.9018983516,0.9062116758,0.9687962464,167.5886154,secondary
legacy_e2_vit_base_nomixdir_baseline,vit_base,mixup,baseline,legacy-nomixdir,native,hist,T2,centred_l2,2000,182,14,0.005102040816,0.04261045077,0.8550824176,0.8515274725,0.8586457418,0.9033791209,0.9012417582,0.9055440247,0.95622001,167.5961538,secondary
legacy_e2_vit_base_nomixdir_baseline,vit_base,mixup,baseline,legacy-nomixdir,native,s12_post_norm,T2,l2,2000,182,14,0.005102040816,0.04261045077,0.8705741758,0.8670659341,0.8740275412,0.9185631868,0.9165796016,0.9205605769,0.9572148401,170.6325385,secondary
legacy_e2_vit_base_nomixdir_baseline,vit_base,mixup,baseline,legacy-nomixdir,native,s12_post_norm,T2,centred_l2,2000,182,14,0.005102040816,0.04261045077,0.8699725275,0.8664641484,0.8734258242,0.917543956,0.9155905907,0.919503022,0.9488066764,170.5146154,secondary
legacy_e2_vit_base_nomixdir_baseline,vit_base,mixup,baseline,legacy-nomixdir,native,s11_out,T3,l2,2000,168,14,0.005102040816,0.0425170068,0.8478125,0.8441844494,0.8512680804,0.8873333333,0.8843778274,0.8901429315,0.9589849695,166.17125,secondary
legacy_e2_vit_base_nomixdir_baseline,vit_base,mixup,baseline,legacy-nomixdir,native,s11_out,T3,centred_l2,2000,168,14,0.005102040816,0.0425170068,0.8458720238,0.8423005208,0.8493363095,0.8866339286,0.8836813988,0.8894672619,0.9393152752,165.7909167,secondary
legacy_e2_vit_base_nomixdir_baseline,vit_base,mixup,baseline,legacy-nomixdir,native,hist,T3,l2,2000,168,14,0.005102040816,0.0425170068,0.8280982143,0.8243422619,0.8317650298,0.8710357143,0.8679017113,0.8740834077,0.9532330333,162.30725,secondary
legacy_e2_vit_base_nomixdir_baseline,vit_base,mixup,baseline,legacy-nomixdir,native,hist,T3,centred_l2,2000,168,14,0.005102040816,0.0425170068,0.8282529762,0.8245357143,0.831889881,0.8707321429,0.8676488095,0.8737321429,0.9358861529,162.3375833,secondary
legacy_e2_vit_base_nomixdir_baseline,vit_base,mixup,baseline,legacy-nomixdir,native,s12_post_norm,T3,l2,2000,168,14,0.005102040816,0.0425170068,0.8470714286,0.8434017857,0.850628125,0.8881160714,0.885125,0.8910091518,0.9368507569,166.026,secondary
legacy_e2_vit_base_nomixdir_baseline,vit_base,mixup,baseline,legacy-nomixdir,native,s12_post_norm,T3,centred_l2,2000,168,14,0.005102040816,0.0425170068,0.8468125,0.8431665923,0.8503513393,0.887297619,0.8842915923,0.8901875744,0.9237557991,165.97525,secondary
e2r_vitb_mixup_baseline_s1,vit_base,mixup,baseline,s1,native,s11_out,T0,l2,2000,196,14,0.005102040816,0.04164931279,1,1,1,1,1,1,0.9999999892,196,secondary
e2r_vitb_mixup_baseline_s1,vit_base,mixup,baseline,s1,native,s11_out,T0,centred_l2,2000,196,14,0.005102040816,0.04164931279,1,1,1,1,1,1,0.9999999882,196,secondary
e2r_vitb_mixup_baseline_s1,vit_base,mixup,baseline,s1,native,hist,T0,l2,2000,196,14,0.005102040816,0.04164931279,1,1,1,1,1,1,0.9999999781,196,secondary
e2r_vitb_mixup_baseline_s1,vit_base,mixup,baseline,s1,native,hist,T0,centred_l2,2000,196,14,0.005102040816,0.04164931279,1,1,1,1,1,1,0.9999999896,196,secondary
e2r_vitb_mixup_baseline_s1,vit_base,mixup,baseline,s1,native,s12_post_norm,T0,l2,2000,196,14,0.005102040816,0.04164931279,1,1,1,1,1,1,0.9999999918,196,secondary
e2r_vitb_mixup_baseline_s1,vit_base,mixup,baseline,s1,native,s12_post_norm,T0,centred_l2,2000,196,14,0.005102040816,0.04164931279,1,1,1,1,1,1,0.9999999872,196,secondary
e2r_vitb_mixup_baseline_s1,vit_base,mixup,baseline,s1,native,s11_out,T1,l2,2000,196,14,0.005102040816,0.04164931279,0.8025739796,0.7997422194,0.8053520408,0.8504464286,0.8480612245,0.8528342474,0.9608986515,157.3045,secondary
e2r_vitb_mixup_baseline_s1,vit_base,mixup,baseline,s1,native,s11_out,T1,centred_l2,2000,196,14,0.005102040816,0.04164931279,0.7999668367,0.7971146684,0.8027755102,0.8493265306,0.8469260204,0.8516991071,0.9446120295,156.7935,secondary
e2r_vitb_mixup_baseline_s1,vit_base,mixup,baseline,s1,native,hist,T1,l2,2000,196,14,0.005102040816,0.04164931279,0.7954821429,0.792625,0.7983342474,0.8443418367,0.8419132653,0.8467653061,0.9817677948,155.9145,secondary
e2r_vitb_mixup_baseline_s1,vit_base,mixup,baseline,s1,native,hist,T1,centred_l2,2000,196,14,0.005102040816,0.04164931279,0.7966530612,0.7937933673,0.7995102679,0.8457602041,0.8433774872,0.8481683673,0.9402766471,156.144,secondary
e2r_vitb_mixup_baseline_s1,vit_base,mixup,baseline,s1,native,s12_post_norm,T1,l2,2000,196,14,0.005102040816,0.04164931279,0.8051709184,0.8023392857,0.8079336735,0.8527602041,0.8504030612,0.8551147959,0.9619786817,157.8135,secondary
e2r_vitb_mixup_baseline_s1,vit_base,mixup,baseline,s1,native,s12_post_norm,T1,centred_l2,2000,196,14,0.005102040816,0.04164931279,0.8067576531,0.8039335459,0.8095433673,0.8549107143,0.852571301,0.8572245536,0.9224928433,158.1245,secondary
e2r_vitb_mixup_baseline_s1,vit_base,mixup,baseline,s1,native,s11_out,T2,l2,2000,182,14,0.005102040816,0.04261045077,0.8382527473,0.8346179945,0.8418324863,0.8817032967,0.879260783,0.8841649038,0.9739496522,164.2975385,secondary
e2r_vitb_mixup_baseline_s1,vit_base,mixup,baseline,s1,native,s11_out,T2,centred_l2,2000,182,14,0.005102040816,0.04261045077,0.8371071429,0.8334532967,0.8406731456,0.881271978,0.8788158654,0.8837033654,0.9628375813,164.073,secondary
e2r_vitb_mixup_baseline_s1,vit_base,mixup,baseline,s1,native,hist,T2,l2,2000,182,14,0.005102040816,0.04261045077,0.8330961538,0.8294148352,0.8367061813,0.8767637363,0.8742334478,0.8792583104,0.9856459344,163.2868462,secondary
e2r_vitb_mixup_baseline_s1,vit_base,mixup,baseline,s1,native,hist,T2,centred_l2,2000,182,14,0.005102040816,0.04261045077,0.8341208791,0.8304614698,0.8376703984,0.8780906593,0.8756263736,0.880535783,0.9595992259,163.4876923,secondary
e2r_vitb_mixup_baseline_s1,vit_base,mixup,baseline,s1,native,s12_post_norm,T2,l2,2000,182,14,0.005102040816,0.04261045077,0.8400659341,0.8364146978,0.8436402473,0.8832692308,0.8808159341,0.8857307692,0.9710929621,164.6529231,secondary
e2r_vitb_mixup_baseline_s1,vit_base,mixup,baseline,s1,native,s12_post_norm,T2,centred_l2,2000,182,14,0.005102040816,0.04261045077,0.8420961538,0.8384834478,0.845626511,0.8855686813,0.8831565934,0.8879835165,0.9488517033,165.0508462,secondary
e2r_vitb_mixup_baseline_s1,vit_base,mixup,baseline,s1,native,s11_out,T3,l2,2000,168,14,0.005102040816,0.0425170068,0.8105833333,0.8068332589,0.814259003,0.8482857143,0.8450415923,0.8514853423,0.9622510909,158.8743333,secondary
e2r_vitb_mixup_baseline_s1,vit_base,mixup,baseline,s1,native,s11_out,T3,centred_l2,2000,168,14,0.005102040816,0.0425170068,0.8087380952,0.804949256,0.8124167411,0.8475238095,0.8442380208,0.8507440476,0.9483932789,158.5126667,secondary
e2r_vitb_mixup_baseline_s1,vit_base,mixup,baseline,s1,native,hist,T3,l2,2000,168,14,0.005102040816,0.0425170068,0.8026607143,0.7988213542,0.8064285714,0.8417261905,0.8383421875,0.8449880952,0.9790705793,157.3215,secondary
e2r_vitb_mixup_baseline_s1,vit_base,mixup,baseline,s1,native,hist,T3,centred_l2,2000,168,14,0.005102040816,0.0425170068,0.8049315476,0.8011369048,0.8086162946,0.8435446429,0.8402111607,0.8467768601,0.9431465654,157.7665833,secondary
e2r_vitb_mixup_baseline_s1,vit_base,mixup,baseline,s1,native,s12_post_norm,T3,l2,2000,168,14,0.005102040816,0.0425170068,0.8119404762,0.8081604911,0.8156339286,0.8494404762,0.846139881,0.852690625,0.9574719197,159.1403333,secondary
e2r_vitb_mixup_baseline_s1,vit_base,mixup,baseline,s1,native,s12_post_norm,T3,centred_l2,2000,168,14,0.005102040816,0.0425170068,0.8147410714,0.8109850446,0.8183958333,0.8522857143,0.8489821429,0.8554856399,0.9270263797,159.68925,secondary
legacy_e2_vit_small_mixupdir_baseline,vit_small,mixup,baseline,legacy-mixupdir,native,s11_out,T0,l2,2000,196,14,0.005102040816,0.04164931279,1,1,1,1,1,1,0.9999999987,196,secondary
legacy_e2_vit_small_mixupdir_baseline,vit_small,mixup,baseline,legacy-mixupdir,native,s11_out,T0,centred_l2,2000,196,14,0.005102040816,0.04164931279,1,1,1,1,1,1,0.9999999992,196,secondary
legacy_e2_vit_small_mixupdir_baseline,vit_small,mixup,baseline,legacy-mixupdir,native,hist,T0,l2,2000,196,14,0.005102040816,0.04164931279,1,1,1,1,1,1,0.999999999,196,secondary
legacy_e2_vit_small_mixupdir_baseline,vit_small,mixup,baseline,legacy-mixupdir,native,hist,T0,centred_l2,2000,196,14,0.005102040816,0.04164931279,1,1,1,1,1,1,0.9999999993,196,secondary
legacy_e2_vit_small_mixupdir_baseline,vit_small,mixup,baseline,legacy-mixupdir,native,s12_post_norm,T0,l2,2000,196,14,0.005102040816,0.04164931279,1,1,1,1,1,1,0.9999999988,196,secondary
legacy_e2_vit_small_mixupdir_baseline,vit_small,mixup,baseline,legacy-mixupdir,native,s12_post_norm,T0,centred_l2,2000,196,14,0.005102040816,0.04164931279,1,1,1,1,1,1,0.999999999,196,secondary
legacy_e2_vit_small_mixupdir_baseline,vit_small,mixup,baseline,legacy-mixupdir,native,s11_out,T1,l2,2000,196,14,0.005102040816,0.04164931279,0.8928979592,0.8905662628,0.8951454719,0.9268979592,0.9250969388,0.9286530612,0.9571001223,175.008,secondary
legacy_e2_vit_small_mixupdir_baseline,vit_small,mixup,baseline,legacy-mixupdir,native,s11_out,T1,centred_l2,2000,196,14,0.005102040816,0.04164931279,0.8930943878,0.8907933036,0.8953418367,0.9271505102,0.9253774872,0.9288928571,0.9344074701,175.0465,secondary
legacy_e2_vit_small_mixupdir_baseline,vit_small,mixup,baseline,legacy-mixupdir,native,hist,T1,l2,2000,196,14,0.005102040816,0.04164931279,0.8894821429,0.8871274235,0.8917831633,0.9244285714,0.922627551,0.9262220026,0.9565529823,174.3385,secondary
legacy_e2_vit_small_mixupdir_baseline,vit_small,mixup,baseline,legacy-mixupdir,native,hist,T1,centred_l2,2000,196,14,0.005102040816,0.04164931279,0.8880739796,0.8857116709,0.8903929209,0.9226760204,0.9208367347,0.9244848214,0.9319111014,174.0625,secondary
legacy_e2_vit_small_mixupdir_baseline,vit_small,mixup,baseline,legacy-mixupdir,native,s12_post_norm,T1,l2,2000,196,14,0.005102040816,0.04164931279,0.8955280612,0.8932473852,0.8977526148,0.9296403061,0.9278954082,0.9313596939,0.9490815153,175.5235,secondary
legacy_e2_vit_small_mixupdir_baseline,vit_small,mixup,baseline,legacy-mixupdir,native,s12_post_norm,T1,centred_l2,2000,196,14,0.005102040816,0.04164931279,0.8951632653,0.8928928571,0.8973878827,0.9289209184,0.9271836097,0.930630102,0.922077918,175.452,secondary
legacy_e2_vit_small_mixupdir_baseline,vit_small,mixup,baseline,legacy-mixupdir,native,s11_out,T2,l2,2000,182,14,0.005102040816,0.04261045077,0.9050824176,0.9019835165,0.9080576923,0.9403763736,0.9386317995,0.9421565934,0.9773154494,177.3961538,secondary
legacy_e2_vit_small_mixupdir_baseline,vit_small,mixup,baseline,legacy-mixupdir,native,s11_out,T2,centred_l2,2000,182,14,0.005102040816,0.04261045077,0.9053571429,0.9022527473,0.9083352335,0.9408763736,0.9391126374,0.9426565934,0.9648432925,177.45,secondary
legacy_e2_vit_small_mixupdir_baseline,vit_small,mixup,baseline,legacy-mixupdir,native,hist,T2,l2,2000,182,14,0.005102040816,0.04261045077,0.9031016484,0.9000383242,0.90606875,0.9389862637,0.937225206,0.9407637363,0.9750540387,177.0079231,secondary
legacy_e2_vit_small_mixupdir_baseline,vit_small,mixup,baseline,legacy-mixupdir,native,hist,T2,centred_l2,2000,182,14,0.005102040816,0.04261045077,0.9018653846,0.8987637363,0.9048737637,0.9373186813,0.9355410714,0.9391401099,0.963969844,176.7656154,secondary
legacy_e2_vit_small_mixupdir_baseline,vit_small,mixup,baseline,legacy-mixupdir,native,s12_post_norm,T2,l2,2000,182,14,0.005102040816,0.04261045077,0.9080467033,0.9049861951,0.9110138049,0.9435769231,0.9418626374,0.9452830357,0.9702843703,177.9771538,secondary
legacy_e2_vit_small_mixupdir_baseline,vit_small,mixup,baseline,legacy-mixupdir,native,s12_post_norm,T2,centred_l2,2000,182,14,0.005102040816,0.04261045077,0.9076950549,0.9046290522,0.9106620879,0.9429587912,0.941225206,0.9446785714,0.9581779484,177.9082308,secondary
legacy_e2_vit_small_mixupdir_baseline,vit_small,mixup,baseline,legacy-mixupdir,native,s11_out,T3,l2,2000,168,14,0.005102040816,0.0425170068,0.894547619,0.8915654762,0.8974197917,0.9232857143,0.9208540179,0.9256011905,0.9645509257,175.3313333,secondary
legacy_e2_vit_small_mixupdir_baseline,vit_small,mixup,baseline,legacy-mixupdir,native,s11_out,T3,centred_l2,2000,168,14,0.005102040816,0.0425170068,0.8952380952,0.8922796875,0.8980982887,0.9238928571,0.9214880952,0.9262142857,0.9455224365,175.4666667,secondary
legacy_e2_vit_small_mixupdir_baseline,vit_small,mixup,baseline,legacy-mixupdir,native,hist,T3,l2,2000,168,14,0.005102040816,0.0425170068,0.8914732143,0.888505878,0.8943482143,0.920827381,0.9184135417,0.9231607143,0.9608239892,174.72875,secondary
legacy_e2_vit_small_mixupdir_baseline,vit_small,mixup,baseline,legacy-mixupdir,native,hist,T3,centred_l2,2000,168,14,0.005102040816,0.0425170068,0.8908511905,0.8878452381,0.8937380952,0.9196994048,0.9172738095,0.9220357143,0.943658161,174.6068333,secondary
legacy_e2_vit_small_mixupdir_baseline,vit_small,mixup,baseline,legacy-mixupdir,native,s12_post_norm,T3,l2,2000,168,14,0.005102040816,0.0425170068,0.897514881,0.8945595238,0.900384003,0.9259970238,0.9236158482,0.9283125744,0.9543827259,175.9129167,secondary
legacy_e2_vit_small_mixupdir_baseline,vit_small,mixup,baseline,legacy-mixupdir,native,s12_post_norm,T3,centred_l2,2000,168,14,0.005102040816,0.0425170068,0.8975952381,0.8946517113,0.900422619,0.9256011905,0.9232409226,0.9278928571,0.9346726316,175.9286667,secondary
legacy_e2_vit_small_nomixdir_baseline,vit_small,mixup,baseline,legacy-nomixdir,native,s11_out,T0,l2,2000,196,14,0.005102040816,0.04164931279,1,1,1,1,1,1,0.9999999986,196,secondary
legacy_e2_vit_small_nomixdir_baseline,vit_small,mixup,baseline,legacy-nomixdir,native,s11_out,T0,centred_l2,2000,196,14,0.005102040816,0.04164931279,1,1,1,1,1,1,0.9999999977,196,secondary
legacy_e2_vit_small_nomixdir_baseline,vit_small,mixup,baseline,legacy-nomixdir,native,hist,T0,l2,2000,196,14,0.005102040816,0.04164931279,1,1,1,1,1,1,0.9999999978,196,secondary
legacy_e2_vit_small_nomixdir_baseline,vit_small,mixup,baseline,legacy-nomixdir,native,hist,T0,centred_l2,2000,196,14,0.005102040816,0.04164931279,1,1,1,1,1,1,0.9999999979,196,secondary
legacy_e2_vit_small_nomixdir_baseline,vit_small,mixup,baseline,legacy-nomixdir,native,s12_post_norm,T0,l2,2000,196,14,0.005102040816,0.04164931279,1,1,1,1,1,1,0.9999999987,196,secondary
legacy_e2_vit_small_nomixdir_baseline,vit_small,mixup,baseline,legacy-nomixdir,native,s12_post_norm,T0,centred_l2,2000,196,14,0.005102040816,0.04164931279,1,1,1,1,1,1,0.9999999991,196,secondary
legacy_e2_vit_small_nomixdir_baseline,vit_small,mixup,baseline,legacy-nomixdir,native,s11_out,T1,l2,2000,196,14,0.005102040816,0.04164931279,0.8988163265,0.8967754464,0.9008188776,0.9305331633,0.9289234056,0.9320918367,0.9559758808,176.168,secondary
legacy_e2_vit_small_nomixdir_baseline,vit_small,mixup,baseline,legacy-nomixdir,native,s11_out,T1,centred_l2,2000,196,14,0.005102040816,0.04164931279,0.8991326531,0.897119898,0.901125,0.9312066327,0.9295969388,0.9327577168,0.9367596954,176.23,secondary
legacy_e2_vit_small_nomixdir_baseline,vit_small,mixup,baseline,legacy-nomixdir,native,hist,T1,l2,2000,196,14,0.005102040816,0.04164931279,0.8961632653,0.8940866071,0.8981760842,0.9287040816,0.9270611607,0.9302857143,0.9615244347,175.648,secondary
legacy_e2_vit_small_nomixdir_baseline,vit_small,mixup,baseline,legacy-nomixdir,native,hist,T1,centred_l2,2000,196,14,0.005102040816,0.04164931279,0.8947423469,0.8926683673,0.8967704719,0.9268341837,0.9251811224,0.9284030612,0.9326203284,175.3695,secondary
legacy_e2_vit_small_nomixdir_baseline,vit_small,mixup,baseline,legacy-nomixdir,native,s12_post_norm,T1,l2,2000,196,14,0.005102040816,0.04164931279,0.9014591837,0.8994489796,0.9034184311,0.933380102,0.9317984056,0.9349184311,0.9470538431,176.686,secondary
legacy_e2_vit_small_nomixdir_baseline,vit_small,mixup,baseline,legacy-nomixdir,native,s12_post_norm,T1,centred_l2,2000,196,14,0.005102040816,0.04164931279,0.9007602041,0.8987653061,0.9027193878,0.9325382653,0.930946301,0.9340536352,0.9219622931,176.549,secondary
legacy_e2_vit_small_nomixdir_baseline,vit_small,mixup,baseline,legacy-nomixdir,native,s11_out,T2,l2,2000,182,14,0.005102040816,0.04261045077,0.9039148352,0.9009587912,0.9067583104,0.9395521978,0.9379010302,0.9412308379,0.9756258118,177.1673077,secondary
legacy_e2_vit_small_nomixdir_baseline,vit_small,mixup,baseline,legacy-nomixdir,native,s11_out,T2,centred_l2,2000,182,14,0.005102040816,0.04261045077,0.9046483516,0.9017168269,0.9074891484,0.9406758242,0.9390631181,0.9423324176,0.9643240316,177.3110769,secondary
legacy_e2_vit_small_nomixdir_baseline,vit_small,mixup,baseline,legacy-nomixdir,native,hist,T2,l2,2000,182,14,0.005102040816,0.04261045077,0.9023626374,0.8994175137,0.9052171016,0.9382857143,0.9366263736,0.9399972527,0.9762774453,176.8630769,secondary
legacy_e2_vit_small_nomixdir_baseline,vit_small,mixup,baseline,legacy-nomixdir,native,hist,T2,centred_l2,2000,182,14,0.005102040816,0.04261045077,0.9011071429,0.8981756181,0.9039835852,0.9369615385,0.9353076236,0.9386510989,0.9621725577,176.617,secondary
legacy_e2_vit_small_nomixdir_baseline,vit_small,mixup,baseline,legacy-nomixdir,native,s12_post_norm,T2,l2,2000,182,14,0.005102040816,0.04261045077,0.9065247253,0.9036180632,0.9093380495,0.9424230769,0.940837706,0.944043956,0.9671991083,177.6788462,secondary
legacy_e2_vit_small_nomixdir_baseline,vit_small,mixup,baseline,legacy-nomixdir,native,s12_post_norm,T2,centred_l2,2000,182,14,0.005102040816,0.04261045077,0.9063021978,0.9034010989,0.9091346154,0.9419175824,0.9403213599,0.9435550137,0.9558631769,177.6352308,secondary
legacy_e2_vit_small_nomixdir_baseline,vit_small,mixup,baseline,legacy-nomixdir,native,s11_out,T3,l2,2000,168,14,0.005102040816,0.0425170068,0.8869464286,0.8837886161,0.8900834077,0.9180505952,0.9155267857,0.9205209077,0.9620698095,173.8415,secondary
legacy_e2_vit_small_nomixdir_baseline,vit_small,mixup,baseline,legacy-nomixdir,native,s11_out,T3,centred_l2,2000,168,14,0.005102040816,0.0425170068,0.8879047619,0.8847648065,0.891009003,0.9191309524,0.9166219494,0.9215775298,0.9452404711,174.0293333,secondary
legacy_e2_vit_small_nomixdir_baseline,vit_small,mixup,baseline,legacy-nomixdir,native,hist,T3,l2,2000,168,14,0.005102040816,0.0425170068,0.8843779762,0.8811904762,0.8875178571,0.9160386905,0.9134642113,0.9185357887,0.9627828533,173.3380833,secondary
legacy_e2_vit_small_nomixdir_baseline,vit_small,mixup,baseline,legacy-nomixdir,native,hist,T3,centred_l2,2000,168,14,0.005102040816,0.0425170068,0.8835386905,0.8803956845,0.8866518601,0.9146011905,0.9120744048,0.9170982887,0.9413912871,173.1735833,secondary
legacy_e2_vit_small_nomixdir_baseline,vit_small,mixup,baseline,legacy-nomixdir,native,s12_post_norm,T3,l2,2000,168,14,0.005102040816,0.0425170068,0.8888541667,0.8857141369,0.8919139137,0.9203363095,0.9178332589,0.9227678571,0.9493434511,174.2154167,secondary
legacy_e2_vit_small_nomixdir_baseline,vit_small,mixup,baseline,legacy-nomixdir,native,s12_post_norm,T3,centred_l2,2000,168,14,0.005102040816,0.0425170068,0.889172619,0.8860625,0.89225,0.9201130952,0.9176011161,0.9225565476,0.9312371991,174.2778333,secondary
e2r_vits_mixup_baseline_s1,vit_small,mixup,baseline,s1,native,s11_out,T0,l2,2000,196,14,0.005102040816,0.04164931279,1,1,1,1,1,1,0.9999999986,196,secondary
e2r_vits_mixup_baseline_s1,vit_small,mixup,baseline,s1,native,s11_out,T0,centred_l2,2000,196,14,0.005102040816,0.04164931279,1,1,1,1,1,1,0.999999997,196,secondary
e2r_vits_mixup_baseline_s1,vit_small,mixup,baseline,s1,native,hist,T0,l2,2000,196,14,0.005102040816,0.04164931279,1,1,1,1,1,1,0.9999999979,196,secondary
e2r_vits_mixup_baseline_s1,vit_small,mixup,baseline,s1,native,hist,T0,centred_l2,2000,196,14,0.005102040816,0.04164931279,1,1,1,1,1,1,0.9999999983,196,secondary
e2r_vits_mixup_baseline_s1,vit_small,mixup,baseline,s1,native,s12_post_norm,T0,l2,2000,196,14,0.005102040816,0.04164931279,1,1,1,1,1,1,0.9999999992,196,secondary
e2r_vits_mixup_baseline_s1,vit_small,mixup,baseline,s1,native,s12_post_norm,T0,centred_l2,2000,196,14,0.005102040816,0.04164931279,1,1,1,1,1,1,0.9999999989,196,secondary
e2r_vits_mixup_baseline_s1,vit_small,mixup,baseline,s1,native,s11_out,T1,l2,2000,196,14,0.005102040816,0.04164931279,0.9058061224,0.903696301,0.9078419005,0.934877551,0.9332346301,0.9364796556,0.9604261692,177.538,secondary
e2r_vits_mixup_baseline_s1,vit_small,mixup,baseline,s1,native,s11_out,T1,centred_l2,2000,196,14,0.005102040816,0.04164931279,0.9061632653,0.9040765306,0.9081735969,0.9354515306,0.9338418367,0.9370255102,0.9421312979,177.608,secondary
e2r_vits_mixup_baseline_s1,vit_small,mixup,baseline,s1,native,hist,T1,l2,2000,196,14,0.005102040816,0.04164931279,0.9048903061,0.902755102,0.9069592474,0.9340688776,0.9324260204,0.9356786352,0.9632176849,177.3585,secondary
e2r_vits_mixup_baseline_s1,vit_small,mixup,baseline,s1,native,hist,T1,centred_l2,2000,196,14,0.005102040816,0.04164931279,0.9036913265,0.9015304847,0.905752551,0.932880102,0.9312269133,0.934502551,0.938113403,177.1235,secondary
e2r_vits_mixup_baseline_s1,vit_small,mixup,baseline,s1,native,s12_post_norm,T1,l2,2000,196,14,0.005102040816,0.04164931279,0.9102984694,0.908216773,0.912275574,0.9391938776,0.9376045918,0.9407296556,0.9522021475,178.4185,secondary
e2r_vits_mixup_baseline_s1,vit_small,mixup,baseline,s1,native,s12_post_norm,T1,centred_l2,2000,196,14,0.005102040816,0.04164931279,0.9087729592,0.9067065689,0.9107576531,0.9375382653,0.9359362245,0.9390994898,0.9293430618,178.1195,secondary
e2r_vits_mixup_baseline_s1,vit_small,mixup,baseline,s1,native,s11_out,T2,l2,2000,182,14,0.005102040816,0.04261045077,0.8981236264,0.8951290522,0.9010274725,0.9363653846,0.9346427885,0.9380796703,0.9761369934,176.0322308,secondary
e2r_vits_mixup_baseline_s1,vit_small,mixup,baseline,s1,native,s11_out,T2,centred_l2,2000,182,14,0.005102040816,0.04261045077,0.8987115385,0.8957195742,0.9015934066,0.9373543956,0.9356593407,0.939035783,0.9642913552,176.1474615,secondary
e2r_vits_mixup_baseline_s1,vit_small,mixup,baseline,s1,native,hist,T2,l2,2000,182,14,0.005102040816,0.04261045077,0.8973379121,0.8943186126,0.9002637363,0.9356153846,0.9339010989,0.9373379121,0.9766407099,175.8782308,secondary
e2r_vits_mixup_baseline_s1,vit_small,mixup,baseline,s1,native,hist,T2,centred_l2,2000,182,14,0.005102040816,0.04261045077,0.8966840659,0.8936757555,0.899590728,0.9349230769,0.9331949863,0.9366539148,0.9616191682,175.7500769,secondary
e2r_vits_mixup_baseline_s1,vit_small,mixup,baseline,s1,native,s12_post_norm,T2,l2,2000,182,14,0.005102040816,0.04261045077,0.9024093407,0.8994146978,0.9052802885,0.9404395604,0.9387691621,0.9420906593,0.968467555,176.8722308,secondary
e2r_vits_mixup_baseline_s1,vit_small,mixup,baseline,s1,native,s12_post_norm,T2,centred_l2,2000,182,14,0.005102040816,0.04261045077,0.9012307692,0.898239011,0.904101717,0.9393434066,0.9376675137,0.9410220467,0.9561948879,176.6412308,secondary
e2r_vits_mixup_baseline_s1,vit_small,mixup,baseline,s1,native,s11_out,T3,l2,2000,168,14,0.005102040816,0.0425170068,0.88825,0.8851991071,0.8912262649,0.9189494048,0.9165089286,0.9213275298,0.9624917438,174.097,secondary
e2r_vits_mixup_baseline_s1,vit_small,mixup,baseline,s1,native,s11_out,T3,centred_l2,2000,168,14,0.005102040816,0.0425170068,0.8888005952,0.8857645833,0.8917589286,0.9197857143,0.9173630952,0.9221369048,0.9448362976,174.2049167,secondary
e2r_vits_mixup_baseline_s1,vit_small,mixup,baseline,s1,native,hist,T3,l2,2000,168,14,0.005102040816,0.0425170068,0.8869821429,0.8839196429,0.8899791667,0.9177083333,0.9152588542,0.9201191964,0.9626416821,173.8485,secondary
e2r_vits_mixup_baseline_s1,vit_small,mixup,baseline,s1,native,hist,T3,centred_l2,2000,168,14,0.005102040816,0.0425170068,0.886235119,0.8831695685,0.8892143601,0.9169017857,0.9144375,0.9193036458,0.9406453055,173.7020833,secondary
e2r_vits_mixup_baseline_s1,vit_small,mixup,baseline,s1,native,s12_post_norm,T3,l2,2000,168,14,0.005102040816,0.0425170068,0.8922470238,0.8892202381,0.8952084077,0.9227113095,0.9202677827,0.9251012649,0.9512796959,174.8804167,secondary
e2r_vits_mixup_baseline_s1,vit_small,mixup,baseline,s1,native,s12_post_norm,T3,centred_l2,2000,168,14,0.005102040816,0.0425170068,0.8914761905,0.8884583333,0.8944197173,0.9215327381,0.9191071429,0.9238959077,0.9317164062,174.7293333,secondary
e2r_vits_mixup_baseline_s2,vit_small,mixup,baseline,s2,native,s11_out,T0,l2,2000,196,14,0.005102040816,0.04164931279,1,1,1,1,1,1,0.9999999989,196,secondary
e2r_vits_mixup_baseline_s2,vit_small,mixup,baseline,s2,native,s11_out,T0,centred_l2,2000,196,14,0.005102040816,0.04164931279,1,1,1,1,1,1,0.9999999994,196,secondary
e2r_vits_mixup_baseline_s2,vit_small,mixup,baseline,s2,native,hist,T0,l2,2000,196,14,0.005102040816,0.04164931279,1,1,1,1,1,1,0.9999999989,196,secondary
e2r_vits_mixup_baseline_s2,vit_small,mixup,baseline,s2,native,hist,T0,centred_l2,2000,196,14,0.005102040816,0.04164931279,1,1,1,1,1,1,0.9999999991,196,secondary
e2r_vits_mixup_baseline_s2,vit_small,mixup,baseline,s2,native,s12_post_norm,T0,l2,2000,196,14,0.005102040816,0.04164931279,1,1,1,1,1,1,0.9999999991,196,secondary
e2r_vits_mixup_baseline_s2,vit_small,mixup,baseline,s2,native,s12_post_norm,T0,centred_l2,2000,196,14,0.005102040816,0.04164931279,1,1,1,1,1,1,0.9999999989,196,secondary
e2r_vits_mixup_baseline_s2,vit_small,mixup,baseline,s2,native,s11_out,T1,l2,2000,196,14,0.005102040816,0.04164931279,0.8955918367,0.8933137755,0.897778125,0.9278545918,0.926096875,0.929625,0.957748358,175.536,secondary
e2r_vits_mixup_baseline_s2,vit_small,mixup,baseline,s2,native,s11_out,T1,centred_l2,2000,196,14,0.005102040816,0.04164931279,0.8963954082,0.894168176,0.8985459184,0.9290816327,0.9273367347,0.9308139031,0.9362916526,175.6935,secondary
e2r_vits_mixup_baseline_s2,vit_small,mixup,baseline,s2,native,hist,T1,l2,2000,196,14,0.005102040816,0.04164931279,0.8887627551,0.8863852041,0.8910459821,0.9228571429,0.9209999362,0.9247040816,0.954896855,174.1975,secondary
e2r_vits_mixup_baseline_s2,vit_small,mixup,baseline,s2,native,hist,T1,centred_l2,2000,196,14,0.005102040816,0.04164931279,0.8887959184,0.8864387755,0.8910739796,0.9224795918,0.9206427934,0.9243036352,0.9351195095,174.204,secondary
e2r_vits_mixup_baseline_s2,vit_small,mixup,baseline,s2,native,s12_post_norm,T1,l2,2000,196,14,0.005102040816,0.04164931279,0.894127551,0.891849426,0.8963188776,0.9271683673,0.9253672832,0.9289591837,0.9526557652,175.249,secondary
e2r_vits_mixup_baseline_s2,vit_small,mixup,baseline,s2,native,s12_post_norm,T1,centred_l2,2000,196,14,0.005102040816,0.04164931279,0.8947857143,0.8925076531,0.8969693878,0.927619898,0.9258545281,0.9293877551,0.9272117382,175.378,secondary
e2r_vits_mixup_baseline_s2,vit_small,mixup,baseline,s2,native,s11_out,T2,l2,2000,182,14,0.005102040816,0.04261045077,0.9039587912,0.9009807692,0.9068874313,0.9397307692,0.9380411401,0.9414149038,0.9764518588,177.1759231,secondary
e2r_vits_mixup_baseline_s2,vit_small,mixup,baseline,s2,native,s11_out,T2,centred_l2,2000,182,14,0.005102040816,0.04261045077,0.9048324176,0.9018736264,0.9077335165,0.9410961538,0.9394449863,0.9427527473,0.9631045341,177.3471538,secondary
e2r_vits_mixup_baseline_s2,vit_small,mixup,baseline,s2,native,hist,T2,l2,2000,182,14,0.005102040816,0.04261045077,0.8996868132,0.896659272,0.9026648352,0.9361923077,0.9344450549,0.9379533654,0.9725079727,176.3386154,secondary
e2r_vits_mixup_baseline_s2,vit_small,mixup,baseline,s2,native,hist,T2,centred_l2,2000,182,14,0.005102040816,0.04261045077,0.8996318681,0.8966016484,0.9026154533,0.9359093407,0.9341646978,0.9376869505,0.9624566776,176.3278462,secondary
e2r_vits_mixup_baseline_s2,vit_small,mixup,baseline,s2,native,s12_post_norm,T2,l2,2000,182,14,0.005102040816,0.04261045077,0.9036923077,0.9007057692,0.9066291896,0.9397884615,0.9381043956,0.9414891484,0.971108274,177.1236923,secondary
e2r_vits_mixup_baseline_s2,vit_small,mixup,baseline,s2,native,s12_post_norm,T2,centred_l2,2000,182,14,0.005102040816,0.04261045077,0.9045,0.9014779533,0.9074260302,0.9404615385,0.938782967,0.9421374313,0.9580560279,177.282,secondary
e2r_vits_mixup_baseline_s2,vit_small,mixup,baseline,s2,native,s11_out,T3,l2,2000,168,14,0.005102040816,0.0425170068,0.886672619,0.8834255208,0.889863244,0.9179494048,0.9153869048,0.920485119,0.9630008454,173.7878333,secondary
e2r_vits_mixup_baseline_s2,vit_small,mixup,baseline,s2,native,s11_out,T3,centred_l2,2000,168,14,0.005102040816,0.0425170068,0.8877291667,0.8845029018,0.8908988839,0.9190595238,0.9165327381,0.921577381,0.9431746052,173.9949167,secondary
e2r_vits_mixup_baseline_s2,vit_small,mixup,baseline,s2,native,hist,T3,l2,2000,168,14,0.005102040816,0.0425170068,0.8800952381,0.876803497,0.8833333333,0.9125833333,0.9100177083,0.9151458333,0.9569003432,172.4986667,secondary
e2r_vits_mixup_baseline_s2,vit_small,mixup,baseline,s2,native,hist,T3,centred_l2,2000,168,14,0.005102040816,0.0425170068,0.8807321429,0.877434375,0.8839970982,0.9126041667,0.9100266369,0.915181622,0.9416420265,172.6235,secondary
e2r_vits_mixup_baseline_s2,vit_small,mixup,baseline,s2,native,s12_post_norm,T3,l2,2000,168,14,0.005102040816,0.0425170068,0.8856369048,0.8823599702,0.8888393601,0.9174047619,0.9148630952,0.9199553571,0.954797797,173.5848333,secondary
e2r_vits_mixup_baseline_s2,vit_small,mixup,baseline,s2,native,s12_post_norm,T3,centred_l2,2000,168,14,0.005102040816,0.0425170068,0.8869107143,0.8836398065,0.8901042411,0.9179880952,0.9154434524,0.9205387649,0.9343985272,173.8345,secondary
e2r_vits_nomix_baseline_s1,vit_small,nomix,baseline,s1,native,s11_out,T0,l2,2000,196,14,0.005102040816,0.04164931279,1,1,1,1,1,1,0.9999999992,196,secondary
e2r_vits_nomix_baseline_s1,vit_small,nomix,baseline,s1,native,s11_out,T0,centred_l2,2000,196,14,0.005102040816,0.04164931279,1,1,1,1,1,1,0.9999999985,196,secondary
e2r_vits_nomix_baseline_s1,vit_small,nomix,baseline,s1,native,hist,T0,l2,2000,196,14,0.005102040816,0.04164931279,1,1,1,1,1,1,0.9999999985,196,secondary
e2r_vits_nomix_baseline_s1,vit_small,nomix,baseline,s1,native,hist,T0,centred_l2,2000,196,14,0.005102040816,0.04164931279,1,1,1,1,1,1,0.999999999,196,secondary
e2r_vits_nomix_baseline_s1,vit_small,nomix,baseline,s1,native,s12_post_norm,T0,l2,2000,196,14,0.005102040816,0.04164931279,1,1,1,1,1,1,0.9999999984,196,secondary
e2r_vits_nomix_baseline_s1,vit_small,nomix,baseline,s1,native,s12_post_norm,T0,centred_l2,2000,196,14,0.005102040816,0.04164931279,1,1,1,1,1,1,0.9999999981,196,secondary
e2r_vits_nomix_baseline_s1,vit_small,nomix,baseline,s1,native,s11_out,T1,l2,2000,196,14,0.005102040816,0.04164931279,0.9913188776,0.989747449,0.9927142857,0.9950841837,0.9937346939,0.996255102,0.9385516765,194.2985,secondary
e2r_vits_nomix_baseline_s1,vit_small,nomix,baseline,s1,native,s11_out,T1,centred_l2,2000,196,14,0.005102040816,0.04164931279,0.9913979592,0.989816199,0.9928061862,0.9950943878,0.9937422194,0.9962679209,0.9231319512,194.314,secondary
e2r_vits_nomix_baseline_s1,vit_small,nomix,baseline,s1,native,hist,T1,l2,2000,196,14,0.005102040816,0.04164931279,0.9897627551,0.9881453444,0.9912143495,0.9946352041,0.9932806122,0.9958087372,0.9184252902,193.9935,secondary
e2r_vits_nomix_baseline_s1,vit_small,nomix,baseline,s1,native,hist,T1,centred_l2,2000,196,14,0.005102040816,0.04164931279,0.9899540816,0.988341773,0.9913979592,0.9946836735,0.9933366709,0.9958545918,0.9053052118,194.031,secondary
e2r_vits_nomix_baseline_s1,vit_small,nomix,baseline,s1,native,s12_post_norm,T1,l2,2000,196,14,0.005102040816,0.04164931279,0.9908443878,0.9892755102,0.99225,0.9950357143,0.9937040816,0.9961862245,0.9190660014,194.2055,secondary
e2r_vits_nomix_baseline_s1,vit_small,nomix,baseline,s1,native,s12_post_norm,T1,centred_l2,2000,196,14,0.005102040816,0.04164931279,0.9910408163,0.9894744898,0.9924387755,0.9950765306,0.993744898,0.9962244898,0.906243177,194.244,secondary
e2r_vits_nomix_baseline_s1,vit_small,nomix,baseline,s1,native,s11_out,T2,l2,2000,182,14,0.005102040816,0.04261045077,0.9686071429,0.9668763049,0.9703324863,0.9948653846,0.9943598901,0.9953324863,0.9794223322,189.847,secondary
e2r_vits_nomix_baseline_s1,vit_small,nomix,baseline,s1,native,s11_out,T2,centred_l2,2000,182,14,0.005102040816,0.04261045077,0.9685494505,0.966793956,0.9702912775,0.9949203297,0.9944147665,0.9953901099,0.9711760773,189.8356923,secondary
e2r_vits_nomix_baseline_s1,vit_small,nomix,baseline,s1,native,hist,T2,l2,2000,182,14,0.005102040816,0.04261045077,0.9676593407,0.9659010302,0.9694039148,0.994467033,0.9939587912,0.994956044,0.9721013936,189.6612308,secondary
e2r_vits_nomix_baseline_s1,vit_small,nomix,baseline,s1,native,hist,T2,centred_l2,2000,182,14,0.005102040816,0.04261045077,0.9676758242,0.9659175137,0.9694340659,0.9945054945,0.9939917582,0.9949945055,0.9650881152,189.6644615,secondary
e2r_vits_nomix_baseline_s1,vit_small,nomix,baseline,s1,native,s12_post_norm,T2,l2,2000,182,14,0.005102040816,0.04261045077,0.9684945055,0.9667499313,0.9702225275,0.9948324176,0.9943268544,0.9953104396,0.9723128712,189.8249231,secondary
e2r_vits_nomix_baseline_s1,vit_small,nomix,baseline,s1,native,s12_post_norm,T2,centred_l2,2000,182,14,0.005102040816,0.04261045077,0.9685769231,0.9668159341,0.9703186813,0.9949065934,0.9944038462,0.9953736264,0.9652990824,189.8410769,secondary
e2r_vits_nomix_baseline_s1,vit_small,nomix,baseline,s1,native,s11_out,T3,l2,2000,168,14,0.005102040816,0.0425170068,0.964389881,0.9623450893,0.9663690476,0.981235119,0.9800059524,0.982422619,0.9654156172,189.0204167,secondary
e2r_vits_nomix_baseline_s1,vit_small,nomix,baseline,s1,native,s11_out,T3,centred_l2,2000,168,14,0.005102040816,0.0425170068,0.9638809524,0.9617946429,0.9658870536,0.9810982143,0.9798541667,0.9823154762,0.9525671858,188.9206667,secondary
e2r_vits_nomix_baseline_s1,vit_small,nomix,baseline,s1,native,hist,T3,l2,2000,168,14,0.005102040816,0.0425170068,0.962327381,0.9602110863,0.9643571429,0.9800684524,0.9788303571,0.9812917411,0.9532115601,188.6161667,secondary
e2r_vits_nomix_baseline_s1,vit_small,nomix,baseline,s1,native,hist,T3,centred_l2,2000,168,14,0.005102040816,0.0425170068,0.9620595238,0.9598958333,0.9641160714,0.9799255952,0.9786517857,0.9811697173,0.9422859112,188.5636667,secondary
e2r_vits_nomix_baseline_s1,vit_small,nomix,baseline,s1,native,s12_post_norm,T3,l2,2000,168,14,0.005102040816,0.0425170068,0.9639672619,0.9618779762,0.9659584077,0.9809642857,0.9797380208,0.9821727679,0.9535564562,188.9375833,secondary
e2r_vits_nomix_baseline_s1,vit_small,nomix,baseline,s1,native,s12_post_norm,T3,centred_l2,2000,168,14,0.005102040816,0.0425170068,0.9637589286,0.9616279018,0.9657916667,0.9809672619,0.9797202381,0.9821815476,0.9428181706,188.89675,secondary
e2r_vits_nomix_baseline_s2,vit_small,nomix,baseline,s2,native,s11_out,T0,l2,2000,196,14,0.005102040816,0.04164931279,1,1,1,1,1,1,0.9999999986,196,secondary
e2r_vits_nomix_baseline_s2,vit_small,nomix,baseline,s2,native,s11_out,T0,centred_l2,2000,196,14,0.005102040816,0.04164931279,1,1,1,1,1,1,0.9999999985,196,secondary
e2r_vits_nomix_baseline_s2,vit_small,nomix,baseline,s2,native,hist,T0,l2,2000,196,14,0.005102040816,0.04164931279,1,1,1,1,1,1,0.9999999987,196,secondary
e2r_vits_nomix_baseline_s2,vit_small,nomix,baseline,s2,native,hist,T0,centred_l2,2000,196,14,0.005102040816,0.04164931279,1,1,1,1,1,1,0.9999999989,196,secondary
e2r_vits_nomix_baseline_s2,vit_small,nomix,baseline,s2,native,s12_post_norm,T0,l2,2000,196,14,0.005102040816,0.04164931279,1,1,1,1,1,1,0.9999999987,196,secondary
e2r_vits_nomix_baseline_s2,vit_small,nomix,baseline,s2,native,s12_post_norm,T0,centred_l2,2000,196,14,0.005102040816,0.04164931279,1,1,1,1,1,1,0.9999999986,196,secondary
e2r_vits_nomix_baseline_s2,vit_small,nomix,baseline,s2,native,s11_out,T1,l2,2000,196,14,0.005102040816,0.04164931279,0.9954438776,0.9942601403,0.9964668367,0.9972397959,0.9962040179,0.9981020408,0.9579407109,195.107,secondary
e2r_vits_nomix_baseline_s2,vit_small,nomix,baseline,s2,native,s11_out,T1,centred_l2,2000,196,14,0.005102040816,0.04164931279,0.9955816327,0.9944029974,0.9965842474,0.9972984694,0.9962602041,0.9981556122,0.9466171024,195.134,secondary
e2r_vits_nomix_baseline_s2,vit_small,nomix,baseline,s2,native,hist,T1,l2,2000,196,14,0.005102040816,0.04164931279,0.9948979592,0.9936861607,0.9959464286,0.9971709184,0.9961274872,0.9980357781,0.9389370805,195,secondary
e2r_vits_nomix_baseline_s2,vit_small,nomix,baseline,s2,native,hist,T1,centred_l2,2000,196,14,0.005102040816,0.04164931279,0.9949795918,0.9937780612,0.9960178571,0.9971530612,0.9961147959,0.9980178571,0.9314369731,195.016,secondary
e2r_vits_nomix_baseline_s2,vit_small,nomix,baseline,s2,native,s12_post_norm,T1,l2,2000,196,14,0.005102040816,0.04164931279,0.9953010204,0.9941122449,0.9963214923,0.9972576531,0.996219324,0.998127551,0.9400072099,195.079,secondary
e2r_vits_nomix_baseline_s2,vit_small,nomix,baseline,s2,native,s12_post_norm,T1,centred_l2,2000,196,14,0.005102040816,0.04164931279,0.9954107143,0.9942320153,0.9964336735,0.9972755102,0.9962320791,0.9981454082,0.9320002345,195.1005,secondary
e2r_vits_nomix_baseline_s2,vit_small,nomix,baseline,s2,native,s11_out,T2,l2,2000,182,14,0.005102040816,0.04261045077,0.9616895604,0.9598296703,0.9635576923,0.9922005495,0.9915879121,0.9927885302,0.9794212208,188.4911538,secondary
e2r_vits_nomix_baseline_s2,vit_small,nomix,baseline,s2,native,s11_out,T2,centred_l2,2000,182,14,0.005102040816,0.04261045077,0.961717033,0.9598488324,0.9635686813,0.9921978022,0.9915713599,0.9928049451,0.9702156021,188.4965385,secondary
e2r_vits_nomix_baseline_s2,vit_small,nomix,baseline,s2,native,hist,T2,l2,2000,182,14,0.005102040816,0.04261045077,0.9618846154,0.960032967,0.9637473214,0.9919450549,0.9913269231,0.9925357143,0.9688745962,188.5293846,secondary
e2r_vits_nomix_baseline_s2,vit_small,nomix,baseline,s2,native,hist,T2,centred_l2,2000,182,14,0.005102040816,0.04261045077,0.9616373626,0.959782967,0.9634917582,0.9919258242,0.9913049451,0.9925192308,0.9628687103,188.4809231,secondary
e2r_vits_nomix_baseline_s2,vit_small,nomix,baseline,s2,native,s12_post_norm,T2,l2,2000,182,14,0.005102040816,0.04261045077,0.9628956044,0.9610576236,0.9647116071,0.9924368132,0.9918351648,0.9930164835,0.9695409596,188.7275385,secondary
e2r_vits_nomix_baseline_s2,vit_small,nomix,baseline,s2,native,s12_post_norm,T2,centred_l2,2000,182,14,0.005102040816,0.04261045077,0.9630631868,0.9612087912,0.9648901786,0.9926565934,0.9920686813,0.9932252747,0.9633815306,188.7603846,secondary
e2r_vits_nomix_baseline_s2,vit_small,nomix,baseline,s2,native,s11_out,T3,l2,2000,168,14,0.005102040816,0.0425170068,0.9554107143,0.9531962798,0.9575714286,0.9749077381,0.9734791667,0.9762678571,0.9655012631,187.2605,secondary
e2r_vits_nomix_baseline_s2,vit_small,nomix,baseline,s2,native,s11_out,T3,centred_l2,2000,168,14,0.005102040816,0.0425170068,0.9552857143,0.9530625,0.9574703125,0.9748958333,0.9734702381,0.9762529762,0.9515054581,187.236,secondary
e2r_vits_nomix_baseline_s2,vit_small,nomix,baseline,s2,native,hist,T3,l2,2000,168,14,0.005102040816,0.0425170068,0.954860119,0.9526339286,0.9570267857,0.9750386905,0.9736369048,0.976389881,0.9489269486,187.1525833,secondary
e2r_vits_nomix_baseline_s2,vit_small,nomix,baseline,s2,native,hist,T3,centred_l2,2000,168,14,0.005102040816,0.0425170068,0.9543303571,0.9520803571,0.9565327381,0.9744375,0.9730327381,0.9758006696,0.939614819,187.04875,secondary
e2r_vits_nomix_baseline_s2,vit_small,nomix,baseline,s2,native,s12_post_norm,T3,l2,2000,168,14,0.005102040816,0.0425170068,0.9565327381,0.9543213542,0.9586994048,0.9759166667,0.9745265625,0.9772767857,0.9499764722,187.4804167,secondary
e2r_vits_nomix_baseline_s2,vit_small,nomix,baseline,s2,native,s12_post_norm,T3,centred_l2,2000,168,14,0.005102040816,0.0425170068,0.9565833333,0.9543719494,0.9587440476,0.9757232143,0.9743243304,0.9770804315,0.9404745257,187.4903333,secondary
legacy_e2_vit_base_nomixdir_registers,vit_base,mixup,registers,legacy-nomixdir,native,s11_out,T0,l2,2000,196,14,0.005102040816,0.04164931279,1,1,1,1,1,1,0.9999999923,196,secondary
legacy_e2_vit_base_nomixdir_registers,vit_base,mixup,registers,legacy-nomixdir,native,s11_out,T0,centred_l2,2000,196,14,0.005102040816,0.04164931279,1,1,1,1,1,1,0.9999999917,196,secondary
legacy_e2_vit_base_nomixdir_registers,vit_base,mixup,registers,legacy-nomixdir,native,hist,T0,l2,2000,196,14,0.005102040816,0.04164931279,1,1,1,1,1,1,0.9999999903,196,secondary
legacy_e2_vit_base_nomixdir_registers,vit_base,mixup,registers,legacy-nomixdir,native,hist,T0,centred_l2,2000,196,14,0.005102040816,0.04164931279,1,1,1,1,1,1,0.9999999911,196,secondary
legacy_e2_vit_base_nomixdir_registers,vit_base,mixup,registers,legacy-nomixdir,native,s12_post_norm,T0,l2,2000,196,14,0.005102040816,0.04164931279,1,1,1,1,1,1,0.9999999852,196,secondary
legacy_e2_vit_base_nomixdir_registers,vit_base,mixup,registers,legacy-nomixdir,native,s12_post_norm,T0,centred_l2,2000,196,14,0.005102040816,0.04164931279,1,1,1,1,1,1,0.9999999909,196,secondary
legacy_e2_vit_base_nomixdir_registers,vit_base,mixup,registers,legacy-nomixdir,native,s11_out,T1,l2,2000,196,14,0.005102040816,0.04164931279,0.8573214286,0.8545382653,0.8600357143,0.8986096939,0.8963163265,0.9008341837,0.957389165,168.035,secondary
legacy_e2_vit_base_nomixdir_registers,vit_base,mixup,registers,legacy-nomixdir,native,s11_out,T1,centred_l2,2000,196,14,0.005102040816,0.04164931279,0.8587831633,0.8560306122,0.8615102041,0.9009846939,0.8987371811,0.9031836735,0.9238201897,168.3215,secondary
legacy_e2_vit_base_nomixdir_registers,vit_base,mixup,registers,legacy-nomixdir,native,hist,T1,l2,2000,196,14,0.005102040816,0.04164931279,0.8550306122,0.8522014031,0.8578010204,0.8962678571,0.8939209184,0.8985510204,0.9819374141,167.586,secondary
legacy_e2_vit_base_nomixdir_registers,vit_base,mixup,registers,legacy-nomixdir,native,hist,T1,centred_l2,2000,196,14,0.005102040816,0.04164931279,0.8538061224,0.8509897959,0.8565637755,0.8974795918,0.8951811224,0.8996989796,0.9155385725,167.346,secondary
legacy_e2_vit_base_nomixdir_registers,vit_base,mixup,registers,legacy-nomixdir,native,s12_post_norm,T1,l2,2000,196,14,0.005102040816,0.04164931279,0.8618035714,0.8590892219,0.8644821429,0.9027423469,0.9005024872,0.9049209184,0.9535127581,168.9135,secondary
legacy_e2_vit_base_nomixdir_registers,vit_base,mixup,registers,legacy-nomixdir,native,s12_post_norm,T1,centred_l2,2000,196,14,0.005102040816,0.04164931279,0.8657908163,0.8631427934,0.8683904337,0.9067244898,0.9045535077,0.9088214923,0.9093102041,169.695,secondary
legacy_e2_vit_base_nomixdir_registers,vit_base,mixup,registers,legacy-nomixdir,native,s11_out,T2,l2,2000,182,14,0.005102040816,0.04261045077,0.8725631868,0.869134478,0.8758984203,0.9164120879,0.9142361951,0.9185522665,0.974816899,171.0223846,secondary
legacy_e2_vit_base_nomixdir_registers,vit_base,mixup,registers,legacy-nomixdir,native,s11_out,T2,centred_l2,2000,182,14,0.005102040816,0.04261045077,0.8741181319,0.8706839973,0.8774561126,0.9186895604,0.9165520604,0.9208160027,0.9562215903,171.3271538,secondary
legacy_e2_vit_base_nomixdir_registers,vit_base,mixup,registers,legacy-nomixdir,native,hist,T2,l2,2000,182,14,0.005102040816,0.04261045077,0.8713131868,0.8678434066,0.8747142857,0.9150384615,0.9128241758,0.9172472527,0.9875250692,170.7773846,secondary
legacy_e2_vit_base_nomixdir_registers,vit_base,mixup,registers,legacy-nomixdir,native,hist,T2,centred_l2,2000,182,14,0.005102040816,0.04261045077,0.8714120879,0.8679394918,0.8747583104,0.9166236264,0.9144504808,0.91875,0.9504500523,170.7967692,secondary
legacy_e2_vit_base_nomixdir_registers,vit_base,mixup,registers,legacy-nomixdir,native,s12_post_norm,T2,l2,2000,182,14,0.005102040816,0.04261045077,0.8760989011,0.8727169643,0.8794395604,0.9195659341,0.9174230769,0.9216731456,0.9677234245,171.7153846,secondary
legacy_e2_vit_base_nomixdir_registers,vit_base,mixup,registers,legacy-nomixdir,native,s12_post_norm,T2,centred_l2,2000,182,14,0.005102040816,0.04261045077,0.8792252747,0.8758543269,0.8825192308,0.9233104396,0.9212417582,0.9253598901,0.9473338696,172.3281538,secondary
legacy_e2_vit_base_nomixdir_registers,vit_base,mixup,registers,legacy-nomixdir,native,s11_out,T3,l2,2000,168,14,0.005102040816,0.0425170068,0.8538333333,0.8502886161,0.857312872,0.8891875,0.8862200893,0.8921339286,0.9639867818,167.3513333,secondary
legacy_e2_vit_base_nomixdir_registers,vit_base,mixup,registers,legacy-nomixdir,native,s11_out,T3,centred_l2,2000,168,14,0.005102040816,0.0425170068,0.855625,0.8520892113,0.8591042411,0.891625,0.888675372,0.8945386905,0.9371862572,167.7025,secondary
legacy_e2_vit_base_nomixdir_registers,vit_base,mixup,registers,legacy-nomixdir,native,hist,T3,l2,2000,168,14,0.005102040816,0.0425170068,0.8507916667,0.8471845238,0.8543334821,0.8865297619,0.8834729911,0.8895297619,0.981124419,166.7551667,secondary
legacy_e2_vit_base_nomixdir_registers,vit_base,mixup,registers,legacy-nomixdir,native,hist,T3,centred_l2,2000,168,14,0.005102040816,0.0425170068,0.8511696429,0.8475921875,0.8546517857,0.8879464286,0.8849580357,0.8909077381,0.9288241619,166.82925,secondary
legacy_e2_vit_base_nomixdir_registers,vit_base,mixup,registers,legacy-nomixdir,native,s12_post_norm,T3,l2,2000,168,14,0.005102040816,0.0425170068,0.8575416667,0.8540089286,0.8609881696,0.8926011905,0.8896368304,0.8955386905,0.9527159711,168.0781667,secondary
legacy_e2_vit_base_nomixdir_registers,vit_base,mixup,registers,legacy-nomixdir,native,s12_post_norm,T3,centred_l2,2000,168,14,0.005102040816,0.0425170068,0.8621279762,0.8586457589,0.8655179315,0.8969702381,0.8940148065,0.8998422619,0.9242140617,168.9770833,secondary
legacy_e2_vit_base_nomixdir_saga,vit_base,mixup,saga,legacy-nomixdir,native,s11_out,T0,l2,2000,196,14,0.005102040816,0.04164931279,1,1,1,1,1,1,0.9999999943,196,secondary
legacy_e2_vit_base_nomixdir_saga,vit_base,mixup,saga,legacy-nomixdir,native,s11_out,T0,centred_l2,2000,196,14,0.005102040816,0.04164931279,1,1,1,1,1,1,0.9999999953,196,secondary
legacy_e2_vit_base_nomixdir_saga,vit_base,mixup,saga,legacy-nomixdir,native,hist,T0,l2,2000,196,14,0.005102040816,0.04164931279,1,1,1,1,1,1,0.9999999945,196,secondary
legacy_e2_vit_base_nomixdir_saga,vit_base,mixup,saga,legacy-nomixdir,native,hist,T0,centred_l2,2000,196,14,0.005102040816,0.04164931279,1,1,1,1,1,1,0.9999999956,196,secondary
legacy_e2_vit_base_nomixdir_saga,vit_base,mixup,saga,legacy-nomixdir,native,s12_post_norm,T0,l2,2000,196,14,0.005102040816,0.04164931279,1,1,1,1,1,1,0.9999999904,196,secondary
legacy_e2_vit_base_nomixdir_saga,vit_base,mixup,saga,legacy-nomixdir,native,s12_post_norm,T0,centred_l2,2000,196,14,0.005102040816,0.04164931279,1,1,1,1,1,1,0.9999999885,196,secondary
legacy_e2_vit_base_nomixdir_saga,vit_base,mixup,saga,legacy-nomixdir,native,s11_out,T1,l2,2000,196,14,0.005102040816,0.04164931279,0.8468443878,0.8444132015,0.8492399235,0.8946454082,0.8926861607,0.8965359694,0.9437836474,165.9815,secondary
legacy_e2_vit_base_nomixdir_saga,vit_base,mixup,saga,legacy-nomixdir,native,s11_out,T1,centred_l2,2000,196,14,0.005102040816,0.04164931279,0.8447244898,0.8422906888,0.8471250638,0.8926505102,0.8906836735,0.8945740434,0.9214628859,165.566,secondary
legacy_e2_vit_base_nomixdir_saga,vit_base,mixup,saga,legacy-nomixdir,native,hist,T1,l2,2000,196,14,0.005102040816,0.04164931279,0.8369285714,0.8344334821,0.8394567602,0.8848928571,0.8828341837,0.8869260204,0.9390785098,164.038,secondary
legacy_e2_vit_base_nomixdir_saga,vit_base,mixup,saga,legacy-nomixdir,native,hist,T1,centred_l2,2000,196,14,0.005102040816,0.04164931279,0.8341479592,0.8316147959,0.8367041454,0.8814719388,0.8793953444,0.8835153699,0.9241435337,163.493,secondary
legacy_e2_vit_base_nomixdir_saga,vit_base,mixup,saga,legacy-nomixdir,native,s12_post_norm,T1,l2,2000,196,14,0.005102040816,0.04164931279,0.8511556122,0.8487907526,0.8534949617,0.8993290816,0.8974182398,0.9011913265,0.9243409352,166.8265,secondary
legacy_e2_vit_base_nomixdir_saga,vit_base,mixup,saga,legacy-nomixdir,native,s12_post_norm,T1,centred_l2,2000,196,14,0.005102040816,0.04164931279,0.8499132653,0.8475228954,0.8522883291,0.8975,0.8955764668,0.8993725128,0.9039771698,166.583,secondary
legacy_e2_vit_base_nomixdir_saga,vit_base,mixup,saga,legacy-nomixdir,native,s11_out,T2,l2,2000,182,14,0.005102040816,0.04261045077,0.8831620879,0.8802993132,0.8859478022,0.9264148352,0.9247993132,0.9280302885,0.9713178763,173.0997692,secondary
legacy_e2_vit_base_nomixdir_saga,vit_base,mixup,saga,legacy-nomixdir,native,s11_out,T2,centred_l2,2000,182,14,0.005102040816,0.04261045077,0.8809038462,0.8780328984,0.8837115385,0.9238983516,0.9222692308,0.9255138736,0.9586204123,172.6571538,secondary
legacy_e2_vit_base_nomixdir_saga,vit_base,mixup,saga,legacy-nomixdir,native,hist,T2,l2,2000,182,14,0.005102040816,0.04261045077,0.8750631868,0.8721923077,0.8778846154,0.9179175824,0.9162252747,0.9196072115,0.9683222174,171.5123846,secondary
legacy_e2_vit_base_nomixdir_saga,vit_base,mixup,saga,legacy-nomixdir,native,hist,T2,centred_l2,2000,182,14,0.005102040816,0.04261045077,0.8724945055,0.8695796016,0.8753653846,0.9142884615,0.9125219093,0.916035783,0.9600382128,171.0089231,secondary
legacy_e2_vit_base_nomixdir_saga,vit_base,mixup,saga,legacy-nomixdir,native,s12_post_norm,T2,l2,2000,182,14,0.005102040816,0.04261045077,0.8869642857,0.8841125687,0.8897308379,0.9296318681,0.9280384615,0.9312087912,0.9583674453,173.845,secondary
legacy_e2_vit_base_nomixdir_saga,vit_base,mixup,saga,legacy-nomixdir,native,s12_post_norm,T2,centred_l2,2000,182,14,0.005102040816,0.04261045077,0.8855824176,0.8827581731,0.888365522,0.9279203297,0.9263241758,0.9295164835,0.950292947,173.5741538,secondary
legacy_e2_vit_base_nomixdir_saga,vit_base,mixup,saga,legacy-nomixdir,native,s11_out,T3,l2,2000,168,14,0.005102040816,0.0425170068,0.8660863095,0.8632112351,0.868875,0.904139881,0.9018303571,0.9063869048,0.9580288744,169.7529167,secondary
legacy_e2_vit_base_nomixdir_saga,vit_base,mixup,saga,legacy-nomixdir,native,s11_out,T3,centred_l2,2000,168,14,0.005102040816,0.0425170068,0.8641845238,0.8613184524,0.8669703125,0.9023303571,0.9000089286,0.9046250744,0.9404816277,169.3801667,secondary
legacy_e2_vit_base_nomixdir_saga,vit_base,mixup,saga,legacy-nomixdir,native,hist,T3,l2,2000,168,14,0.005102040816,0.0425170068,0.8566696429,0.85375,0.8595357887,0.894860119,0.8924970238,0.8971667411,0.9535326215,167.90725,secondary
legacy_e2_vit_base_nomixdir_saga,vit_base,mixup,saga,legacy-nomixdir,native,hist,T3,centred_l2,2000,168,14,0.005102040816,0.0425170068,0.853889881,0.8509760417,0.8567708333,0.8917380952,0.8893660714,0.894056622,0.9423450118,167.3624167,secondary
legacy_e2_vit_base_nomixdir_saga,vit_base,mixup,saga,legacy-nomixdir,native,s12_post_norm,T3,l2,2000,168,14,0.005102040816,0.0425170068,0.8705029762,0.8676517113,0.8732828869,0.9079970238,0.9056843006,0.9102202381,0.9409444937,170.6185833,secondary
legacy_e2_vit_base_nomixdir_saga,vit_base,mixup,saga,legacy-nomixdir,native,s12_post_norm,T3,centred_l2,2000,168,14,0.005102040816,0.0425170068,0.8689196429,0.8660803571,0.8717053571,0.9060059524,0.9037348958,0.9082322917,0.9271610645,170.30825,secondary
legacy_e2_vit_base_nomixdir_saga,vit_base,mixup,saga,legacy-nomixdir,term_1.00,s11_out,T0,l2,2000,196,14,0.005102040816,0.04164931279,1,1,1,1,1,1,0.9999999943,196,secondary
legacy_e2_vit_base_nomixdir_saga,vit_base,mixup,saga,legacy-nomixdir,term_1.00,s11_out,T0,centred_l2,2000,196,14,0.005102040816,0.04164931279,1,1,1,1,1,1,0.9999999953,196,secondary
legacy_e2_vit_base_nomixdir_saga,vit_base,mixup,saga,legacy-nomixdir,term_1.00,hist,T0,l2,2000,196,14,0.005102040816,0.04164931279,1,1,1,1,1,1,0.9999999935,196,secondary
legacy_e2_vit_base_nomixdir_saga,vit_base,mixup,saga,legacy-nomixdir,term_1.00,hist,T0,centred_l2,2000,196,14,0.005102040816,0.04164931279,1,1,1,1,1,1,0.9999999955,196,secondary
legacy_e2_vit_base_nomixdir_saga,vit_base,mixup,saga,legacy-nomixdir,term_1.00,s12_post_norm,T0,l2,2000,196,14,0.005102040816,0.04164931279,1,1,1,1,1,1,0.9999999901,196,secondary
legacy_e2_vit_base_nomixdir_saga,vit_base,mixup,saga,legacy-nomixdir,term_1.00,s12_post_norm,T0,centred_l2,2000,196,14,0.005102040816,0.04164931279,1,1,1,1,1,1,0.9999999893,196,secondary
legacy_e2_vit_base_nomixdir_saga,vit_base,mixup,saga,legacy-nomixdir,term_1.00,s11_out,T1,l2,2000,196,14,0.005102040816,0.04164931279,0.8468443878,0.8444132015,0.8492399235,0.8946454082,0.8926861607,0.8965359694,0.9437836474,165.9815,secondary
legacy_e2_vit_base_nomixdir_saga,vit_base,mixup,saga,legacy-nomixdir,term_1.00,s11_out,T1,centred_l2,2000,196,14,0.005102040816,0.04164931279,0.8447244898,0.8422906888,0.8471250638,0.8926505102,0.8906836735,0.8945740434,0.9214628859,165.566,secondary
legacy_e2_vit_base_nomixdir_saga,vit_base,mixup,saga,legacy-nomixdir,term_1.00,hist,T1,l2,2000,196,14,0.005102040816,0.04164931279,0.8257193878,0.8230765306,0.8283596939,0.8757857143,0.8736324617,0.877903125,0.9404331088,161.841,secondary
legacy_e2_vit_base_nomixdir_saga,vit_base,mixup,saga,legacy-nomixdir,term_1.00,hist,T1,centred_l2,2000,196,14,0.005102040816,0.04164931279,0.8239719388,0.821349426,0.8266174107,0.8728826531,0.8707219388,0.8750459821,0.9255732585,161.4985,secondary
legacy_e2_vit_base_nomixdir_saga,vit_base,mixup,saga,legacy-nomixdir,term_1.00,s12_post_norm,T1,l2,2000,196,14,0.005102040816,0.04164931279,0.8454107143,0.8429896684,0.8478086735,0.8936989796,0.8917397321,0.8956148597,0.9258099947,165.7005,secondary
legacy_e2_vit_base_nomixdir_saga,vit_base,mixup,saga,legacy-nomixdir,term_1.00,s12_post_norm,T1,centred_l2,2000,196,14,0.005102040816,0.04164931279,0.8437882653,0.841344324,0.8462194515,0.8916454082,0.8896657526,0.8935816327,0.9032723041,165.3825,secondary
legacy_e2_vit_base_nomixdir_saga,vit_base,mixup,saga,legacy-nomixdir,term_1.00,s11_out,T2,l2,2000,182,14,0.005102040816,0.04261045077,0.8831620879,0.8802993132,0.8859478022,0.9264148352,0.9247993132,0.9280302885,0.9713178763,173.0997692,secondary
legacy_e2_vit_base_nomixdir_saga,vit_base,mixup,saga,legacy-nomixdir,term_1.00,s11_out,T2,centred_l2,2000,182,14,0.005102040816,0.04261045077,0.8809038462,0.8780328984,0.8837115385,0.9238983516,0.9222692308,0.9255138736,0.9586204123,172.6571538,secondary
legacy_e2_vit_base_nomixdir_saga,vit_base,mixup,saga,legacy-nomixdir,term_1.00,hist,T2,l2,2000,182,14,0.005102040816,0.04261045077,0.8673653846,0.8644752747,0.8702115385,0.9105796703,0.9088103709,0.9123653846,0.9676389872,170.0036154,secondary
legacy_e2_vit_base_nomixdir_saga,vit_base,mixup,saga,legacy-nomixdir,term_1.00,hist,T2,centred_l2,2000,182,14,0.005102040816,0.04261045077,0.865532967,0.8625879121,0.868423283,0.907467033,0.9056373626,0.909296772,0.9608227561,169.6444615,secondary
legacy_e2_vit_base_nomixdir_saga,vit_base,mixup,saga,legacy-nomixdir,term_1.00,s12_post_norm,T2,l2,2000,182,14,0.005102040816,0.04261045077,0.8824697802,0.8796098214,0.8852885989,0.9249807692,0.9233186126,0.9266236264,0.9579901305,172.9640769,secondary
legacy_e2_vit_base_nomixdir_saga,vit_base,mixup,saga,legacy-nomixdir,term_1.00,s12_post_norm,T2,centred_l2,2000,182,14,0.005102040816,0.04261045077,0.8810604396,0.8782087225,0.8838407967,0.9231263736,0.9214752747,0.9247858516,0.9493787758,172.6878462,secondary
legacy_e2_vit_base_nomixdir_saga,vit_base,mixup,saga,legacy-nomixdir,term_1.00,s11_out,T3,l2,2000,168,14,0.005102040816,0.0425170068,0.8660863095,0.8632112351,0.868875,0.904139881,0.9018303571,0.9063869048,0.9580288744,169.7529167,secondary
legacy_e2_vit_base_nomixdir_saga,vit_base,mixup,saga,legacy-nomixdir,term_1.00,s11_out,T3,centred_l2,2000,168,14,0.005102040816,0.0425170068,0.8641845238,0.8613184524,0.8669703125,0.9023303571,0.9000089286,0.9046250744,0.9404816277,169.3801667,secondary
legacy_e2_vit_base_nomixdir_saga,vit_base,mixup,saga,legacy-nomixdir,term_1.00,hist,T3,l2,2000,168,14,0.005102040816,0.0425170068,0.8469761905,0.8440267113,0.8498809524,0.8864702381,0.8840624256,0.8888214286,0.9521776305,166.0073333,secondary
legacy_e2_vit_base_nomixdir_saga,vit_base,mixup,saga,legacy-nomixdir,term_1.00,hist,T3,centred_l2,2000,168,14,0.005102040816,0.0425170068,0.8453065476,0.8423332589,0.8482411458,0.8839047619,0.8815029018,0.8862797619,0.9429122615,165.6800833,secondary
legacy_e2_vit_base_nomixdir_saga,vit_base,mixup,saga,legacy-nomixdir,term_1.00,s12_post_norm,T3,l2,2000,168,14,0.005102040816,0.0425170068,0.8650238095,0.862139881,0.8678660714,0.9026904762,0.9003630952,0.9049761905,0.9394417997,169.5446667,secondary
legacy_e2_vit_base_nomixdir_saga,vit_base,mixup,saga,legacy-nomixdir,term_1.00,s12_post_norm,T3,centred_l2,2000,168,14,0.005102040816,0.0425170068,0.8634940476,0.8606011161,0.8663333333,0.900875,0.8985625,0.9031637649,0.9254377406,169.2448333,secondary
e2r_vitb_mixup_saga_s1,vit_base,mixup,saga,s1,native,s11_out,T0,l2,2000,196,14,0.005102040816,0.04164931279,1,1,1,1,1,1,0.9999999938,196,secondary
e2r_vitb_mixup_saga_s1,vit_base,mixup,saga,s1,native,s11_out,T0,centred_l2,2000,196,14,0.005102040816,0.04164931279,1,1,1,1,1,1,0.9999999959,196,secondary
e2r_vitb_mixup_saga_s1,vit_base,mixup,saga,s1,native,hist,T0,l2,2000,196,14,0.005102040816,0.04164931279,1,1,1,1,1,1,0.9999999933,196,secondary
e2r_vitb_mixup_saga_s1,vit_base,mixup,saga,s1,native,hist,T0,centred_l2,2000,196,14,0.005102040816,0.04164931279,1,1,1,1,1,1,0.9999999943,196,secondary
e2r_vitb_mixup_saga_s1,vit_base,mixup,saga,s1,native,s12_post_norm,T0,l2,2000,196,14,0.005102040816,0.04164931279,1,1,1,1,1,1,0.9999999907,196,secondary
e2r_vitb_mixup_saga_s1,vit_base,mixup,saga,s1,native,s12_post_norm,T0,centred_l2,2000,196,14,0.005102040816,0.04164931279,1,1,1,1,1,1,0.9999999892,196,secondary
e2r_vitb_mixup_saga_s1,vit_base,mixup,saga,s1,native,s11_out,T1,l2,2000,196,14,0.005102040816,0.04164931279,0.8495867347,0.847091773,0.8519822066,0.8950790816,0.8931325893,0.8969515306,0.9452220198,166.519,secondary
e2r_vitb_mixup_saga_s1,vit_base,mixup,saga,s1,native,s11_out,T1,centred_l2,2000,196,14,0.005102040816,0.04164931279,0.8487397959,0.8462753827,0.8511403699,0.8952704082,0.8933265306,0.8971658163,0.9214394825,166.353,secondary
e2r_vitb_mixup_saga_s1,vit_base,mixup,saga,s1,native,hist,T1,l2,2000,196,14,0.005102040816,0.04164931279,0.8395714286,0.8369565689,0.8421021046,0.8856913265,0.8836071429,0.8877244898,0.9404136688,164.556,secondary
e2r_vitb_mixup_saga_s1,vit_base,mixup,saga,s1,native,hist,T1,centred_l2,2000,196,14,0.005102040816,0.04164931279,0.8374387755,0.8348289541,0.8399771046,0.8837678571,0.8816479592,0.8858316327,0.9228441986,164.138,secondary
e2r_vitb_mixup_saga_s1,vit_base,mixup,saga,s1,native,s12_post_norm,T1,l2,2000,196,14,0.005102040816,0.04164931279,0.8541913265,0.8517142219,0.8565790816,0.899994898,0.8980892219,0.9018622449,0.9254515759,167.4215,secondary
e2r_vitb_mixup_saga_s1,vit_base,mixup,saga,s1,native,s12_post_norm,T1,centred_l2,2000,196,14,0.005102040816,0.04164931279,0.8527346939,0.8502653061,0.8551096939,0.8985280612,0.8966122449,0.9003903699,0.9054221885,167.136,secondary
e2r_vitb_mixup_saga_s1,vit_base,mixup,saga,s1,native,s11_out,T2,l2,2000,182,14,0.005102040816,0.04261045077,0.8794752747,0.8763955357,0.8824587912,0.9202005495,0.9184559753,0.9219203297,0.972946536,172.3771538,secondary
e2r_vitb_mixup_saga_s1,vit_base,mixup,saga,s1,native,s11_out,T2,centred_l2,2000,182,14,0.005102040816,0.04261045077,0.8788983516,0.875840522,0.8818818681,0.9201950549,0.9184258242,0.9219561126,0.9593487306,172.2640769,secondary
e2r_vitb_mixup_saga_s1,vit_base,mixup,saga,s1,native,hist,T2,l2,2000,182,14,0.005102040816,0.04261045077,0.8733296703,0.8701701923,0.8763654533,0.913760989,0.9118900412,0.9155989698,0.9701196154,171.1726154,secondary
e2r_vitb_mixup_saga_s1,vit_base,mixup,saga,s1,native,hist,T2,centred_l2,2000,182,14,0.005102040816,0.04261045077,0.8716346154,0.8684587912,0.8746786401,0.9123076923,0.9104367445,0.9141428571,0.9602491329,170.8403846,secondary
e2r_vitb_mixup_saga_s1,vit_base,mixup,saga,s1,native,s12_post_norm,T2,l2,2000,182,14,0.005102040816,0.04261045077,0.8843791209,0.8813021291,0.887343544,0.9247802198,0.9230328297,0.9264752747,0.9604279776,173.3383077,secondary
e2r_vitb_mixup_saga_s1,vit_base,mixup,saga,s1,native,s12_post_norm,T2,centred_l2,2000,182,14,0.005102040816,0.04261045077,0.8828736264,0.8798211538,0.8858214286,0.9232994505,0.9215769231,0.9249945055,0.9516388316,173.0432308,secondary
e2r_vitb_mixup_saga_s1,vit_base,mixup,saga,s1,native,s11_out,T3,l2,2000,168,14,0.005102040816,0.0425170068,0.8663482143,0.863428497,0.8692174107,0.9005505952,0.8981577381,0.9028720982,0.9593231294,169.80425,secondary
e2r_vitb_mixup_saga_s1,vit_base,mixup,saga,s1,native,s11_out,T3,centred_l2,2000,168,14,0.005102040816,0.0425170068,0.8654583333,0.8625384673,0.8683274554,0.9007589286,0.8983779762,0.9030714286,0.9406565318,169.6298333,secondary
e2r_vitb_mixup_saga_s1,vit_base,mixup,saga,s1,native,hist,T3,l2,2000,168,14,0.005102040816,0.0425170068,0.8579285714,0.8549404018,0.8608899554,0.8928958333,0.890443378,0.8952797619,0.9550205446,168.154,secondary
e2r_vitb_mixup_saga_s1,vit_base,mixup,saga,s1,native,hist,T3,centred_l2,2000,168,14,0.005102040816,0.0425170068,0.8561369048,0.8531279018,0.8590922619,0.8915357143,0.8890773065,0.8939167411,0.9414950424,167.8028333,secondary
e2r_vitb_mixup_saga_s1,vit_base,mixup,saga,s1,native,s12_post_norm,T3,l2,2000,168,14,0.005102040816,0.0425170068,0.871202381,0.868297619,0.8740833333,0.9054970238,0.9031338542,0.9078185268,0.9424710127,170.7556667,secondary
e2r_vitb_mixup_saga_s1,vit_base,mixup,saga,s1,native,s12_post_norm,T3,centred_l2,2000,168,14,0.005102040816,0.0425170068,0.8698511905,0.8669255952,0.8726935268,0.9041904762,0.9018302827,0.9064821429,0.9283439856,170.4908333,secondary
e2r_vitb_mixup_saga_s1,vit_base,mixup,saga,s1,term_1.00,s11_out,T0,l2,2000,196,14,0.005102040816,0.04164931279,1,1,1,1,1,1,0.9999999938,196,secondary
e2r_vitb_mixup_saga_s1,vit_base,mixup,saga,s1,term_1.00,s11_out,T0,centred_l2,2000,196,14,0.005102040816,0.04164931279,1,1,1,1,1,1,0.9999999959,196,secondary
e2r_vitb_mixup_saga_s1,vit_base,mixup,saga,s1,term_1.00,hist,T0,l2,2000,196,14,0.005102040816,0.04164931279,1,1,1,1,1,1,0.9999999951,196,secondary
e2r_vitb_mixup_saga_s1,vit_base,mixup,saga,s1,term_1.00,hist,T0,centred_l2,2000,196,14,0.005102040816,0.04164931279,1,1,1,1,1,1,0.9999999955,196,secondary
e2r_vitb_mixup_saga_s1,vit_base,mixup,saga,s1,term_1.00,s12_post_norm,T0,l2,2000,196,14,0.005102040816,0.04164931279,1,1,1,1,1,1,0.9999999923,196,secondary
e2r_vitb_mixup_saga_s1,vit_base,mixup,saga,s1,term_1.00,s12_post_norm,T0,centred_l2,2000,196,14,0.005102040816,0.04164931279,1,1,1,1,1,1,0.9999999896,196,secondary
e2r_vitb_mixup_saga_s1,vit_base,mixup,saga,s1,term_1.00,s11_out,T1,l2,2000,196,14,0.005102040816,0.04164931279,0.8495867347,0.847091773,0.8519822066,0.8950790816,0.8931325893,0.8969515306,0.9452220198,166.519,secondary
e2r_vitb_mixup_saga_s1,vit_base,mixup,saga,s1,term_1.00,s11_out,T1,centred_l2,2000,196,14,0.005102040816,0.04164931279,0.8487397959,0.8462753827,0.8511403699,0.8952704082,0.8933265306,0.8971658163,0.9214394825,166.353,secondary
e2r_vitb_mixup_saga_s1,vit_base,mixup,saga,s1,term_1.00,hist,T1,l2,2000,196,14,0.005102040816,0.04164931279,0.829630102,0.8269029974,0.8323086735,0.8792091837,0.8770407526,0.8813265944,0.9409597253,162.6075,secondary
e2r_vitb_mixup_saga_s1,vit_base,mixup,saga,s1,term_1.00,hist,T1,centred_l2,2000,196,14,0.005102040816,0.04164931279,0.8272193878,0.824469324,0.8299159439,0.8768061224,0.8746020408,0.8789540816,0.9243652191,162.135,secondary
e2r_vitb_mixup_saga_s1,vit_base,mixup,saga,s1,term_1.00,s12_post_norm,T1,l2,2000,196,14,0.005102040816,0.04164931279,0.8496096939,0.8470533801,0.8520944515,0.8962704082,0.8942831633,0.8982168367,0.9253699768,166.5235,secondary
e2r_vitb_mixup_saga_s1,vit_base,mixup,saga,s1,term_1.00,s12_post_norm,T1,centred_l2,2000,196,14,0.005102040816,0.04164931279,0.8473316327,0.8447677934,0.8498061862,0.8941658163,0.8921658163,0.8961301658,0.9044138429,166.077,secondary
e2r_vitb_mixup_saga_s1,vit_base,mixup,saga,s1,term_1.00,s11_out,T2,l2,2000,182,14,0.005102040816,0.04261045077,0.8794752747,0.8763955357,0.8824587912,0.9202005495,0.9184559753,0.9219203297,0.972946536,172.3771538,secondary
e2r_vitb_mixup_saga_s1,vit_base,mixup,saga,s1,term_1.00,s11_out,T2,centred_l2,2000,182,14,0.005102040816,0.04261045077,0.8788983516,0.875840522,0.8818818681,0.9201950549,0.9184258242,0.9219561126,0.9593487306,172.2640769,secondary
e2r_vitb_mixup_saga_s1,vit_base,mixup,saga,s1,term_1.00,hist,T2,l2,2000,182,14,0.005102040816,0.04261045077,0.8676758242,0.8645136676,0.8707583104,0.9094368132,0.9075054258,0.9113133929,0.9692436956,170.0644615,secondary
e2r_vitb_mixup_saga_s1,vit_base,mixup,saga,s1,term_1.00,hist,T2,centred_l2,2000,182,14,0.005102040816,0.04261045077,0.8663021978,0.8631401099,0.8693820055,0.9079697802,0.9060356456,0.9098736264,0.9602944999,169.7952308,secondary
e2r_vitb_mixup_saga_s1,vit_base,mixup,saga,s1,term_1.00,s12_post_norm,T2,l2,2000,182,14,0.005102040816,0.04261045077,0.8817032967,0.8785796016,0.8847088599,0.9223104396,0.9205411401,0.9240605082,0.9591821405,172.8138462,secondary
e2r_vitb_mixup_saga_s1,vit_base,mixup,saga,s1,term_1.00,s12_post_norm,T2,centred_l2,2000,182,14,0.005102040816,0.04261045077,0.8797335165,0.8766318681,0.882739011,0.9202747253,0.9185,0.9220192308,0.9504386342,172.4277692,secondary
e2r_vitb_mixup_saga_s1,vit_base,mixup,saga,s1,term_1.00,s11_out,T3,l2,2000,168,14,0.005102040816,0.0425170068,0.8663482143,0.863428497,0.8692174107,0.9005505952,0.8981577381,0.9028720982,0.9593231294,169.80425,secondary
e2r_vitb_mixup_saga_s1,vit_base,mixup,saga,s1,term_1.00,s11_out,T3,centred_l2,2000,168,14,0.005102040816,0.0425170068,0.8654583333,0.8625384673,0.8683274554,0.9007589286,0.8983779762,0.9030714286,0.9406565318,169.6298333,secondary
e2r_vitb_mixup_saga_s1,vit_base,mixup,saga,s1,term_1.00,hist,T3,l2,2000,168,14,0.005102040816,0.0425170068,0.8499791667,0.8468988095,0.8529970982,0.8869434524,0.8843957589,0.889389881,0.9531603944,166.5959167,secondary
e2r_vitb_mixup_saga_s1,vit_base,mixup,saga,s1,term_1.00,hist,T3,centred_l2,2000,168,14,0.005102040816,0.0425170068,0.8480744048,0.8449880952,0.8510685268,0.8856488095,0.8831547619,0.8880684524,0.9414746599,166.2225833,secondary
e2r_vitb_mixup_saga_s1,vit_base,mixup,saga,s1,term_1.00,s12_post_norm,T3,l2,2000,168,14,0.005102040816,0.0425170068,0.867610119,0.8646516369,0.8705119792,0.9022708333,0.8998452381,0.904619122,0.9398524348,170.0515833,secondary
e2r_vitb_mixup_saga_s1,vit_base,mixup,saga,s1,term_1.00,s12_post_norm,T3,centred_l2,2000,168,14,0.005102040816,0.0425170068,0.8655029762,0.8625238095,0.8684077381,0.900485119,0.8980982143,0.9028154762,0.9262777516,169.6385833,secondary
legacy_e2_vit_small_mixupdir_registers,vit_small,mixup,registers,legacy-mixupdir,native,s11_out,T0,l2,2000,196,14,0.005102040816,0.04164931279,1,1,1,1,1,1,0.999999998,196,secondary
legacy_e2_vit_small_mixupdir_registers,vit_small,mixup,registers,legacy-mixupdir,native,s11_out,T0,centred_l2,2000,196,14,0.005102040816,0.04164931279,1,1,1,1,1,1,0.9999999987,196,secondary
legacy_e2_vit_small_mixupdir_registers,vit_small,mixup,registers,legacy-mixupdir,native,hist,T0,l2,2000,196,14,0.005102040816,0.04164931279,1,1,1,1,1,1,0.9999999982,196,secondary
legacy_e2_vit_small_mixupdir_registers,vit_small,mixup,registers,legacy-mixupdir,native,hist,T0,centred_l2,2000,196,14,0.005102040816,0.04164931279,1,1,1,1,1,1,0.9999999987,196,secondary
legacy_e2_vit_small_mixupdir_registers,vit_small,mixup,registers,legacy-mixupdir,native,s12_post_norm,T0,l2,2000,196,14,0.005102040816,0.04164931279,1,1,1,1,1,1,0.9999999987,196,secondary
legacy_e2_vit_small_mixupdir_registers,vit_small,mixup,registers,legacy-mixupdir,native,s12_post_norm,T0,centred_l2,2000,196,14,0.005102040816,0.04164931279,1,1,1,1,1,1,0.9999999985,196,secondary
legacy_e2_vit_small_mixupdir_registers,vit_small,mixup,registers,legacy-mixupdir,native,s11_out,T1,l2,2000,196,14,0.005102040816,0.04164931279,0.9620816327,0.9602830995,0.9637933673,0.9783673469,0.9770560587,0.9795994898,0.9543019848,188.568,secondary
legacy_e2_vit_small_mixupdir_registers,vit_small,mixup,registers,legacy-mixupdir,native,s11_out,T1,centred_l2,2000,196,14,0.005102040816,0.04164931279,0.9630714286,0.9613213648,0.9647577168,0.9790969388,0.9778137117,0.9803061224,0.9293808889,188.762,secondary
legacy_e2_vit_small_mixupdir_registers,vit_small,mixup,registers,legacy-mixupdir,native,hist,T1,l2,2000,196,14,0.005102040816,0.04164931279,0.9595102041,0.9576683673,0.9612729592,0.9767984694,0.9754591837,0.9780689413,0.9616731095,188.064,secondary
legacy_e2_vit_small_mixupdir_registers,vit_small,mixup,registers,legacy-mixupdir,native,hist,T1,centred_l2,2000,196,14,0.005102040816,0.04164931279,0.9590969388,0.9572576531,0.960872449,0.9761913265,0.9748366709,0.9774770408,0.92764123,187.983,secondary
legacy_e2_vit_small_mixupdir_registers,vit_small,mixup,registers,legacy-mixupdir,native,s12_post_norm,T1,l2,2000,196,14,0.005102040816,0.04164931279,0.9624005102,0.9606122449,0.9641046556,0.97875,0.9774489796,0.9799669005,0.9483281843,188.6305,secondary
legacy_e2_vit_small_mixupdir_registers,vit_small,mixup,registers,legacy-mixupdir,native,s12_post_norm,T1,centred_l2,2000,196,14,0.005102040816,0.04164931279,0.9633188776,0.9615484694,0.9649924107,0.9792678571,0.9779923469,0.9804540816,0.9276401004,188.8105,secondary
legacy_e2_vit_small_mixupdir_registers,vit_small,mixup,registers,legacy-mixupdir,native,s11_out,T2,l2,2000,182,14,0.005102040816,0.04261045077,0.9568791209,0.9545631868,0.9590989698,0.9814807692,0.9805467033,0.9823956044,0.9748867736,187.5483077,secondary
legacy_e2_vit_small_mixupdir_registers,vit_small,mixup,registers,legacy-mixupdir,native,s11_out,T2,centred_l2,2000,182,14,0.005102040816,0.04261045077,0.9578296703,0.9555274038,0.9600468407,0.9821703297,0.9812472527,0.9830660027,0.9605425828,187.7346154,secondary
legacy_e2_vit_small_mixupdir_registers,vit_small,mixup,registers,legacy-mixupdir,native,hist,T2,l2,2000,182,14,0.005102040816,0.04261045077,0.9554230769,0.9531236264,0.9576483516,0.9803049451,0.9793488324,0.9812445055,0.9761350865,187.2629231,secondary
legacy_e2_vit_small_mixupdir_registers,vit_small,mixup,registers,legacy-mixupdir,native,hist,T2,centred_l2,2000,182,14,0.005102040816,0.04261045077,0.9555521978,0.9532279533,0.9577967033,0.9801923077,0.9792252747,0.9811483516,0.9589841959,187.2882308,secondary
legacy_e2_vit_small_mixupdir_registers,vit_small,mixup,registers,legacy-mixupdir,native,s12_post_norm,T2,l2,2000,182,14,0.005102040816,0.04261045077,0.9575192308,0.9552417582,0.9597035027,0.9819285714,0.9810026786,0.9828406593,0.9681931985,187.6737692,secondary
legacy_e2_vit_small_mixupdir_registers,vit_small,mixup,registers,legacy-mixupdir,native,s12_post_norm,T2,centred_l2,2000,182,14,0.005102040816,0.04261045077,0.9583791209,0.9561290522,0.9605824176,0.9825521978,0.9816345467,0.9834368132,0.9584372306,187.8423077,secondary
legacy_e2_vit_small_mixupdir_registers,vit_small,mixup,registers,legacy-mixupdir,native,s11_out,T3,l2,2000,168,14,0.005102040816,0.0425170068,0.9448541667,0.9423779762,0.9472738095,0.966202381,0.9644702381,0.9678780506,0.9592249109,185.1914167,secondary
legacy_e2_vit_small_mixupdir_registers,vit_small,mixup,registers,legacy-mixupdir,native,s11_out,T3,centred_l2,2000,168,14,0.005102040816,0.0425170068,0.9460446429,0.9435622768,0.948449628,0.966827381,0.9650952381,0.9684970238,0.9363540139,185.42475,secondary
legacy_e2_vit_small_mixupdir_registers,vit_small,mixup,registers,legacy-mixupdir,native,hist,T3,l2,2000,168,14,0.005102040816,0.0425170068,0.9423095238,0.9398153274,0.9447291667,0.9645744048,0.9628363095,0.9662708333,0.9618069055,184.6926667,secondary
legacy_e2_vit_small_mixupdir_registers,vit_small,mixup,registers,legacy-mixupdir,native,hist,T3,centred_l2,2000,168,14,0.005102040816,0.0425170068,0.9421130952,0.9396099702,0.944518006,0.9641190476,0.9623660714,0.9658005952,0.9338341796,184.6541667,secondary
legacy_e2_vit_small_mixupdir_registers,vit_small,mixup,registers,legacy-mixupdir,native,s12_post_norm,T3,l2,2000,168,14,0.005102040816,0.0425170068,0.9454613095,0.942985119,0.9478720238,0.9667142857,0.9649999256,0.9683810268,0.9484056479,185.3104167,secondary
legacy_e2_vit_small_mixupdir_registers,vit_small,mixup,registers,legacy-mixupdir,native,s12_post_norm,T3,centred_l2,2000,168,14,0.005102040816,0.0425170068,0.9465535714,0.9441011161,0.9489375,0.967389881,0.9656665923,0.9690446429,0.9330283316,185.5245,secondary
legacy_e2_vit_small_nomixdir_registers,vit_small,mixup,registers,legacy-nomixdir,native,s11_out,T0,l2,2000,196,14,0.005102040816,0.04164931279,1,1,1,1,1,1,0.9999999988,196,secondary
legacy_e2_vit_small_nomixdir_registers,vit_small,mixup,registers,legacy-nomixdir,native,s11_out,T0,centred_l2,2000,196,14,0.005102040816,0.04164931279,1,1,1,1,1,1,0.9999999987,196,secondary
legacy_e2_vit_small_nomixdir_registers,vit_small,mixup,registers,legacy-nomixdir,native,hist,T0,l2,2000,196,14,0.005102040816,0.04164931279,1,1,1,1,1,1,0.999999998,196,secondary
legacy_e2_vit_small_nomixdir_registers,vit_small,mixup,registers,legacy-nomixdir,native,hist,T0,centred_l2,2000,196,14,0.005102040816,0.04164931279,1,1,1,1,1,1,0.9999999985,196,secondary
legacy_e2_vit_small_nomixdir_registers,vit_small,mixup,registers,legacy-nomixdir,native,s12_post_norm,T0,l2,2000,196,14,0.005102040816,0.04164931279,1,1,1,1,1,1,0.9999999986,196,secondary
legacy_e2_vit_small_nomixdir_registers,vit_small,mixup,registers,legacy-nomixdir,native,s12_post_norm,T0,centred_l2,2000,196,14,0.005102040816,0.04164931279,1,1,1,1,1,1,0.9999999991,196,secondary
legacy_e2_vit_small_nomixdir_registers,vit_small,mixup,registers,legacy-nomixdir,native,s11_out,T1,l2,2000,196,14,0.005102040816,0.04164931279,0.9629719388,0.9612270408,0.9646174107,0.9787168367,0.9774591837,0.9798903061,0.955367335,188.7425,secondary
legacy_e2_vit_small_nomixdir_registers,vit_small,mixup,registers,legacy-nomixdir,native,s11_out,T1,centred_l2,2000,196,14,0.005102040816,0.04164931279,0.9639234694,0.9621938776,0.9655459184,0.9794515306,0.9782193878,0.9806021046,0.9320686182,188.929,secondary
legacy_e2_vit_small_nomixdir_registers,vit_small,mixup,registers,legacy-nomixdir,native,hist,T1,l2,2000,196,14,0.005102040816,0.04164931279,0.9584438776,0.956619898,0.9601633291,0.9760688776,0.9747805485,0.9772984694,0.9630403183,187.855,secondary
legacy_e2_vit_small_nomixdir_registers,vit_small,mixup,registers,legacy-nomixdir,native,hist,T1,centred_l2,2000,196,14,0.005102040816,0.04164931279,0.9589846939,0.9571709184,0.9606964923,0.9761071429,0.9748162628,0.9773239796,0.9296901981,187.961,secondary
legacy_e2_vit_small_nomixdir_registers,vit_small,mixup,registers,legacy-nomixdir,native,s12_post_norm,T1,l2,2000,196,14,0.005102040816,0.04164931279,0.9626454082,0.9609004464,0.9642984694,0.9788979592,0.9776556122,0.9800638393,0.9470965462,188.6785,secondary
legacy_e2_vit_small_nomixdir_registers,vit_small,mixup,registers,legacy-nomixdir,native,s12_post_norm,T1,centred_l2,2000,196,14,0.005102040816,0.04164931279,0.9633188776,0.9615994898,0.9649439413,0.9791147959,0.9778953444,0.9802551658,0.9285460232,188.8105,secondary
legacy_e2_vit_small_nomixdir_registers,vit_small,mixup,registers,legacy-nomixdir,native,s11_out,T2,l2,2000,182,14,0.005102040816,0.04261045077,0.9587142857,0.9565026786,0.9608379121,0.9817087912,0.9807857143,0.9826318681,0.9745456955,187.908,secondary
legacy_e2_vit_small_nomixdir_registers,vit_small,mixup,registers,legacy-nomixdir,native,s11_out,T2,centred_l2,2000,182,14,0.005102040816,0.04261045077,0.9596978022,0.9575026786,0.9618076923,0.9825879121,0.9816840659,0.9834807692,0.9607778468,188.1007692,secondary
legacy_e2_vit_small_nomixdir_registers,vit_small,mixup,registers,legacy-nomixdir,native,hist,T2,l2,2000,182,14,0.005102040816,0.04261045077,0.9558791209,0.9536593407,0.958021978,0.9798956044,0.978920261,0.9808653846,0.9772745063,187.3523077,secondary
legacy_e2_vit_small_nomixdir_registers,vit_small,mixup,registers,legacy-nomixdir,native,hist,T2,centred_l2,2000,182,14,0.005102040816,0.04261045077,0.9569917582,0.9548048077,0.9591153846,0.9805769231,0.9796236264,0.9815165522,0.9588118102,187.5703846,secondary
legacy_e2_vit_small_nomixdir_registers,vit_small,mixup,registers,legacy-nomixdir,native,s12_post_norm,T2,l2,2000,182,14,0.005102040816,0.04261045077,0.9595357143,0.9573681319,0.961648489,0.9825357143,0.981637294,0.9834340659,0.9673860542,188.069,secondary
legacy_e2_vit_small_nomixdir_registers,vit_small,mixup,registers,legacy-nomixdir,native,s12_post_norm,T2,centred_l2,2000,182,14,0.005102040816,0.04261045077,0.960217033,0.9580631181,0.9623021978,0.9829038462,0.9820082418,0.9837802198,0.9579780367,188.2025385,secondary
legacy_e2_vit_small_nomixdir_registers,vit_small,mixup,registers,legacy-nomixdir,native,s11_out,T3,l2,2000,168,14,0.005102040816,0.0425170068,0.9468363095,0.9445267857,0.949110119,0.9666011905,0.9649165923,0.9682470238,0.9584709466,185.5799167,secondary
legacy_e2_vit_small_nomixdir_registers,vit_small,mixup,registers,legacy-nomixdir,native,s11_out,T3,centred_l2,2000,168,14,0.005102040816,0.0425170068,0.9480714286,0.9457767857,0.9503334077,0.9675089286,0.9658869048,0.9691160714,0.9362385199,185.822,secondary
legacy_e2_vit_small_nomixdir_registers,vit_small,mixup,registers,legacy-nomixdir,native,hist,T3,l2,2000,168,14,0.005102040816,0.0425170068,0.9422589286,0.9398927827,0.9445654762,0.9635297619,0.9618154762,0.9652113095,0.9630267183,184.68275,secondary
legacy_e2_vit_small_nomixdir_registers,vit_small,mixup,registers,legacy-nomixdir,native,hist,T3,centred_l2,2000,168,14,0.005102040816,0.0425170068,0.9430863095,0.9407111607,0.9453839286,0.9640178571,0.9623243304,0.965672619,0.9329835608,184.8449167,secondary
legacy_e2_vit_small_nomixdir_registers,vit_small,mixup,registers,legacy-nomixdir,native,s12_post_norm,T3,l2,2000,168,14,0.005102040816,0.0425170068,0.9470386905,0.9447290179,0.9492768601,0.9669375,0.9652946429,0.9685565476,0.9463879675,185.6195833,secondary
legacy_e2_vit_small_nomixdir_registers,vit_small,mixup,registers,legacy-nomixdir,native,s12_post_norm,T3,centred_l2,2000,168,14,0.005102040816,0.0425170068,0.947985119,0.9456666667,0.9502232887,0.9675952381,0.9659553571,0.9692113839,0.9317611482,185.8050833,secondary
legacy_e2_vit_small_mixupdir_saga,vit_small,mixup,saga,legacy-mixupdir,native,s11_out,T0,l2,2000,196,14,0.005102040816,0.04164931279,1,1,1,1,1,1,0.9999999988,196,secondary
legacy_e2_vit_small_mixupdir_saga,vit_small,mixup,saga,legacy-mixupdir,native,s11_out,T0,centred_l2,2000,196,14,0.005102040816,0.04164931279,1,1,1,1,1,1,0.9999999991,196,secondary
legacy_e2_vit_small_mixupdir_saga,vit_small,mixup,saga,legacy-mixupdir,native,hist,T0,l2,2000,196,14,0.005102040816,0.04164931279,1,1,1,1,1,1,0.9999999994,196,secondary
legacy_e2_vit_small_mixupdir_saga,vit_small,mixup,saga,legacy-mixupdir,native,hist,T0,centred_l2,2000,196,14,0.005102040816,0.04164931279,1,1,1,1,1,1,0.999999999,196,secondary
legacy_e2_vit_small_mixupdir_saga,vit_small,mixup,saga,legacy-mixupdir,native,s12_post_norm,T0,l2,2000,196,14,0.005102040816,0.04164931279,1,1,1,1,1,1,0.9999999992,196,secondary
legacy_e2_vit_small_mixupdir_saga,vit_small,mixup,saga,legacy-mixupdir,native,s12_post_norm,T0,centred_l2,2000,196,14,0.005102040816,0.04164931279,1,1,1,1,1,1,0.9999999985,196,secondary
legacy_e2_vit_small_mixupdir_saga,vit_small,mixup,saga,legacy-mixupdir,native,s11_out,T1,l2,2000,196,14,0.005102040816,0.04164931279,0.9124285714,0.9103723852,0.9144566327,0.9411326531,0.9395330357,0.9426837372,0.9542594891,178.836,secondary
legacy_e2_vit_small_mixupdir_saga,vit_small,mixup,saga,legacy-mixupdir,native,s11_out,T1,centred_l2,2000,196,14,0.005102040816,0.04164931279,0.9133214286,0.9112779974,0.9153086735,0.9420918367,0.9405433036,0.9436072066,0.9318160851,179.011,secondary
legacy_e2_vit_small_mixupdir_saga,vit_small,mixup,saga,legacy-mixupdir,native,hist,T1,l2,2000,196,14,0.005102040816,0.04164931279,0.9090153061,0.9068621173,0.9111122449,0.937622449,0.935976977,0.9392271046,0.9498977347,178.167,secondary
legacy_e2_vit_small_mixupdir_saga,vit_small,mixup,saga,legacy-mixupdir,native,hist,T1,centred_l2,2000,196,14,0.005102040816,0.04164931279,0.9102040816,0.9080841837,0.9122908163,0.9390357143,0.9374132653,0.9406225128,0.929012037,178.4,secondary
legacy_e2_vit_small_mixupdir_saga,vit_small,mixup,saga,legacy-mixupdir,native,s12_post_norm,T1,l2,2000,196,14,0.005102040816,0.04164931279,0.9143392857,0.9122984056,0.9163368622,0.9427015306,0.9411581633,0.9442322066,0.9425527193,179.2105,secondary
legacy_e2_vit_small_mixupdir_saga,vit_small,mixup,saga,legacy-mixupdir,native,s12_post_norm,T1,centred_l2,2000,196,14,0.005102040816,0.04164931279,0.9150459184,0.9130153061,0.9170410077,0.943119898,0.9415841199,0.9446276148,0.9247101379,179.349,secondary
legacy_e2_vit_small_mixupdir_saga,vit_small,mixup,saga,legacy-mixupdir,native,s11_out,T2,l2,2000,182,14,0.005102040816,0.04261045077,0.9174450549,0.9145934066,0.9202418269,0.9493516484,0.9477582418,0.9509285714,0.9743845632,179.8192308,secondary
legacy_e2_vit_small_mixupdir_saga,vit_small,mixup,saga,legacy-mixupdir,native,s11_out,T2,centred_l2,2000,182,14,0.005102040816,0.04261045077,0.9183543956,0.9155356456,0.9211071429,0.9505302198,0.9489806319,0.9520549451,0.96063835,179.9974615,secondary
legacy_e2_vit_small_mixupdir_saga,vit_small,mixup,saga,legacy-mixupdir,native,hist,T2,l2,2000,182,14,0.005102040816,0.04261045077,0.915467033,0.9125850962,0.9182720467,0.9469532967,0.9453213599,0.9485934066,0.9727571297,179.4315385,secondary
legacy_e2_vit_small_mixupdir_saga,vit_small,mixup,saga,legacy-mixupdir,native,hist,T2,centred_l2,2000,182,14,0.005102040816,0.04261045077,0.916739011,0.9138817995,0.9195331044,0.948478022,0.9468763049,0.95006875,0.9592094429,179.6808462,secondary
legacy_e2_vit_small_mixupdir_saga,vit_small,mixup,saga,legacy-mixupdir,native,s12_post_norm,T2,l2,2000,182,14,0.005102040816,0.04261045077,0.9193598901,0.9165274038,0.9221429258,0.9511043956,0.9495549451,0.9526594093,0.9674470337,180.1945385,secondary
legacy_e2_vit_small_mixupdir_saga,vit_small,mixup,saga,legacy-mixupdir,native,s12_post_norm,T2,centred_l2,2000,182,14,0.005102040816,0.04261045077,0.920032967,0.9172005495,0.9227967033,0.9516401099,0.9500961538,0.9531565934,0.9571094834,180.3264615,secondary
legacy_e2_vit_small_mixupdir_saga,vit_small,mixup,saga,legacy-mixupdir,native,s11_out,T3,l2,2000,168,14,0.005102040816,0.0425170068,0.8999613095,0.8969344494,0.9029464286,0.928375,0.9259702381,0.9307292411,0.9596451761,176.3924167,secondary
legacy_e2_vit_small_mixupdir_saga,vit_small,mixup,saga,legacy-mixupdir,native,s11_out,T3,centred_l2,2000,168,14,0.005102040816,0.0425170068,0.9009464286,0.8979404762,0.9039017857,0.9294345238,0.9270535714,0.9317590774,0.93842525,176.5855,secondary
legacy_e2_vit_small_mixupdir_saga,vit_small,mixup,saga,legacy-mixupdir,native,hist,T3,l2,2000,168,14,0.005102040816,0.0425170068,0.8970833333,0.8940324405,0.9000803571,0.924952381,0.9225207589,0.9273630952,0.9563715017,175.8283333,secondary
legacy_e2_vit_small_mixupdir_saga,vit_small,mixup,saga,legacy-mixupdir,native,hist,T3,centred_l2,2000,168,14,0.005102040816,0.0425170068,0.8982172619,0.8951575893,0.9012291667,0.9265625,0.9241339286,0.9289613839,0.9360806332,176.0505833,secondary
legacy_e2_vit_small_mixupdir_saga,vit_small,mixup,saga,legacy-mixupdir,native,s12_post_norm,T3,l2,2000,168,14,0.005102040816,0.0425170068,0.9021815476,0.8991544643,0.905128125,0.9300386905,0.927615997,0.9324018601,0.9489536742,176.8275833,secondary
legacy_e2_vit_small_mixupdir_saga,vit_small,mixup,saga,legacy-mixupdir,native,s12_post_norm,T3,centred_l2,2000,168,14,0.005102040816,0.0425170068,0.9029315476,0.8999047619,0.9058721726,0.9308452381,0.9284642113,0.9331904762,0.9324007922,176.9745833,secondary
legacy_e2_vit_small_mixupdir_saga,vit_small,mixup,saga,legacy-mixupdir,term_1.00,s11_out,T0,l2,2000,196,14,0.005102040816,0.04164931279,1,1,1,1,1,1,0.9999999988,196,secondary
legacy_e2_vit_small_mixupdir_saga,vit_small,mixup,saga,legacy-mixupdir,term_1.00,s11_out,T0,centred_l2,2000,196,14,0.005102040816,0.04164931279,1,1,1,1,1,1,0.9999999991,196,secondary
legacy_e2_vit_small_mixupdir_saga,vit_small,mixup,saga,legacy-mixupdir,term_1.00,hist,T0,l2,2000,196,14,0.005102040816,0.04164931279,1,1,1,1,1,1,0.9999999995,196,secondary
legacy_e2_vit_small_mixupdir_saga,vit_small,mixup,saga,legacy-mixupdir,term_1.00,hist,T0,centred_l2,2000,196,14,0.005102040816,0.04164931279,1,1,1,1,1,1,0.9999999994,196,secondary
legacy_e2_vit_small_mixupdir_saga,vit_small,mixup,saga,legacy-mixupdir,term_1.00,s12_post_norm,T0,l2,2000,196,14,0.005102040816,0.04164931279,1,1,1,1,1,1,0.9999999991,196,secondary
legacy_e2_vit_small_mixupdir_saga,vit_small,mixup,saga,legacy-mixupdir,term_1.00,s12_post_norm,T0,centred_l2,2000,196,14,0.005102040816,0.04164931279,1,1,1,1,1,1,0.9999999989,196,secondary
legacy_e2_vit_small_mixupdir_saga,vit_small,mixup,saga,legacy-mixupdir,term_1.00,s11_out,T1,l2,2000,196,14,0.005102040816,0.04164931279,0.9124285714,0.9103723852,0.9144566327,0.9411326531,0.9395330357,0.9426837372,0.9542594891,178.836,secondary
legacy_e2_vit_small_mixupdir_saga,vit_small,mixup,saga,legacy-mixupdir,term_1.00,s11_out,T1,centred_l2,2000,196,14,0.005102040816,0.04164931279,0.9133214286,0.9112779974,0.9153086735,0.9420918367,0.9405433036,0.9436072066,0.9318160851,179.011,secondary
legacy_e2_vit_small_mixupdir_saga,vit_small,mixup,saga,legacy-mixupdir,term_1.00,hist,T1,l2,2000,196,14,0.005102040816,0.04164931279,0.9054464286,0.9032219388,0.9075994898,0.9347933673,0.933096875,0.9364617347,0.9507988034,177.4675,secondary
legacy_e2_vit_small_mixupdir_saga,vit_small,mixup,saga,legacy-mixupdir,term_1.00,hist,T1,centred_l2,2000,196,14,0.005102040816,0.04164931279,0.9064489796,0.9042447704,0.9085918367,0.9362015306,0.9345255102,0.9378316964,0.927831167,177.664,secondary
legacy_e2_vit_small_mixupdir_saga,vit_small,mixup,saga,legacy-mixupdir,term_1.00,s12_post_norm,T1,l2,2000,196,14,0.005102040816,0.04164931279,0.9116403061,0.9095331633,0.9136964286,0.9402729592,0.9386632015,0.9418418367,0.9444743611,178.6815,secondary
legacy_e2_vit_small_mixupdir_saga,vit_small,mixup,saga,legacy-mixupdir,term_1.00,s12_post_norm,T1,centred_l2,2000,196,14,0.005102040816,0.04164931279,0.9125816327,0.9105101403,0.9146174745,0.9411173469,0.9395305485,0.9426760204,0.9227328362,178.866,secondary
legacy_e2_vit_small_mixupdir_saga,vit_small,mixup,saga,legacy-mixupdir,term_1.00,s11_out,T2,l2,2000,182,14,0.005102040816,0.04261045077,0.9174450549,0.9145934066,0.9202418269,0.9493516484,0.9477582418,0.9509285714,0.9743845632,179.8192308,secondary
legacy_e2_vit_small_mixupdir_saga,vit_small,mixup,saga,legacy-mixupdir,term_1.00,s11_out,T2,centred_l2,2000,182,14,0.005102040816,0.04261045077,0.9183543956,0.9155356456,0.9211071429,0.9505302198,0.9489806319,0.9520549451,0.96063835,179.9974615,secondary
legacy_e2_vit_small_mixupdir_saga,vit_small,mixup,saga,legacy-mixupdir,term_1.00,hist,T2,l2,2000,182,14,0.005102040816,0.04261045077,0.9132692308,0.9103543269,0.9161154533,0.9451895604,0.9435054945,0.9468708791,0.9723410767,179.0007692,secondary
legacy_e2_vit_small_mixupdir_saga,vit_small,mixup,saga,legacy-mixupdir,term_1.00,hist,T2,centred_l2,2000,182,14,0.005102040816,0.04261045077,0.9142692308,0.9113789835,0.917101717,0.9464120879,0.9447746566,0.9480494505,0.9584631229,179.1967692,secondary
legacy_e2_vit_small_mixupdir_saga,vit_small,mixup,saga,legacy-mixupdir,term_1.00,s12_post_norm,T2,l2,2000,182,14,0.005102040816,0.04261045077,0.9176593407,0.9147802198,0.9204697802,0.9492554945,0.9476510989,0.9508682005,0.9676645853,179.8612308,secondary
legacy_e2_vit_small_mixupdir_saga,vit_small,mixup,saga,legacy-mixupdir,term_1.00,s12_post_norm,T2,centred_l2,2000,182,14,0.005102040816,0.04261045077,0.9184368132,0.9155714286,0.921228022,0.9500824176,0.9485081044,0.9516401786,0.9557852839,180.0136154,secondary
legacy_e2_vit_small_mixupdir_saga,vit_small,mixup,saga,legacy-mixupdir,term_1.00,s11_out,T3,l2,2000,168,14,0.005102040816,0.0425170068,0.8999613095,0.8969344494,0.9029464286,0.928375,0.9259702381,0.9307292411,0.9596451761,176.3924167,secondary
legacy_e2_vit_small_mixupdir_saga,vit_small,mixup,saga,legacy-mixupdir,term_1.00,s11_out,T3,centred_l2,2000,168,14,0.005102040816,0.0425170068,0.9009464286,0.8979404762,0.9039017857,0.9294345238,0.9270535714,0.9317590774,0.93842525,176.5855,secondary
legacy_e2_vit_small_mixupdir_saga,vit_small,mixup,saga,legacy-mixupdir,term_1.00,hist,T3,l2,2000,168,14,0.005102040816,0.0425170068,0.893485119,0.8904046875,0.8965239583,0.9222380952,0.9197677827,0.9246845238,0.9551585979,175.1230833,secondary
legacy_e2_vit_small_mixupdir_saga,vit_small,mixup,saga,legacy-mixupdir,term_1.00,hist,T3,centred_l2,2000,168,14,0.005102040816,0.0425170068,0.895047619,0.8919581101,0.8980833333,0.9238630952,0.9213868304,0.9262947173,0.9346562963,175.4293333,secondary
legacy_e2_vit_small_mixupdir_saga,vit_small,mixup,saga,legacy-mixupdir,term_1.00,s12_post_norm,T3,l2,2000,168,14,0.005102040816,0.0425170068,0.9000029762,0.8969583333,0.902985119,0.9279613095,0.9255445685,0.9303690476,0.9484358379,176.4005833,secondary
legacy_e2_vit_small_mixupdir_saga,vit_small,mixup,saga,legacy-mixupdir,term_1.00,s12_post_norm,T3,centred_l2,2000,168,14,0.005102040816,0.0425170068,0.9009821429,0.8979404018,0.9039584077,0.9289107143,0.9264910714,0.9312738095,0.9300038436,176.5925,secondary
legacy_e2_vit_small_nomixdir_saga,vit_small,mixup,saga,legacy-nomixdir,native,s11_out,T0,l2,2000,196,14,0.005102040816,0.04164931279,1,1,1,1,1,1,0.9999999987,196,secondary
legacy_e2_vit_small_nomixdir_saga,vit_small,mixup,saga,legacy-nomixdir,native,s11_out,T0,centred_l2,2000,196,14,0.005102040816,0.04164931279,1,1,1,1,1,1,0.9999999982,196,secondary
legacy_e2_vit_small_nomixdir_saga,vit_small,mixup,saga,legacy-nomixdir,native,hist,T0,l2,2000,196,14,0.005102040816,0.04164931279,1,1,1,1,1,1,0.9999999989,196,secondary
legacy_e2_vit_small_nomixdir_saga,vit_small,mixup,saga,legacy-nomixdir,native,hist,T0,centred_l2,2000,196,14,0.005102040816,0.04164931279,1,1,1,1,1,1,0.9999999986,196,secondary
legacy_e2_vit_small_nomixdir_saga,vit_small,mixup,saga,legacy-nomixdir,native,s12_post_norm,T0,l2,2000,196,14,0.005102040816,0.04164931279,1,1,1,1,1,1,0.9999999989,196,secondary
legacy_e2_vit_small_nomixdir_saga,vit_small,mixup,saga,legacy-nomixdir,native,s12_post_norm,T0,centred_l2,2000,196,14,0.005102040816,0.04164931279,1,1,1,1,1,1,0.9999999987,196,secondary
legacy_e2_vit_small_nomixdir_saga,vit_small,mixup,saga,legacy-nomixdir,native,s11_out,T1,l2,2000,196,14,0.005102040816,0.04164931279,0.8712219388,0.8686478954,0.8738087372,0.9142091837,0.9121963648,0.9162219388,0.940837579,170.7595,secondary
legacy_e2_vit_small_nomixdir_saga,vit_small,mixup,saga,legacy-nomixdir,native,s11_out,T1,centred_l2,2000,196,14,0.005102040816,0.04164931279,0.8717678571,0.8692422832,0.8743239796,0.9156938776,0.9137116709,0.9176480867,0.9134751873,170.8665,secondary
legacy_e2_vit_small_nomixdir_saga,vit_small,mixup,saga,legacy-nomixdir,native,hist,T1,l2,2000,196,14,0.005102040816,0.04164931279,0.8669183673,0.8642907526,0.8695586735,0.9101862245,0.9081300383,0.9122527423,0.9373891464,169.916,secondary
legacy_e2_vit_small_nomixdir_saga,vit_small,mixup,saga,legacy-nomixdir,native,hist,T1,centred_l2,2000,196,14,0.005102040816,0.04164931279,0.8665178571,0.8638877551,0.8691558673,0.9103494898,0.9083061224,0.912408227,0.9122551768,169.8375,secondary
legacy_e2_vit_small_nomixdir_saga,vit_small,mixup,saga,legacy-nomixdir,native,s12_post_norm,T1,l2,2000,196,14,0.005102040816,0.04164931279,0.8775153061,0.8750203444,0.8800204719,0.9205357143,0.9185764031,0.9224872449,0.9219567826,171.993,secondary
legacy_e2_vit_small_nomixdir_saga,vit_small,mixup,saga,legacy-nomixdir,native,s12_post_norm,T1,centred_l2,2000,196,14,0.005102040816,0.04164931279,0.8759209184,0.8734463648,0.8784515306,0.918872449,0.9169029337,0.9207883291,0.8997609489,171.6805,secondary
legacy_e2_vit_small_nomixdir_saga,vit_small,mixup,saga,legacy-nomixdir,native,s11_out,T2,l2,2000,182,14,0.005102040816,0.04261045077,0.9083516484,0.9054148352,0.9112664835,0.9428186813,0.9411593407,0.9445027473,0.9755186891,178.0369231,secondary
legacy_e2_vit_small_nomixdir_saga,vit_small,mixup,saga,legacy-nomixdir,native,s11_out,T2,centred_l2,2000,182,14,0.005102040816,0.04261045077,0.9091263736,0.9061977335,0.9120165522,0.9440934066,0.9424945055,0.9457089286,0.9630229504,178.1887692,secondary
legacy_e2_vit_small_nomixdir_saga,vit_small,mixup,saga,legacy-nomixdir,native,hist,T2,l2,2000,182,14,0.005102040816,0.04261045077,0.9061098901,0.9031015797,0.909046772,0.9403763736,0.9386950549,0.9420851648,0.9741701497,177.5975385,secondary
legacy_e2_vit_small_nomixdir_saga,vit_small,mixup,saga,legacy-nomixdir,native,hist,T2,centred_l2,2000,182,14,0.005102040816,0.04261045077,0.9059120879,0.9029340659,0.9088489011,0.9403626374,0.9387087912,0.9420550824,0.9629301794,177.5587692,secondary
legacy_e2_vit_small_nomixdir_saga,vit_small,mixup,saga,legacy-nomixdir,native,s12_post_norm,T2,l2,2000,182,14,0.005102040816,0.04261045077,0.9145082418,0.9116124313,0.9173873626,0.9488901099,0.9473489011,0.9504368819,0.9653310976,179.2436154,secondary
legacy_e2_vit_small_nomixdir_saga,vit_small,mixup,saga,legacy-nomixdir,native,s12_post_norm,T2,centred_l2,2000,182,14,0.005102040816,0.04261045077,0.9128049451,0.9098815934,0.9156841346,0.9470192308,0.9454505495,0.9485962912,0.9572711191,178.9097692,secondary
legacy_e2_vit_small_nomixdir_saga,vit_small,mixup,saga,legacy-nomixdir,native,s11_out,T3,l2,2000,168,14,0.005102040816,0.0425170068,0.8901875,0.8871011905,0.8932411458,0.9209196429,0.9184731399,0.9233393601,0.9617250604,174.47675,secondary
legacy_e2_vit_small_nomixdir_saga,vit_small,mixup,saga,legacy-nomixdir,native,s11_out,T3,centred_l2,2000,168,14,0.005102040816,0.0425170068,0.8915267857,0.8884791667,0.8945536458,0.9222886905,0.9198779018,0.9246637649,0.9426741807,174.73925,secondary
legacy_e2_vit_small_nomixdir_saga,vit_small,mixup,saga,legacy-nomixdir,native,hist,T3,l2,2000,168,14,0.005102040816,0.0425170068,0.8873690476,0.884264881,0.8904704613,0.9177827381,0.9153332589,0.920238244,0.959163751,173.9243333,secondary
legacy_e2_vit_small_nomixdir_saga,vit_small,mixup,saga,legacy-nomixdir,native,hist,T3,centred_l2,2000,168,14,0.005102040816,0.0425170068,0.887452381,0.8843720238,0.8905150298,0.9180922619,0.9156666667,0.9204940476,0.9423622501,173.9406667,secondary
legacy_e2_vit_small_nomixdir_saga,vit_small,mixup,saga,legacy-nomixdir,native,s12_post_norm,T3,l2,2000,168,14,0.005102040816,0.0425170068,0.8967767857,0.8937380208,0.8997619048,0.9268690476,0.924485119,0.9292053571,0.9474467549,175.76825,secondary
legacy_e2_vit_small_nomixdir_saga,vit_small,mixup,saga,legacy-nomixdir,native,s12_post_norm,T3,centred_l2,2000,168,14,0.005102040816,0.0425170068,0.8955059524,0.8924790923,0.8985000744,0.9252767857,0.9229106399,0.9276191964,0.9336379521,175.5191667,secondary
legacy_e2_vit_small_nomixdir_saga,vit_small,mixup,saga,legacy-nomixdir,term_1.00,s11_out,T0,l2,2000,196,14,0.005102040816,0.04164931279,1,1,1,1,1,1,0.9999999987,196,secondary
legacy_e2_vit_small_nomixdir_saga,vit_small,mixup,saga,legacy-nomixdir,term_1.00,s11_out,T0,centred_l2,2000,196,14,0.005102040816,0.04164931279,1,1,1,1,1,1,0.9999999982,196,secondary
legacy_e2_vit_small_nomixdir_saga,vit_small,mixup,saga,legacy-nomixdir,term_1.00,hist,T0,l2,2000,196,14,0.005102040816,0.04164931279,1,1,1,1,1,1,0.9999999989,196,secondary
legacy_e2_vit_small_nomixdir_saga,vit_small,mixup,saga,legacy-nomixdir,term_1.00,hist,T0,centred_l2,2000,196,14,0.005102040816,0.04164931279,1,1,1,1,1,1,0.9999999987,196,secondary
legacy_e2_vit_small_nomixdir_saga,vit_small,mixup,saga,legacy-nomixdir,term_1.00,s12_post_norm,T0,l2,2000,196,14,0.005102040816,0.04164931279,1,1,1,1,1,1,0.9999999989,196,secondary
legacy_e2_vit_small_nomixdir_saga,vit_small,mixup,saga,legacy-nomixdir,term_1.00,s12_post_norm,T0,centred_l2,2000,196,14,0.005102040816,0.04164931279,1,1,1,1,1,1,0.999999999,196,secondary
legacy_e2_vit_small_nomixdir_saga,vit_small,mixup,saga,legacy-nomixdir,term_1.00,s11_out,T1,l2,2000,196,14,0.005102040816,0.04164931279,0.8712219388,0.8686478954,0.8738087372,0.9142091837,0.9121963648,0.9162219388,0.940837579,170.7595,secondary
legacy_e2_vit_small_nomixdir_saga,vit_small,mixup,saga,legacy-nomixdir,term_1.00,s11_out,T1,centred_l2,2000,196,14,0.005102040816,0.04164931279,0.8717678571,0.8692422832,0.8743239796,0.9156938776,0.9137116709,0.9176480867,0.9134751873,170.8665,secondary
legacy_e2_vit_small_nomixdir_saga,vit_small,mixup,saga,legacy-nomixdir,term_1.00,hist,T1,l2,2000,196,14,0.005102040816,0.04164931279,0.8629770408,0.8603316327,0.865653125,0.9070178571,0.9049387755,0.9091200255,0.9386617071,169.1435,secondary
legacy_e2_vit_small_nomixdir_saga,vit_small,mixup,saga,legacy-nomixdir,term_1.00,hist,T1,centred_l2,2000,196,14,0.005102040816,0.04164931279,0.862494898,0.8598596939,0.8651786352,0.9070433673,0.9049719388,0.9091378189,0.9113723861,169.049,secondary
legacy_e2_vit_small_nomixdir_saga,vit_small,mixup,saga,legacy-nomixdir,term_1.00,s12_post_norm,T1,l2,2000,196,14,0.005102040816,0.04164931279,0.8738647959,0.871341773,0.8764235332,0.9173214286,0.9153367347,0.9192984694,0.9234020251,171.2775,secondary
legacy_e2_vit_small_nomixdir_saga,vit_small,mixup,saga,legacy-nomixdir,term_1.00,s12_post_norm,T1,centred_l2,2000,196,14,0.005102040816,0.04164931279,0.8724234694,0.8698901786,0.8749770408,0.9159183673,0.9139310587,0.9178852679,0.8978938933,170.995,secondary
legacy_e2_vit_small_nomixdir_saga,vit_small,mixup,saga,legacy-nomixdir,term_1.00,s11_out,T2,l2,2000,182,14,0.005102040816,0.04261045077,0.9083516484,0.9054148352,0.9112664835,0.9428186813,0.9411593407,0.9445027473,0.9755186891,178.0369231,secondary
legacy_e2_vit_small_nomixdir_saga,vit_small,mixup,saga,legacy-nomixdir,term_1.00,s11_out,T2,centred_l2,2000,182,14,0.005102040816,0.04261045077,0.9091263736,0.9061977335,0.9120165522,0.9440934066,0.9424945055,0.9457089286,0.9630229504,178.1887692,secondary
legacy_e2_vit_small_nomixdir_saga,vit_small,mixup,saga,legacy-nomixdir,term_1.00,hist,T2,l2,2000,182,14,0.005102040816,0.04261045077,0.904043956,0.9010658654,0.9069890797,0.9382142857,0.9365219093,0.9399368819,0.9732394992,177.1926154,secondary
legacy_e2_vit_small_nomixdir_saga,vit_small,mixup,saga,legacy-nomixdir,term_1.00,hist,T2,centred_l2,2000,182,14,0.005102040816,0.04261045077,0.9033461538,0.9003708104,0.9062830357,0.9379725275,0.9362912088,0.9397007555,0.9623307818,177.0558462,secondary
legacy_e2_vit_small_nomixdir_saga,vit_small,mixup,saga,legacy-nomixdir,term_1.00,s12_post_norm,T2,l2,2000,182,14,0.005102040816,0.04261045077,0.9124752747,0.9095631181,0.9153791209,0.946728022,0.9451565934,0.9483516484,0.9644774637,178.8451538,secondary
legacy_e2_vit_small_nomixdir_saga,vit_small,mixup,saga,legacy-nomixdir,term_1.00,s12_post_norm,T2,centred_l2,2000,182,14,0.005102040816,0.04261045077,0.9105989011,0.9076593407,0.9134918269,0.944956044,0.9433680632,0.9465769231,0.956157174,178.4773846,secondary
legacy_e2_vit_small_nomixdir_saga,vit_small,mixup,saga,legacy-nomixdir,term_1.00,s11_out,T3,l2,2000,168,14,0.005102040816,0.0425170068,0.8901875,0.8871011905,0.8932411458,0.9209196429,0.9184731399,0.9233393601,0.9617250604,174.47675,secondary
legacy_e2_vit_small_nomixdir_saga,vit_small,mixup,saga,legacy-nomixdir,term_1.00,s11_out,T3,centred_l2,2000,168,14,0.005102040816,0.0425170068,0.8915267857,0.8884791667,0.8945536458,0.9222886905,0.9198779018,0.9246637649,0.9426741807,174.73925,secondary
legacy_e2_vit_small_nomixdir_saga,vit_small,mixup,saga,legacy-nomixdir,term_1.00,hist,T3,l2,2000,168,14,0.005102040816,0.0425170068,0.884360119,0.8812291667,0.8874881696,0.9150744048,0.9125744048,0.9175477679,0.957118175,173.3345833,secondary
legacy_e2_vit_small_nomixdir_saga,vit_small,mixup,saga,legacy-nomixdir,term_1.00,hist,T3,centred_l2,2000,168,14,0.005102040816,0.0425170068,0.8841964286,0.8810981399,0.8873005952,0.915110119,0.9126636161,0.9175387649,0.9412168482,173.3025,secondary
legacy_e2_vit_small_nomixdir_saga,vit_small,mixup,saga,legacy-nomixdir,term_1.00,s12_post_norm,T3,l2,2000,168,14,0.005102040816,0.0425170068,0.8939494048,0.890875,0.8969911458,0.9241279762,0.9217261161,0.9265059524,0.9451496927,175.2140833,secondary
legacy_e2_vit_small_nomixdir_saga,vit_small,mixup,saga,legacy-nomixdir,term_1.00,s12_post_norm,T3,centred_l2,2000,168,14,0.005102040816,0.0425170068,0.8927857143,0.8897529018,0.8958186756,0.9227113095,0.9203125,0.9250982143,0.9315680683,174.986,secondary
e2r_vits_mixup_saga_s1,vit_small,mixup,saga,s1,native,s11_out,T0,l2,2000,196,14,0.005102040816,0.04164931279,1,1,1,1,1,1,0.9999999988,196,secondary
e2r_vits_mixup_saga_s1,vit_small,mixup,saga,s1,native,s11_out,T0,centred_l2,2000,196,14,0.005102040816,0.04164931279,1,1,1,1,1,1,0.9999999986,196,secondary
e2r_vits_mixup_saga_s1,vit_small,mixup,saga,s1,native,hist,T0,l2,2000,196,14,0.005102040816,0.04164931279,1,1,1,1,1,1,0.999999999,196,secondary
e2r_vits_mixup_saga_s1,vit_small,mixup,saga,s1,native,hist,T0,centred_l2,2000,196,14,0.005102040816,0.04164931279,1,1,1,1,1,1,0.9999999979,196,secondary
e2r_vits_mixup_saga_s1,vit_small,mixup,saga,s1,native,s12_post_norm,T0,l2,2000,196,14,0.005102040816,0.04164931279,1,1,1,1,1,1,0.999999999,196,secondary
e2r_vits_mixup_saga_s1,vit_small,mixup,saga,s1,native,s12_post_norm,T0,centred_l2,2000,196,14,0.005102040816,0.04164931279,1,1,1,1,1,1,0.9999999989,196,secondary
e2r_vits_mixup_saga_s1,vit_small,mixup,saga,s1,native,s11_out,T1,l2,2000,196,14,0.005102040816,0.04164931279,0.8837193878,0.881255102,0.8860408163,0.9225510204,0.9205969388,0.9243928571,0.9444465324,173.209,secondary
e2r_vits_mixup_saga_s1,vit_small,mixup,saga,s1,native,s11_out,T1,centred_l2,2000,196,14,0.005102040816,0.04164931279,0.8842193878,0.8818214286,0.8865076531,0.9234362245,0.9215357143,0.9252602041,0.9145519305,173.307,secondary
e2r_vits_mixup_saga_s1,vit_small,mixup,saga,s1,native,hist,T1,l2,2000,196,14,0.005102040816,0.04164931279,0.8831785714,0.8807168367,0.885502551,0.9221122449,0.9201887117,0.9239617985,0.9385396638,173.103,secondary
e2r_vits_mixup_saga_s1,vit_small,mixup,saga,s1,native,hist,T1,centred_l2,2000,196,14,0.005102040816,0.04164931279,0.8832397959,0.880813648,0.885525574,0.9222882653,0.9203826531,0.9241045918,0.9105052733,173.115,secondary
e2r_vits_mixup_saga_s1,vit_small,mixup,saga,s1,native,s12_post_norm,T1,l2,2000,196,14,0.005102040816,0.04164931279,0.8891173469,0.8867499362,0.8913852679,0.9277627551,0.9259234056,0.9295255102,0.928864821,174.267,secondary
e2r_vits_mixup_saga_s1,vit_small,mixup,saga,s1,native,s12_post_norm,T1,centred_l2,2000,196,14,0.005102040816,0.04164931279,0.8881505102,0.8858341199,0.890380102,0.9267857143,0.9249794643,0.9285102041,0.8994439672,174.0775,secondary
e2r_vits_mixup_saga_s1,vit_small,mixup,saga,s1,native,s11_out,T2,l2,2000,182,14,0.005102040816,0.04261045077,0.9096346154,0.9069010302,0.9123050137,0.9430247253,0.9414313187,0.9446264423,0.9765674849,178.2883846,secondary
e2r_vits_mixup_saga_s1,vit_small,mixup,saga,s1,native,s11_out,T2,centred_l2,2000,182,14,0.005102040816,0.04261045077,0.9101620879,0.9074065934,0.9128269231,0.9438296703,0.94225,0.9454175824,0.9628933041,178.3917692,secondary
e2r_vits_mixup_saga_s1,vit_small,mixup,saga,s1,native,hist,T2,l2,2000,182,14,0.005102040816,0.04261045077,0.9095576923,0.9068269231,0.912217033,0.9428296703,0.9412445055,0.9444478709,0.97401547,178.2733077,secondary
e2r_vits_mixup_saga_s1,vit_small,mixup,saga,s1,native,hist,T2,centred_l2,2000,182,14,0.005102040816,0.04261045077,0.9097115385,0.9069587912,0.9123764423,0.9429862637,0.9414037775,0.9445714286,0.9613504022,178.3034615,secondary
e2r_vits_mixup_saga_s1,vit_small,mixup,saga,s1,native,s12_post_norm,T2,l2,2000,182,14,0.005102040816,0.04261045077,0.9149203297,0.9121949863,0.9175385302,0.9481071429,0.9465905907,0.9496153846,0.9686556123,179.3243846,secondary
e2r_vits_mixup_saga_s1,vit_small,mixup,saga,s1,native,s12_post_norm,T2,centred_l2,2000,182,14,0.005102040816,0.04261045077,0.9140741758,0.9113543956,0.9166923077,0.9470604396,0.9455301511,0.9485714286,0.9567103025,179.1585385,secondary
e2r_vits_mixup_saga_s1,vit_small,mixup,saga,s1,native,s11_out,T3,l2,2000,168,14,0.005102040816,0.0425170068,0.8958452381,0.893005878,0.8986548363,0.9260565476,0.9238302827,0.9282380952,0.9632818675,175.5856667,secondary
e2r_vits_mixup_saga_s1,vit_small,mixup,saga,s1,native,s11_out,T3,centred_l2,2000,168,14,0.005102040816,0.0425170068,0.8967886905,0.8939821429,0.8995386905,0.9269404762,0.9247529018,0.9290952381,0.942357773,175.7705833,secondary
e2r_vits_mixup_saga_s1,vit_small,mixup,saga,s1,native,hist,T3,l2,2000,168,14,0.005102040816,0.0425170068,0.8958988095,0.893053497,0.8986698661,0.9259047619,0.9236963542,0.9280744048,0.9590810754,175.5961667,secondary
e2r_vits_mixup_saga_s1,vit_small,mixup,saga,s1,native,hist,T3,centred_l2,2000,168,14,0.005102040816,0.0425170068,0.8962529762,0.8934196429,0.8990119792,0.9260714286,0.9238839286,0.9282291667,0.939957113,175.6655833,secondary
e2r_vits_mixup_saga_s1,vit_small,mixup,saga,s1,native,s12_post_norm,T3,l2,2000,168,14,0.005102040816,0.0425170068,0.9014880952,0.898672619,0.9042232143,0.931360119,0.9292171875,0.9334880952,0.9519951503,176.6916667,secondary
e2r_vits_mixup_saga_s1,vit_small,mixup,saga,s1,native,s12_post_norm,T3,centred_l2,2000,168,14,0.005102040816,0.0425170068,0.9007440476,0.8979434524,0.9034703125,0.930375,0.9282321429,0.9325119048,0.9326019966,176.5458333,secondary
e2r_vits_mixup_saga_s1,vit_small,mixup,saga,s1,term_1.00,s11_out,T0,l2,2000,196,14,0.005102040816,0.04164931279,1,1,1,1,1,1,0.9999999988,196,secondary
e2r_vits_mixup_saga_s1,vit_small,mixup,saga,s1,term_1.00,s11_out,T0,centred_l2,2000,196,14,0.005102040816,0.04164931279,1,1,1,1,1,1,0.9999999986,196,secondary
e2r_vits_mixup_saga_s1,vit_small,mixup,saga,s1,term_1.00,hist,T0,l2,2000,196,14,0.005102040816,0.04164931279,1,1,1,1,1,1,0.9999999987,196,secondary
e2r_vits_mixup_saga_s1,vit_small,mixup,saga,s1,term_1.00,hist,T0,centred_l2,2000,196,14,0.005102040816,0.04164931279,1,1,1,1,1,1,0.9999999992,196,secondary
e2r_vits_mixup_saga_s1,vit_small,mixup,saga,s1,term_1.00,s12_post_norm,T0,l2,2000,196,14,0.005102040816,0.04164931279,1,1,1,1,1,1,0.9999999995,196,secondary
e2r_vits_mixup_saga_s1,vit_small,mixup,saga,s1,term_1.00,s12_post_norm,T0,centred_l2,2000,196,14,0.005102040816,0.04164931279,1,1,1,1,1,1,0.9999999986,196,secondary
e2r_vits_mixup_saga_s1,vit_small,mixup,saga,s1,term_1.00,s11_out,T1,l2,2000,196,14,0.005102040816,0.04164931279,0.8837193878,0.881255102,0.8860408163,0.9225510204,0.9205969388,0.9243928571,0.9444465324,173.209,secondary
e2r_vits_mixup_saga_s1,vit_small,mixup,saga,s1,term_1.00,s11_out,T1,centred_l2,2000,196,14,0.005102040816,0.04164931279,0.8842193878,0.8818214286,0.8865076531,0.9234362245,0.9215357143,0.9252602041,0.9145519305,173.307,secondary
e2r_vits_mixup_saga_s1,vit_small,mixup,saga,s1,term_1.00,hist,T1,l2,2000,196,14,0.005102040816,0.04164931279,0.8806352041,0.8781428571,0.8829873087,0.9200178571,0.9180815051,0.9218954719,0.9408015234,172.6045,secondary
e2r_vits_mixup_saga_s1,vit_small,mixup,saga,s1,term_1.00,hist,T1,centred_l2,2000,196,14,0.005102040816,0.04164931279,0.8809132653,0.8784617347,0.8832346939,0.9203290816,0.9184183673,0.9221888393,0.9088598379,172.659,secondary
e2r_vits_mixup_saga_s1,vit_small,mixup,saga,s1,term_1.00,s12_post_norm,T1,l2,2000,196,14,0.005102040816,0.04164931279,0.886872449,0.8844742985,0.889176148,0.9257908163,0.9239309311,0.9275918367,0.9309629554,173.827,secondary
e2r_vits_mixup_saga_s1,vit_small,mixup,saga,s1,term_1.00,s12_post_norm,T1,centred_l2,2000,196,14,0.005102040816,0.04164931279,0.8861020408,0.8837422832,0.8883598852,0.9251505102,0.9232831633,0.9269464923,0.8975958262,173.676,secondary
e2r_vits_mixup_saga_s1,vit_small,mixup,saga,s1,term_1.00,s11_out,T2,l2,2000,182,14,0.005102040816,0.04261045077,0.9096346154,0.9069010302,0.9123050137,0.9430247253,0.9414313187,0.9446264423,0.9765674849,178.2883846,secondary
e2r_vits_mixup_saga_s1,vit_small,mixup,saga,s1,term_1.00,s11_out,T2,centred_l2,2000,182,14,0.005102040816,0.04261045077,0.9101620879,0.9074065934,0.9128269231,0.9438296703,0.94225,0.9454175824,0.9628933041,178.3917692,secondary
e2r_vits_mixup_saga_s1,vit_small,mixup,saga,s1,term_1.00,hist,T2,l2,2000,182,14,0.005102040816,0.04261045077,0.9080412088,0.9053186813,0.9107007555,0.9414175824,0.9398186813,0.9430522665,0.9740006557,177.9760769,secondary
e2r_vits_mixup_saga_s1,vit_small,mixup,saga,s1,term_1.00,hist,T2,centred_l2,2000,182,14,0.005102040816,0.04261045077,0.908228022,0.9054861951,0.9109010989,0.941543956,0.9399478022,0.9431648352,0.9605206989,178.0126923,secondary
e2r_vits_mixup_saga_s1,vit_small,mixup,saga,s1,term_1.00,s12_post_norm,T2,l2,2000,182,14,0.005102040816,0.04261045077,0.9134450549,0.9107335165,0.9160853022,0.9466401099,0.9450961538,0.9481785714,0.9685472193,179.0352308,secondary
e2r_vits_mixup_saga_s1,vit_small,mixup,saga,s1,term_1.00,s12_post_norm,T2,centred_l2,2000,182,14,0.005102040816,0.04261045077,0.9126593407,0.909909272,0.915307761,0.9458406593,0.9442912088,0.9473763736,0.9557842417,178.8812308,secondary
e2r_vits_mixup_saga_s1,vit_small,mixup,saga,s1,term_1.00,s11_out,T3,l2,2000,168,14,0.005102040816,0.0425170068,0.8958452381,0.893005878,0.8986548363,0.9260565476,0.9238302827,0.9282380952,0.9632818675,175.5856667,secondary
e2r_vits_mixup_saga_s1,vit_small,mixup,saga,s1,term_1.00,s11_out,T3,centred_l2,2000,168,14,0.005102040816,0.0425170068,0.8967886905,0.8939821429,0.8995386905,0.9269404762,0.9247529018,0.9290952381,0.942357773,175.7705833,secondary
e2r_vits_mixup_saga_s1,vit_small,mixup,saga,s1,term_1.00,hist,T3,l2,2000,168,14,0.005102040816,0.0425170068,0.8941309524,0.8912559524,0.8969078125,0.924202381,0.922,0.9263809524,0.9584940659,175.2496667,secondary
e2r_vits_mixup_saga_s1,vit_small,mixup,saga,s1,term_1.00,hist,T3,centred_l2,2000,168,14,0.005102040816,0.0425170068,0.894547619,0.8916993304,0.8973334077,0.9243392857,0.9221338542,0.9265179315,0.938525422,175.3313333,secondary
e2r_vits_mixup_saga_s1,vit_small,mixup,saga,s1,term_1.00,s12_post_norm,T3,l2,2000,168,14,0.005102040816,0.0425170068,0.8998303571,0.8969910714,0.9025892857,0.9297738095,0.927610119,0.9319226935,0.9510733126,176.36675,secondary
e2r_vits_mixup_saga_s1,vit_small,mixup,saga,s1,term_1.00,s12_post_norm,T3,centred_l2,2000,168,14,0.005102040816,0.0425170068,0.8993452381,0.8965415923,0.9020893601,0.9289732143,0.9268213542,0.9311130952,0.9309542869,176.2716667,secondary
e2r_vits_mixup_saga_s2,vit_small,mixup,saga,s2,native,s11_out,T0,l2,2000,196,14,0.005102040816,0.04164931279,1,1,1,1,1,1,0.9999999986,196,secondary
e2r_vits_mixup_saga_s2,vit_small,mixup,saga,s2,native,s11_out,T0,centred_l2,2000,196,14,0.005102040816,0.04164931279,1,1,1,1,1,1,0.9999999985,196,secondary
e2r_vits_mixup_saga_s2,vit_small,mixup,saga,s2,native,hist,T0,l2,2000,196,14,0.005102040816,0.04164931279,1,1,1,1,1,1,0.9999999982,196,secondary
e2r_vits_mixup_saga_s2,vit_small,mixup,saga,s2,native,hist,T0,centred_l2,2000,196,14,0.005102040816,0.04164931279,1,1,1,1,1,1,0.9999999987,196,secondary
e2r_vits_mixup_saga_s2,vit_small,mixup,saga,s2,native,s12_post_norm,T0,l2,2000,196,14,0.005102040816,0.04164931279,1,1,1,1,1,1,0.9999999987,196,secondary
e2r_vits_mixup_saga_s2,vit_small,mixup,saga,s2,native,s12_post_norm,T0,centred_l2,2000,196,14,0.005102040816,0.04164931279,1,1,1,1,1,1,0.9999999989,196,secondary
e2r_vits_mixup_saga_s2,vit_small,mixup,saga,s2,native,s11_out,T1,l2,2000,196,14,0.005102040816,0.04164931279,0.9059821429,0.9038163265,0.9080971301,0.9349821429,0.9332704082,0.936650574,0.9565060198,177.5725,secondary
e2r_vits_mixup_saga_s2,vit_small,mixup,saga,s2,native,s11_out,T1,centred_l2,2000,196,14,0.005102040816,0.04164931279,0.9068239796,0.9046912628,0.9089185587,0.9363392857,0.9346504464,0.9380026148,0.9321675288,177.7375,secondary
e2r_vits_mixup_saga_s2,vit_small,mixup,saga,s2,native,hist,T1,l2,2000,196,14,0.005102040816,0.04164931279,0.9034081633,0.9012065689,0.9055714286,0.9323239796,0.9305892857,0.9340127551,0.9518359595,177.068,secondary
e2r_vits_mixup_saga_s2,vit_small,mixup,saga,s2,native,hist,T1,centred_l2,2000,196,14,0.005102040816,0.04164931279,0.904244898,0.9020637755,0.9063878189,0.9337193878,0.9319973852,0.9354107143,0.9285885809,177.232,secondary
e2r_vits_mixup_saga_s2,vit_small,mixup,saga,s2,native,s12_post_norm,T1,l2,2000,196,14,0.005102040816,0.04164931279,0.9080280612,0.9058826531,0.9101225765,0.9367117347,0.9350382015,0.9383596939,0.945050171,177.9735,secondary
e2r_vits_mixup_saga_s2,vit_small,mixup,saga,s2,native,s12_post_norm,T1,centred_l2,2000,196,14,0.005102040816,0.04164931279,0.908619898,0.9064922194,0.9106813138,0.9376709184,0.9360153061,0.9392985332,0.9235946913,178.0895,secondary
e2r_vits_mixup_saga_s2,vit_small,mixup,saga,s2,native,s11_out,T2,l2,2000,182,14,0.005102040816,0.04261045077,0.9091318681,0.9063159341,0.9118791209,0.9431538462,0.9415108516,0.9447885989,0.975793601,178.1898462,secondary
e2r_vits_mixup_saga_s2,vit_small,mixup,saga,s2,native,s11_out,T2,centred_l2,2000,182,14,0.005102040816,0.04261045077,0.9101978022,0.9073846154,0.9129451236,0.9444478022,0.9428241758,0.9460522665,0.9611165217,178.3987692,secondary
e2r_vits_mixup_saga_s2,vit_small,mixup,saga,s2,native,hist,T2,l2,2000,182,14,0.005102040816,0.04261045077,0.9076840659,0.9048653846,0.9104588599,0.9411648352,0.9395054258,0.9428325549,0.9736336472,177.9060769,secondary
e2r_vits_mixup_saga_s2,vit_small,mixup,saga,s2,native,hist,T2,centred_l2,2000,182,14,0.005102040816,0.04261045077,0.9084807692,0.905656456,0.9112445742,0.9423296703,0.9406895604,0.9439697802,0.959215874,178.0622308,secondary
e2r_vits_mixup_saga_s2,vit_small,mixup,saga,s2,native,s12_post_norm,T2,l2,2000,182,14,0.005102040816,0.04261045077,0.9112417582,0.9084450549,0.9139891484,0.9449532967,0.9433515797,0.9465467033,0.9691968108,178.6033846,secondary
e2r_vits_mixup_saga_s2,vit_small,mixup,saga,s2,native,s12_post_norm,T2,centred_l2,2000,182,14,0.005102040816,0.04261045077,0.9118846154,0.9090878434,0.9146127747,0.9457582418,0.9441565934,0.9473489011,0.9566579333,178.7293846,secondary
e2r_vits_mixup_saga_s2,vit_small,mixup,saga,s2,native,s11_out,T3,l2,2000,168,14,0.005102040816,0.0425170068,0.8958482143,0.8928928571,0.8986905506,0.9251904762,0.922875,0.9274197173,0.9617791232,175.58625,secondary
e2r_vits_mixup_saga_s2,vit_small,mixup,saga,s2,native,s11_out,T3,centred_l2,2000,168,14,0.005102040816,0.0425170068,0.8972321429,0.8942886905,0.9000535714,0.926702381,0.9244136161,0.9288869048,0.9394882066,175.8575,secondary
e2r_vits_mixup_saga_s2,vit_small,mixup,saga,s2,native,hist,T3,l2,2000,168,14,0.005102040816,0.0425170068,0.8939970238,0.8910416667,0.896884003,0.9228928571,0.9205475446,0.9251666667,0.9580636323,175.2234167,secondary
e2r_vits_mixup_saga_s2,vit_small,mixup,saga,s2,native,hist,T3,centred_l2,2000,168,14,0.005102040816,0.0425170068,0.8954255952,0.8924821429,0.898297619,0.9244702381,0.9221577381,0.9267143601,0.936568586,175.5034167,secondary
e2r_vits_mixup_saga_s2,vit_small,mixup,saga,s2,native,s12_post_norm,T3,l2,2000,168,14,0.005102040816,0.0425170068,0.898235119,0.895309375,0.9010298363,0.9271190476,0.9248303571,0.9293512649,0.9516013728,176.0540833,secondary
e2r_vits_mixup_saga_s2,vit_small,mixup,saga,s2,native,s12_post_norm,T3,centred_l2,2000,168,14,0.005102040816,0.0425170068,0.8992619048,0.8963598958,0.9020834077,0.9280386905,0.9257857143,0.930235119,0.9321959213,176.2553333,secondary
e2r_vits_mixup_saga_s2,vit_small,mixup,saga,s2,term_1.00,s11_out,T0,l2,2000,196,14,0.005102040816,0.04164931279,1,1,1,1,1,1,0.9999999986,196,secondary
e2r_vits_mixup_saga_s2,vit_small,mixup,saga,s2,term_1.00,s11_out,T0,centred_l2,2000,196,14,0.005102040816,0.04164931279,1,1,1,1,1,1,0.9999999985,196,secondary
e2r_vits_mixup_saga_s2,vit_small,mixup,saga,s2,term_1.00,hist,T0,l2,2000,196,14,0.005102040816,0.04164931279,1,1,1,1,1,1,0.9999999983,196,secondary
e2r_vits_mixup_saga_s2,vit_small,mixup,saga,s2,term_1.00,hist,T0,centred_l2,2000,196,14,0.005102040816,0.04164931279,1,1,1,1,1,1,0.9999999988,196,secondary
e2r_vits_mixup_saga_s2,vit_small,mixup,saga,s2,term_1.00,s12_post_norm,T0,l2,2000,196,14,0.005102040816,0.04164931279,1,1,1,1,1,1,0.9999999986,196,secondary
e2r_vits_mixup_saga_s2,vit_small,mixup,saga,s2,term_1.00,s12_post_norm,T0,centred_l2,2000,196,14,0.005102040816,0.04164931279,1,1,1,1,1,1,0.9999999984,196,secondary
e2r_vits_mixup_saga_s2,vit_small,mixup,saga,s2,term_1.00,s11_out,T1,l2,2000,196,14,0.005102040816,0.04164931279,0.9059821429,0.9038163265,0.9080971301,0.9349821429,0.9332704082,0.936650574,0.9565060198,177.5725,secondary
e2r_vits_mixup_saga_s2,vit_small,mixup,saga,s2,term_1.00,s11_out,T1,centred_l2,2000,196,14,0.005102040816,0.04164931279,0.9068239796,0.9046912628,0.9089185587,0.9363392857,0.9346504464,0.9380026148,0.9321675288,177.7375,secondary
e2r_vits_mixup_saga_s2,vit_small,mixup,saga,s2,term_1.00,hist,T1,l2,2000,196,14,0.005102040816,0.04164931279,0.9019719388,0.8997524872,0.9041276148,0.9311989796,0.9294693878,0.9328878189,0.9522926078,176.7865,secondary
e2r_vits_mixup_saga_s2,vit_small,mixup,saga,s2,term_1.00,hist,T1,centred_l2,2000,196,14,0.005102040816,0.04164931279,0.9029923469,0.900813648,0.9051327168,0.9325739796,0.9308622449,0.934255102,0.9268753985,176.9865,secondary
e2r_vits_mixup_saga_s2,vit_small,mixup,saga,s2,term_1.00,s12_post_norm,T1,l2,2000,196,14,0.005102040816,0.04164931279,0.9070076531,0.9048366709,0.9091020408,0.9357295918,0.9340305485,0.937380102,0.9464031661,177.7735,secondary
e2r_vits_mixup_saga_s2,vit_small,mixup,saga,s2,term_1.00,s12_post_norm,T1,centred_l2,2000,196,14,0.005102040816,0.04164931279,0.9077678571,0.905627551,0.9098444515,0.9367933673,0.935122449,0.9384183673,0.9213756236,177.9225,secondary
e2r_vits_mixup_saga_s2,vit_small,mixup,saga,s2,term_1.00,s11_out,T2,l2,2000,182,14,0.005102040816,0.04261045077,0.9091318681,0.9063159341,0.9118791209,0.9431538462,0.9415108516,0.9447885989,0.975793601,178.1898462,secondary
e2r_vits_mixup_saga_s2,vit_small,mixup,saga,s2,term_1.00,s11_out,T2,centred_l2,2000,182,14,0.005102040816,0.04261045077,0.9101978022,0.9073846154,0.9129451236,0.9444478022,0.9428241758,0.9460522665,0.9611165217,178.3987692,secondary
e2r_vits_mixup_saga_s2,vit_small,mixup,saga,s2,term_1.00,hist,T2,l2,2000,182,14,0.005102040816,0.04261045077,0.9068983516,0.9040768544,0.9096513049,0.9403406593,0.9386785714,0.9419945055,0.9728493971,177.7520769,secondary
e2r_vits_mixup_saga_s2,vit_small,mixup,saga,s2,term_1.00,hist,T2,centred_l2,2000,182,14,0.005102040816,0.04261045077,0.9076813187,0.9048406593,0.9104699176,0.9413241758,0.939670261,0.9429725275,0.958144622,177.9055385,secondary
e2r_vits_mixup_saga_s2,vit_small,mixup,saga,s2,term_1.00,s12_post_norm,T2,l2,2000,182,14,0.005102040816,0.04261045077,0.9104203297,0.9076015797,0.9131923764,0.9439038462,0.9422554945,0.9455357143,0.9689665229,178.4423846,secondary
e2r_vits_mixup_saga_s2,vit_small,mixup,saga,s2,term_1.00,s12_post_norm,T2,centred_l2,2000,182,14,0.005102040816,0.04261045077,0.9111016484,0.9082938874,0.9138406593,0.9449065934,0.9432993819,0.9465164835,0.955204426,178.5759231,secondary
e2r_vits_mixup_saga_s2,vit_small,mixup,saga,s2,term_1.00,s11_out,T3,l2,2000,168,14,0.005102040816,0.0425170068,0.8958482143,0.8928928571,0.8986905506,0.9251904762,0.922875,0.9274197173,0.9617791232,175.58625,secondary
e2r_vits_mixup_saga_s2,vit_small,mixup,saga,s2,term_1.00,s11_out,T3,centred_l2,2000,168,14,0.005102040816,0.0425170068,0.8972321429,0.8942886905,0.9000535714,0.926702381,0.9244136161,0.9288869048,0.9394882066,175.8575,secondary
e2r_vits_mixup_saga_s2,vit_small,mixup,saga,s2,term_1.00,hist,T3,l2,2000,168,14,0.005102040816,0.0425170068,0.8929761905,0.8900267113,0.8958631696,0.9218244048,0.9194613095,0.9241102679,0.9563291467,175.0233333,secondary
e2r_vits_mixup_saga_s2,vit_small,mixup,saga,s2,term_1.00,hist,T3,centred_l2,2000,168,14,0.005102040816,0.0425170068,0.8943154762,0.8913570685,0.8971905506,0.9234404762,0.9211011905,0.9257025298,0.9347668535,175.2858333,secondary
e2r_vits_mixup_saga_s2,vit_small,mixup,saga,s2,term_1.00,s12_post_norm,T3,l2,2000,168,14,0.005102040816,0.0425170068,0.897514881,0.8945773065,0.9003424107,0.9262678571,0.9239642113,0.9285119048,0.9504875866,175.9129167,secondary
e2r_vits_mixup_saga_s2,vit_small,mixup,saga,s2,term_1.00,s12_post_norm,T3,centred_l2,2000,168,14,0.005102040816,0.0425170068,0.8987202381,0.8958183036,0.9015122024,0.9273720238,0.9251070685,0.9295775298,0.9298097426,176.1491667,secondary
e2r_vits_nomix_saga_s1,vit_small,nomix,saga,s1,native,s11_out,T0,l2,2000,196,14,0.005102040816,0.04164931279,1,1,1,1,1,1,0.9999999983,196,secondary
e2r_vits_nomix_saga_s1,vit_small,nomix,saga,s1,native,s11_out,T0,centred_l2,2000,196,14,0.005102040816,0.04164931279,1,1,1,1,1,1,0.9999999988,196,secondary
e2r_vits_nomix_saga_s1,vit_small,nomix,saga,s1,native,hist,T0,l2,2000,196,14,0.005102040816,0.04164931279,1,1,1,1,1,1,0.9999999986,196,secondary
e2r_vits_nomix_saga_s1,vit_small,nomix,saga,s1,native,hist,T0,centred_l2,2000,196,14,0.005102040816,0.04164931279,1,1,1,1,1,1,0.9999999989,196,secondary
e2r_vits_nomix_saga_s1,vit_small,nomix,saga,s1,native,s12_post_norm,T0,l2,2000,196,14,0.005102040816,0.04164931279,1,1,1,1,1,1,0.9999999986,196,secondary
e2r_vits_nomix_saga_s1,vit_small,nomix,saga,s1,native,s12_post_norm,T0,centred_l2,2000,196,14,0.005102040816,0.04164931279,1,1,1,1,1,1,0.9999999986,196,secondary
e2r_vits_nomix_saga_s1,vit_small,nomix,saga,s1,native,s11_out,T1,l2,2000,196,14,0.005102040816,0.04164931279,0.9865255102,0.9847703444,0.9881200893,0.9942729592,0.9928877551,0.9954897959,0.9323448441,193.359,secondary
e2r_vits_nomix_saga_s1,vit_small,nomix,saga,s1,native,s11_out,T1,centred_l2,2000,196,14,0.005102040816,0.04164931279,0.9867857143,0.9850637117,0.9883725128,0.9943035714,0.9929208546,0.9955179209,0.9147567068,193.41,secondary
e2r_vits_nomix_saga_s1,vit_small,nomix,saga,s1,native,hist,T1,l2,2000,196,14,0.005102040816,0.04164931279,0.9829719388,0.9811096301,0.9847066964,0.9929234694,0.9914744898,0.9942168367,0.9010424057,192.6625,secondary
e2r_vits_nomix_saga_s1,vit_small,nomix,saga,s1,native,hist,T1,centred_l2,2000,196,14,0.005102040816,0.04164931279,0.9836096939,0.9817882653,0.9853061224,0.9931454082,0.9917091837,0.9944184311,0.88988003,192.7875,secondary
e2r_vits_nomix_saga_s1,vit_small,nomix,saga,s1,native,s12_post_norm,T1,l2,2000,196,14,0.005102040816,0.04164931279,0.985619898,0.9838316327,0.9872577168,0.9939642857,0.9925306122,0.9952091837,0.9030395332,193.1815,secondary
e2r_vits_nomix_saga_s1,vit_small,nomix,saga,s1,native,s12_post_norm,T1,centred_l2,2000,196,14,0.005102040816,0.04164931279,0.9860255102,0.9842627551,0.987630102,0.9940892857,0.9926734056,0.9953342474,0.8918592237,193.261,secondary
e2r_vits_nomix_saga_s1,vit_small,nomix,saga,s1,native,s11_out,T2,l2,2000,182,14,0.005102040816,0.04261045077,0.9725741758,0.9709724588,0.9741731456,0.9954313187,0.9949669643,0.9958763736,0.9806829981,190.6245385,secondary
e2r_vits_nomix_saga_s1,vit_small,nomix,saga,s1,native,s11_out,T2,centred_l2,2000,182,14,0.005102040816,0.04261045077,0.9725934066,0.9709697802,0.9741978709,0.9954395604,0.9949697802,0.9958873626,0.9720772267,190.6283077,secondary
e2r_vits_nomix_saga_s1,vit_small,nomix,saga,s1,native,hist,T2,l2,2000,182,14,0.005102040816,0.04261045077,0.9711703297,0.9695246566,0.9727747253,0.9947912088,0.9943159341,0.9952472527,0.9711639314,190.3493846,secondary
e2r_vits_nomix_saga_s1,vit_small,nomix,saga,s1,native,hist,T2,centred_l2,2000,182,14,0.005102040816,0.04261045077,0.9712335165,0.9695850962,0.9728598901,0.9948956044,0.9944120879,0.9953598901,0.9651141152,190.3617692,secondary
e2r_vits_nomix_saga_s1,vit_small,nomix,saga,s1,native,s12_post_norm,T2,l2,2000,182,14,0.005102040816,0.04261045077,0.9727005495,0.9710933379,0.9742885302,0.9953076923,0.9948324176,0.995760989,0.9715777646,190.6493077,secondary
e2r_vits_nomix_saga_s1,vit_small,nomix,saga,s1,native,s12_post_norm,T2,centred_l2,2000,182,14,0.005102040816,0.04261045077,0.9728983516,0.9712857143,0.9744972527,0.9954725275,0.9949972527,0.9959203297,0.9655965286,190.6880769,secondary
e2r_vits_nomix_saga_s1,vit_small,nomix,saga,s1,native,s11_out,T3,l2,2000,168,14,0.005102040816,0.0425170068,0.9682440476,0.9663927083,0.970047619,0.9843571429,0.9833154018,0.9853720238,0.9673946715,189.7758333,secondary
e2r_vits_nomix_saga_s1,vit_small,nomix,saga,s1,native,s11_out,T3,centred_l2,2000,168,14,0.005102040816,0.0425170068,0.9680505952,0.9661457589,0.9698869048,0.9843541667,0.9832827381,0.9853869048,0.9540078634,189.7379167,secondary
e2r_vits_nomix_saga_s1,vit_small,nomix,saga,s1,native,hist,T3,l2,2000,168,14,0.005102040816,0.0425170068,0.9658541667,0.963952381,0.967702381,0.9832559524,0.9821904762,0.984297619,0.9517304981,189.3074167,secondary
e2r_vits_nomix_saga_s1,vit_small,nomix,saga,s1,native,hist,T3,centred_l2,2000,168,14,0.005102040816,0.0425170068,0.9657410714,0.9638035714,0.9676071429,0.9832172619,0.9821339286,0.9842708333,0.9424017124,189.28525,secondary
e2r_vits_nomix_saga_s1,vit_small,nomix,saga,s1,native,s12_post_norm,T3,l2,2000,168,14,0.005102040816,0.0425170068,0.9681458333,0.966303497,0.969946503,0.984577381,0.9835326637,0.9856041667,0.9526009105,189.7565833,secondary
e2r_vits_nomix_saga_s1,vit_small,nomix,saga,s1,native,s12_post_norm,T3,centred_l2,2000,168,14,0.005102040816,0.0425170068,0.9682321429,0.966360119,0.970047619,0.9846190476,0.9835714286,0.9856458333,0.9434612929,189.7735,secondary
e2r_vits_nomix_saga_s1,vit_small,nomix,saga,s1,term_1.00,s11_out,T0,l2,2000,196,14,0.005102040816,0.04164931279,1,1,1,1,1,1,0.9999999983,196,secondary
e2r_vits_nomix_saga_s1,vit_small,nomix,saga,s1,term_1.00,s11_out,T0,centred_l2,2000,196,14,0.005102040816,0.04164931279,1,1,1,1,1,1,0.9999999988,196,secondary
e2r_vits_nomix_saga_s1,vit_small,nomix,saga,s1,term_1.00,hist,T0,l2,2000,196,14,0.005102040816,0.04164931279,1,1,1,1,1,1,0.9999999981,196,secondary
e2r_vits_nomix_saga_s1,vit_small,nomix,saga,s1,term_1.00,hist,T0,centred_l2,2000,196,14,0.005102040816,0.04164931279,1,1,1,1,1,1,0.999999999,196,secondary
e2r_vits_nomix_saga_s1,vit_small,nomix,saga,s1,term_1.00,s12_post_norm,T0,l2,2000,196,14,0.005102040816,0.04164931279,1,1,1,1,1,1,0.9999999985,196,secondary
e2r_vits_nomix_saga_s1,vit_small,nomix,saga,s1,term_1.00,s12_post_norm,T0,centred_l2,2000,196,14,0.005102040816,0.04164931279,1,1,1,1,1,1,0.9999999987,196,secondary
e2r_vits_nomix_saga_s1,vit_small,nomix,saga,s1,term_1.00,s11_out,T1,l2,2000,196,14,0.005102040816,0.04164931279,0.9865255102,0.9847703444,0.9881200893,0.9942729592,0.9928877551,0.9954897959,0.9323448441,193.359,secondary
e2r_vits_nomix_saga_s1,vit_small,nomix,saga,s1,term_1.00,s11_out,T1,centred_l2,2000,196,14,0.005102040816,0.04164931279,0.9867857143,0.9850637117,0.9883725128,0.9943035714,0.9929208546,0.9955179209,0.9147567068,193.41,secondary
e2r_vits_nomix_saga_s1,vit_small,nomix,saga,s1,term_1.00,hist,T1,l2,2000,196,14,0.005102040816,0.04164931279,0.9832729592,0.9814234694,0.9849720026,0.9930306122,0.9915841837,0.9943086735,0.9003610368,192.7215,secondary
e2r_vits_nomix_saga_s1,vit_small,nomix,saga,s1,term_1.00,hist,T1,centred_l2,2000,196,14,0.005102040816,0.04164931279,0.9838979592,0.9820969388,0.9855714923,0.9932576531,0.9918418367,0.9945178571,0.8891000409,192.844,secondary
e2r_vits_nomix_saga_s1,vit_small,nomix,saga,s1,term_1.00,s12_post_norm,T1,l2,2000,196,14,0.005102040816,0.04164931279,0.9857168367,0.9839336735,0.9873469388,0.9939821429,0.9925561224,0.9952321429,0.9026437364,193.2005,secondary
e2r_vits_nomix_saga_s1,vit_small,nomix,saga,s1,term_1.00,s12_post_norm,T1,centred_l2,2000,196,14,0.005102040816,0.04164931279,0.986125,0.9843876276,0.9877220026,0.9941326531,0.9927295281,0.9953596939,0.8910215333,193.2805,secondary
e2r_vits_nomix_saga_s1,vit_small,nomix,saga,s1,term_1.00,s11_out,T2,l2,2000,182,14,0.005102040816,0.04261045077,0.9725741758,0.9709724588,0.9741731456,0.9954313187,0.9949669643,0.9958763736,0.9806829981,190.6245385,secondary
e2r_vits_nomix_saga_s1,vit_small,nomix,saga,s1,term_1.00,s11_out,T2,centred_l2,2000,182,14,0.005102040816,0.04261045077,0.9725934066,0.9709697802,0.9741978709,0.9954395604,0.9949697802,0.9958873626,0.9720772267,190.6283077,secondary
e2r_vits_nomix_saga_s1,vit_small,nomix,saga,s1,term_1.00,hist,T2,l2,2000,182,14,0.005102040816,0.04261045077,0.9712802198,0.9696400412,0.9728929258,0.9948598901,0.9943763736,0.9953160027,0.970698568,190.3709231,secondary
e2r_vits_nomix_saga_s1,vit_small,nomix,saga,s1,term_1.00,hist,T2,centred_l2,2000,182,14,0.005102040816,0.04261045077,0.9713626374,0.9697169643,0.9729725275,0.9949478022,0.9944587912,0.9954120879,0.9648238536,190.3870769,secondary
e2r_vits_nomix_saga_s1,vit_small,nomix,saga,s1,term_1.00,s12_post_norm,T2,l2,2000,182,14,0.005102040816,0.04261045077,0.9727664835,0.9711593407,0.9743598901,0.9953626374,0.9948983516,0.9958050137,0.9712416176,190.6622308,secondary
e2r_vits_nomix_saga_s1,vit_small,nomix,saga,s1,term_1.00,s12_post_norm,T2,centred_l2,2000,182,14,0.005102040816,0.04261045077,0.9729093407,0.9712967033,0.9745054945,0.9955137363,0.9950467033,0.9959532967,0.965230754,190.6902308,secondary
e2r_vits_nomix_saga_s1,vit_small,nomix,saga,s1,term_1.00,s11_out,T3,l2,2000,168,14,0.005102040816,0.0425170068,0.9682440476,0.9663927083,0.970047619,0.9843571429,0.9833154018,0.9853720238,0.9673946715,189.7758333,secondary
e2r_vits_nomix_saga_s1,vit_small,nomix,saga,s1,term_1.00,s11_out,T3,centred_l2,2000,168,14,0.005102040816,0.0425170068,0.9680505952,0.9661457589,0.9698869048,0.9843541667,0.9832827381,0.9853869048,0.9540078634,189.7379167,secondary
e2r_vits_nomix_saga_s1,vit_small,nomix,saga,s1,term_1.00,hist,T3,l2,2000,168,14,0.005102040816,0.0425170068,0.9660029762,0.9641041667,0.9678542411,0.9834077381,0.9823392113,0.9844494792,0.9507239644,189.3365833,secondary
e2r_vits_nomix_saga_s1,vit_small,nomix,saga,s1,term_1.00,hist,T3,centred_l2,2000,168,14,0.005102040816,0.0425170068,0.9658839286,0.9639552827,0.9677709077,0.9832559524,0.9821815476,0.984306622,0.9417691356,189.31325,secondary
e2r_vits_nomix_saga_s1,vit_small,nomix,saga,s1,term_1.00,s12_post_norm,T3,l2,2000,168,14,0.005102040816,0.0425170068,0.968139881,0.9662767857,0.969952381,0.9845208333,0.9834642113,0.9855535714,0.951799883,189.7554167,secondary
e2r_vits_nomix_saga_s1,vit_small,nomix,saga,s1,term_1.00,s12_post_norm,T3,centred_l2,2000,168,14,0.005102040816,0.0425170068,0.9682619048,0.9663779018,0.9700893601,0.9846309524,0.9835684524,0.9856607143,0.9427388585,189.7793333,secondary
e2r_vits_nomix_saga_s2,vit_small,nomix,saga,s2,native,s11_out,T0,l2,2000,196,14,0.005102040816,0.04164931279,1,1,1,1,1,1,0.9999999989,196,secondary
e2r_vits_nomix_saga_s2,vit_small,nomix,saga,s2,native,s11_out,T0,centred_l2,2000,196,14,0.005102040816,0.04164931279,1,1,1,1,1,1,0.9999999989,196,secondary
e2r_vits_nomix_saga_s2,vit_small,nomix,saga,s2,native,hist,T0,l2,2000,196,14,0.005102040816,0.04164931279,1,1,1,1,1,1,0.9999999984,196,secondary
e2r_vits_nomix_saga_s2,vit_small,nomix,saga,s2,native,hist,T0,centred_l2,2000,196,14,0.005102040816,0.04164931279,1,1,1,1,1,1,0.9999999987,196,secondary
e2r_vits_nomix_saga_s2,vit_small,nomix,saga,s2,native,s12_post_norm,T0,l2,2000,196,14,0.005102040816,0.04164931279,1,1,1,1,1,1,0.9999999986,196,secondary
e2r_vits_nomix_saga_s2,vit_small,nomix,saga,s2,native,s12_post_norm,T0,centred_l2,2000,196,14,0.005102040816,0.04164931279,1,1,1,1,1,1,0.9999999984,196,secondary
e2r_vits_nomix_saga_s2,vit_small,nomix,saga,s2,native,s11_out,T1,l2,2000,196,14,0.005102040816,0.04164931279,0.9944719388,0.9931861607,0.9955970026,0.9969030612,0.9958060587,0.9978239796,0.949694296,194.9165,secondary
e2r_vits_nomix_saga_s2,vit_small,nomix,saga,s2,native,s11_out,T1,centred_l2,2000,196,14,0.005102040816,0.04164931279,0.9946428571,0.993372449,0.9957423469,0.9969821429,0.9959030612,0.9978877551,0.9365463011,194.95,secondary
e2r_vits_nomix_saga_s2,vit_small,nomix,saga,s2,native,hist,T1,l2,2000,196,14,0.005102040816,0.04164931279,0.9932780612,0.9919540816,0.9944438776,0.9965102041,0.9954132015,0.9974438776,0.9315830452,194.6825,secondary
e2r_vits_nomix_saga_s2,vit_small,nomix,saga,s2,native,hist,T1,centred_l2,2000,196,14,0.005102040816,0.04164931279,0.9933469388,0.9920204082,0.9945179209,0.9965076531,0.9954106505,0.9974464286,0.918820762,194.696,secondary
e2r_vits_nomix_saga_s2,vit_small,nomix,saga,s2,native,s12_post_norm,T1,l2,2000,196,14,0.005102040816,0.04164931279,0.9940127551,0.9927116709,0.9951607781,0.9967755102,0.9956683036,0.9976989796,0.9288496098,194.8265,secondary
e2r_vits_nomix_saga_s2,vit_small,nomix,saga,s2,native,s12_post_norm,T1,centred_l2,2000,196,14,0.005102040816,0.04164931279,0.9942168367,0.9929209184,0.9953469388,0.9968392857,0.995747449,0.9977577168,0.9187004779,194.8665,secondary
e2r_vits_nomix_saga_s2,vit_small,nomix,saga,s2,native,s11_out,T2,l2,2000,182,14,0.005102040816,0.04261045077,0.9744120879,0.9727884615,0.9759835165,0.9956456044,0.9951840659,0.9960824863,0.9799710003,190.9847692,secondary
e2r_vits_nomix_saga_s2,vit_small,nomix,saga,s2,native,s11_out,T2,centred_l2,2000,182,14,0.005102040816,0.04261045077,0.9744093407,0.9727664835,0.9760028159,0.9956950549,0.995228022,0.9961291209,0.9716183288,190.9842308,secondary
e2r_vits_nomix_saga_s2,vit_small,nomix,saga,s2,native,hist,T2,l2,2000,182,14,0.005102040816,0.04261045077,0.9721043956,0.9704395604,0.9737335165,0.994793956,0.9943076923,0.9952692308,0.9726694547,190.5324615,secondary
e2r_vits_nomix_saga_s2,vit_small,nomix,saga,s2,native,hist,T2,centred_l2,2000,182,14,0.005102040816,0.04261045077,0.9720302198,0.9703461538,0.9736620879,0.9948983516,0.9944120879,0.9953708791,0.9646026363,190.5179231,secondary
e2r_vits_nomix_saga_s2,vit_small,nomix,saga,s2,native,s12_post_norm,T2,l2,2000,182,14,0.005102040816,0.04261045077,0.9743324176,0.9726977335,0.9759286401,0.995532967,0.9950824176,0.9959725275,0.9709023313,190.9691538,secondary
e2r_vits_nomix_saga_s2,vit_small,nomix,saga,s2,native,s12_post_norm,T2,centred_l2,2000,182,14,0.005102040816,0.04261045077,0.9744423077,0.9728103709,0.976043956,0.99575,0.9953021978,0.9961730769,0.964657845,190.9906923,secondary
e2r_vits_nomix_saga_s2,vit_small,nomix,saga,s2,native,s11_out,T3,l2,2000,168,14,0.005102040816,0.0425170068,0.9697232143,0.9678541667,0.9715238839,0.9850267857,0.983922619,0.986077381,0.9660670508,190.06575,secondary
e2r_vits_nomix_saga_s2,vit_small,nomix,saga,s2,native,s11_out,T3,centred_l2,2000,168,14,0.005102040816,0.0425170068,0.9693005952,0.9674136905,0.9711220238,0.9848541667,0.9837291667,0.9859285714,0.9528874713,189.9829167,secondary
e2r_vits_nomix_saga_s2,vit_small,nomix,saga,s2,native,hist,T3,l2,2000,168,14,0.005102040816,0.0425170068,0.966077381,0.964115997,0.9679642857,0.9831279762,0.9819702381,0.9842470238,0.9539402403,189.3511667,secondary
e2r_vits_nomix_saga_s2,vit_small,nomix,saga,s2,native,hist,T3,centred_l2,2000,168,14,0.005102040816,0.0425170068,0.9658541667,0.963875,0.9677440476,0.9828065476,0.9816369048,0.9839404762,0.9412963887,189.3074167,secondary
e2r_vits_nomix_saga_s2,vit_small,nomix,saga,s2,native,s12_post_norm,T3,l2,2000,168,14,0.005102040816,0.0425170068,0.9691636905,0.9672738095,0.9709821429,0.9848660714,0.9837529762,0.9859286458,0.9514608712,189.9560833,secondary
e2r_vits_nomix_saga_s2,vit_small,nomix,saga,s2,native,s12_post_norm,T3,centred_l2,2000,168,14,0.005102040816,0.0425170068,0.9692827381,0.9674017857,0.9711012649,0.9848988095,0.9837796875,0.9859673363,0.9414880556,189.9794167,secondary
e2r_vits_nomix_saga_s2,vit_small,nomix,saga,s2,term_1.00,s11_out,T0,l2,2000,196,14,0.005102040816,0.04164931279,1,1,1,1,1,1,0.9999999989,196,secondary
e2r_vits_nomix_saga_s2,vit_small,nomix,saga,s2,term_1.00,s11_out,T0,centred_l2,2000,196,14,0.005102040816,0.04164931279,1,1,1,1,1,1,0.9999999989,196,secondary
e2r_vits_nomix_saga_s2,vit_small,nomix,saga,s2,term_1.00,hist,T0,l2,2000,196,14,0.005102040816,0.04164931279,1,1,1,1,1,1,0.9999999983,196,secondary
e2r_vits_nomix_saga_s2,vit_small,nomix,saga,s2,term_1.00,hist,T0,centred_l2,2000,196,14,0.005102040816,0.04164931279,1,1,1,1,1,1,0.9999999993,196,secondary
e2r_vits_nomix_saga_s2,vit_small,nomix,saga,s2,term_1.00,s12_post_norm,T0,l2,2000,196,14,0.005102040816,0.04164931279,1,1,1,1,1,1,0.9999999991,196,secondary
e2r_vits_nomix_saga_s2,vit_small,nomix,saga,s2,term_1.00,s12_post_norm,T0,centred_l2,2000,196,14,0.005102040816,0.04164931279,1,1,1,1,1,1,0.9999999988,196,secondary
e2r_vits_nomix_saga_s2,vit_small,nomix,saga,s2,term_1.00,s11_out,T1,l2,2000,196,14,0.005102040816,0.04164931279,0.9944719388,0.9931861607,0.9955970026,0.9969030612,0.9958060587,0.9978239796,0.949694296,194.9165,secondary
e2r_vits_nomix_saga_s2,vit_small,nomix,saga,s2,term_1.00,s11_out,T1,centred_l2,2000,196,14,0.005102040816,0.04164931279,0.9946428571,0.993372449,0.9957423469,0.9969821429,0.9959030612,0.9978877551,0.9365463011,194.95,secondary
e2r_vits_nomix_saga_s2,vit_small,nomix,saga,s2,term_1.00,hist,T1,l2,2000,196,14,0.005102040816,0.04164931279,0.9933392857,0.9920331633,0.9944923469,0.9965280612,0.9954387117,0.9974591837,0.9310454916,194.6945,secondary
e2r_vits_nomix_saga_s2,vit_small,nomix,saga,s2,term_1.00,hist,T1,centred_l2,2000,196,14,0.005102040816,0.04164931279,0.9934387755,0.9921197704,0.9945995536,0.9965586735,0.9954668367,0.9974898597,0.9181758783,194.714,secondary
e2r_vits_nomix_saga_s2,vit_small,nomix,saga,s2,term_1.00,s12_post_norm,T1,l2,2000,196,14,0.005102040816,0.04164931279,0.9940892857,0.9927984056,0.9952168367,0.9968341837,0.9957524872,0.997744898,0.9284986666,194.8415,secondary
e2r_vits_nomix_saga_s2,vit_small,nomix,saga,s2,term_1.00,s12_post_norm,T1,centred_l2,2000,196,14,0.005102040816,0.04164931279,0.9942704082,0.9929820791,0.9953954082,0.9968571429,0.9957729592,0.9977729592,0.9178504327,194.877,secondary
e2r_vits_nomix_saga_s2,vit_small,nomix,saga,s2,term_1.00,s11_out,T2,l2,2000,182,14,0.005102040816,0.04261045077,0.9744120879,0.9727884615,0.9759835165,0.9956456044,0.9951840659,0.9960824863,0.9799710003,190.9847692,secondary
e2r_vits_nomix_saga_s2,vit_small,nomix,saga,s2,term_1.00,s11_out,T2,centred_l2,2000,182,14,0.005102040816,0.04261045077,0.9744093407,0.9727664835,0.9760028159,0.9956950549,0.995228022,0.9961291209,0.9716183288,190.9842308,secondary
e2r_vits_nomix_saga_s2,vit_small,nomix,saga,s2,term_1.00,hist,T2,l2,2000,182,14,0.005102040816,0.04261045077,0.9726346154,0.9709861951,0.9742363324,0.9950027473,0.9945274725,0.995467033,0.9721293648,190.6363846,secondary
e2r_vits_nomix_saga_s2,vit_small,nomix,saga,s2,term_1.00,hist,T2,centred_l2,2000,182,14,0.005102040816,0.04261045077,0.9724120879,0.9707389423,0.974035783,0.9950467033,0.9945631868,0.9955082418,0.9643029439,190.5927692,secondary
e2r_vits_nomix_saga_s2,vit_small,nomix,saga,s2,term_1.00,s12_post_norm,T2,l2,2000,182,14,0.005102040816,0.04261045077,0.9744258242,0.9727911401,0.9760137363,0.9956098901,0.9951538462,0.996043956,0.9705436212,190.9874615,secondary
e2r_vits_nomix_saga_s2,vit_small,nomix,saga,s2,term_1.00,s12_post_norm,T2,centred_l2,2000,182,14,0.005102040816,0.04261045077,0.9745494505,0.9729175137,0.9761428571,0.9958021978,0.9953571429,0.996228022,0.9641951325,191.0116923,secondary
e2r_vits_nomix_saga_s2,vit_small,nomix,saga,s2,term_1.00,s11_out,T3,l2,2000,168,14,0.005102040816,0.0425170068,0.9697232143,0.9678541667,0.9715238839,0.9850267857,0.983922619,0.986077381,0.9660670508,190.06575,secondary
e2r_vits_nomix_saga_s2,vit_small,nomix,saga,s2,term_1.00,s11_out,T3,centred_l2,2000,168,14,0.005102040816,0.0425170068,0.9693005952,0.9674136905,0.9711220238,0.9848541667,0.9837291667,0.9859285714,0.9528874713,189.9829167,secondary
e2r_vits_nomix_saga_s2,vit_small,nomix,saga,s2,term_1.00,hist,T3,l2,2000,168,14,0.005102040816,0.0425170068,0.9664404762,0.964490997,0.9683184524,0.9833571429,0.9822142113,0.9844762649,0.9528385289,189.4223333,secondary
e2r_vits_nomix_saga_s2,vit_small,nomix,saga,s2,term_1.00,hist,T3,centred_l2,2000,168,14,0.005102040816,0.0425170068,0.9662916667,0.964318378,0.9681667411,0.983014881,0.9818392113,0.9841517857,0.9405921437,189.3931667,secondary
e2r_vits_nomix_saga_s2,vit_small,nomix,saga,s2,term_1.00,s12_post_norm,T3,l2,2000,168,14,0.005102040816,0.0425170068,0.9693035714,0.9674225446,0.9711309524,0.9848571429,0.9837410714,0.9859345238,0.9506198415,189.9835,secondary
e2r_vits_nomix_saga_s2,vit_small,nomix,saga,s2,term_1.00,s12_post_norm,T3,centred_l2,2000,168,14,0.005102040816,0.0425170068,0.9695029762,0.9676278274,0.971321503,0.9849583333,0.9838392857,0.9860238095,0.9405920346,190.0225833,secondary
