run_id,arch,recipe_actual,variant,condition_id,stage,transform,descriptor,n_images,n_images_with_exceedance,mean_n_shared_exc,mean_n_shared_nonexc,acc_exc,acc_exc_ci_lo,acc_exc_ci_hi,acc_nonexc,acc_nonexc_ci_lo,acc_nonexc_ci_hi,delta_exc_minus_nonexc,delta_ci_lo,delta_ci_hi,chance_exact,endpoint_class
legacy_e2_vit_base_nomixdir_baseline,vit_base,mixup,baseline,native,s11_out,T0,l2,2000,2000,24.9685,171.0315,1,1,1,1,1,1,0,0,0,0.005102040816,secondary
legacy_e2_vit_base_nomixdir_baseline,vit_base,mixup,baseline,native,s11_out,T0,centred_l2,2000,2000,24.9685,171.0315,1,1,1,1,1,1,0,0,0,0.005102040816,secondary
legacy_e2_vit_base_nomixdir_baseline,vit_base,mixup,baseline,native,hist,T0,l2,2000,2000,10.3505,185.6495,1,1,1,1,1,1,0,0,0,0.005102040816,secondary
legacy_e2_vit_base_nomixdir_baseline,vit_base,mixup,baseline,native,hist,T0,centred_l2,2000,2000,10.3505,185.6495,1,1,1,1,1,1,0,0,0,0.005102040816,secondary
legacy_e2_vit_base_nomixdir_baseline,vit_base,mixup,baseline,native,s12_post_norm,T0,l2,2000,2,0.0015,195.9985,1,1,1,1,1,1,0,0,0,0.005102040816,secondary
legacy_e2_vit_base_nomixdir_baseline,vit_base,mixup,baseline,native,s12_post_norm,T0,centred_l2,2000,2,0.0015,195.9985,1,1,1,1,1,1,0,0,0,0.005102040816,secondary
legacy_e2_vit_base_nomixdir_baseline,vit_base,mixup,baseline,native,s11_out,T1,l2,2000,2000,24.9685,171.0315,0.5309094113,0.5238699953,0.5379567173,0.8935451363,0.8912619976,0.8958227108,-0.362635725,-0.3694084359,-0.3560002129,0.005102040816,secondary
legacy_e2_vit_base_nomixdir_baseline,vit_base,mixup,baseline,native,s11_out,T1,centred_l2,2000,2000,24.9685,171.0315,0.5293074,0.5223576989,0.536341639,0.8915224936,0.8892306165,0.8937952526,-0.3622150936,-0.3689369815,-0.3555467929,0.005102040816,secondary
legacy_e2_vit_base_nomixdir_baseline,vit_base,mixup,baseline,native,hist,T1,l2,2000,2000,10.3505,185.6495,0.3380458561,0.3290155532,0.3473253986,0.8482763262,0.845591036,0.8509942242,-0.5102304701,-0.5187750845,-0.5014595064,0.005102040816,secondary
legacy_e2_vit_base_nomixdir_baseline,vit_base,mixup,baseline,native,hist,T1,centred_l2,2000,2000,10.3505,185.6495,0.3434186396,0.3344616795,0.3525815136,0.8481694829,0.8454496104,0.8509033362,-0.5047508433,-0.5131644619,-0.4960443304,0.005102040816,secondary
legacy_e2_vit_base_nomixdir_baseline,vit_base,mixup,baseline,native,s12_post_norm,T1,l2,2000,2,0.0015,195.9985,1,1,1,0.8468636406,0.8443473044,0.8493811421,0.1491144594,0.1435897436,0.1546391753,0.005102040816,secondary
legacy_e2_vit_base_nomixdir_baseline,vit_base,mixup,baseline,native,s12_post_norm,T1,centred_l2,2000,2,0.0015,195.9985,1,1,1,0.8470345852,0.8445246772,0.8495688314,0.1439862543,0.1333333333,0.1546391753,0.005102040816,secondary
legacy_e2_vit_base_nomixdir_baseline,vit_base,mixup,baseline,native,s11_out,T2,l2,2000,2000,23.71,158.29,0.5987543812,0.5896681958,0.6077743713,0.9089057673,0.9061038642,0.9116714129,-0.3101513861,-0.3178966536,-0.3025162958,0.005102040816,secondary
legacy_e2_vit_base_nomixdir_baseline,vit_base,mixup,baseline,native,s11_out,T2,centred_l2,2000,2000,23.71,158.29,0.5995996831,0.5905476012,0.6086794499,0.9068530573,0.9040968356,0.9095684921,-0.3072533742,-0.3150659794,-0.2995081862,0.005102040816,secondary
legacy_e2_vit_base_nomixdir_baseline,vit_base,mixup,baseline,native,hist,T2,l2,2000,2000,10.1135,171.8865,0.4400751433,0.4288338021,0.4512896818,0.8770113041,0.8736121941,0.8803388416,-0.4369361608,-0.4469410143,-0.4270018234,0.005102040816,secondary
legacy_e2_vit_base_nomixdir_baseline,vit_base,mixup,baseline,native,hist,T2,centred_l2,2000,2000,10.1135,171.8865,0.4475209636,0.4362910434,0.4588181465,0.87669265,0.8733143957,0.8800222036,-0.4291716864,-0.4391389109,-0.4192191905,0.005102040816,secondary
legacy_e2_vit_base_nomixdir_baseline,vit_base,mixup,baseline,native,s12_post_norm,T2,l2,2000,1,0.002,181.998,1,1,1,0.8705722003,0.8670618842,0.8740235901,0.1797752809,0.1797752809,0.1797752809,0.005102040816,secondary
legacy_e2_vit_base_nomixdir_baseline,vit_base,mixup,baseline,native,s12_post_norm,T2,centred_l2,2000,1,0.002,181.998,1,1,1,0.8699705519,0.8664622222,0.8734231456,0.1797752809,0.1797752809,0.1797752809,0.005102040816,secondary
legacy_e2_vit_base_nomixdir_baseline,vit_base,mixup,baseline,native,s11_out,T3,l2,2000,2000,20.874,147.126,0.5295352088,0.5204500661,0.5386132438,0.8911104378,0.8879491662,0.8941802582,-0.361575229,-0.369487844,-0.3536583309,0.005102040816,secondary
legacy_e2_vit_base_nomixdir_baseline,vit_base,mixup,baseline,native,s11_out,T3,centred_l2,2000,2000,20.874,147.126,0.5279366112,0.518909702,0.5370088626,0.8892029584,0.8860921271,0.8922254733,-0.3612663473,-0.3690992054,-0.3534800153,0.005102040816,secondary
legacy_e2_vit_base_nomixdir_baseline,vit_base,mixup,baseline,native,hist,T3,l2,2000,1998,8.727,159.273,0.3565217858,0.3452690129,0.36745412,0.8504946924,0.8468521822,0.8541020974,-0.4939543351,-0.5041634685,-0.4839144804,0.005102040816,secondary
legacy_e2_vit_base_nomixdir_baseline,vit_base,mixup,baseline,native,hist,T3,centred_l2,2000,1998,8.727,159.273,0.3615355722,0.3502641603,0.3724802252,0.8504984173,0.8468667918,0.8540232065,-0.4889412981,-0.4991838876,-0.4788379967,0.005102040816,secondary
legacy_e2_vit_base_nomixdir_baseline,vit_base,mixup,baseline,native,s12_post_norm,T3,l2,2000,2,0.0035,167.9965,0.9166666667,0.8333333333,1,0.8470700398,0.8434003694,0.8506274973,0.1561506616,0.03086419753,0.2814371257,0.005102040816,secondary
legacy_e2_vit_base_nomixdir_baseline,vit_base,mixup,baseline,native,s12_post_norm,T3,centred_l2,2000,2,0.0035,167.9965,0.9166666667,0.8333333333,1,0.8468110934,0.8431640758,0.8503513179,0.1591446736,0.03086419753,0.2874251497,0.005102040816,secondary
e2r_vitb_mixup_baseline_s1,vit_base,mixup,baseline,native,s11_out,T0,l2,2000,2000,14.049,181.951,1,1,1,1,1,1,0,0,0,0.005102040816,secondary
e2r_vitb_mixup_baseline_s1,vit_base,mixup,baseline,native,s11_out,T0,centred_l2,2000,2000,14.049,181.951,1,1,1,1,1,1,0,0,0,0.005102040816,secondary
e2r_vitb_mixup_baseline_s1,vit_base,mixup,baseline,native,hist,T0,l2,2000,2000,9.5685,186.4315,1,1,1,1,1,1,0,0,0,0.005102040816,secondary
e2r_vitb_mixup_baseline_s1,vit_base,mixup,baseline,native,hist,T0,centred_l2,2000,2000,9.5685,186.4315,1,1,1,1,1,1,0,0,0,0.005102040816,secondary
e2r_vitb_mixup_baseline_s1,vit_base,mixup,baseline,native,s12_post_norm,T0,l2,2000,261,1.0355,194.9645,1,1,1,1,1,1,0,0,0,0.005102040816,secondary
e2r_vitb_mixup_baseline_s1,vit_base,mixup,baseline,native,s12_post_norm,T0,centred_l2,2000,261,1.0355,194.9645,1,1,1,1,1,1,0,0,0,0.005102040816,secondary
e2r_vitb_mixup_baseline_s1,vit_base,mixup,baseline,native,s11_out,T1,l2,2000,2000,14.049,181.951,0.3005763557,0.2929022823,0.3083248862,0.8392720805,0.8364749669,0.8420827144,-0.5386957247,-0.5455731621,-0.5317211495,0.005102040816,secondary
e2r_vitb_mixup_baseline_s1,vit_base,mixup,baseline,native,s11_out,T1,centred_l2,2000,2000,14.049,181.951,0.3011965043,0.2935399596,0.3089174879,0.8364188862,0.8335983095,0.8392536063,-0.5352223819,-0.5421885268,-0.5282426739,0.005102040816,secondary
e2r_vitb_mixup_baseline_s1,vit_base,mixup,baseline,native,hist,T1,l2,2000,2000,9.5685,186.4315,0.2228868792,0.2155610339,0.2301959662,0.8238621314,0.8210727925,0.8266232515,-0.6009752522,-0.6078904169,-0.5939326561,0.005102040816,secondary
e2r_vitb_mixup_baseline_s1,vit_base,mixup,baseline,native,hist,T1,centred_l2,2000,2000,9.5685,186.4315,0.2196866431,0.2123148644,0.2270690184,0.8252158208,0.8224130735,0.8279810267,-0.6055291777,-0.6126541874,-0.5984614726,0.005102040816,secondary
e2r_vitb_mixup_baseline_s1,vit_base,mixup,baseline,native,s12_post_norm,T1,l2,2000,261,1.0355,194.9645,0.6469143405,0.6079571533,0.6846288486,0.806367746,0.8034888849,0.8091626392,-0.168926547,-0.2076446504,-0.1310487411,0.005102040816,secondary
e2r_vitb_mixup_baseline_s1,vit_base,mixup,baseline,native,s12_post_norm,T1,centred_l2,2000,261,1.0355,194.9645,0.6549246784,0.6169378904,0.6924002328,0.8079232138,0.8051044949,0.8107575597,-0.162611873,-0.2011481552,-0.1251669476,0.005102040816,secondary
e2r_vitb_mixup_baseline_s1,vit_base,mixup,baseline,native,s11_out,T2,l2,2000,2000,13.2065,168.7935,0.3650394603,0.3554292196,0.3745122284,0.8734173424,0.8700665418,0.8766572293,-0.5083778821,-0.5166992971,-0.5002629154,0.005102040816,secondary
e2r_vitb_mixup_baseline_s1,vit_base,mixup,baseline,native,s11_out,T2,centred_l2,2000,2000,13.2065,168.7935,0.3659292859,0.3561820656,0.3754232049,0.8721167412,0.8687754992,0.8753613397,-0.5061874553,-0.51452216,-0.4979854536,0.005102040816,secondary
e2r_vitb_mixup_baseline_s1,vit_base,mixup,baseline,native,hist,T2,l2,2000,2000,9.5015,172.4985,0.297490553,0.2877391293,0.3068198453,0.8616397022,0.8582122637,0.8649847971,-0.5641491492,-0.5729534703,-0.5555392053,0.005102040816,secondary
e2r_vitb_mixup_baseline_s1,vit_base,mixup,baseline,native,hist,T2,centred_l2,2000,2000,9.5015,172.4985,0.2896903847,0.2801283104,0.2989327786,0.8631036693,0.8597215145,0.8663918019,-0.5734132847,-0.5821632153,-0.564988448,0.005102040816,secondary
e2r_vitb_mixup_baseline_s1,vit_base,mixup,baseline,native,s12_post_norm,T2,l2,2000,202,0.5615,181.4385,0.7356057636,0.6901243593,0.7800583649,0.8405107237,0.8368571473,0.8440998969,-0.09474195184,-0.1413750992,-0.04927039428,0.005102040816,secondary
e2r_vitb_mixup_baseline_s1,vit_base,mixup,baseline,native,s12_post_norm,T2,centred_l2,2000,202,0.5615,181.4385,0.7339816306,0.6874009755,0.7793102358,0.842534957,0.8389256623,0.8460804981,-0.09815644894,-0.1450278551,-0.0518564109,0.005102040816,secondary
e2r_vitb_mixup_baseline_s1,vit_base,mixup,baseline,native,s11_out,T3,l2,2000,2000,11.2815,156.7185,0.3028206976,0.2934979754,0.3120116043,0.8446619475,0.84107562,0.8481685622,-0.5418412499,-0.5499910077,-0.5337392218,0.005102040816,secondary
e2r_vitb_mixup_baseline_s1,vit_base,mixup,baseline,native,s11_out,T3,centred_l2,2000,2000,11.2815,156.7185,0.3043246975,0.2949282649,0.3135823526,0.842570564,0.8389883668,0.8460747424,-0.5382458665,-0.5464322957,-0.5300958382,0.005102040816,secondary
e2r_vitb_mixup_baseline_s1,vit_base,mixup,baseline,native,hist,T3,l2,2000,1998,7.6395,160.3605,0.2286995895,0.2195653906,0.2375613421,0.8284488588,0.8247598351,0.8321078275,-0.5997086299,-0.6082564963,-0.5912514297,0.005102040816,secondary
e2r_vitb_mixup_baseline_s1,vit_base,mixup,baseline,native,hist,T3,centred_l2,2000,1998,7.6395,160.3605,0.2225561694,0.2134660557,0.2314998452,0.8311101432,0.8274392034,0.8346971091,-0.6085130192,-0.6169685129,-0.6001179788,0.005102040816,secondary
e2r_vitb_mixup_baseline_s1,vit_base,mixup,baseline,native,s12_post_norm,T3,l2,2000,240,0.6945,167.3055,0.6663818759,0.6224235664,0.7082646134,0.8128239618,0.8090140239,0.8165294373,-0.1483465756,-0.1922296887,-0.1069970207,0.005102040816,secondary
e2r_vitb_mixup_baseline_s1,vit_base,mixup,baseline,native,s12_post_norm,T3,centred_l2,2000,240,0.6945,167.3055,0.6787281716,0.6354310452,0.7205494687,0.8156114695,0.8118473042,0.8192891476,-0.1398098677,-0.1821904997,-0.09894513027,0.005102040816,secondary
legacy_e2_vit_small_mixupdir_baseline,vit_small,mixup,baseline,native,s11_out,T0,l2,2000,2000,14.517,181.483,1,1,1,1,1,1,0,0,0,0.005102040816,secondary
legacy_e2_vit_small_mixupdir_baseline,vit_small,mixup,baseline,native,s11_out,T0,centred_l2,2000,2000,14.517,181.483,1,1,1,1,1,1,0,0,0,0.005102040816,secondary
legacy_e2_vit_small_mixupdir_baseline,vit_small,mixup,baseline,native,hist,T0,l2,2000,2000,14.079,181.921,1,1,1,1,1,1,0,0,0,0.005102040816,secondary
legacy_e2_vit_small_mixupdir_baseline,vit_small,mixup,baseline,native,hist,T0,centred_l2,2000,2000,14.079,181.921,1,1,1,1,1,1,0,0,0,0.005102040816,secondary
legacy_e2_vit_small_mixupdir_baseline,vit_small,mixup,baseline,native,s12_post_norm,T0,l2,2000,0,0,196,MISSING,MISSING,MISSING,1,1,1,MISSING,MISSING,MISSING,0.005102040816,secondary
legacy_e2_vit_small_mixupdir_baseline,vit_small,mixup,baseline,native,s12_post_norm,T0,centred_l2,2000,0,0,196,MISSING,MISSING,MISSING,1,1,1,MISSING,MISSING,MISSING,0.005102040816,secondary
legacy_e2_vit_small_mixupdir_baseline,vit_small,mixup,baseline,native,s11_out,T1,l2,2000,2000,14.517,181.483,0.4298628666,0.4219988779,0.4376815206,0.9295604165,0.9274624459,0.9315719591,-0.4996975498,-0.5070063352,-0.4922125924,0.005102040816,secondary
legacy_e2_vit_small_mixupdir_baseline,vit_small,mixup,baseline,native,s11_out,T1,centred_l2,2000,2000,14.517,181.483,0.4295206459,0.4216302334,0.437407421,0.9297373876,0.9276693483,0.9317065684,-0.5002167417,-0.507576103,-0.4927543792,0.005102040816,secondary
legacy_e2_vit_small_mixupdir_baseline,vit_small,mixup,baseline,native,hist,T1,l2,2000,2000,14.079,181.921,0.4259598496,0.418172079,0.433778518,0.9251626799,0.9230472507,0.9272132609,-0.4992028302,-0.5065061222,-0.4918188157,0.005102040816,secondary
legacy_e2_vit_small_mixupdir_baseline,vit_small,mixup,baseline,native,hist,T1,centred_l2,2000,2000,14.079,181.921,0.4163603544,0.4086829685,0.4242655431,0.9243510051,0.9222305635,0.9264008333,-0.5079906507,-0.5152621959,-0.5006654675,0.005102040816,secondary
legacy_e2_vit_small_mixupdir_baseline,vit_small,mixup,baseline,native,s12_post_norm,T1,l2,2000,0,0,196,MISSING,MISSING,MISSING,0.8955280612,0.8932473852,0.8977526148,MISSING,MISSING,MISSING,0.005102040816,secondary
legacy_e2_vit_small_mixupdir_baseline,vit_small,mixup,baseline,native,s12_post_norm,T1,centred_l2,2000,0,0,196,MISSING,MISSING,MISSING,0.8951632653,0.8928928571,0.8973878827,MISSING,MISSING,MISSING,0.005102040816,secondary
legacy_e2_vit_small_mixupdir_baseline,vit_small,mixup,baseline,native,s11_out,T2,l2,2000,2000,14.1105,167.8895,0.521357302,0.5111910797,0.5316382857,0.9372281446,0.9347072008,0.9397041907,-0.4158708427,-0.4247856197,-0.4067742009,0.005102040816,secondary
legacy_e2_vit_small_mixupdir_baseline,vit_small,mixup,baseline,native,s11_out,T2,centred_l2,2000,2000,14.1105,167.8895,0.5196398251,0.509517009,0.5300893835,0.9376236461,0.9350927668,0.9401106513,-0.417983821,-0.426912798,-0.4088902382,0.005102040816,secondary
legacy_e2_vit_small_mixupdir_baseline,vit_small,mixup,baseline,native,hist,T2,l2,2000,2000,13.5,168.5,0.5097354656,0.4995842224,0.5199565332,0.9348159803,0.9323178193,0.9372597009,-0.4250805147,-0.4342110557,-0.4160489129,0.005102040816,secondary
legacy_e2_vit_small_mixupdir_baseline,vit_small,mixup,baseline,native,hist,T2,centred_l2,2000,2000,13.5,168.5,0.4989882342,0.4888282044,0.5090881355,0.9342692688,0.9317458333,0.9367460069,-0.4352810345,-0.4443420819,-0.4262973976,0.005102040816,secondary
legacy_e2_vit_small_mixupdir_baseline,vit_small,mixup,baseline,native,s12_post_norm,T2,l2,2000,0,0,182,MISSING,MISSING,MISSING,0.9080467033,0.9049861951,0.9110138049,MISSING,MISSING,MISSING,0.005102040816,secondary
legacy_e2_vit_small_mixupdir_baseline,vit_small,mixup,baseline,native,s12_post_norm,T2,centred_l2,2000,0,0,182,MISSING,MISSING,MISSING,0.9076950549,0.9046290522,0.9106620879,MISSING,MISSING,MISSING,0.005102040816,secondary
legacy_e2_vit_small_mixupdir_baseline,vit_small,mixup,baseline,native,s11_out,T3,l2,2000,1999,12.1245,155.8755,0.476916061,0.4670980987,0.486750048,0.9263517914,0.9238084875,0.9288559449,-0.4494495084,-0.4583342641,-0.4405676521,0.005102040816,secondary
legacy_e2_vit_small_mixupdir_baseline,vit_small,mixup,baseline,native,s11_out,T3,centred_l2,2000,1999,12.1245,155.8755,0.4768605873,0.4670600156,0.4866435428,0.9270759883,0.9245456876,0.9295624904,-0.4502325189,-0.4591840535,-0.4413613991,0.005102040816,secondary
legacy_e2_vit_small_mixupdir_baseline,vit_small,mixup,baseline,native,hist,T3,l2,2000,2000,11.6935,156.3065,0.4683616374,0.4585440697,0.4781727847,0.9225273092,0.919975226,0.9250337363,-0.4541656718,-0.4629813061,-0.4452318992,0.005102040816,secondary
legacy_e2_vit_small_mixupdir_baseline,vit_small,mixup,baseline,native,hist,T3,centred_l2,2000,2000,11.6935,156.3065,0.4590189712,0.4492723893,0.4687132135,0.922529327,0.9199693364,0.9250202743,-0.4635103558,-0.4722741424,-0.4546519867,0.005102040816,secondary
legacy_e2_vit_small_mixupdir_baseline,vit_small,mixup,baseline,native,s12_post_norm,T3,l2,2000,0,0,168,MISSING,MISSING,MISSING,0.897514881,0.8945595238,0.900384003,MISSING,MISSING,MISSING,0.005102040816,secondary
legacy_e2_vit_small_mixupdir_baseline,vit_small,mixup,baseline,native,s12_post_norm,T3,centred_l2,2000,0,0,168,MISSING,MISSING,MISSING,0.8975952381,0.8946517113,0.900422619,MISSING,MISSING,MISSING,0.005102040816,secondary
legacy_e2_vit_small_nomixdir_baseline,vit_small,mixup,baseline,native,s11_out,T0,l2,2000,2000,18.479,177.521,1,1,1,1,1,1,0,0,0,0.005102040816,secondary
legacy_e2_vit_small_nomixdir_baseline,vit_small,mixup,baseline,native,s11_out,T0,centred_l2,2000,2000,18.479,177.521,1,1,1,1,1,1,0,0,0,0.005102040816,secondary
legacy_e2_vit_small_nomixdir_baseline,vit_small,mixup,baseline,native,hist,T0,l2,2000,2000,16.832,179.168,1,1,1,1,1,1,0,0,0,0.005102040816,secondary
legacy_e2_vit_small_nomixdir_baseline,vit_small,mixup,baseline,native,hist,T0,centred_l2,2000,2000,16.832,179.168,1,1,1,1,1,1,0,0,0,0.005102040816,secondary
legacy_e2_vit_small_nomixdir_baseline,vit_small,mixup,baseline,native,s12_post_norm,T0,l2,2000,19,0.016,195.984,1,1,1,1,1,1,0,0,0,0.005102040816,secondary
legacy_e2_vit_small_nomixdir_baseline,vit_small,mixup,baseline,native,s12_post_norm,T0,centred_l2,2000,19,0.016,195.984,1,1,1,1,1,1,0,0,0,0.005102040816,secondary
legacy_e2_vit_small_nomixdir_baseline,vit_small,mixup,baseline,native,s11_out,T1,l2,2000,2000,18.479,177.521,0.5023792589,0.4955828702,0.5093777254,0.9389844689,0.9372500532,0.9406781346,-0.43660521,-0.4432891126,-0.4298630154,0.005102040816,secondary
legacy_e2_vit_small_nomixdir_baseline,vit_small,mixup,baseline,native,s11_out,T1,centred_l2,2000,2000,18.479,177.521,0.5046133495,0.497805867,0.5116651963,0.9391082899,0.9373828765,0.9407957749,-0.4344949404,-0.4411445916,-0.4276355313,0.005102040816,secondary
legacy_e2_vit_small_nomixdir_baseline,vit_small,mixup,baseline,native,hist,T1,l2,2000,2000,16.832,179.168,0.4870937124,0.4799286511,0.4944090326,0.9331298088,0.9313492809,0.9348825175,-0.4460360964,-0.4529548052,-0.438861262,0.005102040816,secondary
legacy_e2_vit_small_nomixdir_baseline,vit_small,mixup,baseline,native,hist,T1,centred_l2,2000,2000,16.832,179.168,0.4743112669,0.4671463555,0.4816285217,0.9327556041,0.9309593503,0.9344983116,-0.4584443372,-0.4654242514,-0.4512193329,0.005102040816,secondary
legacy_e2_vit_small_nomixdir_baseline,vit_small,mixup,baseline,native,s12_post_norm,T1,l2,2000,19,0.016,195.984,0.8771929825,0.7192982456,1,0.901463743,0.8994510454,0.9034161197,-0.0137273317,-0.1677270075,0.1039677635,0.005102040816,secondary
legacy_e2_vit_small_nomixdir_baseline,vit_small,mixup,baseline,native,s12_post_norm,T1,centred_l2,2000,19,0.016,195.984,0.8947368421,0.7543859649,1,0.9007622381,0.8987672682,0.9027190997,0.002739702769,-0.1293401036,0.1017418317,0.005102040816,secondary
legacy_e2_vit_small_nomixdir_baseline,vit_small,mixup,baseline,native,s11_out,T2,l2,2000,2000,17.8865,164.1135,0.550734949,0.5412737311,0.5601991909,0.9418605834,0.9396378507,0.9440125807,-0.3911256344,-0.3995690315,-0.3825656022,0.005102040816,secondary
legacy_e2_vit_small_nomixdir_baseline,vit_small,mixup,baseline,native,s11_out,T2,centred_l2,2000,2000,17.8865,164.1135,0.5539119357,0.5444209298,0.5632708091,0.942347389,0.9401629488,0.9444608993,-0.3884354532,-0.3969222227,-0.379838179,0.005102040816,secondary
legacy_e2_vit_small_nomixdir_baseline,vit_small,mixup,baseline,native,hist,T2,l2,2000,2000,16.316,165.684,0.5338471618,0.5242448711,0.5434520461,0.9379925332,0.9357586977,0.9401785447,-0.4041453714,-0.4128527662,-0.3952466819,0.005102040816,secondary
legacy_e2_vit_small_nomixdir_baseline,vit_small,mixup,baseline,native,hist,T2,centred_l2,2000,2000,16.316,165.684,0.5212870514,0.5117429798,0.530791556,0.9378073365,0.9355736648,0.9400166406,-0.4165202851,-0.4252623611,-0.4077814227,0.005102040816,secondary
legacy_e2_vit_small_nomixdir_baseline,vit_small,mixup,baseline,native,s12_post_norm,T2,l2,2000,6,0.0085,181.9915,0.9761904762,0.9285714286,1,0.9065244174,0.9036180995,0.9093387572,0.04131140284,-0.00548680816,0.07182486699,0.005102040816,secondary
legacy_e2_vit_small_nomixdir_baseline,vit_small,mixup,baseline,native,s12_post_norm,T2,centred_l2,2000,6,0.0085,181.9915,0.9761904762,0.9285714286,1,0.9063020302,0.9034011896,0.9091359453,0.03851740126,-0.008343951017,0.06820646613,0.005102040816,secondary
legacy_e2_vit_small_nomixdir_baseline,vit_small,mixup,baseline,native,s11_out,T3,l2,2000,1999,15.443,152.557,0.4749942953,0.4656878177,0.4845390829,0.9270003191,0.924343193,0.9295706084,-0.4520201262,-0.4604410521,-0.4434515409,0.005102040816,secondary
legacy_e2_vit_small_nomixdir_baseline,vit_small,mixup,baseline,native,s11_out,T3,centred_l2,2000,1999,15.443,152.557,0.4781574093,0.4688078433,0.4877463575,0.9276943163,0.9250475794,0.9302540771,-0.449548379,-0.4580398381,-0.4409337453,0.005102040816,secondary
legacy_e2_vit_small_nomixdir_baseline,vit_small,mixup,baseline,native,hist,T3,l2,2000,2000,14.006,153.994,0.4588744425,0.4492613597,0.4686010128,0.9214822174,0.9187959285,0.924088571,-0.4626077749,-0.4714191039,-0.4536733813,0.005102040816,secondary
legacy_e2_vit_small_nomixdir_baseline,vit_small,mixup,baseline,native,hist,T3,centred_l2,2000,2000,14.006,153.994,0.4447220008,0.435391269,0.4544015194,0.9217148406,0.9190397616,0.924314542,-0.4769928398,-0.4856408982,-0.4679898579,0.005102040816,secondary
legacy_e2_vit_small_nomixdir_baseline,vit_small,mixup,baseline,native,s12_post_norm,T3,l2,2000,6,0.0035,167.9965,1,1,1,0.8888523643,0.8857122061,0.8919126046,0.08988649208,0.073984561,0.1107784431,0.005102040816,secondary
legacy_e2_vit_small_nomixdir_baseline,vit_small,mixup,baseline,native,s12_post_norm,T3,centred_l2,2000,6,0.0035,167.9965,1,1,1,0.8891707811,0.8860609615,0.8922482762,0.09188250006,0.07504869779,0.1147704591,0.005102040816,secondary
e2r_vits_mixup_baseline_s1,vit_small,mixup,baseline,native,s11_out,T0,l2,2000,2000,18.0745,177.9255,1,1,1,1,1,1,0,0,0,0.005102040816,secondary
e2r_vits_mixup_baseline_s1,vit_small,mixup,baseline,native,s11_out,T0,centred_l2,2000,2000,18.0745,177.9255,1,1,1,1,1,1,0,0,0,0.005102040816,secondary
e2r_vits_mixup_baseline_s1,vit_small,mixup,baseline,native,hist,T0,l2,2000,2000,18.647,177.353,1,1,1,1,1,1,0,0,0,0.005102040816,secondary
e2r_vits_mixup_baseline_s1,vit_small,mixup,baseline,native,hist,T0,centred_l2,2000,2000,18.647,177.353,1,1,1,1,1,1,0,0,0,0.005102040816,secondary
e2r_vits_mixup_baseline_s1,vit_small,mixup,baseline,native,s12_post_norm,T0,l2,2000,4,0.005,195.995,1,1,1,1,1,1,0,0,0,0.005102040816,secondary
e2r_vits_mixup_baseline_s1,vit_small,mixup,baseline,native,s12_post_norm,T0,centred_l2,2000,4,0.005,195.995,1,1,1,1,1,1,0,0,0,0.005102040816,secondary
e2r_vits_mixup_baseline_s1,vit_small,mixup,baseline,native,s11_out,T1,l2,2000,2000,18.0745,177.9255,0.5088957995,0.5014313213,0.5164115719,0.9452566411,0.9434884826,0.9469319632,-0.4363608416,-0.4434557997,-0.4290634842,0.005102040816,secondary
e2r_vits_mixup_baseline_s1,vit_small,mixup,baseline,native,s11_out,T1,centred_l2,2000,2000,18.0745,177.9255,0.5102256845,0.5028701566,0.5176603553,0.9454467568,0.9437018808,0.9470843936,-0.4352210723,-0.4422950042,-0.4279853371,0.005102040816,secondary
e2r_vits_mixup_baseline_s1,vit_small,mixup,baseline,native,hist,T1,l2,2000,2000,18.647,177.353,0.5082853846,0.5010979884,0.5154074612,0.946081946,0.9443570519,0.9477166623,-0.4377965615,-0.4446623561,-0.4309169507,0.005102040816,secondary
e2r_vits_mixup_baseline_s1,vit_small,mixup,baseline,native,hist,T1,centred_l2,2000,2000,18.647,177.353,0.5009449004,0.4937251715,0.5080728883,0.9454938047,0.9437569468,0.9471438525,-0.4445489043,-0.4513882184,-0.437617877,0.005102040816,secondary
e2r_vits_mixup_baseline_s1,vit_small,mixup,baseline,native,s12_post_norm,T1,l2,2000,4,0.005,195.995,1,1,1,0.9102919743,0.9082112917,0.912271452,0.2328393974,0.1865882822,0.2779441926,0.005102040816,secondary
e2r_vits_mixup_baseline_s1,vit_small,mixup,baseline,native,s12_post_norm,T1,centred_l2,2000,4,0.005,195.995,1,1,1,0.9087664241,0.9066973772,0.9107547657,0.2341348722,0.1877213851,0.2805483592,0.005102040816,secondary
e2r_vits_mixup_baseline_s1,vit_small,mixup,baseline,native,s11_out,T2,l2,2000,2000,17.5475,164.4525,0.5107950932,0.5013784804,0.5198797217,0.9383685981,0.9360193703,0.940628465,-0.427573505,-0.4360787244,-0.4192561607,0.005102040816,secondary
e2r_vits_mixup_baseline_s1,vit_small,mixup,baseline,native,s11_out,T2,centred_l2,2000,2000,17.5475,164.4525,0.5134217944,0.5040517633,0.5225258103,0.9386968815,0.9363523931,0.9409447169,-0.4252750872,-0.4337417252,-0.4169725602,0.005102040816,secondary
e2r_vits_mixup_baseline_s1,vit_small,mixup,baseline,native,hist,T2,l2,2000,2000,18.248,163.752,0.5127310934,0.5036801636,0.5216847218,0.9396179354,0.9374007058,0.9417491936,-0.426886842,-0.4352111843,-0.4187031537,0.005102040816,secondary
e2r_vits_mixup_baseline_s1,vit_small,mixup,baseline,native,hist,T2,centred_l2,2000,2000,18.248,163.752,0.5079982769,0.4989431515,0.5168818801,0.9394530004,0.937225275,0.9415996114,-0.4314547235,-0.4396959447,-0.4233019601,0.005102040816,secondary
e2r_vits_mixup_baseline_s1,vit_small,mixup,baseline,native,s12_post_norm,T2,l2,2000,4,0.0035,181.9965,1,1,1,0.9024030105,0.8994019757,0.9052757876,0.2600332112,0.0773480663,0.4427183562,0.005102040816,secondary
e2r_vits_mixup_baseline_s1,vit_small,mixup,baseline,native,s12_post_norm,T2,centred_l2,2000,4,0.0035,181.9965,1,1,1,0.9012244087,0.8982291256,0.904097256,0.2627956422,0.0773480663,0.4482432181,0.005102040816,secondary
e2r_vits_mixup_baseline_s1,vit_small,mixup,baseline,native,s11_out,T3,l2,2000,2000,14.9155,153.0845,0.4741953586,0.4648387367,0.4837381942,0.9268656471,0.924283526,0.9293834571,-0.4526702886,-0.4611784083,-0.4438238783,0.005102040816,secondary
e2r_vits_mixup_baseline_s1,vit_small,mixup,baseline,native,s11_out,T3,centred_l2,2000,2000,14.9155,153.0845,0.4763950499,0.4670618695,0.4858794338,0.9271928522,0.9246369373,0.9296968654,-0.4507978023,-0.4592809421,-0.4419694158,0.005102040816,secondary
e2r_vits_mixup_baseline_s1,vit_small,mixup,baseline,native,hist,T3,l2,2000,2000,15.5195,152.4805,0.4788169443,0.4697698229,0.4879352241,0.9273466793,0.9248402478,0.9297558452,-0.448529735,-0.4567475512,-0.4400506828,0.005102040816,secondary
e2r_vits_mixup_baseline_s1,vit_small,mixup,baseline,native,hist,T3,centred_l2,2000,2000,15.5195,152.4805,0.4728019643,0.4637691276,0.4818192008,0.9271293287,0.9246460416,0.9295413743,-0.4543273644,-0.462541455,-0.4459801268,0.005102040816,secondary
e2r_vits_mixup_baseline_s1,vit_small,mixup,baseline,native,s12_post_norm,T3,l2,2000,6,0.0085,167.9915,1,1,1,0.8922272967,0.8891813168,0.8951905521,0.2784010939,0.1392215569,0.4263386807,0.005102040816,secondary
e2r_vits_mixup_baseline_s1,vit_small,mixup,baseline,native,s12_post_norm,T3,centred_l2,2000,6,0.0085,167.9915,1,1,1,0.8914564086,0.8884241327,0.8943987815,0.2794114217,0.139227569,0.426765362,0.005102040816,secondary
e2r_vits_mixup_baseline_s2,vit_small,mixup,baseline,native,s11_out,T0,l2,2000,2000,17.525,178.475,1,1,1,1,1,1,0,0,0,0.005102040816,secondary
e2r_vits_mixup_baseline_s2,vit_small,mixup,baseline,native,s11_out,T0,centred_l2,2000,2000,17.525,178.475,1,1,1,1,1,1,0,0,0,0.005102040816,secondary
e2r_vits_mixup_baseline_s2,vit_small,mixup,baseline,native,hist,T0,l2,2000,2000,16.562,179.438,1,1,1,1,1,1,0,0,0,0.005102040816,secondary
e2r_vits_mixup_baseline_s2,vit_small,mixup,baseline,native,hist,T0,centred_l2,2000,2000,16.562,179.438,1,1,1,1,1,1,0,0,0,0.005102040816,secondary
e2r_vits_mixup_baseline_s2,vit_small,mixup,baseline,native,s12_post_norm,T0,l2,2000,0,0,196,MISSING,MISSING,MISSING,1,1,1,MISSING,MISSING,MISSING,0.005102040816,secondary
e2r_vits_mixup_baseline_s2,vit_small,mixup,baseline,native,s12_post_norm,T0,centred_l2,2000,0,0,196,MISSING,MISSING,MISSING,1,1,1,MISSING,MISSING,MISSING,0.005102040816,secondary
e2r_vits_mixup_baseline_s2,vit_small,mixup,baseline,native,s11_out,T1,l2,2000,2000,17.525,178.475,0.4709287672,0.4634823719,0.4780680747,0.9364599405,0.9345377949,0.9383226964,-0.4655311733,-0.472613654,-0.4587223944,0.005102040816,secondary
e2r_vits_mixup_baseline_s2,vit_small,mixup,baseline,native,s11_out,T1,centred_l2,2000,2000,17.525,178.475,0.476335475,0.4689092955,0.4834463718,0.9367973412,0.9348949521,0.9386326941,-0.4604618662,-0.4675357044,-0.4535838145,0.005102040816,secondary
e2r_vits_mixup_baseline_s2,vit_small,mixup,baseline,native,hist,T1,l2,2000,2000,16.562,179.438,0.476925431,0.4693131469,0.4843287889,0.9256864387,0.923609414,0.9277103838,-0.4487610076,-0.4559574084,-0.4417636075,0.005102040816,secondary
e2r_vits_mixup_baseline_s2,vit_small,mixup,baseline,native,hist,T1,centred_l2,2000,2000,16.562,179.438,0.4717363479,0.4640982194,0.4791863901,0.9261390096,0.9240964099,0.9281698901,-0.4544026617,-0.4616349372,-0.4473931552,0.005102040816,secondary
e2r_vits_mixup_baseline_s2,vit_small,mixup,baseline,native,s12_post_norm,T1,l2,2000,0,0,196,MISSING,MISSING,MISSING,0.894127551,0.891849426,0.8963188776,MISSING,MISSING,MISSING,0.005102040816,secondary
e2r_vits_mixup_baseline_s2,vit_small,mixup,baseline,native,s12_post_norm,T1,centred_l2,2000,0,0,196,MISSING,MISSING,MISSING,0.8947857143,0.8925076531,0.8969693878,MISSING,MISSING,MISSING,0.005102040816,secondary
e2r_vits_mixup_baseline_s2,vit_small,mixup,baseline,native,s11_out,T2,l2,2000,2000,17.2325,164.7675,0.5483566043,0.5392434706,0.5575297479,0.9410682561,0.9387741965,0.9433308591,-0.3927116518,-0.4008272279,-0.3844279186,0.005102040816,secondary
e2r_vits_mixup_baseline_s2,vit_small,mixup,baseline,native,s11_out,T2,centred_l2,2000,2000,17.2325,164.7675,0.5530631686,0.5439508213,0.5623763939,0.9415289593,0.9392574231,0.9437435229,-0.3884657907,-0.3966070992,-0.3801469271,0.005102040816,secondary
e2r_vits_mixup_baseline_s2,vit_small,mixup,baseline,native,hist,T2,l2,2000,2000,16.304,165.696,0.5510729104,0.5417529914,0.5604048232,0.9333781464,0.9309521489,0.9357655414,-0.382305236,-0.3906691079,-0.3738977837,0.005102040816,secondary
e2r_vits_mixup_baseline_s2,vit_small,mixup,baseline,native,hist,T2,centred_l2,2000,2000,16.304,165.696,0.5468768468,0.5375924046,0.5562542352,0.9336854021,0.9312666351,0.936092223,-0.3868085553,-0.3951554017,-0.3783125891,0.005102040816,secondary
e2r_vits_mixup_baseline_s2,vit_small,mixup,baseline,native,s12_post_norm,T2,l2,2000,0,0,182,MISSING,MISSING,MISSING,0.9036923077,0.9007057692,0.9066291896,MISSING,MISSING,MISSING,0.005102040816,secondary
e2r_vits_mixup_baseline_s2,vit_small,mixup,baseline,native,s12_post_norm,T2,centred_l2,2000,0,0,182,MISSING,MISSING,MISSING,0.9045,0.9014779533,0.9074260302,MISSING,MISSING,MISSING,0.005102040816,secondary
e2r_vits_mixup_baseline_s2,vit_small,mixup,baseline,native,s11_out,T3,l2,2000,1999,14.6945,153.3055,0.4748619222,0.4653534602,0.4842161852,0.9255555598,0.9228543904,0.9281799895,-0.4506921289,-0.4593621267,-0.4422546495,0.005102040816,secondary
e2r_vits_mixup_baseline_s2,vit_small,mixup,baseline,native,s11_out,T3,centred_l2,2000,1999,14.6945,153.3055,0.4799692037,0.4703918357,0.4892946544,0.9261986035,0.9235219873,0.928823596,-0.4462252351,-0.4549429323,-0.4377697527,0.005102040816,secondary
e2r_vits_mixup_baseline_s2,vit_small,mixup,baseline,native,hist,T3,l2,2000,1999,13.912,154.088,0.4809704801,0.4712191894,0.4904492605,0.9148738366,0.912047835,0.917646989,-0.4338935266,-0.4428542401,-0.4251945835,0.005102040816,secondary
e2r_vits_mixup_baseline_s2,vit_small,mixup,baseline,native,hist,T3,centred_l2,2000,1999,13.912,154.088,0.4778969591,0.4681515124,0.4873702753,0.9158240498,0.9129841765,0.9186055022,-0.4379147584,-0.4468971312,-0.4291662361,0.005102040816,secondary
e2r_vits_mixup_baseline_s2,vit_small,mixup,baseline,native,s12_post_norm,T3,l2,2000,0,0,168,MISSING,MISSING,MISSING,0.8856369048,0.8823599702,0.8888393601,MISSING,MISSING,MISSING,0.005102040816,secondary
e2r_vits_mixup_baseline_s2,vit_small,mixup,baseline,native,s12_post_norm,T3,centred_l2,2000,0,0,168,MISSING,MISSING,MISSING,0.8869107143,0.8836398065,0.8901042411,MISSING,MISSING,MISSING,0.005102040816,secondary
e2r_vits_nomix_baseline_s1,vit_small,nomix,baseline,native,s11_out,T0,l2,2000,1247,2.64,193.36,1,1,1,1,1,1,0,0,0,0.005102040816,secondary
e2r_vits_nomix_baseline_s1,vit_small,nomix,baseline,native,s11_out,T0,centred_l2,2000,1247,2.64,193.36,1,1,1,1,1,1,0,0,0,0.005102040816,secondary
e2r_vits_nomix_baseline_s1,vit_small,nomix,baseline,native,hist,T0,l2,2000,1509,3.202,192.798,1,1,1,1,1,1,0,0,0,0.005102040816,secondary
e2r_vits_nomix_baseline_s1,vit_small,nomix,baseline,native,hist,T0,centred_l2,2000,1509,3.202,192.798,1,1,1,1,1,1,0,0,0,0.005102040816,secondary
e2r_vits_nomix_baseline_s1,vit_small,nomix,baseline,native,s12_post_norm,T0,l2,2000,0,0,196,MISSING,MISSING,MISSING,1,1,1,MISSING,MISSING,MISSING,0.005102040816,secondary
e2r_vits_nomix_baseline_s1,vit_small,nomix,baseline,native,s12_post_norm,T0,centred_l2,2000,0,0,196,MISSING,MISSING,MISSING,1,1,1,MISSING,MISSING,MISSING,0.005102040816,secondary
e2r_vits_nomix_baseline_s1,vit_small,nomix,baseline,native,s11_out,T1,l2,2000,1247,2.64,193.36,0.9889828771,0.9843255015,0.993117632,0.9914554778,0.9898739595,0.9928556443,-0.002054990612,-0.006366522887,0.001861577874,0.005102040816,secondary
e2r_vits_nomix_baseline_s1,vit_small,nomix,baseline,native,s11_out,T1,centred_l2,2000,1247,2.64,193.36,0.989481015,0.9849086668,0.9934977762,0.9915330508,0.9899349603,0.9929405917,-0.001615804809,-0.005858103735,0.002225650586,0.005102040816,secondary
e2r_vits_nomix_baseline_s1,vit_small,nomix,baseline,native,hist,T1,l2,2000,1509,3.202,192.798,0.9932638189,0.9903244326,0.9959118034,0.9897602522,0.9881228839,0.991240419,0.003907376307,0.000691301539,0.006975014191,0.005102040816,secondary
e2r_vits_nomix_baseline_s1,vit_small,nomix,baseline,native,hist,T1,centred_l2,2000,1509,3.202,192.798,0.9934492908,0.9905751017,0.9960505006,0.9899514822,0.9883109363,0.9914201785,0.00388673073,0.0007094195545,0.006909004631,0.005102040816,secondary
e2r_vits_nomix_baseline_s1,vit_small,nomix,baseline,native,s12_post_norm,T1,l2,2000,0,0,196,MISSING,MISSING,MISSING,0.9908443878,0.9892755102,0.99225,MISSING,MISSING,MISSING,0.005102040816,secondary
e2r_vits_nomix_baseline_s1,vit_small,nomix,baseline,native,s12_post_norm,T1,centred_l2,2000,0,0,196,MISSING,MISSING,MISSING,0.9910408163,0.9894744898,0.9924387755,MISSING,MISSING,MISSING,0.005102040816,secondary
e2r_vits_nomix_baseline_s1,vit_small,nomix,baseline,native,s11_out,T2,l2,2000,1267,2.697,179.303,0.9555982433,0.9471228384,0.9635977111,0.9689135112,0.9671820719,0.9706342869,-0.01107269375,-0.01920627661,-0.003471593618,0.005102040816,secondary
e2r_vits_nomix_baseline_s1,vit_small,nomix,baseline,native,s11_out,T2,centred_l2,2000,1267,2.697,179.303,0.9570100266,0.9486083014,0.9649916597,0.9688278527,0.9670591981,0.9705924347,-0.009668804464,-0.01774060339,-0.002095034578,0.005102040816,secondary
e2r_vits_nomix_baseline_s1,vit_small,nomix,baseline,native,hist,T2,l2,2000,1521,3.451,178.549,0.9844815437,0.9802878511,0.9883933804,0.9673771834,0.9655645574,0.9691636052,0.01750169827,0.01295506011,0.02181672371,0.005102040816,secondary
e2r_vits_nomix_baseline_s1,vit_small,nomix,baseline,native,hist,T2,centred_l2,2000,1521,3.451,178.549,0.9845616659,0.9803442009,0.9885153053,0.9673873854,0.9655599725,0.9691882162,0.01756840568,0.0129918928,0.0218319111,0.005102040816,secondary
e2r_vits_nomix_baseline_s1,vit_small,nomix,baseline,native,s12_post_norm,T2,l2,2000,0,0,182,MISSING,MISSING,MISSING,0.9684945055,0.9667499313,0.9702225275,MISSING,MISSING,MISSING,0.005102040816,secondary
e2r_vits_nomix_baseline_s1,vit_small,nomix,baseline,native,s12_post_norm,T2,centred_l2,2000,0,0,182,MISSING,MISSING,MISSING,0.9685769231,0.9668159341,0.9703186813,MISSING,MISSING,MISSING,0.005102040816,secondary
e2r_vits_nomix_baseline_s1,vit_small,nomix,baseline,native,s11_out,T3,l2,2000,1213,2.4495,165.5505,0.9531767273,0.9439627708,0.9616581352,0.9647974768,0.9627426682,0.9667673804,-0.009641512681,-0.0184882464,-0.00139491325,0.005102040816,secondary
e2r_vits_nomix_baseline_s1,vit_small,nomix,baseline,native,s11_out,T3,centred_l2,2000,1213,2.4495,165.5505,0.9548567112,0.9458814222,0.9632416627,0.9642407582,0.9621313102,0.9662547737,-0.007323316364,-0.01599343383,0.0007942339571,0.005102040816,secondary
e2r_vits_nomix_baseline_s1,vit_small,nomix,baseline,native,hist,T3,l2,2000,1524,3.391,164.609,0.9815305433,0.9768587073,0.985854046,0.9621080946,0.9599461573,0.9641659712,0.02074314256,0.0155880769,0.02556373641,0.005102040816,secondary
e2r_vits_nomix_baseline_s1,vit_small,nomix,baseline,native,hist,T3,centred_l2,2000,1524,3.391,164.609,0.9818407482,0.977241464,0.9861225995,0.9618165921,0.9596026252,0.9638976974,0.02129919502,0.01618451921,0.02606484878,0.005102040816,secondary
e2r_vits_nomix_baseline_s1,vit_small,nomix,baseline,native,s12_post_norm,T3,l2,2000,0,0,168,MISSING,MISSING,MISSING,0.9639672619,0.9618779762,0.9659584077,MISSING,MISSING,MISSING,0.005102040816,secondary
e2r_vits_nomix_baseline_s1,vit_small,nomix,baseline,native,s12_post_norm,T3,centred_l2,2000,0,0,168,MISSING,MISSING,MISSING,0.9637589286,0.9616279018,0.9657916667,MISSING,MISSING,MISSING,0.005102040816,secondary
e2r_vits_nomix_baseline_s2,vit_small,nomix,baseline,native,s11_out,T0,l2,2000,1123,2.1615,193.8385,1,1,1,1,1,1,0,0,0,0.005102040816,secondary
e2r_vits_nomix_baseline_s2,vit_small,nomix,baseline,native,s11_out,T0,centred_l2,2000,1123,2.1615,193.8385,1,1,1,1,1,1,0,0,0,0.005102040816,secondary
e2r_vits_nomix_baseline_s2,vit_small,nomix,baseline,native,hist,T0,l2,2000,1502,3.006,192.994,1,1,1,1,1,1,0,0,0,0.005102040816,secondary
e2r_vits_nomix_baseline_s2,vit_small,nomix,baseline,native,hist,T0,centred_l2,2000,1502,3.006,192.994,1,1,1,1,1,1,0,0,0,0.005102040816,secondary
e2r_vits_nomix_baseline_s2,vit_small,nomix,baseline,native,s12_post_norm,T0,l2,2000,0,0,196,MISSING,MISSING,MISSING,1,1,1,MISSING,MISSING,MISSING,0.005102040816,secondary
e2r_vits_nomix_baseline_s2,vit_small,nomix,baseline,native,s12_post_norm,T0,centred_l2,2000,0,0,196,MISSING,MISSING,MISSING,1,1,1,MISSING,MISSING,MISSING,0.005102040816,secondary
e2r_vits_nomix_baseline_s2,vit_small,nomix,baseline,native,s11_out,T1,l2,2000,1123,2.1615,193.8385,0.9903092651,0.9853756407,0.9944895617,0.9955121339,0.994317342,0.9965265491,-0.005423541075,-0.01011931748,-0.001390048429,0.005102040816,secondary
e2r_vits_nomix_baseline_s2,vit_small,nomix,baseline,native,s11_out,T1,centred_l2,2000,1123,2.1615,193.8385,0.9908075053,0.9858864404,0.9948958916,0.9956434992,0.9944532946,0.9966441734,-0.005063847369,-0.009774317155,-0.001045653804,0.005102040816,secondary
e2r_vits_nomix_baseline_s2,vit_small,nomix,baseline,native,hist,T1,l2,2000,1502,3.006,192.994,0.9981837019,0.9964633817,0.9993817839,0.9948071478,0.9935248558,0.9958929114,0.003678409896,0.001540356217,0.005684966553,0.005102040816,secondary
e2r_vits_nomix_baseline_s2,vit_small,nomix,baseline,native,hist,T1,centred_l2,2000,1502,3.006,192.994,0.9982391835,0.9965216892,0.9994220546,0.9948885976,0.993623298,0.995966918,0.003632229922,0.001539246774,0.00562856396,0.005102040816,secondary
e2r_vits_nomix_baseline_s2,vit_small,nomix,baseline,native,s12_post_norm,T1,l2,2000,0,0,196,MISSING,MISSING,MISSING,0.9953010204,0.9941122449,0.9963214923,MISSING,MISSING,MISSING,0.005102040816,secondary
e2r_vits_nomix_baseline_s2,vit_small,nomix,baseline,native,s12_post_norm,T1,centred_l2,2000,0,0,196,MISSING,MISSING,MISSING,0.9954107143,0.9942320153,0.9964336735,MISSING,MISSING,MISSING,0.005102040816,secondary
e2r_vits_nomix_baseline_s2,vit_small,nomix,baseline,native,s11_out,T2,l2,2000,942,1.7955,180.2045,0.8947427308,0.878704267,0.9104402442,0.962313878,0.9604429895,0.9641757454,-0.06734548219,-0.08288732057,-0.05231423964,0.005102040816,secondary
e2r_vits_nomix_baseline_s2,vit_small,nomix,baseline,native,s11_out,T2,centred_l2,2000,942,1.7955,180.2045,0.8990317058,0.8832296618,0.9145072901,0.9623170807,0.960453964,0.9641678139,-0.06304580864,-0.0782078818,-0.04820284984,0.005102040816,secondary
e2r_vits_nomix_baseline_s2,vit_small,nomix,baseline,native,hist,T2,l2,2000,1433,2.813,179.187,0.9887154706,0.9845373224,0.9924257316,0.9614552629,0.959556232,0.963369287,0.02896486788,0.02434802463,0.03336332297,0.005102040816,secondary
e2r_vits_nomix_baseline_s2,vit_small,nomix,baseline,native,hist,T2,centred_l2,2000,1433,2.813,179.187,0.9891390566,0.9850361224,0.9927429339,0.9611921456,0.9592832865,0.9630878648,0.0296521545,0.02507422684,0.0339971718,0.005102040816,secondary
e2r_vits_nomix_baseline_s2,vit_small,nomix,baseline,native,s12_post_norm,T2,l2,2000,0,0,182,MISSING,MISSING,MISSING,0.9628956044,0.9610576236,0.9647116071,MISSING,MISSING,MISSING,0.005102040816,secondary
e2r_vits_nomix_baseline_s2,vit_small,nomix,baseline,native,s12_post_norm,T2,centred_l2,2000,0,0,182,MISSING,MISSING,MISSING,0.9630631868,0.9612087912,0.9648901786,MISSING,MISSING,MISSING,0.005102040816,secondary
e2r_vits_nomix_baseline_s2,vit_small,nomix,baseline,native,s11_out,T3,l2,2000,891,1.6455,166.3545,0.8765613462,0.8574956017,0.8936624311,0.9562405379,0.9540329838,0.9584096807,-0.07741506295,-0.09561282375,-0.06088672301,0.005102040816,secondary
e2r_vits_nomix_baseline_s2,vit_small,nomix,baseline,native,s11_out,T3,centred_l2,2000,891,1.6455,166.3545,0.8796967973,0.8608349347,0.8966280893,0.9560870203,0.9538644708,0.9582712583,-0.07441601627,-0.09236056,-0.05799016919,0.005102040816,secondary
e2r_vits_nomix_baseline_s2,vit_small,nomix,baseline,native,hist,T3,l2,2000,1369,2.688,165.312,0.9853434592,0.9805823569,0.9896300901,0.9543842898,0.9520913244,0.9566223603,0.03266196866,0.02729718023,0.03789582165,0.005102040816,secondary
e2r_vits_nomix_baseline_s2,vit_small,nomix,baseline,native,hist,T3,centred_l2,2000,1369,2.688,165.312,0.985179659,0.9803000087,0.9894973167,0.9538456494,0.9515251961,0.9560968806,0.03305898442,0.02763646995,0.03833181787,0.005102040816,secondary
e2r_vits_nomix_baseline_s2,vit_small,nomix,baseline,native,s12_post_norm,T3,l2,2000,0,0,168,MISSING,MISSING,MISSING,0.9565327381,0.9543213542,0.9586994048,MISSING,MISSING,MISSING,0.005102040816,secondary
e2r_vits_nomix_baseline_s2,vit_small,nomix,baseline,native,s12_post_norm,T3,centred_l2,2000,0,0,168,MISSING,MISSING,MISSING,0.9565833333,0.9543719494,0.9587440476,MISSING,MISSING,MISSING,0.005102040816,secondary
legacy_e2_vit_base_nomixdir_registers,vit_base,mixup,registers,native,s11_out,T0,l2,2000,1535,9.239,186.761,1,1,1,1,1,1,0,0,0,0.005102040816,secondary
legacy_e2_vit_base_nomixdir_registers,vit_base,mixup,registers,native,s11_out,T0,centred_l2,2000,1535,9.239,186.761,1,1,1,1,1,1,0,0,0,0.005102040816,secondary
legacy_e2_vit_base_nomixdir_registers,vit_base,mixup,registers,native,hist,T0,l2,2000,348,1.424,194.576,1,1,1,1,1,1,0,0,0,0.005102040816,secondary
legacy_e2_vit_base_nomixdir_registers,vit_base,mixup,registers,native,hist,T0,centred_l2,2000,348,1.424,194.576,1,1,1,1,1,1,0,0,0,0.005102040816,secondary
legacy_e2_vit_base_nomixdir_registers,vit_base,mixup,registers,native,s12_post_norm,T0,l2,2000,940,1.754,194.246,1,1,1,1,1,1,0,0,0,0.005102040816,secondary
legacy_e2_vit_base_nomixdir_registers,vit_base,mixup,registers,native,s12_post_norm,T0,centred_l2,2000,940,1.754,194.246,1,1,1,1,1,1,0,0,0,0.005102040816,secondary
legacy_e2_vit_base_nomixdir_registers,vit_base,mixup,registers,native,s11_out,T1,l2,2000,1535,9.239,186.761,0.7246815328,0.714605082,0.7346415371,0.865831806,0.8629959731,0.868638751,-0.1525805424,-0.1625342113,-0.1428229497,0.005102040816,secondary
legacy_e2_vit_base_nomixdir_registers,vit_base,mixup,registers,native,s11_out,T1,centred_l2,2000,1535,9.239,186.761,0.7360994973,0.7262112384,0.7457312243,0.8667848069,0.8639579996,0.869578788,-0.142214816,-0.1519142574,-0.1328082031,0.005102040816,secondary
legacy_e2_vit_base_nomixdir_registers,vit_base,mixup,registers,native,hist,T1,l2,2000,348,1.424,194.576,0.7381063685,0.708452898,0.7661941166,0.8562069767,0.8533790532,0.8589907845,-0.1366610324,-0.1653913333,-0.1093377077,0.005102040816,secondary
legacy_e2_vit_base_nomixdir_registers,vit_base,mixup,registers,native,hist,T1,centred_l2,2000,348,1.424,194.576,0.7537941764,0.7248163586,0.781838086,0.8548742607,0.8520412758,0.8576401724,-0.1195595383,-0.1471552083,-0.09209145459,0.005102040816,secondary
legacy_e2_vit_base_nomixdir_registers,vit_base,mixup,registers,native,s12_post_norm,T1,l2,2000,940,1.754,194.246,0.9722477474,0.9637240606,0.9797248264,0.8607666738,0.8580279884,0.8634519195,0.1132131396,0.1044143245,0.1212838081,0.005102040816,secondary
legacy_e2_vit_base_nomixdir_registers,vit_base,mixup,registers,native,s12_post_norm,T1,centred_l2,2000,940,1.754,194.246,0.9759793611,0.9679539595,0.9829515182,0.8647511931,0.862079168,0.8673616096,0.1130371787,0.104856353,0.1206370228,0.005102040816,secondary
legacy_e2_vit_base_nomixdir_registers,vit_base,mixup,registers,native,s11_out,T2,l2,2000,1496,8.2185,173.7815,0.7126597215,0.7003195064,0.7247049527,0.8812502712,0.8779278548,0.8845290712,-0.1734912552,-0.1848629162,-0.1625176076,0.005102040816,secondary
legacy_e2_vit_base_nomixdir_registers,vit_base,mixup,registers,native,s11_out,T2,centred_l2,2000,1496,8.2185,173.7815,0.7234164351,0.7111256688,0.7354406614,0.8823716079,0.8790725595,0.8856253141,-0.1636753895,-0.1750387566,-0.1526617701,0.005102040816,secondary
legacy_e2_vit_base_nomixdir_registers,vit_base,mixup,registers,native,hist,T2,l2,2000,328,1.265,180.735,0.714022689,0.6831994791,0.7453331135,0.872544764,0.8690719811,0.8759475778,-0.1727753223,-0.2016530948,-0.143307724,0.005102040816,secondary
legacy_e2_vit_base_nomixdir_registers,vit_base,mixup,registers,native,hist,T2,centred_l2,2000,328,1.265,180.735,0.7308011284,0.7005801361,0.7609663352,0.8725647408,0.8690781536,0.875920961,-0.1564704754,-0.1845059208,-0.1280787418,0.005102040816,secondary
legacy_e2_vit_base_nomixdir_registers,vit_base,mixup,registers,native,s12_post_norm,T2,l2,2000,910,1.4195,180.5805,0.9793933844,0.9716595339,0.9863269825,0.875313686,0.8719036211,0.878670397,0.1007121762,0.09152699761,0.1092880499,0.005102040816,secondary
legacy_e2_vit_base_nomixdir_registers,vit_base,mixup,registers,native,s12_post_norm,T2,centred_l2,2000,910,1.4195,180.5805,0.9826146869,0.9754668149,0.9890342643,0.8784380558,0.8750531987,0.8817570585,0.1007800514,0.09228885237,0.1090099736,0.005102040816,secondary
legacy_e2_vit_base_nomixdir_registers,vit_base,mixup,registers,native,s11_out,T3,l2,2000,1530,7.6195,160.3805,0.6743973175,0.6618593167,0.6868652115,0.8635563484,0.8600473477,0.8670222342,-0.1950001812,-0.2065404949,-0.1834834943,0.005102040816,secondary
legacy_e2_vit_base_nomixdir_registers,vit_base,mixup,registers,native,s11_out,T3,centred_l2,2000,1530,7.6195,160.3805,0.6827530651,0.6704374946,0.6950097061,0.8649594038,0.8614520546,0.8683886186,-0.1880077491,-0.1994644976,-0.1767074635,0.005102040816,secondary
legacy_e2_vit_base_nomixdir_registers,vit_base,mixup,registers,native,hist,T3,l2,2000,331,1.22,166.78,0.6613754713,0.6289816057,0.6931566085,0.8523207222,0.8486610329,0.8558626635,-0.2161738502,-0.2472187662,-0.185598931,0.005102040816,secondary
legacy_e2_vit_base_nomixdir_registers,vit_base,mixup,registers,native,hist,T3,centred_l2,2000,331,1.22,166.78,0.6687182306,0.6368162177,0.6999704436,0.8526794676,0.8491013775,0.8562040466,-0.2108189065,-0.2411810696,-0.1809831523,0.005102040816,secondary
legacy_e2_vit_base_nomixdir_registers,vit_base,mixup,registers,native,s12_post_norm,T3,l2,2000,862,1.358,166.642,0.9626193782,0.9520438977,0.9727640467,0.8567274179,0.853183979,0.8602005034,0.1031811088,0.09155863464,0.1144097326,0.005102040816,secondary
legacy_e2_vit_base_nomixdir_registers,vit_base,mixup,registers,native,s12_post_norm,T3,centred_l2,2000,862,1.358,166.642,0.9731228635,0.9639170736,0.9812838685,0.8612746039,0.8577645993,0.8646698435,0.1088242575,0.09857031247,0.1183943849,0.005102040816,secondary
legacy_e2_vit_base_nomixdir_saga,vit_base,mixup,saga,native,s11_out,T0,l2,2000,2000,12.053,183.947,1,1,1,1,1,1,0,0,0,0.005102040816,secondary
legacy_e2_vit_base_nomixdir_saga,vit_base,mixup,saga,native,s11_out,T0,centred_l2,2000,2000,12.053,183.947,1,1,1,1,1,1,0,0,0,0.005102040816,secondary
legacy_e2_vit_base_nomixdir_saga,vit_base,mixup,saga,native,hist,T0,l2,2000,2000,15.163,180.837,1,1,1,1,1,1,0,0,0,0.005102040816,secondary
legacy_e2_vit_base_nomixdir_saga,vit_base,mixup,saga,native,hist,T0,centred_l2,2000,2000,15.163,180.837,1,1,1,1,1,1,0,0,0,0.005102040816,secondary
legacy_e2_vit_base_nomixdir_saga,vit_base,mixup,saga,native,s12_post_norm,T0,l2,2000,0,0,196,MISSING,MISSING,MISSING,1,1,1,MISSING,MISSING,MISSING,0.005102040816,secondary
legacy_e2_vit_base_nomixdir_saga,vit_base,mixup,saga,native,s12_post_norm,T0,centred_l2,2000,0,0,196,MISSING,MISSING,MISSING,1,1,1,MISSING,MISSING,MISSING,0.005102040816,secondary
legacy_e2_vit_base_nomixdir_saga,vit_base,mixup,saga,native,s11_out,T1,l2,2000,2000,12.053,183.947,0.4634790626,0.4540781849,0.4727505111,0.8688472634,0.8664631047,0.8711848809,-0.4053682008,-0.4142637007,-0.3964940939,0.005102040816,secondary
legacy_e2_vit_base_nomixdir_saga,vit_base,mixup,saga,native,s11_out,T1,centred_l2,2000,2000,12.053,183.947,0.462489441,0.4530871434,0.4717394825,0.8666611983,0.8642661251,0.86901784,-0.4041717573,-0.4130205341,-0.3953973482,0.005102040816,secondary
legacy_e2_vit_base_nomixdir_saga,vit_base,mixup,saga,native,hist,T1,l2,2000,2000,15.163,180.837,0.4962480489,0.4882646787,0.5044871055,0.8633471367,0.8607733618,0.8658695472,-0.3670990878,-0.3745781565,-0.3593814472,0.005102040816,secondary
legacy_e2_vit_base_nomixdir_saga,vit_base,mixup,saga,native,hist,T1,centred_l2,2000,2000,15.163,180.837,0.4890132197,0.4811029111,0.4972185335,0.8610355929,0.8584474591,0.8635818058,-0.3720223732,-0.3794635159,-0.3643101888,0.005102040816,secondary
legacy_e2_vit_base_nomixdir_saga,vit_base,mixup,saga,native,s12_post_norm,T1,l2,2000,0,0,196,MISSING,MISSING,MISSING,0.8511556122,0.8487907526,0.8534949617,MISSING,MISSING,MISSING,0.005102040816,secondary
legacy_e2_vit_base_nomixdir_saga,vit_base,mixup,saga,native,s12_post_norm,T1,centred_l2,2000,0,0,196,MISSING,MISSING,MISSING,0.8499132653,0.8475228954,0.8522883291,MISSING,MISSING,MISSING,0.005102040816,secondary
legacy_e2_vit_base_nomixdir_saga,vit_base,mixup,saga,native,s11_out,T2,l2,2000,2000,11.289,170.711,0.5691133628,0.5587322764,0.5795144929,0.9012881826,0.8986549475,0.9038687667,-0.3321748198,-0.341598545,-0.3227117921,0.005102040816,secondary
legacy_e2_vit_base_nomixdir_saga,vit_base,mixup,saga,native,s11_out,T2,centred_l2,2000,2000,11.289,170.711,0.5646689401,0.5543010977,0.5750355478,0.8991651949,0.8965028582,0.9017738911,-0.3344962548,-0.3437495794,-0.3249656522,0.005102040816,secondary
legacy_e2_vit_base_nomixdir_saga,vit_base,mixup,saga,native,hist,T2,l2,2000,2000,14.291,167.709,0.6019268094,0.5925655656,0.611225544,0.8962979185,0.8936708238,0.8989165331,-0.2943711091,-0.3026816215,-0.2860773815,0.005102040816,secondary
legacy_e2_vit_base_nomixdir_saga,vit_base,mixup,saga,native,hist,T2,centred_l2,2000,2000,14.291,167.709,0.5945132868,0.585160156,0.6036741057,0.8941737476,0.8914938644,0.8968389808,-0.2996604608,-0.3079797761,-0.2914158135,0.005102040816,secondary
legacy_e2_vit_base_nomixdir_saga,vit_base,mixup,saga,native,s12_post_norm,T2,l2,2000,0,0,182,MISSING,MISSING,MISSING,0.8869642857,0.8841125687,0.8897308379,MISSING,MISSING,MISSING,0.005102040816,secondary
legacy_e2_vit_base_nomixdir_saga,vit_base,mixup,saga,native,s12_post_norm,T2,centred_l2,2000,0,0,182,MISSING,MISSING,MISSING,0.8855824176,0.8827581731,0.888365522,MISSING,MISSING,MISSING,0.005102040816,secondary
legacy_e2_vit_base_nomixdir_saga,vit_base,mixup,saga,native,s11_out,T3,l2,2000,2000,10.0805,157.9195,0.5193211089,0.5085015714,0.5299360549,0.8852064409,0.8824855146,0.8879017045,-0.3658853321,-0.3758508263,-0.3559736602,0.005102040816,secondary
legacy_e2_vit_base_nomixdir_saga,vit_base,mixup,saga,native,s11_out,T3,centred_l2,2000,2000,10.0805,157.9195,0.5181629425,0.507317427,0.5287384343,0.8832079874,0.8804869594,0.8859363145,-0.3650450449,-0.3750264929,-0.3551408091,0.005102040816,secondary
legacy_e2_vit_base_nomixdir_saga,vit_base,mixup,saga,native,hist,T3,l2,2000,2000,12.7195,155.2805,0.5508570168,0.5414392444,0.5602231668,0.8793830786,0.8765575582,0.8821672451,-0.3285260618,-0.3372439202,-0.319861544,0.005102040816,secondary
legacy_e2_vit_base_nomixdir_saga,vit_base,mixup,saga,native,hist,T3,centred_l2,2000,2000,12.7195,155.2805,0.5436261697,0.5342165845,0.5530517777,0.8769552642,0.8741333309,0.8797192005,-0.3333290945,-0.3420542244,-0.3246159884,0.005102040816,secondary
legacy_e2_vit_base_nomixdir_saga,vit_base,mixup,saga,native,s12_post_norm,T3,l2,2000,0,0,168,MISSING,MISSING,MISSING,0.8705029762,0.8676517113,0.8732828869,MISSING,MISSING,MISSING,0.005102040816,secondary
legacy_e2_vit_base_nomixdir_saga,vit_base,mixup,saga,native,s12_post_norm,T3,centred_l2,2000,0,0,168,MISSING,MISSING,MISSING,0.8689196429,0.8660803571,0.8717053571,MISSING,MISSING,MISSING,0.005102040816,secondary
legacy_e2_vit_base_nomixdir_saga,vit_base,mixup,saga,term_1.00,s11_out,T0,l2,2000,2000,12.053,183.947,1,1,1,1,1,1,0,0,0,0.005102040816,secondary
legacy_e2_vit_base_nomixdir_saga,vit_base,mixup,saga,term_1.00,s11_out,T0,centred_l2,2000,2000,12.053,183.947,1,1,1,1,1,1,0,0,0,0.005102040816,secondary
legacy_e2_vit_base_nomixdir_saga,vit_base,mixup,saga,term_1.00,hist,T0,l2,2000,2000,12.629,183.371,1,1,1,1,1,1,0,0,0,0.005102040816,secondary
legacy_e2_vit_base_nomixdir_saga,vit_base,mixup,saga,term_1.00,hist,T0,centred_l2,2000,2000,12.629,183.371,1,1,1,1,1,1,0,0,0,0.005102040816,secondary
legacy_e2_vit_base_nomixdir_saga,vit_base,mixup,saga,term_1.00,s12_post_norm,T0,l2,2000,0,0,196,MISSING,MISSING,MISSING,1,1,1,MISSING,MISSING,MISSING,0.005102040816,secondary
legacy_e2_vit_base_nomixdir_saga,vit_base,mixup,saga,term_1.00,s12_post_norm,T0,centred_l2,2000,0,0,196,MISSING,MISSING,MISSING,1,1,1,MISSING,MISSING,MISSING,0.005102040816,secondary
legacy_e2_vit_base_nomixdir_saga,vit_base,mixup,saga,term_1.00,s11_out,T1,l2,2000,2000,12.053,183.947,0.4634790626,0.4540781849,0.4727505111,0.8688472634,0.8664631047,0.8711848809,-0.4053682008,-0.4142637007,-0.3964940939,0.005102040816,secondary
legacy_e2_vit_base_nomixdir_saga,vit_base,mixup,saga,term_1.00,s11_out,T1,centred_l2,2000,2000,12.053,183.947,0.462489441,0.4530871434,0.4717394825,0.8666611983,0.8642661251,0.86901784,-0.4041717573,-0.4130205341,-0.3953973482,0.005102040816,secondary
legacy_e2_vit_base_nomixdir_saga,vit_base,mixup,saga,term_1.00,hist,T1,l2,2000,2000,12.629,183.371,0.4498862411,0.4413132577,0.4586981727,0.8493400011,0.8466815314,0.8519673594,-0.39945376,-0.4076159593,-0.3911779598,0.005102040816,secondary
legacy_e2_vit_base_nomixdir_saga,vit_base,mixup,saga,term_1.00,hist,T1,centred_l2,2000,2000,12.629,183.371,0.447138554,0.4386681907,0.4558166525,0.8477338721,0.8450811213,0.8503605526,-0.4005953181,-0.4087096662,-0.3923999961,0.005102040816,secondary
legacy_e2_vit_base_nomixdir_saga,vit_base,mixup,saga,term_1.00,s12_post_norm,T1,l2,2000,0,0,196,MISSING,MISSING,MISSING,0.8454107143,0.8429896684,0.8478086735,MISSING,MISSING,MISSING,0.005102040816,secondary
legacy_e2_vit_base_nomixdir_saga,vit_base,mixup,saga,term_1.00,s12_post_norm,T1,centred_l2,2000,0,0,196,MISSING,MISSING,MISSING,0.8437882653,0.841344324,0.8462194515,MISSING,MISSING,MISSING,0.005102040816,secondary
legacy_e2_vit_base_nomixdir_saga,vit_base,mixup,saga,term_1.00,s11_out,T2,l2,2000,2000,11.289,170.711,0.5691133628,0.5587322764,0.5795144929,0.9012881826,0.8986549475,0.9038687667,-0.3321748198,-0.341598545,-0.3227117921,0.005102040816,secondary
legacy_e2_vit_base_nomixdir_saga,vit_base,mixup,saga,term_1.00,s11_out,T2,centred_l2,2000,2000,11.289,170.711,0.5646689401,0.5543010977,0.5750355478,0.8991651949,0.8965028582,0.9017738911,-0.3344962548,-0.3437495794,-0.3249656522,0.005102040816,secondary
legacy_e2_vit_base_nomixdir_saga,vit_base,mixup,saga,term_1.00,hist,T2,l2,2000,2000,11.8785,170.1215,0.5555338543,0.5454669247,0.5654442287,0.8869421948,0.8842412635,0.8896263495,-0.3314083405,-0.3403756451,-0.3225292551,0.005102040816,secondary
legacy_e2_vit_base_nomixdir_saga,vit_base,mixup,saga,term_1.00,hist,T2,centred_l2,2000,2000,11.8785,170.1215,0.5501021796,0.540109399,0.5598849746,0.8853823997,0.8826869823,0.888068516,-0.3352802201,-0.3442047285,-0.3263787885,0.005102040816,secondary
legacy_e2_vit_base_nomixdir_saga,vit_base,mixup,saga,term_1.00,s12_post_norm,T2,l2,2000,0,0,182,MISSING,MISSING,MISSING,0.8824697802,0.8796098214,0.8852885989,MISSING,MISSING,MISSING,0.005102040816,secondary
legacy_e2_vit_base_nomixdir_saga,vit_base,mixup,saga,term_1.00,s12_post_norm,T2,centred_l2,2000,0,0,182,MISSING,MISSING,MISSING,0.8810604396,0.8782087225,0.8838407967,MISSING,MISSING,MISSING,0.005102040816,secondary
legacy_e2_vit_base_nomixdir_saga,vit_base,mixup,saga,term_1.00,s11_out,T3,l2,2000,2000,10.0805,157.9195,0.5193211089,0.5085015714,0.5299360549,0.8852064409,0.8824855146,0.8879017045,-0.3658853321,-0.3758508263,-0.3559736602,0.005102040816,secondary
legacy_e2_vit_base_nomixdir_saga,vit_base,mixup,saga,term_1.00,s11_out,T3,centred_l2,2000,2000,10.0805,157.9195,0.5181629425,0.507317427,0.5287384343,0.8832079874,0.8804869594,0.8859363145,-0.3650450449,-0.3750264929,-0.3551408091,0.005102040816,secondary
legacy_e2_vit_base_nomixdir_saga,vit_base,mixup,saga,term_1.00,hist,T3,l2,2000,2000,10.619,157.381,0.505223473,0.4951207366,0.5155894551,0.86741929,0.8645659192,0.870252092,-0.362195817,-0.3714199965,-0.3526647283,0.005102040816,secondary
legacy_e2_vit_base_nomixdir_saga,vit_base,mixup,saga,term_1.00,hist,T3,centred_l2,2000,2000,10.619,157.381,0.5006556366,0.4905051547,0.5110396835,0.8659806222,0.8630985616,0.8688434811,-0.3653249856,-0.3745099131,-0.3556879904,0.005102040816,secondary
legacy_e2_vit_base_nomixdir_saga,vit_base,mixup,saga,term_1.00,s12_post_norm,T3,l2,2000,0,0,168,MISSING,MISSING,MISSING,0.8650238095,0.862139881,0.8678660714,MISSING,MISSING,MISSING,0.005102040816,secondary
legacy_e2_vit_base_nomixdir_saga,vit_base,mixup,saga,term_1.00,s12_post_norm,T3,centred_l2,2000,0,0,168,MISSING,MISSING,MISSING,0.8634940476,0.8606011161,0.8663333333,MISSING,MISSING,MISSING,0.005102040816,secondary
e2r_vitb_mixup_saga_s1,vit_base,mixup,saga,native,s11_out,T0,l2,2000,2000,19.8575,176.1425,1,1,1,1,1,1,0,0,0,0.005102040816,secondary
e2r_vitb_mixup_saga_s1,vit_base,mixup,saga,native,s11_out,T0,centred_l2,2000,2000,19.8575,176.1425,1,1,1,1,1,1,0,0,0,0.005102040816,secondary
e2r_vitb_mixup_saga_s1,vit_base,mixup,saga,native,hist,T0,l2,2000,2000,18.5745,177.4255,1,1,1,1,1,1,0,0,0,0.005102040816,secondary
e2r_vitb_mixup_saga_s1,vit_base,mixup,saga,native,hist,T0,centred_l2,2000,2000,18.5745,177.4255,1,1,1,1,1,1,0,0,0,0.005102040816,secondary
e2r_vitb_mixup_saga_s1,vit_base,mixup,saga,native,s12_post_norm,T0,l2,2000,0,0,196,MISSING,MISSING,MISSING,1,1,1,MISSING,MISSING,MISSING,0.005102040816,secondary
e2r_vitb_mixup_saga_s1,vit_base,mixup,saga,native,s12_post_norm,T0,centred_l2,2000,0,0,196,MISSING,MISSING,MISSING,1,1,1,MISSING,MISSING,MISSING,0.005102040816,secondary
e2r_vitb_mixup_saga_s1,vit_base,mixup,saga,native,s11_out,T1,l2,2000,2000,19.8575,176.1425,0.5210956907,0.5134531031,0.5286549684,0.8841829754,0.8817282251,0.8865314832,-0.3630872848,-0.3704764022,-0.3556696173,0.005102040816,secondary
e2r_vitb_mixup_saga_s1,vit_base,mixup,saga,native,s11_out,T1,centred_l2,2000,2000,19.8575,176.1425,0.5203144424,0.5126853138,0.5278634237,0.8833628587,0.8808959044,0.8856933703,-0.3630484163,-0.3704313325,-0.355642623,0.005102040816,secondary
e2r_vitb_mixup_saga_s1,vit_base,mixup,saga,native,hist,T1,l2,2000,2000,18.5745,177.4255,0.5024782983,0.4946455816,0.5103105569,0.8724511281,0.8698414796,0.874964391,-0.3699728298,-0.3774303786,-0.3623333475,0.005102040816,secondary
e2r_vitb_mixup_saga_s1,vit_base,mixup,saga,native,hist,T1,centred_l2,2000,2000,18.5745,177.4255,0.4970198862,0.4893043567,0.5047217943,0.8707897914,0.8681565329,0.8733432276,-0.3737699052,-0.3811473532,-0.3661433611,0.005102040816,secondary
e2r_vitb_mixup_saga_s1,vit_base,mixup,saga,native,s12_post_norm,T1,l2,2000,0,0,196,MISSING,MISSING,MISSING,0.8541913265,0.8517142219,0.8565790816,MISSING,MISSING,MISSING,0.005102040816,secondary
e2r_vitb_mixup_saga_s1,vit_base,mixup,saga,native,s12_post_norm,T1,centred_l2,2000,0,0,196,MISSING,MISSING,MISSING,0.8527346939,0.8502653061,0.8551096939,MISSING,MISSING,MISSING,0.005102040816,secondary
e2r_vitb_mixup_saga_s1,vit_base,mixup,saga,native,s11_out,T2,l2,2000,2000,19.1225,162.8775,0.6239407591,0.6149376542,0.6328005994,0.9069855811,0.9042278635,0.9096204695,-0.283044822,-0.2912264517,-0.2751741586,0.005102040816,secondary
e2r_vitb_mixup_saga_s1,vit_base,mixup,saga,native,s11_out,T2,centred_l2,2000,2000,19.1225,162.8775,0.6237008044,0.6146628404,0.6325502943,0.9063632924,0.9036222219,0.9089981324,-0.282662488,-0.2907878216,-0.2747456831,0.005102040816,secondary
e2r_vitb_mixup_saga_s1,vit_base,mixup,saga,native,hist,T2,l2,2000,2000,18.031,163.969,0.6092366053,0.5999297236,0.6185149512,0.8999497204,0.8971137087,0.9026674381,-0.2907131151,-0.2990484651,-0.2824766846,0.005102040816,secondary
e2r_vitb_mixup_saga_s1,vit_base,mixup,saga,native,hist,T2,centred_l2,2000,2000,18.031,163.969,0.6065051624,0.5971697234,0.6157438161,0.8984072345,0.8955614686,0.9011404322,-0.2919020721,-0.3002958415,-0.2835622766,0.005102040816,secondary
e2r_vitb_mixup_saga_s1,vit_base,mixup,saga,native,s12_post_norm,T2,l2,2000,0,0,182,MISSING,MISSING,MISSING,0.8843791209,0.8813021291,0.887343544,MISSING,MISSING,MISSING,0.005102040816,secondary
e2r_vitb_mixup_saga_s1,vit_base,mixup,saga,native,s12_post_norm,T2,centred_l2,2000,0,0,182,MISSING,MISSING,MISSING,0.8828736264,0.8798211538,0.8858214286,MISSING,MISSING,MISSING,0.005102040816,secondary
e2r_vitb_mixup_saga_s1,vit_base,mixup,saga,native,s11_out,T3,l2,2000,2000,17.0605,150.9395,0.5852447487,0.5761242002,0.5942465252,0.8951644049,0.8924259643,0.8978558391,-0.3099196562,-0.3183013687,-0.3015477549,0.005102040816,secondary
e2r_vitb_mixup_saga_s1,vit_base,mixup,saga,native,s11_out,T3,centred_l2,2000,2000,17.0605,150.9395,0.5845278007,0.5753940402,0.5935036379,0.8942905063,0.8915668818,0.8969689657,-0.3097627055,-0.3182079093,-0.3015151085,0.005102040816,secondary
e2r_vitb_mixup_saga_s1,vit_base,mixup,saga,native,hist,T3,l2,2000,2000,16.0725,151.9275,0.5714377249,0.5620117686,0.580823003,0.8852190186,0.8824020394,0.8879946996,-0.3137812937,-0.3224043376,-0.3051271241,0.005102040816,secondary
e2r_vitb_mixup_saga_s1,vit_base,mixup,saga,native,hist,T3,centred_l2,2000,2000,16.0725,151.9275,0.5685457067,0.5590953454,0.5779026079,0.8836811449,0.8808771153,0.8864681151,-0.3151354382,-0.3237755871,-0.3065291208,0.005102040816,secondary
e2r_vitb_mixup_saga_s1,vit_base,mixup,saga,native,s12_post_norm,T3,l2,2000,0,0,168,MISSING,MISSING,MISSING,0.871202381,0.868297619,0.8740833333,MISSING,MISSING,MISSING,0.005102040816,secondary
e2r_vitb_mixup_saga_s1,vit_base,mixup,saga,native,s12_post_norm,T3,centred_l2,2000,0,0,168,MISSING,MISSING,MISSING,0.8698511905,0.8669255952,0.8726935268,MISSING,MISSING,MISSING,0.005102040816,secondary
e2r_vitb_mixup_saga_s1,vit_base,mixup,saga,term_1.00,s11_out,T0,l2,2000,2000,19.8575,176.1425,1,1,1,1,1,1,0,0,0,0.005102040816,secondary
e2r_vitb_mixup_saga_s1,vit_base,mixup,saga,term_1.00,s11_out,T0,centred_l2,2000,2000,19.8575,176.1425,1,1,1,1,1,1,0,0,0,0.005102040816,secondary
e2r_vitb_mixup_saga_s1,vit_base,mixup,saga,term_1.00,hist,T0,l2,2000,2000,18.524,177.476,1,1,1,1,1,1,0,0,0,0.005102040816,secondary
e2r_vitb_mixup_saga_s1,vit_base,mixup,saga,term_1.00,hist,T0,centred_l2,2000,2000,18.524,177.476,1,1,1,1,1,1,0,0,0,0.005102040816,secondary
e2r_vitb_mixup_saga_s1,vit_base,mixup,saga,term_1.00,s12_post_norm,T0,l2,2000,0,0,196,MISSING,MISSING,MISSING,1,1,1,MISSING,MISSING,MISSING,0.005102040816,secondary
e2r_vitb_mixup_saga_s1,vit_base,mixup,saga,term_1.00,s12_post_norm,T0,centred_l2,2000,0,0,196,MISSING,MISSING,MISSING,1,1,1,MISSING,MISSING,MISSING,0.005102040816,secondary
e2r_vitb_mixup_saga_s1,vit_base,mixup,saga,term_1.00,s11_out,T1,l2,2000,2000,19.8575,176.1425,0.5210956907,0.5134531031,0.5286549684,0.8841829754,0.8817282251,0.8865314832,-0.3630872848,-0.3704764022,-0.3556696173,0.005102040816,secondary
e2r_vitb_mixup_saga_s1,vit_base,mixup,saga,term_1.00,s11_out,T1,centred_l2,2000,2000,19.8575,176.1425,0.5203144424,0.5126853138,0.5278634237,0.8833628587,0.8808959044,0.8856933703,-0.3630484163,-0.3704313325,-0.355642623,0.005102040816,secondary
e2r_vitb_mixup_saga_s1,vit_base,mixup,saga,term_1.00,hist,T1,l2,2000,2000,18.524,177.476,0.5092070371,0.5009629203,0.517474636,0.8593151965,0.8565581574,0.8620003432,-0.3501081594,-0.357925211,-0.3419824611,0.005102040816,secondary
e2r_vitb_mixup_saga_s1,vit_base,mixup,saga,term_1.00,hist,T1,centred_l2,2000,2000,18.524,177.476,0.5054396152,0.4972764065,0.5137521228,0.8571952827,0.8544130048,0.8599081645,-0.3517556675,-0.3596020892,-0.3436002879,0.005102040816,secondary
e2r_vitb_mixup_saga_s1,vit_base,mixup,saga,term_1.00,s12_post_norm,T1,l2,2000,0,0,196,MISSING,MISSING,MISSING,0.8496096939,0.8470533801,0.8520944515,MISSING,MISSING,MISSING,0.005102040816,secondary
e2r_vitb_mixup_saga_s1,vit_base,mixup,saga,term_1.00,s12_post_norm,T1,centred_l2,2000,0,0,196,MISSING,MISSING,MISSING,0.8473316327,0.8447677934,0.8498061862,MISSING,MISSING,MISSING,0.005102040816,secondary
e2r_vitb_mixup_saga_s1,vit_base,mixup,saga,term_1.00,s11_out,T2,l2,2000,2000,19.1225,162.8775,0.6239407591,0.6149376542,0.6328005994,0.9069855811,0.9042278635,0.9096204695,-0.283044822,-0.2912264517,-0.2751741586,0.005102040816,secondary
e2r_vitb_mixup_saga_s1,vit_base,mixup,saga,term_1.00,s11_out,T2,centred_l2,2000,2000,19.1225,162.8775,0.6237008044,0.6146628404,0.6325502943,0.9063632924,0.9036222219,0.9089981324,-0.282662488,-0.2907878216,-0.2747456831,0.005102040816,secondary
e2r_vitb_mixup_saga_s1,vit_base,mixup,saga,term_1.00,hist,T2,l2,2000,2000,18.0055,163.9945,0.6072116433,0.5976642817,0.6168372609,0.8923919072,0.8894803992,0.8952088136,-0.285180264,-0.2938021519,-0.2764839617,0.005102040816,secondary
e2r_vitb_mixup_saga_s1,vit_base,mixup,saga,term_1.00,hist,T2,centred_l2,2000,2000,18.0055,163.9945,0.6065922291,0.5970480331,0.6162492534,0.891082273,0.888170853,0.893889899,-0.284490044,-0.2931111319,-0.2758105261,0.005102040816,secondary
e2r_vitb_mixup_saga_s1,vit_base,mixup,saga,term_1.00,s12_post_norm,T2,l2,2000,0,0,182,MISSING,MISSING,MISSING,0.8817032967,0.8785796016,0.8847088599,MISSING,MISSING,MISSING,0.005102040816,secondary
e2r_vitb_mixup_saga_s1,vit_base,mixup,saga,term_1.00,s12_post_norm,T2,centred_l2,2000,0,0,182,MISSING,MISSING,MISSING,0.8797335165,0.8766318681,0.882739011,MISSING,MISSING,MISSING,0.005102040816,secondary
e2r_vitb_mixup_saga_s1,vit_base,mixup,saga,term_1.00,s11_out,T3,l2,2000,2000,17.0605,150.9395,0.5852447487,0.5761242002,0.5942465252,0.8951644049,0.8924259643,0.8978558391,-0.3099196562,-0.3183013687,-0.3015477549,0.005102040816,secondary
e2r_vitb_mixup_saga_s1,vit_base,mixup,saga,term_1.00,s11_out,T3,centred_l2,2000,2000,17.0605,150.9395,0.5845278007,0.5753940402,0.5935036379,0.8942905063,0.8915668818,0.8969689657,-0.3097627055,-0.3182079093,-0.3015151085,0.005102040816,secondary
e2r_vitb_mixup_saga_s1,vit_base,mixup,saga,term_1.00,hist,T3,l2,2000,2000,16.113,151.887,0.5739905803,0.5641919396,0.5835938453,0.8747998405,0.8718320237,0.8776581107,-0.3008092602,-0.309690919,-0.291997692,0.005102040816,secondary
e2r_vitb_mixup_saga_s1,vit_base,mixup,saga,term_1.00,hist,T3,centred_l2,2000,2000,16.113,151.887,0.5711826968,0.5615780775,0.5806882718,0.8731520643,0.8702043291,0.8760149998,-0.3019693675,-0.3107444971,-0.2931780317,0.005102040816,secondary
e2r_vitb_mixup_saga_s1,vit_base,mixup,saga,term_1.00,s12_post_norm,T3,l2,2000,0,0,168,MISSING,MISSING,MISSING,0.867610119,0.8646516369,0.8705119792,MISSING,MISSING,MISSING,0.005102040816,secondary
e2r_vitb_mixup_saga_s1,vit_base,mixup,saga,term_1.00,s12_post_norm,T3,centred_l2,2000,0,0,168,MISSING,MISSING,MISSING,0.8655029762,0.8625238095,0.8684077381,MISSING,MISSING,MISSING,0.005102040816,secondary
legacy_e2_vit_small_mixupdir_registers,vit_small,mixup,registers,native,s11_out,T0,l2,2000,1874,6.7775,189.2225,1,1,1,1,1,1,0,0,0,0.005102040816,secondary
legacy_e2_vit_small_mixupdir_registers,vit_small,mixup,registers,native,s11_out,T0,centred_l2,2000,1874,6.7775,189.2225,1,1,1,1,1,1,0,0,0,0.005102040816,secondary
legacy_e2_vit_small_mixupdir_registers,vit_small,mixup,registers,native,hist,T0,l2,2000,1554,4.096,191.904,1,1,1,1,1,1,0,0,0,0.005102040816,secondary
legacy_e2_vit_small_mixupdir_registers,vit_small,mixup,registers,native,hist,T0,centred_l2,2000,1554,4.096,191.904,1,1,1,1,1,1,0,0,0,0.005102040816,secondary
legacy_e2_vit_small_mixupdir_registers,vit_small,mixup,registers,native,s12_post_norm,T0,l2,2000,175,0.215,195.785,1,1,1,1,1,1,0,0,0,0.005102040816,secondary
legacy_e2_vit_small_mixupdir_registers,vit_small,mixup,registers,native,s12_post_norm,T0,centred_l2,2000,175,0.215,195.785,1,1,1,1,1,1,0,0,0,0.005102040816,secondary
legacy_e2_vit_small_mixupdir_registers,vit_small,mixup,registers,native,s11_out,T1,l2,2000,1874,6.7775,189.2225,0.8430300726,0.8335440281,0.8521302709,0.9659866474,0.9642105728,0.9676595727,-0.1238278047,-0.1332074742,-0.1148892722,0.005102040816,secondary
legacy_e2_vit_small_mixupdir_registers,vit_small,mixup,registers,native,s11_out,T1,centred_l2,2000,1874,6.7775,189.2225,0.8528154839,0.8434822516,0.8616468081,0.9666928101,0.9649807241,0.968332571,-0.114787868,-0.124109259,-0.106160701,0.005102040816,secondary
legacy_e2_vit_small_mixupdir_registers,vit_small,mixup,registers,native,hist,T1,l2,2000,1554,4.096,191.904,0.9087843366,0.8993090186,0.9179882584,0.9605038187,0.9586551079,0.9622695594,-0.05193420718,-0.06131642438,-0.04269184049,0.005102040816,secondary
legacy_e2_vit_small_mixupdir_registers,vit_small,mixup,registers,native,hist,T1,centred_l2,2000,1554,4.096,191.904,0.9039142413,0.8941624906,0.9133976578,0.9601960029,0.9583318346,0.9619830339,-0.05651977085,-0.06622638511,-0.04700201882,0.005102040816,secondary
legacy_e2_vit_small_mixupdir_registers,vit_small,mixup,registers,native,s12_post_norm,T1,l2,2000,175,0.215,195.785,0.7158321995,0.6569057823,0.7733064626,0.9626528721,0.9608766535,0.9643444396,-0.2436117032,-0.3013842112,-0.1885031702,0.005102040816,secondary
legacy_e2_vit_small_mixupdir_registers,vit_small,mixup,registers,native,s12_post_norm,T1,centred_l2,2000,175,0.215,195.785,0.7776643991,0.7235164399,0.8296939342,0.9635210682,0.9617656125,0.9651945023,-0.1830720073,-0.2349968218,-0.1323987001,0.005102040816,secondary
legacy_e2_vit_small_mixupdir_registers,vit_small,mixup,registers,native,s11_out,T2,l2,2000,1867,6.4725,175.5275,0.8603645816,0.850171786,0.8703042527,0.9602389563,0.9580490173,0.9623993485,-0.101783014,-0.1116893689,-0.09225155044,0.005102040816,secondary
legacy_e2_vit_small_mixupdir_registers,vit_small,mixup,registers,native,s11_out,T2,centred_l2,2000,1867,6.4725,175.5275,0.8682194481,0.8580400202,0.8779474603,0.9609583831,0.958769888,0.9631122797,-0.09464290809,-0.1044535928,-0.08511036046,0.005102040816,secondary
legacy_e2_vit_small_mixupdir_registers,vit_small,mixup,registers,native,hist,T2,l2,2000,1576,4.046,177.954,0.9004673685,0.8888476058,0.911457925,0.9565105033,0.9542646985,0.9586858583,-0.05595947092,-0.06708868537,-0.04536476299,0.005102040816,secondary
legacy_e2_vit_small_mixupdir_registers,vit_small,mixup,registers,native,hist,T2,centred_l2,2000,1576,4.046,177.954,0.8954252824,0.8835759163,0.9067848063,0.9567232365,0.9544597283,0.9589546879,-0.06112858216,-0.07255659107,-0.05005422478,0.005102040816,secondary
legacy_e2_vit_small_mixupdir_registers,vit_small,mixup,registers,native,s12_post_norm,T2,l2,2000,134,0.1495,181.8505,0.7815653873,0.719978678,0.8404884062,0.9576672684,0.9553875905,0.9598660789,-0.1852578737,-0.2473038775,-0.1253917932,0.005102040816,secondary
legacy_e2_vit_small_mixupdir_registers,vit_small,mixup,registers,native,s12_post_norm,T2,centred_l2,2000,134,0.1495,181.8505,0.8103500355,0.7508257818,0.8668359097,0.9585054688,0.9562528273,0.9607119549,-0.1570515815,-0.216554507,-0.09988282232,0.005102040816,secondary
legacy_e2_vit_small_mixupdir_registers,vit_small,mixup,registers,native,s11_out,T3,l2,2000,1820,5.6485,162.3515,0.8329612375,0.8213969443,0.8440355834,0.9483153435,0.9458386719,0.9507043078,-0.1174016465,-0.1287392471,-0.1065940234,0.005102040816,secondary
legacy_e2_vit_small_mixupdir_registers,vit_small,mixup,registers,native,s11_out,T3,centred_l2,2000,1820,5.6485,162.3515,0.8430967312,0.8317714985,0.8539520076,0.9492149179,0.946775967,0.9515979341,-0.1080453816,-0.119114854,-0.09740014049,0.005102040816,secondary
legacy_e2_vit_small_mixupdir_registers,vit_small,mixup,registers,native,hist,T3,l2,2000,1508,3.696,164.304,0.8949096852,0.8833326655,0.9059746603,0.943007979,0.940486343,0.9454465293,-0.04704939391,-0.05884513388,-0.03601097726,0.005102040816,secondary
legacy_e2_vit_small_mixupdir_registers,vit_small,mixup,registers,native,hist,T3,centred_l2,2000,1508,3.696,164.304,0.890203436,0.8783027071,0.9014674358,0.9428793562,0.9403472649,0.9453286666,-0.05178636311,-0.06398833195,-0.04034205899,0.005102040816,secondary
legacy_e2_vit_small_mixupdir_registers,vit_small,mixup,registers,native,s12_post_norm,T3,l2,2000,139,0.155,167.845,0.7676201896,0.7100141316,0.8222627612,0.9456597482,0.9431772462,0.9480674036,-0.1918554616,-0.2498882373,-0.1369207644,0.005102040816,secondary
legacy_e2_vit_small_mixupdir_registers,vit_small,mixup,registers,native,s12_post_norm,T3,centred_l2,2000,139,0.155,167.845,0.7842354688,0.7270973221,0.8385524438,0.9467323584,0.9442804601,0.9491117514,-0.1767559846,-0.2333528909,-0.1226171421,0.005102040816,secondary
legacy_e2_vit_small_nomixdir_registers,vit_small,mixup,registers,native,s11_out,T0,l2,2000,1944,8.1205,187.8795,1,1,1,1,1,1,0,0,0,0.005102040816,secondary
legacy_e2_vit_small_nomixdir_registers,vit_small,mixup,registers,native,s11_out,T0,centred_l2,2000,1944,8.1205,187.8795,1,1,1,1,1,1,0,0,0,0.005102040816,secondary
legacy_e2_vit_small_nomixdir_registers,vit_small,mixup,registers,native,hist,T0,l2,2000,1634,4.288,191.712,1,1,1,1,1,1,0,0,0,0.005102040816,secondary
legacy_e2_vit_small_nomixdir_registers,vit_small,mixup,registers,native,hist,T0,centred_l2,2000,1634,4.288,191.712,1,1,1,1,1,1,0,0,0,0.005102040816,secondary
legacy_e2_vit_small_nomixdir_registers,vit_small,mixup,registers,native,s12_post_norm,T0,l2,2000,286,0.355,195.645,1,1,1,1,1,1,0,0,0,0.005102040816,secondary
legacy_e2_vit_small_nomixdir_registers,vit_small,mixup,registers,native,s12_post_norm,T0,centred_l2,2000,286,0.355,195.645,1,1,1,1,1,1,0,0,0,0.005102040816,secondary
legacy_e2_vit_small_nomixdir_registers,vit_small,mixup,registers,native,s11_out,T1,l2,2000,1944,8.1205,187.8795,0.8244340167,0.8156151732,0.8330854635,0.968619074,0.9669245469,0.9702191411,-0.1445592147,-0.1533629679,-0.1359866639,0.005102040816,secondary
legacy_e2_vit_small_nomixdir_registers,vit_small,mixup,registers,native,s11_out,T1,centred_l2,2000,1944,8.1205,187.8795,0.8395147108,0.8309027699,0.8479525425,0.968990139,0.9673169755,0.9705760345,-0.1298576503,-0.1383675588,-0.121449075,0.005102040816,secondary
legacy_e2_vit_small_nomixdir_registers,vit_small,mixup,registers,native,hist,T1,l2,2000,1634,4.288,191.712,0.8667523859,0.8558224883,0.8773180924,0.9602208021,0.9583963427,0.9619350645,-0.09477171432,-0.1056969163,-0.08437797627,0.005102040816,secondary
legacy_e2_vit_small_nomixdir_registers,vit_small,mixup,registers,native,hist,T1,centred_l2,2000,1634,4.288,191.712,0.8631247145,0.8521287308,0.8739633477,0.9608043927,0.9589983299,0.9625191791,-0.09907622575,-0.1101405396,-0.08812729244,0.005102040816,secondary
legacy_e2_vit_small_nomixdir_registers,vit_small,mixup,registers,native,s12_post_norm,T1,l2,2000,286,0.355,195.645,0.7838853066,0.7433245416,0.8241537881,0.9629587021,0.9612178496,0.9646089243,-0.1830194174,-0.223155023,-0.1434118352,0.005102040816,secondary
legacy_e2_vit_small_nomixdir_registers,vit_small,mixup,registers,native,s12_post_norm,T1,centred_l2,2000,286,0.355,195.645,0.8115701218,0.773673596,0.8486589105,0.9635973442,0.9618859992,0.9652313058,-0.155965181,-0.1930459344,-0.1195223977,0.005102040816,secondary
legacy_e2_vit_small_nomixdir_registers,vit_small,mixup,registers,native,s11_out,T2,l2,2000,1929,7.9525,174.0475,0.8612249287,0.8515852598,0.8704243953,0.9629161606,0.9608256264,0.9649380995,-0.1021350154,-0.1112428598,-0.0933048605,0.005102040816,secondary
legacy_e2_vit_small_nomixdir_registers,vit_small,mixup,registers,native,s11_out,T2,centred_l2,2000,1929,7.9525,174.0475,0.871505449,0.8621788315,0.880479632,0.9635005118,0.9614302203,0.9655174227,-0.09239484175,-0.1011634521,-0.08395959601,0.005102040816,secondary
legacy_e2_vit_small_nomixdir_registers,vit_small,mixup,registers,native,hist,T2,l2,2000,1595,4.098,177.902,0.9076542057,0.8975838317,0.9174795138,0.95705719,0.9548775617,0.9591789363,-0.04969471141,-0.05944109673,-0.0401140312,0.005102040816,secondary
legacy_e2_vit_small_nomixdir_registers,vit_small,mixup,registers,native,hist,T2,centred_l2,2000,1595,4.098,177.902,0.9070219023,0.8967008139,0.9170575619,0.9581909001,0.9560173031,0.9602991021,-0.05140755663,-0.06133128903,-0.04168353542,0.005102040816,secondary
legacy_e2_vit_small_nomixdir_registers,vit_small,mixup,registers,native,s12_post_norm,T2,l2,2000,288,0.312,181.688,0.8750999579,0.8424896754,0.9049489689,0.9597063765,0.9575393828,0.9618209453,-0.09489243064,-0.1271226031,-0.06515145511,0.005102040816,secondary
legacy_e2_vit_small_nomixdir_registers,vit_small,mixup,registers,native,s12_post_norm,T2,centred_l2,2000,288,0.312,181.688,0.8854876894,0.8538139205,0.9149286485,0.9603706895,0.9582205786,0.9624617902,-0.08551221483,-0.1167141179,-0.05635719459,0.005102040816,secondary
legacy_e2_vit_small_nomixdir_registers,vit_small,mixup,registers,native,s11_out,T3,l2,2000,1920,7.066,160.934,0.8367040341,0.8263572196,0.8467657969,0.951067501,0.9487409061,0.9533513963,-0.115108591,-0.1251433532,-0.1052897579,0.005102040816,secondary
legacy_e2_vit_small_nomixdir_registers,vit_small,mixup,registers,native,s11_out,T3,centred_l2,2000,1920,7.066,160.934,0.8488356206,0.8389432159,0.8585445423,0.9518739897,0.949580572,0.9541243214,-0.1037829947,-0.1133833699,-0.09438462754,0.005102040816,secondary
legacy_e2_vit_small_nomixdir_registers,vit_small,mixup,registers,native,hist,T3,l2,2000,1577,3.705,164.295,0.8827022595,0.8711752879,0.8938419026,0.943269547,0.9408829238,0.9456114898,-0.06036537874,-0.0720249546,-0.04903932722,0.005102040816,secondary
legacy_e2_vit_small_nomixdir_registers,vit_small,mixup,registers,native,hist,T3,centred_l2,2000,1577,3.705,164.295,0.8819080414,0.870261965,0.8930905538,0.9441488652,0.9417254323,0.9464692854,-0.06214644241,-0.073696729,-0.05095363437,0.005102040816,secondary
legacy_e2_vit_small_nomixdir_registers,vit_small,mixup,registers,native,s12_post_norm,T3,l2,2000,262,0.291,167.709,0.8045771235,0.7619343723,0.8441668181,0.9472730519,0.944965742,0.9495198871,-0.1569310883,-0.1994160989,-0.1172607804,0.005102040816,secondary
legacy_e2_vit_small_nomixdir_registers,vit_small,mixup,registers,native,s12_post_norm,T3,centred_l2,2000,262,0.291,167.709,0.8201987156,0.77969761,0.8586888859,0.9481980729,0.9458845213,0.9504444238,-0.142463782,-0.182987257,-0.1039461055,0.005102040816,secondary
legacy_e2_vit_small_mixupdir_saga,vit_small,mixup,saga,native,s11_out,T0,l2,2000,2000,14.128,181.872,1,1,1,1,1,1,0,0,0,0.005102040816,secondary
legacy_e2_vit_small_mixupdir_saga,vit_small,mixup,saga,native,s11_out,T0,centred_l2,2000,2000,14.128,181.872,1,1,1,1,1,1,0,0,0,0.005102040816,secondary
legacy_e2_vit_small_mixupdir_saga,vit_small,mixup,saga,native,hist,T0,l2,2000,2000,11.6625,184.3375,1,1,1,1,1,1,0,0,0,0.005102040816,secondary
legacy_e2_vit_small_mixupdir_saga,vit_small,mixup,saga,native,hist,T0,centred_l2,2000,2000,11.6625,184.3375,1,1,1,1,1,1,0,0,0,0.005102040816,secondary
legacy_e2_vit_small_mixupdir_saga,vit_small,mixup,saga,native,s12_post_norm,T0,l2,2000,2,0.018,195.982,1,1,1,1,1,1,0,0,0,0.005102040816,secondary
legacy_e2_vit_small_mixupdir_saga,vit_small,mixup,saga,native,s12_post_norm,T0,centred_l2,2000,2,0.018,195.982,1,1,1,1,1,1,0,0,0,0.005102040816,secondary
legacy_e2_vit_small_mixupdir_saga,vit_small,mixup,saga,native,s11_out,T1,l2,2000,2000,14.128,181.872,0.5706508161,0.5625300858,0.5789255211,0.9385016317,0.9366823568,0.9402761464,-0.3678508156,-0.3757306914,-0.3599554375,0.005102040816,secondary
legacy_e2_vit_small_mixupdir_saga,vit_small,mixup,saga,native,s11_out,T1,centred_l2,2000,2000,14.128,181.872,0.5780580066,0.5699988058,0.5861265954,0.9388304873,0.9370155773,0.9405848126,-0.3607724807,-0.3685367468,-0.3529068395,0.005102040816,secondary
legacy_e2_vit_small_mixupdir_saga,vit_small,mixup,saga,native,hist,T1,l2,2000,2000,11.6625,184.3375,0.535701323,0.5270982927,0.5443254232,0.9325604222,0.9306102895,0.9344625521,-0.3968590992,-0.4052801113,-0.3885417478,0.005102040816,secondary
legacy_e2_vit_small_mixupdir_saga,vit_small,mixup,saga,native,hist,T1,centred_l2,2000,2000,11.6625,184.3375,0.5425238734,0.5339799283,0.5511036745,0.9333389539,0.9314168267,0.9352395032,-0.3908150805,-0.3992046162,-0.3825334479,0.005102040816,secondary
legacy_e2_vit_small_mixupdir_saga,vit_small,mixup,saga,native,s12_post_norm,T1,l2,2000,2,0.018,195.982,1,1,1,0.9143176164,0.9122751025,0.9163134538,0.2359550562,0.2303370787,0.2415730337,0.005102040816,secondary
legacy_e2_vit_small_mixupdir_saga,vit_small,mixup,saga,native,s12_post_norm,T1,centred_l2,2000,2,0.018,195.982,1,1,1,0.9150255389,0.9129949811,0.917027981,0.2219101124,0.2191011236,0.2247191011,0.005102040816,secondary
legacy_e2_vit_small_mixupdir_saga,vit_small,mixup,saga,native,s11_out,T2,l2,2000,2000,13.5515,168.4485,0.6043611869,0.5936863398,0.6150757367,0.9415796831,0.9392259129,0.9439072613,-0.3372184962,-0.3468405884,-0.3275256902,0.005102040816,secondary
legacy_e2_vit_small_mixupdir_saga,vit_small,mixup,saga,native,s11_out,T2,centred_l2,2000,2000,13.5515,168.4485,0.609998199,0.5992834565,0.6206927398,0.9420569023,0.9397222906,0.944359318,-0.3320587033,-0.3417113785,-0.3224539151,0.005102040816,secondary
legacy_e2_vit_small_mixupdir_saga,vit_small,mixup,saga,native,hist,T2,l2,2000,2000,10.9685,171.0315,0.5681451948,0.5567641237,0.5795147666,0.9366328582,0.9340788669,0.9391091877,-0.3684876634,-0.3786386332,-0.3581778166,0.005102040816,secondary
legacy_e2_vit_small_mixupdir_saga,vit_small,mixup,saga,native,hist,T2,centred_l2,2000,2000,10.9685,171.0315,0.5758868731,0.5644600194,0.5873032785,0.9374639555,0.9349284921,0.9399245631,-0.3615770825,-0.371899178,-0.3512485281,0.005102040816,secondary
legacy_e2_vit_small_mixupdir_saga,vit_small,mixup,saga,native,s12_post_norm,T2,l2,2000,2,0.0105,181.9895,1,1,1,0.9193364222,0.9165012388,0.9221256613,0.3421492395,0.270718232,0.4135802469,0.005102040816,secondary
legacy_e2_vit_small_mixupdir_saga,vit_small,mixup,saga,native,s12_post_norm,T2,centred_l2,2000,2,0.0105,181.9895,1,1,1,0.9200105166,0.9171722781,0.9227725894,0.3328899802,0.270718232,0.3950617284,0.005102040816,secondary
legacy_e2_vit_small_mixupdir_saga,vit_small,mixup,saga,native,s11_out,T3,l2,2000,1996,11.584,156.416,0.5327821757,0.5222741578,0.5431787858,0.9257308896,0.92302408,0.9283781834,-0.392993718,-0.4025933546,-0.3835718861,0.005102040816,secondary
legacy_e2_vit_small_mixupdir_saga,vit_small,mixup,saga,native,s11_out,T3,centred_l2,2000,1996,11.584,156.416,0.5390805242,0.5285190961,0.5495403722,0.926280925,0.9236047607,0.928895591,-0.3872465072,-0.3968327965,-0.3777445692,0.005102040816,secondary
legacy_e2_vit_small_mixupdir_saga,vit_small,mixup,saga,native,hist,T3,l2,2000,1997,9.32,158.68,0.4870077741,0.475643914,0.4984998949,0.9199232879,0.9170901977,0.9227189891,-0.432965116,-0.4432393446,-0.4225665965,0.005102040816,secondary
legacy_e2_vit_small_mixupdir_saga,vit_small,mixup,saga,native,hist,T3,centred_l2,2000,1997,9.32,158.68,0.4940514896,0.4824889396,0.5055599711,0.9206565725,0.9178344109,0.92346518,-0.4266468447,-0.437091517,-0.416141813,0.005102040816,secondary
legacy_e2_vit_small_mixupdir_saga,vit_small,mixup,saga,native,s12_post_norm,T3,l2,2000,3,0.01,167.99,1,1,1,0.9021518891,0.8991153665,0.9050960587,0.2995342648,0.1377245509,0.5333333333,0.005102040816,secondary
legacy_e2_vit_small_mixupdir_saga,vit_small,mixup,saga,native,s12_post_norm,T3,centred_l2,2000,3,0.01,167.99,1,1,1,0.9029029427,0.8998478301,0.9058523746,0.2948636061,0.1377245509,0.5133333333,0.005102040816,secondary
legacy_e2_vit_small_mixupdir_saga,vit_small,mixup,saga,term_1.00,s11_out,T0,l2,2000,2000,14.128,181.872,1,1,1,1,1,1,0,0,0,0.005102040816,secondary
legacy_e2_vit_small_mixupdir_saga,vit_small,mixup,saga,term_1.00,s11_out,T0,centred_l2,2000,2000,14.128,181.872,1,1,1,1,1,1,0,0,0,0.005102040816,secondary
legacy_e2_vit_small_mixupdir_saga,vit_small,mixup,saga,term_1.00,hist,T0,l2,2000,2000,10.9445,185.0555,1,1,1,1,1,1,0,0,0,0.005102040816,secondary
legacy_e2_vit_small_mixupdir_saga,vit_small,mixup,saga,term_1.00,hist,T0,centred_l2,2000,2000,10.9445,185.0555,1,1,1,1,1,1,0,0,0,0.005102040816,secondary
legacy_e2_vit_small_mixupdir_saga,vit_small,mixup,saga,term_1.00,s12_post_norm,T0,l2,2000,2,0.0265,195.9735,1,1,1,1,1,1,0,0,0,0.005102040816,secondary
legacy_e2_vit_small_mixupdir_saga,vit_small,mixup,saga,term_1.00,s12_post_norm,T0,centred_l2,2000,2,0.0265,195.9735,1,1,1,1,1,1,0,0,0,0.005102040816,secondary
legacy_e2_vit_small_mixupdir_saga,vit_small,mixup,saga,term_1.00,s11_out,T1,l2,2000,2000,14.128,181.872,0.5706508161,0.5625300858,0.5789255211,0.9385016317,0.9366823568,0.9402761464,-0.3678508156,-0.3757306914,-0.3599554375,0.005102040816,secondary
legacy_e2_vit_small_mixupdir_saga,vit_small,mixup,saga,term_1.00,s11_out,T1,centred_l2,2000,2000,14.128,181.872,0.5780580066,0.5699988058,0.5861265954,0.9388304873,0.9370155773,0.9405848126,-0.3607724807,-0.3685367468,-0.3529068395,0.005102040816,secondary
legacy_e2_vit_small_mixupdir_saga,vit_small,mixup,saga,term_1.00,hist,T1,l2,2000,2000,10.9445,185.0555,0.5252072923,0.5163477905,0.5339784926,0.9278085622,0.9257475907,0.9298252952,-0.4026012699,-0.4109961764,-0.3943067732,0.005102040816,secondary
legacy_e2_vit_small_mixupdir_saga,vit_small,mixup,saga,term_1.00,hist,T1,centred_l2,2000,2000,10.9445,185.0555,0.5338559932,0.5250649305,0.5425566479,0.9283560335,0.9263079001,0.9303650529,-0.3945000403,-0.4029016282,-0.3862297923,0.005102040816,secondary
legacy_e2_vit_small_mixupdir_saga,vit_small,mixup,saga,term_1.00,s12_post_norm,T1,l2,2000,2,0.0265,195.9735,1,1,1,0.9116049074,0.9094987562,0.9136652402,0.2649905982,0.2409638554,0.289017341,0.005102040816,secondary
legacy_e2_vit_small_mixupdir_saga,vit_small,mixup,saga,term_1.00,s12_post_norm,T1,centred_l2,2000,2,0.0265,195.9735,0.9833333333,0.9666666667,1,0.9125503853,0.9104693166,0.914593423,0.2365194884,0.1955823293,0.2774566474,0.005102040816,secondary
legacy_e2_vit_small_mixupdir_saga,vit_small,mixup,saga,term_1.00,s11_out,T2,l2,2000,2000,13.5515,168.4485,0.6043611869,0.5936863398,0.6150757367,0.9415796831,0.9392259129,0.9439072613,-0.3372184962,-0.3468405884,-0.3275256902,0.005102040816,secondary
legacy_e2_vit_small_mixupdir_saga,vit_small,mixup,saga,term_1.00,s11_out,T2,centred_l2,2000,2000,13.5515,168.4485,0.609998199,0.5992834565,0.6206927398,0.9420569023,0.9397222906,0.944359318,-0.3320587033,-0.3417113785,-0.3224539151,0.005102040816,secondary
legacy_e2_vit_small_mixupdir_saga,vit_small,mixup,saga,term_1.00,hist,T2,l2,2000,2000,10.0455,171.9545,0.5594303465,0.5479770815,0.5710805373,0.9331768317,0.9305597811,0.9357207348,-0.3737464852,-0.3840947365,-0.3632600219,0.005102040816,secondary
legacy_e2_vit_small_mixupdir_saga,vit_small,mixup,saga,term_1.00,hist,T2,centred_l2,2000,2000,10.0455,171.9545,0.5682237665,0.5566027484,0.5798549739,0.9337351254,0.9311397414,0.936273341,-0.3655113588,-0.375999818,-0.3549996976,0.005102040816,secondary
legacy_e2_vit_small_mixupdir_saga,vit_small,mixup,saga,term_1.00,s12_post_norm,T2,l2,2000,2,0.0255,181.9745,1,1,1,0.9175926184,0.914699411,0.92041165,0.473315639,0.4240506329,0.5225806452,0.005102040816,secondary
legacy_e2_vit_small_mixupdir_saga,vit_small,mixup,saga,term_1.00,s12_post_norm,T2,centred_l2,2000,2,0.0255,181.9745,1,1,1,0.9183727173,0.9154847857,0.9211826957,0.4542057983,0.3987341772,0.5096774194,0.005102040816,secondary
legacy_e2_vit_small_mixupdir_saga,vit_small,mixup,saga,term_1.00,s11_out,T3,l2,2000,1996,11.584,156.416,0.5327821757,0.5222741578,0.5431787858,0.9257308896,0.92302408,0.9283781834,-0.392993718,-0.4025933546,-0.3835718861,0.005102040816,secondary
legacy_e2_vit_small_mixupdir_saga,vit_small,mixup,saga,term_1.00,s11_out,T3,centred_l2,2000,1996,11.584,156.416,0.5390805242,0.5285190961,0.5495403722,0.926280925,0.9236047607,0.928895591,-0.3872465072,-0.3968327965,-0.3777445692,0.005102040816,secondary
legacy_e2_vit_small_mixupdir_saga,vit_small,mixup,saga,term_1.00,hist,T3,l2,2000,1996,8.5905,159.4095,0.4757407072,0.4639204251,0.4875620871,0.9149400499,0.912039146,0.9178209897,-0.4392585078,-0.4498202659,-0.4285897303,0.005102040816,secondary
legacy_e2_vit_small_mixupdir_saga,vit_small,mixup,saga,term_1.00,hist,T3,centred_l2,2000,1996,8.5905,159.4095,0.4830043483,0.4712625771,0.4948976295,0.9161739489,0.9132657925,0.9190447604,-0.4332193099,-0.4439256256,-0.4224673398,0.005102040816,secondary
legacy_e2_vit_small_mixupdir_saga,vit_small,mixup,saga,term_1.00,s12_post_norm,T3,l2,2000,3,0.0235,167.9765,1,1,1,0.8999256983,0.8968526697,0.9029212456,0.4542963418,0.2181818182,0.6041666667,0.005102040816,secondary
legacy_e2_vit_small_mixupdir_saga,vit_small,mixup,saga,term_1.00,s12_post_norm,T3,centred_l2,2000,3,0.0235,167.9765,1,1,1,0.9009073576,0.8978433344,0.9039078565,0.4446981072,0.2303030303,0.5902777778,0.005102040816,secondary
legacy_e2_vit_small_nomixdir_saga,vit_small,mixup,saga,native,s11_out,T0,l2,2000,2000,16.361,179.639,1,1,1,1,1,1,0,0,0,0.005102040816,secondary
legacy_e2_vit_small_nomixdir_saga,vit_small,mixup,saga,native,s11_out,T0,centred_l2,2000,2000,16.361,179.639,1,1,1,1,1,1,0,0,0,0.005102040816,secondary
legacy_e2_vit_small_nomixdir_saga,vit_small,mixup,saga,native,hist,T0,l2,2000,2000,16.014,179.986,1,1,1,1,1,1,0,0,0,0.005102040816,secondary
legacy_e2_vit_small_nomixdir_saga,vit_small,mixup,saga,native,hist,T0,centred_l2,2000,2000,16.014,179.986,1,1,1,1,1,1,0,0,0,0.005102040816,secondary
legacy_e2_vit_small_nomixdir_saga,vit_small,mixup,saga,native,s12_post_norm,T0,l2,2000,0,0,196,MISSING,MISSING,MISSING,1,1,1,MISSING,MISSING,MISSING,0.005102040816,secondary
legacy_e2_vit_small_nomixdir_saga,vit_small,mixup,saga,native,s12_post_norm,T0,centred_l2,2000,0,0,196,MISSING,MISSING,MISSING,1,1,1,MISSING,MISSING,MISSING,0.005102040816,secondary
legacy_e2_vit_small_nomixdir_saga,vit_small,mixup,saga,native,s11_out,T1,l2,2000,2000,16.361,179.639,0.4586752274,0.4508456797,0.4664190785,0.9073039945,0.904898689,0.9097479365,-0.4486287671,-0.4559694386,-0.4413589463,0.005102040816,secondary
legacy_e2_vit_small_nomixdir_saga,vit_small,mixup,saga,native,s11_out,T1,centred_l2,2000,2000,16.361,179.639,0.4628335576,0.4550347966,0.4704827425,0.9074654086,0.9050995916,0.9098580207,-0.444631851,-0.4519783427,-0.4373390885,0.005102040816,secondary
legacy_e2_vit_small_nomixdir_saga,vit_small,mixup,saga,native,hist,T1,l2,2000,2000,16.014,179.986,0.4295153125,0.4221422961,0.4368853181,0.9048248486,0.9024079829,0.9072529088,-0.4753095361,-0.4822817202,-0.4682937084,0.005102040816,secondary
legacy_e2_vit_small_nomixdir_saga,vit_small,mixup,saga,native,hist,T1,centred_l2,2000,2000,16.014,179.986,0.430334259,0.4229679927,0.4375859142,0.904352339,0.9019459698,0.9067948507,-0.47401808,-0.4809808084,-0.4670938219,0.005102040816,secondary
legacy_e2_vit_small_nomixdir_saga,vit_small,mixup,saga,native,s12_post_norm,T1,l2,2000,0,0,196,MISSING,MISSING,MISSING,0.8775153061,0.8750203444,0.8800204719,MISSING,MISSING,MISSING,0.005102040816,secondary
legacy_e2_vit_small_nomixdir_saga,vit_small,mixup,saga,native,s12_post_norm,T1,centred_l2,2000,0,0,196,MISSING,MISSING,MISSING,0.8759209184,0.8734463648,0.8784515306,MISSING,MISSING,MISSING,0.005102040816,secondary
legacy_e2_vit_small_nomixdir_saga,vit_small,mixup,saga,native,s11_out,T2,l2,2000,2000,15.6875,166.3125,0.6044650548,0.5947491201,0.6140654846,0.9358696316,0.9333934479,0.9382844451,-0.3314045768,-0.3399351269,-0.3227711517,0.005102040816,secondary
legacy_e2_vit_small_nomixdir_saga,vit_small,mixup,saga,native,s11_out,T2,centred_l2,2000,2000,15.6875,166.3125,0.6081351534,0.598450344,0.6177943383,0.9363283858,0.9338711063,0.9387069386,-0.3281932324,-0.3368571445,-0.3196062356,0.005102040816,secondary
legacy_e2_vit_small_nomixdir_saga,vit_small,mixup,saga,native,hist,T2,l2,2000,2000,15.2935,166.7065,0.5804210782,0.5708912762,0.5900001155,0.9353334773,0.9328881386,0.937703691,-0.3549123991,-0.3633680372,-0.3462161977,0.005102040816,secondary
legacy_e2_vit_small_nomixdir_saga,vit_small,mixup,saga,native,hist,T2,centred_l2,2000,2000,15.2935,166.7065,0.5814065588,0.5719614691,0.5909367689,0.9350666813,0.9326218442,0.9374656567,-0.3536601225,-0.3620489102,-0.3450170796,0.005102040816,secondary
legacy_e2_vit_small_nomixdir_saga,vit_small,mixup,saga,native,s12_post_norm,T2,l2,2000,0,0,182,MISSING,MISSING,MISSING,0.9145082418,0.9116124313,0.9173873626,MISSING,MISSING,MISSING,0.005102040816,secondary
legacy_e2_vit_small_nomixdir_saga,vit_small,mixup,saga,native,s12_post_norm,T2,centred_l2,2000,0,0,182,MISSING,MISSING,MISSING,0.9128049451,0.9098815934,0.9156841346,MISSING,MISSING,MISSING,0.005102040816,secondary
legacy_e2_vit_small_nomixdir_saga,vit_small,mixup,saga,native,s11_out,T3,l2,2000,1999,13.6945,154.3055,0.537549897,0.5275562932,0.5473548873,0.9199045174,0.917223506,0.9226041172,-0.3823562402,-0.3913272305,-0.3735312655,0.005102040816,secondary
legacy_e2_vit_small_nomixdir_saga,vit_small,mixup,saga,native,s11_out,T3,centred_l2,2000,1999,13.6945,154.3055,0.5412587028,0.5313117706,0.5510284494,0.9209383177,0.9182839536,0.9235987356,-0.3796906848,-0.3886639811,-0.3708730828,0.005102040816,secondary
legacy_e2_vit_small_nomixdir_saga,vit_small,mixup,saga,native,hist,T3,l2,2000,1998,13.237,154.763,0.5093105428,0.4995196472,0.5189045994,0.9186348897,0.9159236993,0.9213581356,-0.4093203588,-0.4181527589,-0.4005318003,0.005102040816,secondary
legacy_e2_vit_small_nomixdir_saga,vit_small,mixup,saga,native,hist,T3,centred_l2,2000,1998,13.237,154.763,0.5111062437,0.5014227486,0.5208098284,0.9186002792,0.9159332926,0.921269787,-0.4074959711,-0.4164053185,-0.3987191476,0.005102040816,secondary
legacy_e2_vit_small_nomixdir_saga,vit_small,mixup,saga,native,s12_post_norm,T3,l2,2000,0,0,168,MISSING,MISSING,MISSING,0.8967767857,0.8937380208,0.8997619048,MISSING,MISSING,MISSING,0.005102040816,secondary
legacy_e2_vit_small_nomixdir_saga,vit_small,mixup,saga,native,s12_post_norm,T3,centred_l2,2000,0,0,168,MISSING,MISSING,MISSING,0.8955059524,0.8924790923,0.8985000744,MISSING,MISSING,MISSING,0.005102040816,secondary
legacy_e2_vit_small_nomixdir_saga,vit_small,mixup,saga,term_1.00,s11_out,T0,l2,2000,2000,16.361,179.639,1,1,1,1,1,1,0,0,0,0.005102040816,secondary
legacy_e2_vit_small_nomixdir_saga,vit_small,mixup,saga,term_1.00,s11_out,T0,centred_l2,2000,2000,16.361,179.639,1,1,1,1,1,1,0,0,0,0.005102040816,secondary
legacy_e2_vit_small_nomixdir_saga,vit_small,mixup,saga,term_1.00,hist,T0,l2,2000,2000,17.4895,178.5105,1,1,1,1,1,1,0,0,0,0.005102040816,secondary
legacy_e2_vit_small_nomixdir_saga,vit_small,mixup,saga,term_1.00,hist,T0,centred_l2,2000,2000,17.4895,178.5105,1,1,1,1,1,1,0,0,0,0.005102040816,secondary
legacy_e2_vit_small_nomixdir_saga,vit_small,mixup,saga,term_1.00,s12_post_norm,T0,l2,2000,0,0,196,MISSING,MISSING,MISSING,1,1,1,MISSING,MISSING,MISSING,0.005102040816,secondary
legacy_e2_vit_small_nomixdir_saga,vit_small,mixup,saga,term_1.00,s12_post_norm,T0,centred_l2,2000,0,0,196,MISSING,MISSING,MISSING,1,1,1,MISSING,MISSING,MISSING,0.005102040816,secondary
legacy_e2_vit_small_nomixdir_saga,vit_small,mixup,saga,term_1.00,s11_out,T1,l2,2000,2000,16.361,179.639,0.4586752274,0.4508456797,0.4664190785,0.9073039945,0.904898689,0.9097479365,-0.4486287671,-0.4559694386,-0.4413589463,0.005102040816,secondary
legacy_e2_vit_small_nomixdir_saga,vit_small,mixup,saga,term_1.00,s11_out,T1,centred_l2,2000,2000,16.361,179.639,0.4628335576,0.4550347966,0.4704827425,0.9074654086,0.9050995916,0.9098580207,-0.444631851,-0.4519783427,-0.4373390885,0.005102040816,secondary
legacy_e2_vit_small_nomixdir_saga,vit_small,mixup,saga,term_1.00,hist,T1,l2,2000,2000,17.4895,178.5105,0.4373117363,0.4301608245,0.4444038695,0.9037451075,0.901358007,0.9061641857,-0.4664333712,-0.4731312657,-0.4597296429,0.005102040816,secondary
legacy_e2_vit_small_nomixdir_saga,vit_small,mixup,saga,term_1.00,hist,T1,centred_l2,2000,2000,17.4895,178.5105,0.4385132949,0.4315080046,0.445545849,0.9031082255,0.9007041655,0.9055338742,-0.4645949306,-0.4711509198,-0.4579669232,0.005102040816,secondary
legacy_e2_vit_small_nomixdir_saga,vit_small,mixup,saga,term_1.00,s12_post_norm,T1,l2,2000,0,0,196,MISSING,MISSING,MISSING,0.8738647959,0.871341773,0.8764235332,MISSING,MISSING,MISSING,0.005102040816,secondary
legacy_e2_vit_small_nomixdir_saga,vit_small,mixup,saga,term_1.00,s12_post_norm,T1,centred_l2,2000,0,0,196,MISSING,MISSING,MISSING,0.8724234694,0.8698901786,0.8749770408,MISSING,MISSING,MISSING,0.005102040816,secondary
legacy_e2_vit_small_nomixdir_saga,vit_small,mixup,saga,term_1.00,s11_out,T2,l2,2000,2000,15.6875,166.3125,0.6044650548,0.5947491201,0.6140654846,0.9358696316,0.9333934479,0.9382844451,-0.3314045768,-0.3399351269,-0.3227711517,0.005102040816,secondary
legacy_e2_vit_small_nomixdir_saga,vit_small,mixup,saga,term_1.00,s11_out,T2,centred_l2,2000,2000,15.6875,166.3125,0.6081351534,0.598450344,0.6177943383,0.9363283858,0.9338711063,0.9387069386,-0.3281932324,-0.3368571445,-0.3196062356,0.005102040816,secondary
legacy_e2_vit_small_nomixdir_saga,vit_small,mixup,saga,term_1.00,hist,T2,l2,2000,2000,16.6485,165.3515,0.5869906812,0.5777787406,0.5964250419,0.935782587,0.9334180259,0.9380947588,-0.3487919058,-0.3570189286,-0.3403541393,0.005102040816,secondary
legacy_e2_vit_small_nomixdir_saga,vit_small,mixup,saga,term_1.00,hist,T2,centred_l2,2000,2000,16.6485,165.3515,0.5877862373,0.5785195375,0.5971637422,0.9350262183,0.9326799008,0.9373214021,-0.347239981,-0.3555543609,-0.3388289184,0.005102040816,secondary
legacy_e2_vit_small_nomixdir_saga,vit_small,mixup,saga,term_1.00,s12_post_norm,T2,l2,2000,0,0,182,MISSING,MISSING,MISSING,0.9124752747,0.9095631181,0.9153791209,MISSING,MISSING,MISSING,0.005102040816,secondary
legacy_e2_vit_small_nomixdir_saga,vit_small,mixup,saga,term_1.00,s12_post_norm,T2,centred_l2,2000,0,0,182,MISSING,MISSING,MISSING,0.9105989011,0.9076593407,0.9134918269,MISSING,MISSING,MISSING,0.005102040816,secondary
legacy_e2_vit_small_nomixdir_saga,vit_small,mixup,saga,term_1.00,s11_out,T3,l2,2000,1999,13.6945,154.3055,0.537549897,0.5275562932,0.5473548873,0.9199045174,0.917223506,0.9226041172,-0.3823562402,-0.3913272305,-0.3735312655,0.005102040816,secondary
legacy_e2_vit_small_nomixdir_saga,vit_small,mixup,saga,term_1.00,s11_out,T3,centred_l2,2000,1999,13.6945,154.3055,0.5412587028,0.5313117706,0.5510284494,0.9209383177,0.9182839536,0.9235987356,-0.3796906848,-0.3886639811,-0.3708730828,0.005102040816,secondary
legacy_e2_vit_small_nomixdir_saga,vit_small,mixup,saga,term_1.00,hist,T3,l2,2000,2000,14.433,153.567,0.5136361268,0.5042448588,0.5231304315,0.9185913458,0.915941469,0.9211911383,-0.4049552191,-0.4134413882,-0.3963251885,0.005102040816,secondary
legacy_e2_vit_small_nomixdir_saga,vit_small,mixup,saga,term_1.00,hist,T3,centred_l2,2000,2000,14.433,153.567,0.5159245545,0.5066458023,0.5253538933,0.9182474446,0.9156458322,0.9208305155,-0.4023228901,-0.4108652837,-0.3937164616,0.005102040816,secondary
legacy_e2_vit_small_nomixdir_saga,vit_small,mixup,saga,term_1.00,s12_post_norm,T3,l2,2000,0,0,168,MISSING,MISSING,MISSING,0.8939494048,0.890875,0.8969911458,MISSING,MISSING,MISSING,0.005102040816,secondary
legacy_e2_vit_small_nomixdir_saga,vit_small,mixup,saga,term_1.00,s12_post_norm,T3,centred_l2,2000,0,0,168,MISSING,MISSING,MISSING,0.8927857143,0.8897529018,0.8958186756,MISSING,MISSING,MISSING,0.005102040816,secondary
e2r_vits_mixup_saga_s1,vit_small,mixup,saga,native,s11_out,T0,l2,2000,2000,15.414,180.586,1,1,1,1,1,1,0,0,0,0.005102040816,secondary
e2r_vits_mixup_saga_s1,vit_small,mixup,saga,native,s11_out,T0,centred_l2,2000,2000,15.414,180.586,1,1,1,1,1,1,0,0,0,0.005102040816,secondary
e2r_vits_mixup_saga_s1,vit_small,mixup,saga,native,hist,T0,l2,2000,2000,16.5455,179.4545,1,1,1,1,1,1,0,0,0,0.005102040816,secondary
e2r_vits_mixup_saga_s1,vit_small,mixup,saga,native,hist,T0,centred_l2,2000,2000,16.5455,179.4545,1,1,1,1,1,1,0,0,0,0.005102040816,secondary
e2r_vits_mixup_saga_s1,vit_small,mixup,saga,native,s12_post_norm,T0,l2,2000,4,0.0045,195.9955,1,1,1,1,1,1,0,0,0,0.005102040816,secondary
e2r_vits_mixup_saga_s1,vit_small,mixup,saga,native,s12_post_norm,T0,centred_l2,2000,4,0.0045,195.9955,1,1,1,1,1,1,0,0,0,0.005102040816,secondary
e2r_vits_mixup_saga_s1,vit_small,mixup,saga,native,s11_out,T1,l2,2000,2000,15.414,180.586,0.4317266831,0.4239771141,0.4394298592,0.9210928992,0.9188850917,0.9232415404,-0.4893662161,-0.4969429019,-0.4816892454,0.005102040816,secondary
e2r_vits_mixup_saga_s1,vit_small,mixup,saga,native,s11_out,T1,centred_l2,2000,2000,15.414,180.586,0.4343320429,0.426569848,0.4420695629,0.9213782191,0.9191854531,0.9234982857,-0.4870461762,-0.4947202009,-0.4793197861,0.005102040816,secondary
e2r_vits_mixup_saga_s1,vit_small,mixup,saga,native,hist,T1,l2,2000,2000,16.5455,179.4545,0.4357816506,0.4284693279,0.4432662859,0.9233270193,0.9211559576,0.9254410017,-0.4875453687,-0.4947484888,-0.4801555755,0.005102040816,secondary
e2r_vits_mixup_saga_s1,vit_small,mixup,saga,native,hist,T1,centred_l2,2000,2000,16.5455,179.4545,0.4348521595,0.4274797527,0.4423667181,0.9234851346,0.9213555863,0.9255570314,-0.4886329751,-0.4958973312,-0.4812247227,0.005102040816,secondary
e2r_vits_mixup_saga_s1,vit_small,mixup,saga,native,s12_post_norm,T1,l2,2000,4,0.0045,195.9955,1,1,1,0.889112568,0.8867438015,0.8913824067,0.2268792827,0.08645542713,0.4730850382,0.005102040816,secondary
e2r_vits_mixup_saga_s1,vit_small,mixup,saga,native,s12_post_norm,T1,centred_l2,2000,4,0.0045,195.9955,1,1,1,0.8881457709,0.8858228002,0.8903745778,0.2255839459,0.08645542713,0.4717897014,0.005102040816,secondary
e2r_vits_mixup_saga_s1,vit_small,mixup,saga,native,s11_out,T2,l2,2000,2000,14.57,167.43,0.5421799928,0.5321743101,0.5523299522,0.9407512079,0.9385503154,0.9428463868,-0.3985712151,-0.4076319297,-0.3893354652,0.005102040816,secondary
e2r_vits_mixup_saga_s1,vit_small,mixup,saga,native,s11_out,T2,centred_l2,2000,2000,14.57,167.43,0.5424055632,0.5324381768,0.5526190582,0.9412065908,0.9390131562,0.9433038998,-0.3988010276,-0.4078907673,-0.3894823776,0.005102040816,secondary
e2r_vits_mixup_saga_s1,vit_small,mixup,saga,native,hist,T2,l2,2000,2000,15.7605,166.2395,0.5484439214,0.5388060908,0.5580597277,0.9432520904,0.9411843594,0.9452234507,-0.394808169,-0.4036038424,-0.3859552799,0.005102040816,secondary
e2r_vits_mixup_saga_s1,vit_small,mixup,saga,native,hist,T2,centred_l2,2000,2000,15.7605,166.2395,0.5471630634,0.537477779,0.5568634129,0.9435476284,0.9414788456,0.9455195772,-0.396384565,-0.4051812186,-0.3873874021,0.005102040816,secondary
e2r_vits_mixup_saga_s1,vit_small,mixup,saga,native,s12_post_norm,T2,l2,2000,5,0.004,181.996,1,1,1,0.9149160157,0.9121880185,0.9175374107,0.1918354819,0.05876611418,0.3374524248,0.005102040816,secondary
e2r_vits_mixup_saga_s1,vit_small,mixup,saga,native,s12_post_norm,T2,centred_l2,2000,5,0.004,181.996,1,1,1,0.9140698922,0.9113516239,0.9166881374,0.1896255371,0.05655616943,0.3363474524,0.005102040816,secondary
e2r_vits_mixup_saga_s1,vit_small,mixup,saga,native,s11_out,T3,l2,2000,1999,12.4545,155.5455,0.4853763483,0.4751882474,0.4954494227,0.9270805484,0.9246275558,0.9295390227,-0.4417034543,-0.4511993899,-0.4323729761,0.005102040816,secondary
e2r_vits_mixup_saga_s1,vit_small,mixup,saga,native,s11_out,T3,centred_l2,2000,1999,12.4545,155.5455,0.4867425733,0.4764665352,0.4969175897,0.9279374103,0.9254709438,0.9303338437,-0.4411945198,-0.4507061556,-0.4318353008,0.005102040816,secondary
e2r_vits_mixup_saga_s1,vit_small,mixup,saga,native,hist,T3,l2,2000,2000,13.4975,154.5025,0.4933349152,0.4837759502,0.50335563,0.9297719899,0.9273549104,0.9321182744,-0.4364370747,-0.4452950873,-0.4271478175,0.005102040816,secondary
e2r_vits_mixup_saga_s1,vit_small,mixup,saga,native,hist,T3,centred_l2,2000,2000,13.4975,154.5025,0.4935004623,0.4840700365,0.5033633043,0.9301533542,0.9277599312,0.932478808,-0.4366528919,-0.4454275223,-0.4273306318,0.005102040816,secondary
e2r_vits_mixup_saga_s1,vit_small,mixup,saga,native,s12_post_norm,T3,l2,2000,2,0.001,167.999,1,1,1,0.9014860636,0.8986705874,0.9042206747,0.3413173653,0.1796407186,0.502994012,0.005102040816,secondary
e2r_vits_mixup_saga_s1,vit_small,mixup,saga,native,s12_post_norm,T3,centred_l2,2000,2,0.001,167.999,1,1,1,0.9007420694,0.8979414506,0.9034677703,0.3323353293,0.1736526946,0.4910179641,0.005102040816,secondary
e2r_vits_mixup_saga_s1,vit_small,mixup,saga,term_1.00,s11_out,T0,l2,2000,2000,15.414,180.586,1,1,1,1,1,1,0,0,0,0.005102040816,secondary
e2r_vits_mixup_saga_s1,vit_small,mixup,saga,term_1.00,s11_out,T0,centred_l2,2000,2000,15.414,180.586,1,1,1,1,1,1,0,0,0,0.005102040816,secondary
e2r_vits_mixup_saga_s1,vit_small,mixup,saga,term_1.00,hist,T0,l2,2000,2000,16.2125,179.7875,1,1,1,1,1,1,0,0,0,0.005102040816,secondary
e2r_vits_mixup_saga_s1,vit_small,mixup,saga,term_1.00,hist,T0,centred_l2,2000,2000,16.2125,179.7875,1,1,1,1,1,1,0,0,0,0.005102040816,secondary
e2r_vits_mixup_saga_s1,vit_small,mixup,saga,term_1.00,s12_post_norm,T0,l2,2000,3,0.002,195.998,1,1,1,1,1,1,0,0,0,0.005102040816,secondary
e2r_vits_mixup_saga_s1,vit_small,mixup,saga,term_1.00,s12_post_norm,T0,centred_l2,2000,3,0.002,195.998,1,1,1,1,1,1,0,0,0,0.005102040816,secondary
e2r_vits_mixup_saga_s1,vit_small,mixup,saga,term_1.00,s11_out,T1,l2,2000,2000,15.414,180.586,0.4317266831,0.4239771141,0.4394298592,0.9210928992,0.9188850917,0.9232415404,-0.4893662161,-0.4969429019,-0.4816892454,0.005102040816,secondary
e2r_vits_mixup_saga_s1,vit_small,mixup,saga,term_1.00,s11_out,T1,centred_l2,2000,2000,15.414,180.586,0.4343320429,0.426569848,0.4420695629,0.9213782191,0.9191854531,0.9234982857,-0.4870461762,-0.4947202009,-0.4793197861,0.005102040816,secondary
e2r_vits_mixup_saga_s1,vit_small,mixup,saga,term_1.00,hist,T1,l2,2000,2000,16.2125,179.7875,0.4234773811,0.4162699309,0.4306836126,0.9211801106,0.9190056193,0.9233044798,-0.4977027295,-0.5046920353,-0.4906276366,0.005102040816,secondary
e2r_vits_mixup_saga_s1,vit_small,mixup,saga,term_1.00,hist,T1,centred_l2,2000,2000,16.2125,179.7875,0.422415182,0.4152311445,0.4296516081,0.9215832978,0.9194202075,0.923669008,-0.4991681158,-0.5062140189,-0.4920857672,0.005102040816,secondary
e2r_vits_mixup_saga_s1,vit_small,mixup,saga,term_1.00,s12_post_norm,T1,l2,2000,3,0.002,195.998,1,1,1,0.8868684696,0.8844675653,0.8891757535,0.3223808265,0.1282051282,0.5927835052,0.005102040816,secondary
e2r_vits_mixup_saga_s1,vit_small,mixup,saga,term_1.00,s12_post_norm,T1,centred_l2,2000,3,0.002,195.998,1,1,1,0.8860981008,0.8837349434,0.888358207,0.3189532117,0.1282051282,0.587628866,0.005102040816,secondary
e2r_vits_mixup_saga_s1,vit_small,mixup,saga,term_1.00,s11_out,T2,l2,2000,2000,14.57,167.43,0.5421799928,0.5321743101,0.5523299522,0.9407512079,0.9385503154,0.9428463868,-0.3985712151,-0.4076319297,-0.3893354652,0.005102040816,secondary
e2r_vits_mixup_saga_s1,vit_small,mixup,saga,term_1.00,s11_out,T2,centred_l2,2000,2000,14.57,167.43,0.5424055632,0.5324381768,0.5526190582,0.9412065908,0.9390131562,0.9433038998,-0.3988010276,-0.4078907673,-0.3894823776,0.005102040816,secondary
e2r_vits_mixup_saga_s1,vit_small,mixup,saga,term_1.00,hist,T2,l2,2000,2000,15.388,166.612,0.5349930247,0.5253003267,0.5447084231,0.9421780924,0.9401154665,0.9441647031,-0.4071850677,-0.4159630241,-0.3981172724,0.005102040816,secondary
e2r_vits_mixup_saga_s1,vit_small,mixup,saga,term_1.00,hist,T2,centred_l2,2000,2000,15.388,166.612,0.535480542,0.5258196707,0.5451193044,0.9423564329,0.9402903086,0.9443511664,-0.4068758909,-0.415618569,-0.39799664,0.005102040816,secondary
e2r_vits_mixup_saga_s1,vit_small,mixup,saga,term_1.00,s12_post_norm,T2,l2,2000,1,0.002,181.998,1,1,1,0.9134399309,0.9107307692,0.916085252,0.4662921348,0.4662921348,0.4662921348,0.005102040816,secondary
e2r_vits_mixup_saga_s1,vit_small,mixup,saga,term_1.00,s12_post_norm,T2,centred_l2,2000,1,0.002,181.998,1,1,1,0.9126542783,0.9099019524,0.9153026408,0.4606741573,0.4606741573,0.4606741573,0.005102040816,secondary
e2r_vits_mixup_saga_s1,vit_small,mixup,saga,term_1.00,s11_out,T3,l2,2000,1999,12.4545,155.5455,0.4853763483,0.4751882474,0.4954494227,0.9270805484,0.9246275558,0.9295390227,-0.4417034543,-0.4511993899,-0.4323729761,0.005102040816,secondary
e2r_vits_mixup_saga_s1,vit_small,mixup,saga,term_1.00,s11_out,T3,centred_l2,2000,1999,12.4545,155.5455,0.4867425733,0.4764665352,0.4969175897,0.9279374103,0.9254709438,0.9303338437,-0.4411945198,-0.4507061556,-0.4318353008,0.005102040816,secondary
e2r_vits_mixup_saga_s1,vit_small,mixup,saga,term_1.00,hist,T3,l2,2000,2000,13.139,154.861,0.4806270729,0.4710507921,0.4903628623,0.9283865539,0.9260027989,0.9306949159,-0.447759481,-0.4566794376,-0.4386793358,0.005102040816,secondary
e2r_vits_mixup_saga_s1,vit_small,mixup,saga,term_1.00,hist,T3,centred_l2,2000,2000,13.139,154.861,0.4824861056,0.4729616716,0.4922496532,0.9286890175,0.926291288,0.9310224604,-0.4462029119,-0.4551480692,-0.4371932026,0.005102040816,secondary
e2r_vits_mixup_saga_s1,vit_small,mixup,saga,term_1.00,s12_post_norm,T3,l2,2000,3,0.0015,167.9985,1,1,1,0.899827381,0.8969890736,0.9025865902,0.3333333333,0.07784431138,0.502994012,0.005102040816,secondary
e2r_vits_mixup_saga_s1,vit_small,mixup,saga,term_1.00,s12_post_norm,T3,centred_l2,2000,3,0.0015,167.9985,1,1,1,0.8993423688,0.8965391766,0.9020862654,0.3213572854,0.07185628743,0.4910179641,0.005102040816,secondary
e2r_vits_mixup_saga_s2,vit_small,mixup,saga,native,s11_out,T0,l2,2000,2000,15.7175,180.2825,1,1,1,1,1,1,0,0,0,0.005102040816,secondary
e2r_vits_mixup_saga_s2,vit_small,mixup,saga,native,s11_out,T0,centred_l2,2000,2000,15.7175,180.2825,1,1,1,1,1,1,0,0,0,0.005102040816,secondary
e2r_vits_mixup_saga_s2,vit_small,mixup,saga,native,hist,T0,l2,2000,2000,14.4205,181.5795,1,1,1,1,1,1,0,0,0,0.005102040816,secondary
e2r_vits_mixup_saga_s2,vit_small,mixup,saga,native,hist,T0,centred_l2,2000,2000,14.4205,181.5795,1,1,1,1,1,1,0,0,0,0.005102040816,secondary
e2r_vits_mixup_saga_s2,vit_small,mixup,saga,native,s12_post_norm,T0,l2,2000,1,0.006,195.994,1,1,1,1,1,1,0,0,0,0.005102040816,secondary
e2r_vits_mixup_saga_s2,vit_small,mixup,saga,native,s12_post_norm,T0,centred_l2,2000,1,0.006,195.994,1,1,1,1,1,1,0,0,0,0.005102040816,secondary
e2r_vits_mixup_saga_s2,vit_small,mixup,saga,native,s11_out,T1,l2,2000,2000,15.7175,180.2825,0.5170557163,0.509468371,0.5246432884,0.9395807486,0.9376674637,0.9414314063,-0.4225250323,-0.4296952165,-0.4151660786,0.005102040816,secondary
e2r_vits_mixup_saga_s2,vit_small,mixup,saga,native,s11_out,T1,centred_l2,2000,2000,15.7175,180.2825,0.5219558181,0.5144252036,0.5296620315,0.9399686779,0.9380825494,0.9418068645,-0.4180128598,-0.4251531264,-0.4106552045,0.005102040816,secondary
e2r_vits_mixup_saga_s2,vit_small,mixup,saga,native,hist,T1,l2,2000,2000,14.4205,181.5795,0.4971518122,0.4895257598,0.5048887565,0.935654671,0.9336662632,0.9375776171,-0.4385028588,-0.4456572285,-0.4311096906,0.005102040816,secondary
e2r_vits_mixup_saga_s2,vit_small,mixup,saga,native,hist,T1,centred_l2,2000,2000,14.4205,181.5795,0.5007147585,0.4930813348,0.5085617318,0.9362104102,0.9342564093,0.9381047123,-0.4354956518,-0.4427176052,-0.4280386284,0.005102040816,secondary
e2r_vits_mixup_saga_s2,vit_small,mixup,saga,native,s12_post_norm,T1,l2,2000,1,0.006,195.994,1,1,1,0.9080185781,0.9058731061,0.910119898,0.3097826087,0.3097826087,0.3097826087,0.005102040816,secondary
e2r_vits_mixup_saga_s2,vit_small,mixup,saga,native,s12_post_norm,T1,centred_l2,2000,1,0.006,195.994,1,1,1,0.9086100821,0.9064846398,0.9106789596,0.3206521739,0.3206521739,0.3206521739,0.005102040816,secondary
e2r_vits_mixup_saga_s2,vit_small,mixup,saga,native,s11_out,T2,l2,2000,2000,15.1205,166.8795,0.5525280365,0.5425405785,0.5622461127,0.9410080471,0.9387622868,0.9432374706,-0.3884800106,-0.3975094722,-0.3796540069,0.005102040816,secondary
e2r_vits_mixup_saga_s2,vit_small,mixup,saga,native,s11_out,T2,centred_l2,2000,2000,15.1205,166.8795,0.5572975554,0.5472542243,0.5671296577,0.9416466391,0.9394201862,0.9438627247,-0.3843490837,-0.3933994593,-0.3753527749,0.005102040816,secondary
e2r_vits_mixup_saga_s2,vit_small,mixup,saga,native,hist,T2,l2,2000,2000,13.7695,168.2305,0.531226744,0.5208572197,0.5413849751,0.937913282,0.9355693709,0.9402583829,-0.4066865381,-0.415910783,-0.3976497706,0.005102040816,secondary
e2r_vits_mixup_saga_s2,vit_small,mixup,saga,native,hist,T2,centred_l2,2000,2000,13.7695,168.2305,0.5341058934,0.5237620856,0.5442656334,0.9384651274,0.9361061114,0.9407976036,-0.4043592341,-0.4135542776,-0.3952375576,0.005102040816,secondary
e2r_vits_mixup_saga_s2,vit_small,mixup,saga,native,s12_post_norm,T2,l2,2000,2,0.004,181.996,1,1,1,0.9112325487,0.9084307378,0.913985308,0.4075611681,0.3922651934,0.4228571429,0.005102040816,secondary
e2r_vits_mixup_saga_s2,vit_small,mixup,saga,native,s12_post_norm,T2,centred_l2,2000,2,0.004,181.996,1,1,1,0.911875296,0.9090730295,0.9146088125,0.410418311,0.3922651934,0.4285714286,0.005102040816,secondary
e2r_vits_mixup_saga_s2,vit_small,mixup,saga,native,s11_out,T3,l2,2000,1998,13.0165,154.9835,0.5136852687,0.5037720123,0.5234532599,0.9271509003,0.9246205024,0.9296170686,-0.4134761263,-0.4224780907,-0.404447658,0.005102040816,secondary
e2r_vits_mixup_saga_s2,vit_small,mixup,saga,native,s11_out,T3,centred_l2,2000,1998,13.0165,154.9835,0.5196420747,0.5097609714,0.5293312244,0.9281404934,0.9256407915,0.9305738204,-0.408509904,-0.4174576245,-0.3996110501,0.005102040816,secondary
e2r_vits_mixup_saga_s2,vit_small,mixup,saga,native,hist,T3,l2,2000,1998,11.766,156.234,0.487021376,0.4768654878,0.4972517349,0.9238520976,0.9212275486,0.9264162387,-0.4368319559,-0.4459680404,-0.4275272006,0.005102040816,secondary
e2r_vits_mixup_saga_s2,vit_small,mixup,saga,native,hist,T3,centred_l2,2000,1998,11.766,156.234,0.4914358313,0.4814247606,0.50160067,0.9250095849,0.9224082403,0.9275635427,-0.4335761466,-0.4426975957,-0.4243815481,0.005102040816,secondary
e2r_vits_mixup_saga_s2,vit_small,mixup,saga,native,s12_post_norm,T3,l2,2000,3,0.017,167.983,1,1,1,0.8981883607,0.8952372256,0.9009989816,0.4438706363,0.347826087,0.4935897436,0.005102040816,secondary
e2r_vits_mixup_saga_s2,vit_small,mixup,saga,native,s12_post_norm,T3,centred_l2,2000,3,0.017,167.983,1,1,1,0.8992156671,0.8962933358,0.9020481682,0.439555235,0.347826087,0.4871794872,0.005102040816,secondary
e2r_vits_mixup_saga_s2,vit_small,mixup,saga,term_1.00,s11_out,T0,l2,2000,2000,15.7175,180.2825,1,1,1,1,1,1,0,0,0,0.005102040816,secondary
e2r_vits_mixup_saga_s2,vit_small,mixup,saga,term_1.00,s11_out,T0,centred_l2,2000,2000,15.7175,180.2825,1,1,1,1,1,1,0,0,0,0.005102040816,secondary
e2r_vits_mixup_saga_s2,vit_small,mixup,saga,term_1.00,hist,T0,l2,2000,2000,14.445,181.555,1,1,1,1,1,1,0,0,0,0.005102040816,secondary
e2r_vits_mixup_saga_s2,vit_small,mixup,saga,term_1.00,hist,T0,centred_l2,2000,2000,14.445,181.555,1,1,1,1,1,1,0,0,0,0.005102040816,secondary
e2r_vits_mixup_saga_s2,vit_small,mixup,saga,term_1.00,s12_post_norm,T0,l2,2000,2,0.014,195.986,1,1,1,1,1,1,0,0,0,0.005102040816,secondary
e2r_vits_mixup_saga_s2,vit_small,mixup,saga,term_1.00,s12_post_norm,T0,centred_l2,2000,2,0.014,195.986,1,1,1,1,1,1,0,0,0,0.005102040816,secondary
e2r_vits_mixup_saga_s2,vit_small,mixup,saga,term_1.00,s11_out,T1,l2,2000,2000,15.7175,180.2825,0.5170557163,0.509468371,0.5246432884,0.9395807486,0.9376674637,0.9414314063,-0.4225250323,-0.4296952165,-0.4151660786,0.005102040816,secondary
e2r_vits_mixup_saga_s2,vit_small,mixup,saga,term_1.00,s11_out,T1,centred_l2,2000,2000,15.7175,180.2825,0.5219558181,0.5144252036,0.5296620315,0.9399686779,0.9380825494,0.9418068645,-0.4180128598,-0.4251531264,-0.4106552045,0.005102040816,secondary
e2r_vits_mixup_saga_s2,vit_small,mixup,saga,term_1.00,hist,T1,l2,2000,2000,14.445,181.555,0.4910462296,0.4835637323,0.4987016731,0.9347652352,0.9327821839,0.9366867006,-0.4437190055,-0.4507633754,-0.4364583352,0.005102040816,secondary
e2r_vits_mixup_saga_s2,vit_small,mixup,saga,term_1.00,hist,T1,centred_l2,2000,2000,14.445,181.555,0.4956501951,0.4881420284,0.5034476076,0.9354592458,0.9334817838,0.9373700618,-0.4398090507,-0.4469419258,-0.432482792,0.005102040816,secondary
e2r_vits_mixup_saga_s2,vit_small,mixup,saga,term_1.00,s12_post_norm,T1,l2,2000,2,0.014,195.986,1,1,1,0.9069913691,0.9048188531,0.9090895998,0.2560798548,0.2068965517,0.3052631579,0.005102040816,secondary
e2r_vits_mixup_saga_s2,vit_small,mixup,saga,term_1.00,s12_post_norm,T1,centred_l2,2000,2,0.014,195.986,1,1,1,0.9077516538,0.9056147735,0.9098288529,0.2534482759,0.2068965517,0.3,0.005102040816,secondary
e2r_vits_mixup_saga_s2,vit_small,mixup,saga,term_1.00,s11_out,T2,l2,2000,2000,15.1205,166.8795,0.5525280365,0.5425405785,0.5622461127,0.9410080471,0.9387622868,0.9432374706,-0.3884800106,-0.3975094722,-0.3796540069,0.005102040816,secondary
e2r_vits_mixup_saga_s2,vit_small,mixup,saga,term_1.00,s11_out,T2,centred_l2,2000,2000,15.1205,166.8795,0.5572975554,0.5472542243,0.5671296577,0.9416466391,0.9394201862,0.9438627247,-0.3843490837,-0.3933994593,-0.3753527749,0.005102040816,secondary
e2r_vits_mixup_saga_s2,vit_small,mixup,saga,term_1.00,hist,T2,l2,2000,2000,13.848,168.152,0.5287009983,0.5184663691,0.5386553201,0.9376871513,0.9353669465,0.9399710304,-0.408986153,-0.4181996206,-0.3998782368,0.005102040816,secondary
e2r_vits_mixup_saga_s2,vit_small,mixup,saga,term_1.00,hist,T2,centred_l2,2000,2000,13.848,168.152,0.5309328325,0.5207132007,0.5409544855,0.9383066568,0.9359811922,0.9405867421,-0.4073738243,-0.4165227461,-0.3983389289,0.005102040816,secondary
e2r_vits_mixup_saga_s2,vit_small,mixup,saga,term_1.00,s12_post_norm,T2,l2,2000,2,0.0125,181.9875,1,1,1,0.9103893275,0.9075560741,0.9131776195,0.4018812504,0.3480662983,0.4556962025,0.005102040816,secondary
e2r_vits_mixup_saga_s2,vit_small,mixup,saga,term_1.00,s12_post_norm,T2,centred_l2,2000,2,0.0125,181.9875,1,1,1,0.9110706007,0.9082573845,0.9138259464,0.4101685433,0.364640884,0.4556962025,0.005102040816,secondary
e2r_vits_mixup_saga_s2,vit_small,mixup,saga,term_1.00,s11_out,T3,l2,2000,1998,13.0165,154.9835,0.5136852687,0.5037720123,0.5234532599,0.9271509003,0.9246205024,0.9296170686,-0.4134761263,-0.4224780907,-0.404447658,0.005102040816,secondary
e2r_vits_mixup_saga_s2,vit_small,mixup,saga,term_1.00,s11_out,T3,centred_l2,2000,1998,13.0165,154.9835,0.5196420747,0.5097609714,0.5293312244,0.9281404934,0.9256407915,0.9305738204,-0.408509904,-0.4174576245,-0.3996110501,0.005102040816,secondary
e2r_vits_mixup_saga_s2,vit_small,mixup,saga,term_1.00,hist,T3,l2,2000,1999,11.833,156.167,0.4865107682,0.476368833,0.4964031242,0.9232779894,0.9206722659,0.9257887555,-0.4367467071,-0.4458537965,-0.4278235339,0.005102040816,secondary
e2r_vits_mixup_saga_s2,vit_small,mixup,saga,term_1.00,hist,T3,centred_l2,2000,1999,11.833,156.167,0.4897444459,0.4795184435,0.499802335,0.9244154673,0.9218170824,0.9269515833,-0.4346510763,-0.4438924737,-0.4255845568,0.005102040816,secondary
e2r_vits_mixup_saga_s2,vit_small,mixup,saga,term_1.00,s12_post_norm,T3,l2,2000,2,0.0195,167.9805,1,1,1,0.8974697278,0.8945243843,0.9003031483,0.420153131,0.3623188406,0.4779874214,0.005102040816,secondary
e2r_vits_mixup_saga_s2,vit_small,mixup,saga,term_1.00,s12_post_norm,T3,centred_l2,2000,2,0.0195,167.9805,1,1,1,0.8986759004,0.8957509199,0.9014793231,0.4133852885,0.3550724638,0.4716981132,0.005102040816,secondary
e2r_vits_nomix_saga_s1,vit_small,nomix,saga,native,s11_out,T0,l2,2000,928,1.6575,194.3425,1,1,1,1,1,1,0,0,0,0.005102040816,secondary
e2r_vits_nomix_saga_s1,vit_small,nomix,saga,native,s11_out,T0,centred_l2,2000,928,1.6575,194.3425,1,1,1,1,1,1,0,0,0,0.005102040816,secondary
e2r_vits_nomix_saga_s1,vit_small,nomix,saga,native,hist,T0,l2,2000,1543,3.3845,192.6155,1,1,1,1,1,1,0,0,0,0.005102040816,secondary
e2r_vits_nomix_saga_s1,vit_small,nomix,saga,native,hist,T0,centred_l2,2000,1543,3.3845,192.6155,1,1,1,1,1,1,0,0,0,0.005102040816,secondary
e2r_vits_nomix_saga_s1,vit_small,nomix,saga,native,s12_post_norm,T0,l2,2000,0,0,196,MISSING,MISSING,MISSING,1,1,1,MISSING,MISSING,MISSING,0.005102040816,secondary
e2r_vits_nomix_saga_s1,vit_small,nomix,saga,native,s12_post_norm,T0,centred_l2,2000,0,0,196,MISSING,MISSING,MISSING,1,1,1,MISSING,MISSING,MISSING,0.005102040816,secondary
e2r_vits_nomix_saga_s1,vit_small,nomix,saga,native,s11_out,T1,l2,2000,928,1.6575,194.3425,0.9915413187,0.9870683688,0.9953234984,0.9865134048,0.9847501072,0.9881116399,0.004031121827,-0.0005410197267,0.008189659799,0.005102040816,secondary
e2r_vits_nomix_saga_s1,vit_small,nomix,saga,native,s11_out,T1,centred_l2,2000,928,1.6575,194.3425,0.9913948048,0.9869210288,0.9951992998,0.986783902,0.9850623543,0.9883734774,0.003527053205,-0.001071457773,0.007684439084,0.005102040816,secondary
e2r_vits_nomix_saga_s1,vit_small,nomix,saga,native,hist,T1,l2,2000,1543,3.3845,192.6155,0.9902779545,0.9867212517,0.9933704514,0.9828481796,0.9809552508,0.9846174305,0.007735047008,0.004168724356,0.0110640388,0.005102040816,secondary
e2r_vits_nomix_saga_s1,vit_small,nomix,saga,native,hist,T1,centred_l2,2000,1543,3.3845,192.6155,0.9908184488,0.9873007261,0.9938832793,0.9835036947,0.9816516209,0.985228705,0.007518462293,0.003996269686,0.01077507352,0.005102040816,secondary
e2r_vits_nomix_saga_s1,vit_small,nomix,saga,native,s12_post_norm,T1,l2,2000,0,0,196,MISSING,MISSING,MISSING,0.985619898,0.9838316327,0.9872577168,MISSING,MISSING,MISSING,0.005102040816,secondary
e2r_vits_nomix_saga_s1,vit_small,nomix,saga,native,s12_post_norm,T1,centred_l2,2000,0,0,196,MISSING,MISSING,MISSING,0.9860255102,0.9842627551,0.987630102,MISSING,MISSING,MISSING,0.005102040816,secondary
e2r_vits_nomix_saga_s1,vit_small,nomix,saga,native,s11_out,T2,l2,2000,910,1.594,180.406,0.9717225099,0.9632490546,0.9793054479,0.9727516251,0.9711486823,0.9743567111,-0.005282631509,-0.01373591561,0.002370236822,0.005102040816,secondary
e2r_vits_nomix_saga_s1,vit_small,nomix,saga,native,s11_out,T2,centred_l2,2000,910,1.594,180.406,0.9731289484,0.9650566477,0.9803413202,0.9727612923,0.971129796,0.9743644279,-0.003957818867,-0.0120064082,0.003383033574,0.005102040816,secondary
e2r_vits_nomix_saga_s1,vit_small,nomix,saga,native,hist,T2,l2,2000,1528,3.5235,178.4765,0.9885344122,0.9850942329,0.9917202226,0.9708381914,0.9691419906,0.972494506,0.01918533252,0.01539223832,0.02283269653,0.005102040816,secondary
e2r_vits_nomix_saga_s1,vit_small,nomix,saga,native,hist,T2,centred_l2,2000,1528,3.5235,178.4765,0.9896592618,0.9865725308,0.9925020922,0.9708861368,0.9691683973,0.9725656626,0.02013954989,0.01666186912,0.02349931223,0.005102040816,secondary
e2r_vits_nomix_saga_s1,vit_small,nomix,saga,native,s12_post_norm,T2,l2,2000,0,0,182,MISSING,MISSING,MISSING,0.9727005495,0.9710933379,0.9742885302,MISSING,MISSING,MISSING,0.005102040816,secondary
e2r_vits_nomix_saga_s1,vit_small,nomix,saga,native,s12_post_norm,T2,centred_l2,2000,0,0,182,MISSING,MISSING,MISSING,0.9728983516,0.9712857143,0.9744972527,MISSING,MISSING,MISSING,0.005102040816,secondary
e2r_vits_nomix_saga_s1,vit_small,nomix,saga,native,s11_out,T3,l2,2000,880,1.519,166.481,0.9652700397,0.9557051282,0.9740172314,0.9685503404,0.9666867444,0.970360106,-0.006205301069,-0.0158308789,0.002748187947,0.005102040816,secondary
e2r_vits_nomix_saga_s1,vit_small,nomix,saga,native,s11_out,T3,centred_l2,2000,880,1.519,166.481,0.9662578398,0.9570503672,0.9747155217,0.9683477483,0.9664311147,0.9701890136,-0.005061447461,-0.01446400446,0.003637510167,0.005102040816,secondary
e2r_vits_nomix_saga_s1,vit_small,nomix,saga,native,hist,T3,l2,2000,1516,3.433,164.567,0.984904474,0.9809864324,0.9884023901,0.9656433837,0.9636880143,0.9675286132,0.02156432093,0.01710716498,0.02575508695,0.005102040816,secondary
e2r_vits_nomix_saga_s1,vit_small,nomix,saga,native,hist,T3,centred_l2,2000,1516,3.433,164.567,0.9845839353,0.9806082938,0.9881588306,0.9655472625,0.963581033,0.9674547881,0.02126457909,0.01677966357,0.02547787761,0.005102040816,secondary
e2r_vits_nomix_saga_s1,vit_small,nomix,saga,native,s12_post_norm,T3,l2,2000,0,0,168,MISSING,MISSING,MISSING,0.9681458333,0.966303497,0.969946503,MISSING,MISSING,MISSING,0.005102040816,secondary
e2r_vits_nomix_saga_s1,vit_small,nomix,saga,native,s12_post_norm,T3,centred_l2,2000,0,0,168,MISSING,MISSING,MISSING,0.9682321429,0.966360119,0.970047619,MISSING,MISSING,MISSING,0.005102040816,secondary
e2r_vits_nomix_saga_s1,vit_small,nomix,saga,term_1.00,s11_out,T0,l2,2000,928,1.6575,194.3425,1,1,1,1,1,1,0,0,0,0.005102040816,secondary
e2r_vits_nomix_saga_s1,vit_small,nomix,saga,term_1.00,s11_out,T0,centred_l2,2000,928,1.6575,194.3425,1,1,1,1,1,1,0,0,0,0.005102040816,secondary
e2r_vits_nomix_saga_s1,vit_small,nomix,saga,term_1.00,hist,T0,l2,2000,1602,3.6375,192.3625,1,1,1,1,1,1,0,0,0,0.005102040816,secondary
e2r_vits_nomix_saga_s1,vit_small,nomix,saga,term_1.00,hist,T0,centred_l2,2000,1602,3.6375,192.3625,1,1,1,1,1,1,0,0,0,0.005102040816,secondary
e2r_vits_nomix_saga_s1,vit_small,nomix,saga,term_1.00,s12_post_norm,T0,l2,2000,0,0,196,MISSING,MISSING,MISSING,1,1,1,MISSING,MISSING,MISSING,0.005102040816,secondary
e2r_vits_nomix_saga_s1,vit_small,nomix,saga,term_1.00,s12_post_norm,T0,centred_l2,2000,0,0,196,MISSING,MISSING,MISSING,1,1,1,MISSING,MISSING,MISSING,0.005102040816,secondary
e2r_vits_nomix_saga_s1,vit_small,nomix,saga,term_1.00,s11_out,T1,l2,2000,928,1.6575,194.3425,0.9915413187,0.9870683688,0.9953234984,0.9865134048,0.9847501072,0.9881116399,0.004031121827,-0.0005410197267,0.008189659799,0.005102040816,secondary
e2r_vits_nomix_saga_s1,vit_small,nomix,saga,term_1.00,s11_out,T1,centred_l2,2000,928,1.6575,194.3425,0.9913948048,0.9869210288,0.9951992998,0.986783902,0.9850623543,0.9883734774,0.003527053205,-0.001071457773,0.007684439084,0.005102040816,secondary
e2r_vits_nomix_saga_s1,vit_small,nomix,saga,term_1.00,hist,T1,l2,2000,1602,3.6375,192.3625,0.9911499475,0.9877512828,0.9941047254,0.983127672,0.9812718536,0.9848664938,0.008309469263,0.004821079805,0.01153438549,0.005102040816,secondary
e2r_vits_nomix_saga_s1,vit_small,nomix,saga,term_1.00,hist,T1,centred_l2,2000,1602,3.6375,192.3625,0.991315663,0.9879286625,0.994217952,0.9837685253,0.9819488463,0.9854693298,0.007735629323,0.004244106779,0.01092919963,0.005102040816,secondary
e2r_vits_nomix_saga_s1,vit_small,nomix,saga,term_1.00,s12_post_norm,T1,l2,2000,0,0,196,MISSING,MISSING,MISSING,0.9857168367,0.9839336735,0.9873469388,MISSING,MISSING,MISSING,0.005102040816,secondary
e2r_vits_nomix_saga_s1,vit_small,nomix,saga,term_1.00,s12_post_norm,T1,centred_l2,2000,0,0,196,MISSING,MISSING,MISSING,0.986125,0.9843876276,0.9877220026,MISSING,MISSING,MISSING,0.005102040816,secondary
e2r_vits_nomix_saga_s1,vit_small,nomix,saga,term_1.00,s11_out,T2,l2,2000,910,1.594,180.406,0.9717225099,0.9632490546,0.9793054479,0.9727516251,0.9711486823,0.9743567111,-0.005282631509,-0.01373591561,0.002370236822,0.005102040816,secondary
e2r_vits_nomix_saga_s1,vit_small,nomix,saga,term_1.00,s11_out,T2,centred_l2,2000,910,1.594,180.406,0.9731289484,0.9650566477,0.9803413202,0.9727612923,0.971129796,0.9743644279,-0.003957818867,-0.0120064082,0.003383033574,0.005102040816,secondary
e2r_vits_nomix_saga_s1,vit_small,nomix,saga,term_1.00,hist,T2,l2,2000,1604,3.83,178.17,0.990026783,0.9869605564,0.9927650184,0.9708745369,0.969174957,0.9725534737,0.02030708694,0.01685219267,0.0235605796,0.005102040816,secondary
e2r_vits_nomix_saga_s1,vit_small,nomix,saga,term_1.00,hist,T2,centred_l2,2000,1604,3.83,178.17,0.9906967708,0.9879647391,0.9931738355,0.9709539459,0.9692408833,0.9726288703,0.02081982751,0.01761445725,0.02388385305,0.005102040816,secondary
e2r_vits_nomix_saga_s1,vit_small,nomix,saga,term_1.00,s12_post_norm,T2,l2,2000,0,0,182,MISSING,MISSING,MISSING,0.9727664835,0.9711593407,0.9743598901,MISSING,MISSING,MISSING,0.005102040816,secondary
e2r_vits_nomix_saga_s1,vit_small,nomix,saga,term_1.00,s12_post_norm,T2,centred_l2,2000,0,0,182,MISSING,MISSING,MISSING,0.9729093407,0.9712967033,0.9745054945,MISSING,MISSING,MISSING,0.005102040816,secondary
e2r_vits_nomix_saga_s1,vit_small,nomix,saga,term_1.00,s11_out,T3,l2,2000,880,1.519,166.481,0.9652700397,0.9557051282,0.9740172314,0.9685503404,0.9666867444,0.970360106,-0.006205301069,-0.0158308789,0.002748187947,0.005102040816,secondary
e2r_vits_nomix_saga_s1,vit_small,nomix,saga,term_1.00,s11_out,T3,centred_l2,2000,880,1.519,166.481,0.9662578398,0.9570503672,0.9747155217,0.9683477483,0.9664311147,0.9701890136,-0.005061447461,-0.01446400446,0.003637510167,0.005102040816,secondary
e2r_vits_nomix_saga_s1,vit_small,nomix,saga,term_1.00,hist,T3,l2,2000,1571,3.7355,164.2645,0.9868317655,0.9833021177,0.9900726892,0.9656615701,0.9637014009,0.9675659061,0.02299963118,0.01896340958,0.02686083974,0.005102040816,secondary
e2r_vits_nomix_saga_s1,vit_small,nomix,saga,term_1.00,hist,T3,centred_l2,2000,1571,3.7355,164.2645,0.9867215696,0.9831350789,0.9900321711,0.9655484282,0.9635647694,0.967480935,0.02305620672,0.01897632095,0.02698691358,0.005102040816,secondary
e2r_vits_nomix_saga_s1,vit_small,nomix,saga,term_1.00,s12_post_norm,T3,l2,2000,0,0,168,MISSING,MISSING,MISSING,0.968139881,0.9662767857,0.969952381,MISSING,MISSING,MISSING,0.005102040816,secondary
e2r_vits_nomix_saga_s1,vit_small,nomix,saga,term_1.00,s12_post_norm,T3,centred_l2,2000,0,0,168,MISSING,MISSING,MISSING,0.9682619048,0.9663779018,0.9700893601,MISSING,MISSING,MISSING,0.005102040816,secondary
e2r_vits_nomix_saga_s2,vit_small,nomix,saga,native,s11_out,T0,l2,2000,1260,2.554,193.446,1,1,1,1,1,1,0,0,0,0.005102040816,secondary
e2r_vits_nomix_saga_s2,vit_small,nomix,saga,native,s11_out,T0,centred_l2,2000,1260,2.554,193.446,1,1,1,1,1,1,0,0,0,0.005102040816,secondary
e2r_vits_nomix_saga_s2,vit_small,nomix,saga,native,hist,T0,l2,2000,1324,2.287,193.713,1,1,1,1,1,1,0,0,0,0.005102040816,secondary
e2r_vits_nomix_saga_s2,vit_small,nomix,saga,native,hist,T0,centred_l2,2000,1324,2.287,193.713,1,1,1,1,1,1,0,0,0,0.005102040816,secondary
e2r_vits_nomix_saga_s2,vit_small,nomix,saga,native,s12_post_norm,T0,l2,2000,1,0.008,195.992,1,1,1,1,1,1,0,0,0,0.005102040816,secondary
e2r_vits_nomix_saga_s2,vit_small,nomix,saga,native,s12_post_norm,T0,centred_l2,2000,1,0.008,195.992,1,1,1,1,1,1,0,0,0,0.005102040816,secondary
e2r_vits_nomix_saga_s2,vit_small,nomix,saga,native,s11_out,T1,l2,2000,1260,2.554,193.446,0.9950691334,0.9920838073,0.997586254,0.9945301259,0.9932306971,0.995651245,0.0003987034948,-0.00267339654,0.003224558562,0.005102040816,secondary
e2r_vits_nomix_saga_s2,vit_small,nomix,saga,native,s11_out,T1,centred_l2,2000,1260,2.554,193.446,0.995092476,0.9921095505,0.9976291353,0.9947020564,0.9934222563,0.995801475,0.0002301253636,-0.002832193073,0.003054631162,0.005102040816,secondary
e2r_vits_nomix_saga_s2,vit_small,nomix,saga,native,hist,T1,l2,2000,1324,2.287,193.713,0.9931309748,0.98937895,0.9963469096,0.9932940988,0.9919558184,0.9944720667,-0.0008393946386,-0.004833860056,0.002766827613,0.005102040816,secondary
e2r_vits_nomix_saga_s2,vit_small,nomix,saga,native,hist,T1,centred_l2,2000,1324,2.287,193.713,0.9935091472,0.9897306875,0.9967272056,0.9933576774,0.9920157108,0.9945449503,-0.0004956063348,-0.004484111709,0.003099635261,0.005102040816,secondary
e2r_vits_nomix_saga_s2,vit_small,nomix,saga,native,s12_post_norm,T1,l2,2000,1,0.008,195.992,0.9375,0.9375,0.9375,0.9940130385,0.9927116922,0.9951616071,-0.006944444444,-0.006944444444,-0.006944444444,0.005102040816,secondary
e2r_vits_nomix_saga_s2,vit_small,nomix,saga,native,s12_post_norm,T1,centred_l2,2000,1,0.008,195.992,0.9375,0.9375,0.9375,0.9942171202,0.9929217616,0.9953472222,-0.006944444444,-0.006944444444,-0.006944444444,0.005102040816,secondary
e2r_vits_nomix_saga_s2,vit_small,nomix,saga,native,s11_out,T2,l2,2000,1264,2.6655,179.3345,0.9846616207,0.9806378132,0.988497168,0.9744536818,0.9728195406,0.9760314829,0.01087727925,0.006493915795,0.0151416239,0.005102040816,secondary
e2r_vits_nomix_saga_s2,vit_small,nomix,saga,native,s11_out,T2,centred_l2,2000,1264,2.6655,179.3345,0.9855535163,0.9817720831,0.9890937314,0.9744395662,0.972789615,0.9760570502,0.0117958565,0.007748375169,0.01579297835,0.005102040816,secondary
e2r_vits_nomix_saga_s2,vit_small,nomix,saga,native,hist,T2,l2,2000,1280,2.223,179.777,0.9877498444,0.9833352659,0.9916457975,0.9719951895,0.970318623,0.9736463963,0.01365021798,0.008877520184,0.01791513818,0.005102040816,secondary
e2r_vits_nomix_saga_s2,vit_small,nomix,saga,native,hist,T2,centred_l2,2000,1280,2.223,179.777,0.9881080409,0.9837650056,0.9920277417,0.9719157787,0.9702202034,0.9735640406,0.01402947178,0.009253990449,0.01828606222,0.005102040816,secondary
e2r_vits_nomix_saga_s2,vit_small,nomix,saga,native,s12_post_norm,T2,l2,2000,0,0,182,MISSING,MISSING,MISSING,0.9743324176,0.9726977335,0.9759286401,MISSING,MISSING,MISSING,0.005102040816,secondary
e2r_vits_nomix_saga_s2,vit_small,nomix,saga,native,s12_post_norm,T2,centred_l2,2000,0,0,182,MISSING,MISSING,MISSING,0.9744423077,0.9728103709,0.976043956,MISSING,MISSING,MISSING,0.005102040816,secondary
e2r_vits_nomix_saga_s2,vit_small,nomix,saga,native,s11_out,T3,l2,2000,1177,2.4055,165.5945,0.9795791013,0.9740235817,0.9846407556,0.9699459659,0.9680464599,0.9717516141,0.01067690575,0.004625590008,0.01633033712,0.005102040816,secondary
e2r_vits_nomix_saga_s2,vit_small,nomix,saga,native,s11_out,T3,centred_l2,2000,1177,2.4055,165.5945,0.9795843209,0.9738982889,0.9846302987,0.9695386818,0.9676342269,0.9713739778,0.0109595025,0.004843098211,0.01668394835,0.005102040816,secondary
e2r_vits_nomix_saga_s2,vit_small,nomix,saga,native,hist,T3,l2,2000,1190,1.993,166.007,0.9873452269,0.9823903548,0.9916357655,0.9659939897,0.9640161777,0.9679061904,0.01890294726,0.01342356206,0.02395583888,0.005102040816,secondary
e2r_vits_nomix_saga_s2,vit_small,nomix,saga,native,hist,T3,centred_l2,2000,1190,1.993,166.007,0.9875020168,0.9825777085,0.9918445056,0.965760529,0.9637606531,0.9676770201,0.01921201219,0.01374044323,0.024286992,0.005102040816,secondary
e2r_vits_nomix_saga_s2,vit_small,nomix,saga,native,s12_post_norm,T3,l2,2000,1,0.0055,167.9945,0.9090909091,0.9090909091,0.9090909091,0.9691574917,0.9672675363,0.9709762649,0.1893456862,0.1893456862,0.1893456862,0.005102040816,secondary
e2r_vits_nomix_saga_s2,vit_small,nomix,saga,native,s12_post_norm,T3,centred_l2,2000,1,0.0055,167.9945,0.9090909091,0.9090909091,0.9090909091,0.9692761222,0.9673957423,0.9710976086,0.2020845397,0.2020845397,0.2020845397,0.005102040816,secondary
e2r_vits_nomix_saga_s2,vit_small,nomix,saga,term_1.00,s11_out,T0,l2,2000,1260,2.554,193.446,1,1,1,1,1,1,0,0,0,0.005102040816,secondary
e2r_vits_nomix_saga_s2,vit_small,nomix,saga,term_1.00,s11_out,T0,centred_l2,2000,1260,2.554,193.446,1,1,1,1,1,1,0,0,0,0.005102040816,secondary
e2r_vits_nomix_saga_s2,vit_small,nomix,saga,term_1.00,hist,T0,l2,2000,1484,2.851,193.149,1,1,1,1,1,1,0,0,0,0.005102040816,secondary
e2r_vits_nomix_saga_s2,vit_small,nomix,saga,term_1.00,hist,T0,centred_l2,2000,1484,2.851,193.149,1,1,1,1,1,1,0,0,0,0.005102040816,secondary
e2r_vits_nomix_saga_s2,vit_small,nomix,saga,term_1.00,s12_post_norm,T0,l2,2000,0,0,196,MISSING,MISSING,MISSING,1,1,1,MISSING,MISSING,MISSING,0.005102040816,secondary
e2r_vits_nomix_saga_s2,vit_small,nomix,saga,term_1.00,s12_post_norm,T0,centred_l2,2000,0,0,196,MISSING,MISSING,MISSING,1,1,1,MISSING,MISSING,MISSING,0.005102040816,secondary
e2r_vits_nomix_saga_s2,vit_small,nomix,saga,term_1.00,s11_out,T1,l2,2000,1260,2.554,193.446,0.9950691334,0.9920838073,0.997586254,0.9945301259,0.9932306971,0.995651245,0.0003987034948,-0.00267339654,0.003224558562,0.005102040816,secondary
e2r_vits_nomix_saga_s2,vit_small,nomix,saga,term_1.00,s11_out,T1,centred_l2,2000,1260,2.554,193.446,0.995092476,0.9921095505,0.9976291353,0.9947020564,0.9934222563,0.995801475,0.0002301253636,-0.002832193073,0.003054631162,0.005102040816,secondary
e2r_vits_nomix_saga_s2,vit_small,nomix,saga,term_1.00,hist,T1,l2,2000,1484,2.851,193.149,0.9955743285,0.9930450187,0.9976708632,0.9933334715,0.992004231,0.9945039838,0.001815317998,-0.00101804133,0.004400363524,0.005102040816,secondary
e2r_vits_nomix_saga_s2,vit_small,nomix,saga,term_1.00,hist,T1,centred_l2,2000,1484,2.851,193.149,0.9957599302,0.9932467107,0.9978280981,0.9934276285,0.9920848199,0.994609717,0.001877461487,-0.0009555544383,0.004467341653,0.005102040816,secondary
e2r_vits_nomix_saga_s2,vit_small,nomix,saga,term_1.00,s12_post_norm,T1,l2,2000,0,0,196,MISSING,MISSING,MISSING,0.9940892857,0.9927984056,0.9952168367,MISSING,MISSING,MISSING,0.005102040816,secondary
e2r_vits_nomix_saga_s2,vit_small,nomix,saga,term_1.00,s12_post_norm,T1,centred_l2,2000,0,0,196,MISSING,MISSING,MISSING,0.9942704082,0.9929820791,0.9953954082,MISSING,MISSING,MISSING,0.005102040816,secondary
e2r_vits_nomix_saga_s2,vit_small,nomix,saga,term_1.00,s11_out,T2,l2,2000,1264,2.6655,179.3345,0.9846616207,0.9806378132,0.988497168,0.9744536818,0.9728195406,0.9760314829,0.01087727925,0.006493915795,0.0151416239,0.005102040816,secondary
e2r_vits_nomix_saga_s2,vit_small,nomix,saga,term_1.00,s11_out,T2,centred_l2,2000,1264,2.6655,179.3345,0.9855535163,0.9817720831,0.9890937314,0.9744395662,0.972789615,0.9760570502,0.0117958565,0.007748375169,0.01579297835,0.005102040816,secondary
e2r_vits_nomix_saga_s2,vit_small,nomix,saga,term_1.00,hist,T2,l2,2000,1446,2.8105,179.1895,0.9891665159,0.985440597,0.9925071244,0.9724106632,0.9707091827,0.9740427537,0.01648522226,0.01239588795,0.02031944679,0.005102040816,secondary
e2r_vits_nomix_saga_s2,vit_small,nomix,saga,term_1.00,hist,T2,centred_l2,2000,1446,2.8105,179.1895,0.9896303444,0.986043566,0.9928319539,0.9721782201,0.9704691738,0.9738334895,0.01718695331,0.01320566402,0.02094143556,0.005102040816,secondary
e2r_vits_nomix_saga_s2,vit_small,nomix,saga,term_1.00,s12_post_norm,T2,l2,2000,0,0,182,MISSING,MISSING,MISSING,0.9744258242,0.9727911401,0.9760137363,MISSING,MISSING,MISSING,0.005102040816,secondary
e2r_vits_nomix_saga_s2,vit_small,nomix,saga,term_1.00,s12_post_norm,T2,centred_l2,2000,0,0,182,MISSING,MISSING,MISSING,0.9745494505,0.9729175137,0.9761428571,MISSING,MISSING,MISSING,0.005102040816,secondary
e2r_vits_nomix_saga_s2,vit_small,nomix,saga,term_1.00,s11_out,T3,l2,2000,1177,2.4055,165.5945,0.9795791013,0.9740235817,0.9846407556,0.9699459659,0.9680464599,0.9717516141,0.01067690575,0.004625590008,0.01633033712,0.005102040816,secondary
e2r_vits_nomix_saga_s2,vit_small,nomix,saga,term_1.00,s11_out,T3,centred_l2,2000,1177,2.4055,165.5945,0.9795843209,0.9738982889,0.9846302987,0.9695386818,0.9676342269,0.9713739778,0.0109595025,0.004843098211,0.01668394835,0.005102040816,secondary
e2r_vits_nomix_saga_s2,vit_small,nomix,saga,term_1.00,hist,T3,l2,2000,1368,2.553,165.447,0.9902232613,0.986550272,0.993462794,0.9661950684,0.9642027793,0.9681151107,0.02399456906,0.01969000875,0.02811138359,0.005102040816,secondary
e2r_vits_nomix_saga_s2,vit_small,nomix,saga,term_1.00,hist,T3,centred_l2,2000,1368,2.553,165.447,0.9900123124,0.986105108,0.9934319036,0.9660296413,0.9640152929,0.9679497338,0.02383837291,0.01948964999,0.02796203701,0.005102040816,secondary
e2r_vits_nomix_saga_s2,vit_small,nomix,saga,term_1.00,s12_post_norm,T3,l2,2000,0,0,168,MISSING,MISSING,MISSING,0.9693035714,0.9674225446,0.9711309524,MISSING,MISSING,MISSING,0.005102040816,secondary
e2r_vits_nomix_saga_s2,vit_small,nomix,saga,term_1.00,s12_post_norm,T3,centred_l2,2000,0,0,168,MISSING,MISSING,MISSING,0.9695029762,0.9676278274,0.971321503,MISSING,MISSING,MISSING,0.005102040816,secondary
