epoch,iter,layer,grad_phi_norm
0,0,0,2.4568494154664222e-06
0,0,1,1.3133353604644071e-06
0,0,2,1.664873366280517e-06
0,0,3,7.538803288298368e-07
0,0,4,7.850489396332705e-07
0,0,5,6.443442543968558e-07
0,0,6,8.904281685317983e-07
0,0,7,5.770581310571288e-07
0,0,8,6.177857585498714e-07
0,0,9,2.692084990485455e-07
0,0,10,1.893990031476278e-07
0,0,11,0.0
0,100,0,2.3805603177606827e-06
0,100,1,1.4453956964644021e-06
0,100,2,1.1166724789291038e-06
0,100,3,9.158865736935695e-07
0,100,4,7.367118541878881e-07
0,100,5,5.031967589275155e-07
0,100,6,4.4143843069832656e-07
0,100,7,7.544269919890212e-07
0,100,8,4.906049753117259e-07
0,100,9,5.046651381235279e-07
0,100,10,2.616579308778455e-07
0,100,11,0.0
0,200,0,2.560491793701658e-06
0,200,1,1.4271156487666303e-06
0,200,2,1.2408320344547974e-06
0,200,3,5.272299858916085e-07
0,200,4,4.861631737185235e-07
0,200,5,7.432278721353214e-07
0,200,6,5.005508114663826e-07
0,200,7,6.608001967833843e-07
0,200,8,5.453754852169368e-07
0,200,9,3.705423807787156e-07
0,200,10,1.831528493312362e-07
0,200,11,0.0
0,300,0,3.7002616863901494e-06
0,300,1,1.2561173434733064e-06
0,300,2,1.2358567573755863e-06
0,300,3,7.346460506596486e-07
0,300,4,3.8493689658025687e-07
0,300,5,6.092761850595707e-07
0,300,6,8.17105842543242e-07
0,300,7,7.548838993898244e-07
0,300,8,3.7590194779113517e-07
0,300,9,2.1717734455251048e-07
0,300,10,2.361036308684561e-07
0,300,11,0.0
0,400,0,1.7079794361052336e-06
0,400,1,6.851114449091256e-07
0,400,2,8.392913741772645e-07
0,400,3,8.174880008482432e-07
0,400,4,7.576186931146367e-07
0,400,5,6.31916748261574e-07
0,400,6,7.698677677581145e-07
0,400,7,6.733942541359283e-07
0,400,8,4.4963709910916805e-07
0,400,9,1.5339422532179015e-07
0,400,10,1.2320872144755413e-07
0,400,11,0.0
0,500,0,2.8081205982743995e-06
0,500,1,1.4095852520767949e-06
0,500,2,7.443650247296318e-07
0,500,3,6.066262017156987e-07
0,500,4,6.710952789035218e-07
0,500,5,5.501717623701552e-07
0,500,6,3.888840183208231e-07
0,500,7,2.1587149490187585e-07
0,500,8,2.3003460114523477e-07
0,500,9,2.2386004161489836e-07
0,500,10,2.3214136035676347e-07
0,500,11,0.0
0,600,0,1.8896927258538199e-06
0,600,1,1.0073081284645014e-06
0,600,2,1.1944782727368874e-06
0,600,3,5.765767241427966e-07
0,600,4,4.674394062931242e-07
0,600,5,5.119950401422102e-07
0,600,6,3.8041289940338174e-07
0,600,7,4.193067582036747e-07
0,600,8,5.165372840565396e-07
0,600,9,2.6363107963334187e-07
0,600,10,2.6306793188268784e-07
0,600,11,0.0
0,700,0,2.010168373089982e-06
0,700,1,1.8125921315004234e-06
0,700,2,7.400166737170366e-07
0,700,3,8.4449845871859e-07
0,700,4,5.246916430223791e-07
0,700,5,4.65108030311967e-07
0,700,6,3.991029018379777e-07
0,700,7,6.078026899558608e-07
0,700,8,3.886882780079759e-07
0,700,9,2.5362072619827813e-07
0,700,10,1.589304474691744e-07
0,700,11,0.0
0,800,0,3.3820667795225745e-06
0,800,1,1.2410116596583975e-06
0,800,2,1.2433274605427869e-06
0,800,3,8.538053180018323e-07
0,800,4,5.60877538191562e-07
0,800,5,5.356430392566836e-07
0,800,6,6.829703238508955e-07
0,800,7,2.8342344648990547e-07
0,800,8,4.165904385899921e-07
0,800,9,1.4390636238204024e-07
0,800,10,1.608289323939971e-07
0,800,11,0.0
0,900,0,3.971071691921679e-06
0,900,1,2.8244717213965487e-06
0,900,2,1.535959654574981e-06
0,900,3,8.493719860780402e-07
0,900,4,1.1049529575757333e-06
0,900,5,5.033953698330151e-07
0,900,6,4.4973944568482693e-07
0,900,7,3.022002772468113e-07
0,900,8,3.4034871987387305e-07
0,900,9,1.7618532410779153e-07
0,900,10,8.533617545936067e-08
0,900,11,0.0
0,1000,0,3.303464609416551e-06
0,1000,1,2.50394077738747e-06
0,1000,2,2.111320100084413e-06
0,1000,3,1.0077684464704362e-06
0,1000,4,6.923289674887201e-07
0,1000,5,4.2265500610483286e-07
0,1000,6,2.9503766540983634e-07
0,1000,7,2.4860040070961986e-07
0,1000,8,7.873256890889024e-08
0,1000,9,1.549430663772e-07
0,1000,10,5.7089369676077695e-08
0,1000,11,0.0
0,1100,0,2.7172377485840116e-06
0,1100,1,1.125374183175154e-06
0,1100,2,8.003881362128595e-07
0,1100,3,6.608409535147075e-07
0,1100,4,5.933149509473878e-07
0,1100,5,2.9454477612489427e-07
0,1100,6,2.594611316908413e-07
0,1100,7,2.37560158211636e-07
0,1100,8,1.631179884498124e-07
0,1100,9,1.7317816514150763e-07
0,1100,10,8.969364984068307e-08
0,1100,11,0.0
0,1200,0,3.838076736428775e-06
0,1200,1,1.7481332861279952e-06
0,1200,2,1.2017740118608344e-06
0,1200,3,6.048431373528729e-07
0,1200,4,2.6005318431998603e-07
0,1200,5,4.1485901647320134e-07
0,1200,6,1.9743907841984765e-07
0,1200,7,2.561395149314194e-07
0,1200,8,2.2661106413579546e-07
0,1200,9,1.5160182442741643e-07
0,1200,10,6.955058040603035e-08
0,1200,11,0.0
1,0,0,3.23178915095923e-06
1,0,1,3.607800181271159e-06
1,0,2,1.955662582986406e-06
1,0,3,1.137862113864685e-06
1,0,4,7.487309403586551e-07
1,0,5,4.664181290081615e-07
1,0,6,3.4498540912863973e-07
1,0,7,2.418310600660334e-07
1,0,8,1.9801699124855077e-07
1,0,9,1.293101519195261e-07
1,0,10,5.5630607675993815e-08
1,0,11,0.0
1,100,0,2.7584287636273075e-06
1,100,1,3.10955897475651e-06
1,100,2,1.8831086663340102e-06
1,100,3,7.315921379813517e-07
1,100,4,6.693112482025754e-07
1,100,5,4.471053216548171e-07
1,100,6,1.7368958538099832e-07
1,100,7,1.7225340798177058e-07
1,100,8,9.753834007142359e-08
1,100,9,9.127601430236609e-08
1,100,10,7.624633013847415e-08
1,100,11,0.0
1,200,0,3.213322543160757e-06
1,200,1,1.8596048221297679e-06
1,200,2,1.0391662499387166e-06
1,200,3,3.666977477223554e-07
1,200,4,3.112693320872495e-07
1,200,5,1.9934878991989535e-07
1,200,6,2.4841884282977844e-07
1,200,7,1.9044580312765902e-07
1,200,8,7.02753766290698e-08
1,200,9,3.390673697367674e-08
1,200,10,6.222280291012794e-08
1,200,11,0.0
1,300,0,6.398883670044597e-06
1,300,1,2.2750186872144695e-06
1,300,2,6.672191830148222e-07
1,300,3,1.0336391369492048e-06
1,300,4,4.0891077901505923e-07
1,300,5,2.4194832803914323e-07
1,300,6,2.2168393343235948e-07
1,300,7,2.804870575801033e-07
1,300,8,2.526408309222461e-07
1,300,9,1.243285794316762e-07
1,300,10,1.204967503554144e-07
1,300,11,0.0
1,400,0,4.635554887499893e-06
1,400,1,3.7846957638976164e-06
1,400,2,1.3844208979207906e-06
1,400,3,7.59799320348975e-07
1,400,4,6.149144837763743e-07
1,400,5,3.4157199024775764e-07
1,400,6,2.0297206049235683e-07
1,400,7,1.4269043902004341e-07
1,400,8,1.16555625595538e-07
1,400,9,7.810795210616561e-08
1,400,10,5.1425931957282955e-08
1,400,11,0.0
1,500,0,4.6984168875496835e-06
1,500,1,8.348274604941253e-06
1,500,2,2.8567919798661023e-06
1,500,3,1.0140089443666511e-06
1,500,4,5.435497314465465e-07
1,500,5,1.2722418318844575e-07
1,500,6,1.733182557472901e-07
1,500,7,9.636764985998525e-08
1,500,8,1.4056583097499242e-07
1,500,9,5.7012538690059955e-08
1,500,10,4.647427687132222e-08
1,500,11,0.0
1,600,0,7.2395750976284035e-06
1,600,1,7.153624210332055e-06
1,600,2,1.8330237026020768e-06
1,600,3,7.878119845372566e-07
1,600,4,6.509822014777455e-07
1,600,5,1.488630232415744e-07
1,600,6,2.128636253928562e-07
1,600,7,1.8714871430347557e-07
1,600,8,8.800818562804125e-08
1,600,9,6.415547204596805e-08
1,600,10,6.750266123844995e-08
1,600,11,0.0
1,700,0,6.199015842867084e-06
1,700,1,4.092530161869945e-06
1,700,2,1.3060248420515563e-06
1,700,3,6.566027082044457e-07
1,700,4,4.5675656679122767e-07
1,700,5,3.254426985677128e-07
1,700,6,2.2341674821291235e-07
1,700,7,8.844090615411915e-08
1,700,8,1.2990349773644994e-07
1,700,9,5.8273091241289876e-08
1,700,10,5.1458783900670824e-08
1,700,11,0.0
1,800,0,8.070775038504507e-06
1,800,1,7.124680905690184e-06
1,800,2,3.2643638405716047e-06
1,800,3,9.965369827114046e-07
1,800,4,6.986388143559452e-07
1,800,5,3.6796052427234827e-07
1,800,6,1.495227905934371e-07
1,800,7,9.333476214123948e-08
1,800,8,9.967708081148885e-08
1,800,9,3.617035559955184e-08
1,800,10,3.129960290948475e-08
1,800,11,0.0
1,900,0,1.1302021448500454e-05
1,900,1,4.8651018005330116e-06
1,900,2,1.9600377072492847e-06
1,900,3,7.768513228256779e-07
1,900,4,4.3924296733166557e-07
1,900,5,3.175751430717355e-07
1,900,6,2.4742536197663867e-07
1,900,7,1.9538633466709143e-07
1,900,8,1.6120311840950308e-07
1,900,9,1.314369058036391e-07
1,900,10,4.864399016923926e-08
1,900,11,0.0
1,1000,0,1.348698788206093e-05
1,1000,1,6.9146235546213575e-06
1,1000,2,2.322833097423427e-06
1,1000,3,1.0680117839001468e-06
1,1000,4,5.32294109234499e-07
1,1000,5,3.776765993279696e-07
1,1000,6,2.3851191599533195e-07
1,1000,7,1.5932471342239296e-07
1,1000,8,1.1733139615444088e-07
1,1000,9,6.390406781520142e-08
1,1000,10,6.111920924922742e-08
1,1000,11,0.0
1,1100,0,1.2556673027575016e-05
1,1100,1,5.635708475892898e-06
1,1100,2,2.4837015644152416e-06
1,1100,3,5.438377002064954e-07
1,1100,4,2.4903695816647087e-07
1,1100,5,1.5532067720869236e-07
1,1100,6,1.2090799828001764e-07
1,1100,7,1.0348047396746551e-07
1,1100,8,9.312620363743918e-08
1,1100,9,3.5029501077588066e-08
1,1100,10,3.391035718891544e-08
1,1100,11,0.0
1,1200,0,1.5278381397365592e-05
1,1200,1,9.114051863434725e-06
1,1200,2,4.160248408879852e-06
1,1200,3,8.437676228822966e-07
1,1200,4,2.927995410573203e-07
1,1200,5,2.439371939999546e-07
1,1200,6,1.2781443103904166e-07
1,1200,7,1.1675479782979892e-07
1,1200,8,9.990251470526346e-08
1,1200,9,4.422854971153356e-08
1,1200,10,3.6498516209348963e-08
1,1200,11,0.0
2,0,0,1.6990041331155226e-05
2,0,1,8.847421668178868e-06
2,0,2,3.3438489026593743e-06
2,0,3,1.3077719813736621e-06
2,0,4,3.921887525848433e-07
2,0,5,3.1295772373596265e-07
2,0,6,1.6056506524364522e-07
2,0,7,1.539516034654298e-07
2,0,8,8.703891296590882e-08
2,0,9,7.24364994653115e-08
2,0,10,3.431423323263516e-08
2,0,11,0.0
2,100,0,1.6325442629749887e-05
2,100,1,1.0028284123109188e-05
2,100,2,4.68399002784281e-06
2,100,3,1.1683772527248948e-06
2,100,4,5.741952122662042e-07
2,100,5,1.3123609221565857e-07
2,100,6,1.7153443820916436e-07
2,100,7,1.0585226561943273e-07
2,100,8,5.430224092606295e-08
2,100,9,6.855484002699086e-08
2,100,10,2.8984965538825236e-08
2,100,11,0.0
2,200,0,1.9271332348580472e-05
2,200,1,1.0394040145911276e-05
2,200,2,4.30287400376983e-06
2,200,3,8.29306657124107e-07
2,200,4,6.122504601080436e-07
2,200,5,4.150869017394143e-07
2,200,6,3.511603949846176e-07
2,200,7,2.6308495648663666e-07
2,200,8,1.0988242138409987e-07
2,200,9,5.5091735617907034e-08
2,200,10,4.6651905449834885e-08
2,200,11,0.0
2,300,0,9.064552614290733e-06
2,300,1,5.86544729230809e-06
2,300,2,2.132377403540886e-06
2,300,3,5.157193641025515e-07
2,300,4,1.7408569874532986e-07
2,300,5,1.4733089415130962e-07
2,300,6,9.38049353749193e-08
2,300,7,5.414763037947523e-08
2,300,8,4.469483272373509e-08
2,300,9,4.384661522749411e-08
2,300,10,2.639891860667376e-08
2,300,11,0.0
2,400,0,1.6223721104324795e-05
2,400,1,9.138490895566065e-06
2,400,2,3.3354749575664755e-06
2,400,3,7.494164719901164e-07
2,400,4,2.905841256506392e-07
2,400,5,1.759641321541494e-07
2,400,6,8.008311169760418e-08
2,400,7,8.504278525833797e-08
2,400,8,6.006786890111471e-08
2,400,9,3.827405592460309e-08
2,400,10,2.300753010331391e-08
2,400,11,0.0
2,500,0,1.8757600628305227e-05
2,500,1,1.0856170774786733e-05
2,500,2,4.764997811435023e-06
2,500,3,1.220877834384737e-06
2,500,4,3.6803660918849346e-07
2,500,5,2.6242477701998723e-07
2,500,6,1.3371732165978756e-07
2,500,7,1.1067702132550039e-07
2,500,8,8.314978572343534e-08
2,500,9,4.666383190965462e-08
2,500,10,7.075552588275968e-08
2,500,11,0.0
2,600,0,1.9198258087271824e-05
2,600,1,1.1145812095492147e-05
2,600,2,5.139039785717614e-06
2,600,3,1.631724671824486e-06
2,600,4,4.5198325437922904e-07
2,600,5,2.1657578486156126e-07
2,600,6,1.474578112947711e-07
2,600,7,1.1205259653479516e-07
2,600,8,6.592964751916952e-08
2,600,9,6.725684897901374e-08
2,600,10,2.2475372674080063e-08
2,600,11,0.0
2,700,0,2.9698565413127653e-05
2,700,1,1.5846415408304892e-05
2,700,2,6.664749889750965e-06
2,700,3,1.5844864265091019e-06
2,700,4,5.781815275440749e-07
2,700,5,3.7414534403978905e-07
2,700,6,1.7621684378354985e-07
2,700,7,1.0855401200160486e-07
2,700,8,9.644715248668945e-08
2,700,9,4.155392119287171e-08
2,700,10,4.2657614329755233e-08
2,700,11,0.0
2,800,0,2.3706066713202745e-05
2,800,1,1.4277979971666355e-05
2,800,2,5.2910754675394855e-06
2,800,3,1.913874939418747e-06
2,800,4,6.104665999373537e-07
2,800,5,3.8627138110314263e-07
2,800,6,2.7239761379860283e-07
2,800,7,1.7551361963796808e-07
2,800,8,1.3698226553060522e-07
2,800,9,7.085724007538374e-08
2,800,10,4.922654994743425e-08
2,800,11,0.0
2,900,0,1.93696359929163e-05
2,900,1,1.1810938303824514e-05
2,900,2,4.727790837932844e-06
2,900,3,1.753862193254463e-06
2,900,4,4.475175785501051e-07
2,900,5,2.304373367678636e-07
2,900,6,1.0186907672959933e-07
2,900,7,9.179549920190766e-08
2,900,8,6.57839365203472e-08
2,900,9,3.977525508958024e-08
2,900,10,2.230294349203632e-08
2,900,11,0.0
2,1000,0,2.5015267965500243e-05
2,1000,1,1.56196783791529e-05
2,1000,2,5.092598712508334e-06
2,1000,3,2.560389702921384e-06
2,1000,4,7.417418146360433e-07
2,1000,5,3.707397127072909e-07
2,1000,6,1.2304207075430895e-07
2,1000,7,1.1275712097358337e-07
2,1000,8,6.925437645577404e-08
2,1000,9,5.216048037937071e-08
2,1000,10,3.124504743823309e-08
2,1000,11,0.0
2,1100,0,2.8739568733726628e-05
2,1100,1,1.7719718016451225e-05
2,1100,2,6.295181719906395e-06
2,1100,3,2.2537644781550625e-06
2,1100,4,8.960703326010844e-07
2,1100,5,4.074701962508698e-07
2,1100,6,2.0532066002942884e-07
2,1100,7,2.1208983014275873e-07
2,1100,8,1.1413668943305311e-07
2,1100,9,5.58997683697271e-08
2,1100,10,2.8199314883181614e-08
2,1100,11,0.0
2,1200,0,3.101662150584161e-05
2,1200,1,2.0002313249278814e-05
2,1200,2,7.9957208072301e-06
2,1200,3,4.02108844355098e-06
2,1200,4,1.1140227798023261e-06
2,1200,5,3.930179275357659e-07
2,1200,6,2.0424090507731307e-07
2,1200,7,1.3734526760345034e-07
2,1200,8,9.530906197596778e-08
2,1200,9,6.909006344812951e-08
2,1200,10,2.8174378385870114e-08
2,1200,11,0.0
3,0,0,2.9170205380069092e-05
3,0,1,1.657068423810415e-05
3,0,2,7.04374951965292e-06
3,0,3,3.1503388981946046e-06
3,0,4,1.032883574225707e-06
3,0,5,5.022300797463686e-07
3,0,6,1.8374370824858488e-07
3,0,7,1.6091183852040558e-07
3,0,8,1.0660248506155767e-07
3,0,9,5.945921088823525e-08
3,0,10,3.827738126460645e-08
3,0,11,0.0
3,100,0,2.791250699374359e-05
3,100,1,1.7105119695770554e-05
3,100,2,7.393040959868813e-06
3,100,3,4.497386271395953e-06
3,100,4,1.3375937442106078e-06
3,100,5,4.6807775788693107e-07
3,100,6,2.064933397605273e-07
3,100,7,1.5331946201513347e-07
3,100,8,1.3825906819420197e-07
3,100,9,4.3806238636534545e-08
3,100,10,3.34665664070144e-08
3,100,11,0.0
3,200,0,2.785551259876229e-05
3,200,1,1.7783624571166e-05
3,200,2,8.106375389616005e-06
3,200,3,4.26286578658619e-06
3,200,4,1.3782511132376385e-06
3,200,5,4.855721158492088e-07
3,200,6,2.2829001977697772e-07
3,200,7,1.5458518021205236e-07
3,200,8,1.1613107631092134e-07
3,200,9,7.643237864840557e-08
3,200,10,3.147310323470265e-08
3,200,11,0.0
3,300,0,3.270063825766556e-05
3,300,1,2.0853061869274825e-05
3,300,2,8.562098628317472e-06
3,300,3,6.030027179804165e-06
3,300,4,2.0178977138129994e-06
3,300,5,6.533854843837616e-07
3,300,6,3.102364871665486e-07
3,300,7,2.1711798581236508e-07
3,300,8,1.4986544272233004e-07
3,300,9,7.534926282914967e-08
3,300,10,5.923890000758547e-08
3,300,11,0.0
3,400,0,3.092912083957344e-05
3,400,1,2.0605324607458897e-05
3,400,2,7.881965757405851e-06
3,400,3,5.491393039847026e-06
3,400,4,1.975799932552036e-06
3,400,5,6.787497568438994e-07
3,400,6,3.3678637123557564e-07
3,400,7,2.785671995297889e-07
3,400,8,1.590186116118275e-07
3,400,9,6.83610039686755e-08
3,400,10,5.1838600967357706e-08
3,400,11,0.0
3,500,0,3.3154221455333754e-05
3,500,1,2.3854465325712226e-05
3,500,2,1.0183252925344277e-05
3,500,3,6.908773229952203e-06
3,500,4,2.2701810848957393e-06
3,500,5,8.179417818610091e-07
3,500,6,4.3523257886590727e-07
3,500,7,2.35242595181262e-07
3,500,8,2.3779811897384207e-07
3,500,9,6.031623911439965e-08
3,500,10,3.239144774624947e-08
3,500,11,0.0
3,600,0,2.7106540073873475e-05
3,600,1,1.870108098955825e-05
3,600,2,8.628850082459394e-06
3,600,3,5.893381057830993e-06
3,600,4,2.0469551600399427e-06
3,600,5,8.177954100574425e-07
3,600,6,3.956325542731065e-07
3,600,7,2.697962031561474e-07
3,600,8,1.9768883419146732e-07
3,600,9,7.75528974372719e-08
3,600,10,3.22401803032335e-08
3,600,11,0.0
3,700,0,2.44409020524472e-05
3,700,1,1.685823553998489e-05
3,700,2,7.208908300526673e-06
3,700,3,5.972217422822723e-06
3,700,4,2.278144165757112e-06
3,700,5,1.0066588629342732e-06
3,700,6,4.252664780324267e-07
3,700,7,2.46610710519235e-07
3,700,8,1.7443144884055073e-07
3,700,9,8.440813559218441e-08
3,700,10,3.1477522810519076e-08
3,700,11,0.0
3,800,0,4.080722646904178e-05
3,800,1,2.693923124752473e-05
3,800,2,1.1820512554550078e-05
3,800,3,9.180085726256948e-06
3,800,4,4.354207248979947e-06
3,800,5,1.755946982484602e-06
3,800,6,8.776448225944478e-07
3,800,7,6.301560802057793e-07
3,800,8,4.660087142838165e-07
3,800,9,9.664830713518313e-08
3,800,10,4.778440043651244e-08
3,800,11,0.0
3,900,0,4.6468598156934604e-05
3,900,1,3.547481901478022e-05
3,900,2,1.5141179574129637e-05
3,900,3,9.307643267675303e-06
3,900,4,4.520175025390927e-06
3,900,5,1.912655989144696e-06
3,900,6,9.568685754857142e-07
3,900,7,6.969808055146132e-07
3,900,8,4.20900335029728e-07
3,900,9,1.3289397315929818e-07
3,900,10,4.392075325654332e-08
3,900,11,0.0
3,1000,0,3.5141965781804174e-05
3,1000,1,2.760143979685381e-05
3,1000,2,1.3318410310603213e-05
3,1000,3,9.358965144201647e-06
3,1000,4,4.692484253610019e-06
3,1000,5,1.8589884120956413e-06
3,1000,6,9.561647402733797e-07
3,1000,7,8.367590567104344e-07
3,1000,8,4.6505402906404925e-07
3,1000,9,1.447229607265399e-07
3,1000,10,4.530060593310736e-08
3,1000,11,0.0
3,1100,0,5.317659451975487e-05
3,1100,1,3.8283913454506546e-05
3,1100,2,1.6377227439079434e-05
3,1100,3,1.1335519047861453e-05
3,1100,4,6.477107035607332e-06
3,1100,5,2.6286822958354605e-06
3,1100,6,1.3171118098398438e-06
3,1100,7,9.114123713516165e-07
3,1100,8,6.653467039541283e-07
3,1100,9,1.9297138464935415e-07
3,1100,10,6.587304568483887e-08
3,1100,11,0.0
3,1200,0,4.1826177039183676e-05
3,1200,1,3.3980253647314385e-05
3,1200,2,1.527292624814436e-05
3,1200,3,1.0922895853582304e-05
3,1200,4,5.81621543460642e-06
3,1200,5,2.5454007754888153e-06
3,1200,6,1.2961185120730079e-06
3,1200,7,8.82035237737e-07
3,1200,8,7.738335625617765e-07
3,1200,9,1.878011346434505e-07
3,1200,10,5.744119846440299e-08
3,1200,11,0.0
4,0,0,4.123914914089255e-05
4,0,1,3.2717580324970186e-05
4,0,2,1.6946954929153435e-05
4,0,3,1.0716565157053992e-05
4,0,4,6.207171736605233e-06
4,0,5,3.1288975606003078e-06
4,0,6,1.3695439520233776e-06
4,0,7,1.0295844958818634e-06
4,0,8,7.32650960344472e-07
4,0,9,2.5570366801730415e-07
4,0,10,6.3426888630147e-08
4,0,11,0.0
4,100,0,3.9287438994506374e-05
4,100,1,2.9931296012364328e-05
4,100,2,1.3169521480449475e-05
4,100,3,9.470564691582695e-06
4,100,4,5.809253252664348e-06
4,100,5,2.5156730316666653e-06
4,100,6,1.2554195336633711e-06
4,100,7,7.881999977144005e-07
4,100,8,5.655314225805341e-07
4,100,9,1.7889395564907318e-07
4,100,10,3.997646302877911e-08
4,100,11,0.0
4,200,0,5.4221367463469505e-05
4,200,1,4.330271258368157e-05
4,200,2,2.203001713496633e-05
4,200,3,1.5501123925787397e-05
4,200,4,8.923093446355779e-06
4,200,5,4.315150818001712e-06
4,200,6,2.2321132746583316e-06
4,200,7,1.5674612541261013e-06
4,200,8,9.3202805828696e-07
4,200,9,3.859023820496077e-07
4,200,10,9.102058839971505e-08
4,200,11,0.0
4,300,0,4.9824637244455516e-05
4,300,1,3.751868280232884e-05
4,300,2,1.907659498101566e-05
4,300,3,1.3985847544972785e-05
4,300,4,8.416391210630536e-06
4,300,5,3.901421678165207e-06
4,300,6,1.8489156445866683e-06
4,300,7,1.20410197723686e-06
4,300,8,8.515414151588629e-07
4,300,9,3.3771979701668897e-07
4,300,10,6.465364776886418e-08
4,300,11,0.0
4,400,0,4.005436130682938e-05
4,400,1,3.6743043892784044e-05
4,400,2,1.970858829736244e-05
4,400,3,1.3890960872231517e-05
4,400,4,7.924013516458217e-06
4,400,5,4.124333827348892e-06
4,400,6,2.2071346847951645e-06
4,400,7,1.4775865793126286e-06
4,400,8,1.1774312724810443e-06
4,400,9,3.8022474768695247e-07
4,400,10,9.46552773939402e-08
4,400,11,0.0
4,500,0,5.5443197197746485e-05
4,500,1,4.9472120736027136e-05
4,500,2,2.476364534231834e-05
4,500,3,1.9466844605631195e-05
4,500,4,1.0052392099169083e-05
4,500,5,4.93598099637893e-06
4,500,6,2.556463186920155e-06
4,500,7,1.5256536016750033e-06
4,500,8,1.2029530580548453e-06
4,500,9,4.249061191785586e-07
4,500,10,9.146801716042319e-08
4,500,11,0.0
4,600,0,4.457547765923664e-05
4,600,1,4.0076443838188425e-05
4,600,2,2.1510146325454116e-05
4,600,3,1.5048043678689282e-05
4,600,4,8.595003237132914e-06
4,600,5,4.8685783440305386e-06
4,600,6,2.3714960661891382e-06
4,600,7,1.5308067986552487e-06
4,600,8,1.080202309822198e-06
4,600,9,5.043606847721094e-07
4,600,10,1.0988330245709221e-07
4,600,11,0.0
4,700,0,4.9063317419495434e-05
4,700,1,4.733558671432547e-05
4,700,2,2.3887318093329668e-05
4,700,3,1.7162365111289546e-05
4,700,4,8.409814654442016e-06
4,700,5,4.770792202180019e-06
4,700,6,2.541960611779359e-06
4,700,7,1.5976330587363918e-06
4,700,8,1.2170074796813424e-06
4,700,9,5.961931037745671e-07
4,700,10,8.918492966358826e-08
4,700,11,0.0
4,800,0,5.197771679377183e-05
4,800,1,4.747819184558466e-05
4,800,2,3.2403328077634797e-05
4,800,3,1.9306473404867575e-05
4,800,4,1.1233859368076082e-05
4,800,5,6.127823780843755e-06
4,800,6,2.997094043166726e-06
4,800,7,2.0052893887623213e-06
4,800,8,1.4815448139415821e-06
4,800,9,7.202498295555415e-07
4,800,10,1.2940479621192935e-07
4,800,11,0.0
4,900,0,4.930388240609318e-05
4,900,1,4.906439789920114e-05
4,900,2,3.0104218240012415e-05
4,900,3,1.84301461558789e-05
4,900,4,1.0363593901274726e-05
4,900,5,5.904571025894256e-06
4,900,6,3.0609123768954305e-06
4,900,7,1.9150818388879998e-06
4,900,8,1.3914500414102804e-06
4,900,9,6.673520829281188e-07
4,900,10,1.2475001653911022e-07
4,900,11,0.0
4,1000,0,3.921416282537393e-05
4,1000,1,3.9692880818620324e-05
4,1000,2,2.8768083211616613e-05
4,1000,3,1.8170201656175777e-05
4,1000,4,1.0336167179048061e-05
4,1000,5,5.732208592235111e-06
4,1000,6,3.0387732294911984e-06
4,1000,7,2.167253569496097e-06
4,1000,8,1.4713801874677301e-06
4,1000,9,7.466082365681359e-07
4,1000,10,1.572844610109314e-07
4,1000,11,0.0
4,1100,0,4.292372614145279e-05
4,1100,1,4.057592377648689e-05
4,1100,2,2.5303106667706743e-05
4,1100,3,1.71090414369246e-05
4,1100,4,1.0199575626756996e-05
4,1100,5,5.67012602914474e-06
4,1100,6,3.0696030535182217e-06
4,1100,7,1.9541819256119197e-06
4,1100,8,1.2836569567298284e-06
4,1100,9,6.575707516276452e-07
4,1100,10,1.2944994409735955e-07
4,1100,11,0.0
4,1200,0,6.03885819145944e-05
4,1200,1,6.581357592949644e-05
4,1200,2,4.2009211028926075e-05
4,1200,3,2.62794073933037e-05
4,1200,4,1.5958392395987175e-05
4,1200,5,9.529499038762879e-06
4,1200,6,4.995119979867013e-06
4,1200,7,3.6089782042836305e-06
4,1200,8,2.3390682599711e-06
4,1200,9,1.3991642617838806e-06
4,1200,10,2.760964150638756e-07
4,1200,11,0.0
5,0,0,5.850110392202623e-05
5,0,1,6.206963007571176e-05
5,0,2,4.381347753223963e-05
5,0,3,2.8667645892710425e-05
5,0,4,1.6685084119671956e-05
5,0,5,9.49769946601009e-06
5,0,6,5.697415872418787e-06
5,0,7,3.775535105887684e-06
5,0,8,2.648971303642611e-06
5,0,9,1.3220272876424133e-06
5,0,10,2.5378966483913246e-07
5,0,11,0.0
5,100,0,4.5672022679354995e-05
5,100,1,4.809737583855167e-05
5,100,2,3.206900873919949e-05
5,100,3,2.4807610316202044e-05
5,100,4,1.1275994438619819e-05
5,100,5,7.057724360493012e-06
5,100,6,3.926654699171195e-06
5,100,7,2.8603526516235434e-06
5,100,8,1.8788845181916258e-06
5,100,9,1.000188149191672e-06
5,100,10,2.093052273721696e-07
5,100,11,0.0
5,200,0,5.383167081163265e-05
5,200,1,6.0806298279203475e-05
5,200,2,4.0366652683587745e-05
5,200,3,2.63138299487764e-05
5,200,4,1.701423570921179e-05
5,200,5,1.0084056157211307e-05
5,200,6,5.417652573669329e-06
5,200,7,3.4272957236680668e-06
5,200,8,2.4333926376129966e-06
5,200,9,1.501336669207376e-06
5,200,10,2.708168551635026e-07
5,200,11,0.0
5,300,0,4.7833465941948816e-05
5,300,1,4.867161260335706e-05
5,300,2,3.5210163332521915e-05
5,300,3,2.168549872294534e-05
5,300,4,1.2407414942572359e-05
5,300,5,7.057226866891142e-06
5,300,6,4.092913059139391e-06
5,300,7,2.411447667327593e-06
5,300,8,1.645178372200462e-06
5,300,9,9.55837094807066e-07
5,300,10,2.335157205379801e-07
5,300,11,0.0
5,400,0,6.303221744019538e-05
5,400,1,6.36715631117113e-05
5,400,2,5.452144978335127e-05
5,400,3,3.4715922083705664e-05
5,400,4,1.84823675226653e-05
5,400,5,1.0085330359288491e-05
5,400,6,5.780710580438608e-06
5,400,7,4.03999229092733e-06
5,400,8,2.727569608396152e-06
5,400,9,2.04564298655896e-06
5,400,10,4.122115342397592e-07
5,400,11,0.0
5,500,0,6.560852489201352e-05
5,500,1,6.0925569414393976e-05
5,500,2,4.7666420869063586e-05
5,500,3,2.823950671881903e-05
5,500,4,1.6826243154355325e-05
5,500,5,9.173989383270964e-06
5,500,6,5.1441843424981926e-06
5,500,7,3.6164144603390014e-06
5,500,8,2.5475728762103245e-06
5,500,9,1.5632674603693886e-06
5,500,10,3.1058175409270916e-07
5,500,11,0.0
5,600,0,7.032952271401882e-05
5,600,1,6.973207200644538e-05
5,600,2,5.3054027375765145e-05
5,600,3,3.305014251964167e-05
5,600,4,2.023552224272862e-05
5,600,5,1.124641585192876e-05
5,600,6,6.60986779621453e-06
5,600,7,4.672432623920031e-06
5,600,8,3.225768068659818e-06
5,600,9,2.044899247266585e-06
5,600,10,4.19825681774455e-07
5,600,11,0.0
5,700,0,9.049152140505612e-05
5,700,1,8.671690738992766e-05
5,700,2,6.514080450870097e-05
5,700,3,3.834962262772024e-05
5,700,4,2.494006184861064e-05
5,700,5,1.2745457752316725e-05
5,700,6,7.533840289397631e-06
5,700,7,5.383329153119121e-06
5,700,8,3.599236379159265e-06
5,700,9,2.2664100924885133e-06
5,700,10,4.4833697643298365e-07
5,700,11,0.0
5,800,0,6.895329715916887e-05
5,800,1,7.892610301496461e-05
5,800,2,6.766277510905638e-05
5,800,3,4.128482032683678e-05
5,800,4,2.2118389097158797e-05
5,800,5,1.2594588952197228e-05
5,800,6,7.629440005985089e-06
5,800,7,5.4234155868471134e-06
5,800,8,3.6128544707025867e-06
5,800,9,2.411031118754181e-06
5,800,10,6.899365416757064e-07
5,800,11,0.0
5,900,0,6.668054993497208e-05
5,900,1,7.915738387964666e-05
5,900,2,6.0484864661702886e-05
5,900,3,4.211962368572131e-05
5,900,4,2.527556353015825e-05
5,900,5,1.378119304717984e-05
5,900,6,8.176407391147222e-06
5,900,7,5.662498551828321e-06
5,900,8,4.0521626942791045e-06
5,900,9,2.330879851797363e-06
5,900,10,6.303732220658276e-07
5,900,11,0.0
5,1000,0,5.367849735193886e-05
5,1000,1,6.627464608754963e-05
5,1000,2,5.433628030004911e-05
5,1000,3,3.504513006191701e-05
5,1000,4,2.301521089975722e-05
5,1000,5,1.0667196875147056e-05
5,1000,6,6.254601885302691e-06
5,1000,7,4.857870862906566e-06
5,1000,8,2.924616865129792e-06
5,1000,9,1.968682681763312e-06
5,1000,10,5.513097676157486e-07
5,1000,11,0.0
5,1100,0,6.584833317901939e-05
5,1100,1,7.433549035340548e-05
5,1100,2,7.299026765394956e-05
5,1100,3,4.728549538413063e-05
5,1100,4,2.7081530788564123e-05
5,1100,5,1.5538371371803805e-05
5,1100,6,8.407469067606144e-06
5,1100,7,6.176434908411466e-06
5,1100,8,4.034366156702163e-06
5,1100,9,2.8484250833571423e-06
5,1100,10,8.557462933822535e-07
5,1100,11,0.0
5,1200,0,7.696572720305994e-05
5,1200,1,7.823947089491412e-05
5,1200,2,6.13112497376278e-05
5,1200,3,4.2410625610500574e-05
5,1200,4,2.8544447559397668e-05
5,1200,5,1.37349516080576e-05
5,1200,6,8.950016308517661e-06
5,1200,7,6.409776233340381e-06
5,1200,8,4.587899184116395e-06
5,1200,9,2.708688953134697e-06
5,1200,10,8.225961778407509e-07
5,1200,11,0.0
6,0,0,5.9383841289673e-05
6,0,1,7.317295239772648e-05
6,0,2,5.8604699006536976e-05
6,0,3,3.8707745261490345e-05
6,0,4,2.5653311240603216e-05
6,0,5,1.4578641639673151e-05
6,0,6,8.079125109361485e-06
6,0,7,5.922675427427748e-06
6,0,8,3.936085704481229e-06
6,0,9,2.386075721005909e-06
6,0,10,7.520813483097299e-07
6,0,11,0.0
6,100,0,6.289387965807691e-05
6,100,1,7.189065217971802e-05
6,100,2,6.0303798818495125e-05
6,100,3,3.9226142689585686e-05
6,100,4,2.6718340450315736e-05
6,100,5,1.4479789570032153e-05
6,100,6,8.598711247032043e-06
6,100,7,6.152776677481597e-06
6,100,8,4.620819254341768e-06
6,100,9,2.6245322715112707e-06
6,100,10,8.276264225060004e-07
6,100,11,0.0
6,200,0,7.059000199660659e-05
6,200,1,8.909370808396488e-05
6,200,2,6.584337825188413e-05
6,200,3,5.090148624731228e-05
6,200,4,3.0189314202289097e-05
6,200,5,1.460591192881111e-05
6,200,6,9.32338025450008e-06
6,200,7,6.498055881820619e-06
6,200,8,4.384365183796035e-06
6,200,9,2.837189413185115e-06
6,200,10,8.701769047547714e-07
6,200,11,0.0
6,300,0,4.509361315285787e-05
6,300,1,5.2107858209637925e-05
6,300,2,4.252947474014945e-05
6,300,3,2.9251219530124217e-05
6,300,4,2.0281566321500577e-05
6,300,5,1.1282651939836796e-05
6,300,6,6.514763299492188e-06
6,300,7,4.597325641952921e-06
6,300,8,3.080786882492248e-06
6,300,9,2.138633362847031e-06
6,300,10,6.70291115056898e-07
6,300,11,0.0
6,400,0,7.855096919229254e-05
6,400,1,8.566745964344591e-05
6,400,2,6.552227569045499e-05
6,400,3,5.2057621360290796e-05
6,400,4,3.335728251840919e-05
6,400,5,1.753013930283487e-05
6,400,6,9.546182809572201e-06
6,400,7,6.977760222071083e-06
6,400,8,4.437880306795705e-06
6,400,9,2.8695162654912565e-06
6,400,10,9.947646049113246e-07
6,400,11,0.0
6,500,0,8.144212188199162e-05
6,500,1,8.895571227185428e-05
6,500,2,7.907501276349649e-05
6,500,3,5.7188102800864726e-05
6,500,4,3.521629696479067e-05
6,500,5,1.93883079191437e-05
6,500,6,1.1578912562981714e-05
6,500,7,8.569497367716394e-06
6,500,8,6.083694643166382e-06
6,500,9,4.088044534000801e-06
6,500,10,1.4461891169048613e-06
6,500,11,0.0
6,600,0,8.224923658417538e-05
6,600,1,7.701472350163385e-05
6,600,2,6.939480226719752e-05
6,600,3,5.5584485380677506e-05
6,600,4,3.757731610676274e-05
6,600,5,1.739673643896822e-05
6,600,6,1.1147705663461238e-05
6,600,7,8.089113180176355e-06
6,600,8,4.933890068059554e-06
6,600,9,3.662403742055176e-06
6,600,10,1.2810701264243107e-06
6,600,11,0.0
6,700,0,8.0959900515154e-05
6,700,1,8.66385453264229e-05
6,700,2,7.535508484579623e-05
6,700,3,5.430091550806537e-05
6,700,4,3.585394733818248e-05
6,700,5,1.8704204194364138e-05
6,700,6,1.1638055184448604e-05
6,700,7,8.396918019570876e-06
6,700,8,6.350521289277822e-06
6,700,9,3.9811084207030945e-06
6,700,10,1.472839016969374e-06
6,700,11,0.0
6,800,0,5.419502849690616e-05
6,800,1,7.306382758542895e-05
6,800,2,6.666224362561479e-05
6,800,3,4.58125832665246e-05
6,800,4,3.2579268008703366e-05
6,800,5,1.6325031538144685e-05
6,800,6,9.712155588204041e-06
6,800,7,6.885137736389879e-06
6,800,8,4.414749582792865e-06
6,800,9,3.6416413422557525e-06
6,800,10,1.340759013146453e-06
6,800,11,0.0
6,900,0,5.9129502915311605e-05
6,900,1,7.503019878640771e-05
6,900,2,6.983676576055586e-05
6,900,3,4.7955294576240703e-05
6,900,4,3.185267996741459e-05
6,900,5,1.6300629795296118e-05
6,900,6,9.870869689621031e-06
6,900,7,7.5467828537512105e-06
6,900,8,4.736434675578494e-06
6,900,9,3.1397958082379773e-06
6,900,10,1.0437904620630434e-06
6,900,11,0.0
6,1000,0,0.00010372568794991821
6,1000,1,0.00011959220137214288
6,1000,2,9.126121585723013e-05
6,1000,3,6.935330020496622e-05
6,1000,4,4.8896781663643196e-05
6,1000,5,2.2097925466368906e-05
6,1000,6,1.3696771929971874e-05
6,1000,7,9.957527254300658e-06
6,1000,8,6.366001798596699e-06
6,1000,9,4.357282250566641e-06
6,1000,10,1.5902538734735572e-06
6,1000,11,0.0
6,1100,0,8.903045818442479e-05
6,1100,1,0.00010025988740380853
6,1100,2,8.133798837661743e-05
6,1100,3,5.9931044233962893e-05
6,1100,4,4.329014336690307e-05
6,1100,5,1.9447787053650245e-05
6,1100,6,1.3377789400692564e-05
6,1100,7,8.859738045430277e-06
6,1100,8,6.575775387318572e-06
6,1100,9,4.43585122411605e-06
6,1100,10,1.4691584055981366e-06
6,1100,11,0.0
6,1200,0,0.0001074333194992505
6,1200,1,0.00012950175732839853
6,1200,2,0.00010372893302701414
6,1200,3,7.985148840816692e-05
6,1200,4,5.4290256230160594e-05
6,1200,5,2.788126039376948e-05
6,1200,6,1.7287406080868095e-05
6,1200,7,1.249540855496889e-05
6,1200,8,8.100109880615491e-06
6,1200,9,5.346763828129042e-06
6,1200,10,1.8552466372057097e-06
6,1200,11,0.0
7,0,0,6.40513317193836e-05
7,0,1,7.713516242802143e-05
7,0,2,6.60700534353964e-05
7,0,3,4.567471478367224e-05
7,0,4,3.78235308744479e-05
7,0,5,1.8957067368319258e-05
7,0,6,1.095919287763536e-05
7,0,7,7.882941645220853e-06
7,0,8,5.121925823914353e-06
7,0,9,4.12282497563865e-06
7,0,10,1.2133858717788826e-06
7,0,11,0.0
7,100,0,7.785057823639363e-05
7,100,1,9.998614405049011e-05
7,100,2,7.801983156241477e-05
7,100,3,5.922820491832681e-05
7,100,4,4.290901779313572e-05
7,100,5,2.2541194994118996e-05
7,100,6,1.4013201507623307e-05
7,100,7,9.423348274140153e-06
7,100,8,6.388919700839324e-06
7,100,9,4.030840045743389e-06
7,100,10,1.7269949239562266e-06
7,100,11,0.0
7,200,0,7.693157385801896e-05
7,200,1,0.00011094157525803894
7,200,2,9.094557753996924e-05
7,200,3,6.837213004473597e-05
7,200,4,4.964446270605549e-05
7,200,5,2.2266194719122723e-05
7,200,6,1.485594293626491e-05
7,200,7,1.0701917744881939e-05
7,200,8,7.163433110690676e-06
7,200,9,5.065222012490267e-06
7,200,10,1.7931857883013436e-06
7,200,11,0.0
7,300,0,8.872860780684277e-05
7,300,1,9.931435488397256e-05
7,300,2,8.807019185042009e-05
7,300,3,7.151679164962843e-05
7,300,4,5.193188553676009e-05
7,300,5,2.6929441446554847e-05
7,300,6,1.587748010933865e-05
7,300,7,1.1013605217158329e-05
7,300,8,6.83525513522909e-06
7,300,9,4.4149965106043965e-06
7,300,10,1.6713884178898297e-06
7,300,11,0.0
7,400,0,0.00011336169700371101
7,400,1,0.00011279449245193973
7,400,2,0.00010345465852878988
7,400,3,7.359150185948238e-05
7,400,4,6.042786844773218e-05
7,400,5,3.2965097489068285e-05
7,400,6,1.712721677904483e-05
7,400,7,1.2610606972884852e-05
7,400,8,9.197137842420489e-06
7,400,9,6.347564976749709e-06
7,400,10,2.227909590146737e-06
7,400,11,0.0
7,500,0,0.00010386481881141663
7,500,1,0.00011180228466400877
7,500,2,0.00010456392192281783
7,500,3,7.139659282984212e-05
7,500,4,5.728942414862104e-05
7,500,5,2.866325667127967e-05
7,500,6,1.635352600715123e-05
7,500,7,1.1656245078484062e-05
7,500,8,8.27820895210607e-06
7,500,9,5.725181381421862e-06
7,500,10,2.05575929612678e-06
7,500,11,0.0
7,600,0,7.200135587481782e-05
7,600,1,9.545936336508021e-05
7,600,2,9.197591862175614e-05
7,600,3,6.492697866633534e-05
7,600,4,5.089664409752004e-05
7,600,5,2.3514767235610634e-05
7,600,6,1.2648007214011159e-05
7,600,7,1.1081169759563636e-05
7,600,8,6.159622444101842e-06
7,600,9,4.520053153100889e-06
7,600,10,1.7894038819576963e-06
7,600,11,0.0
7,700,0,9.757348016137257e-05
7,700,1,0.00013292449875734746
7,700,2,0.0001052639345289208
7,700,3,7.854914292693138e-05
7,700,4,6.136055162642151e-05
7,700,5,3.16506702802144e-05
7,700,6,1.6685093214618973e-05
7,700,7,1.2633679034479428e-05
7,700,8,8.30966564535629e-06
7,700,9,5.314773261488881e-06
7,700,10,1.8791404272633372e-06
7,700,11,0.0
7,800,0,9.479153959546238e-05
7,800,1,0.00011126061872346327
7,800,2,8.785662794252858e-05
7,800,3,6.759198731742799e-05
7,800,4,5.5259351938730106e-05
7,800,5,3.073995321756229e-05
7,800,6,1.8999442545464262e-05
7,800,7,1.3221461813373026e-05
7,800,8,9.354993380839005e-06
7,800,9,6.331818440230563e-06
7,800,10,2.2840797555545578e-06
7,800,11,0.0
7,900,0,0.00010088613635161892
7,900,1,0.00010958138591377065
7,900,2,9.954041161108762e-05
7,900,3,7.211275806184858e-05
7,900,4,5.668581434292719e-05
7,900,5,2.8474089049268514e-05
7,900,6,1.7628708519623615e-05
7,900,7,1.3876741832063999e-05
7,900,8,7.59590648158337e-06
7,900,9,5.644492375722621e-06
7,900,10,2.207160605394165e-06
7,900,11,0.0
7,1000,0,9.224932000506669e-05
7,1000,1,0.00011993751832051203
7,1000,2,9.99937328742817e-05
7,1000,3,7.777457358315587e-05
7,1000,4,6.51615991955623e-05
7,1000,5,3.0738017812836915e-05
7,1000,6,1.8152457414544187e-05
7,1000,7,1.4674284102511592e-05
7,1000,8,8.059799256443512e-06
7,1000,9,5.79893276153598e-06
7,1000,10,2.4104097064991947e-06
7,1000,11,0.0
7,1100,0,9.43966006161645e-05
7,1100,1,0.00011188161442987621
7,1100,2,0.00010130910959560424
7,1100,3,7.178553642006591e-05
7,1100,4,5.959557165624574e-05
7,1100,5,2.715736445679795e-05
7,1100,6,1.5325629647122696e-05
7,1100,7,1.2230353604536504e-05
7,1100,8,7.679850568820257e-06
7,1100,9,5.542154212889727e-06
7,1100,10,1.8473524505679961e-06
7,1100,11,0.0
7,1200,0,0.0001122906178352423
7,1200,1,0.00013750066864304245
7,1200,2,0.00012294546468183398
7,1200,3,9.951427637133747e-05
7,1200,4,7.583734986837953e-05
7,1200,5,3.7919300666544586e-05
7,1200,6,2.319717350474093e-05
7,1200,7,1.5876734323683195e-05
7,1200,8,9.9362596301944e-06
7,1200,9,7.062113127176417e-06
7,1200,10,2.8772635687346337e-06
7,1200,11,0.0
8,0,0,0.00010766566992970183
8,0,1,0.00013755739200860262
8,0,2,0.00010931961151072755
8,0,3,8.982100553112105e-05
8,0,4,7.52147680032067e-05
8,0,5,3.742131229955703e-05
8,0,6,2.0703346308437176e-05
8,0,7,1.5899278878350742e-05
8,0,8,9.457005035073962e-06
8,0,9,6.904946985741844e-06
8,0,10,2.6572008664516034e-06
8,0,11,0.0
8,100,0,9.284733823733404e-05
8,100,1,0.0001150174139183946
8,100,2,0.00010953065793728456
8,100,3,8.774743764661252e-05
8,100,4,7.401983020827174e-05
8,100,5,3.3464842999819666e-05
8,100,6,1.8883440134231932e-05
8,100,7,1.4680905223940499e-05
8,100,8,9.343892998003867e-06
8,100,9,5.457315637613647e-06
8,100,10,2.555873379606055e-06
8,100,11,0.0
8,200,0,0.00011924906721105799
8,200,1,0.00014397992345038801
8,200,2,0.00013310892973095179
8,200,3,0.00010561895032878965
8,200,4,8.512487693224102e-05
8,200,5,4.2726464016595855e-05
8,200,6,2.2813395844423212e-05
8,200,7,1.780530328687746e-05
8,200,8,1.1542572792677674e-05
8,200,9,7.269471552717732e-06
8,200,10,3.1291760933527257e-06
8,200,11,0.0
8,300,0,0.00010360316809965298
8,300,1,0.00012974595301784575
8,300,2,0.00012197826436022297
8,300,3,9.497652354184538e-05
8,300,4,7.652048952877522e-05
8,300,5,3.6138506402494386e-05
8,300,6,2.0242317987140268e-05
8,300,7,1.6748765119700693e-05
8,300,8,9.885528925224207e-06
8,300,9,6.253875199035974e-06
8,300,10,2.5734475457284134e-06
8,300,11,0.0
8,400,0,9.743878763401881e-05
8,400,1,0.0001480205391999334
8,400,2,0.00010614605707814917
8,400,3,8.459497621515766e-05
8,400,4,7.133081089705229e-05
8,400,5,3.691725214594044e-05
8,400,6,1.897746551549062e-05
8,400,7,1.486792098148726e-05
8,400,8,9.373015018354636e-06
8,400,9,6.272340215218719e-06
8,400,10,2.4710441266506677e-06
8,400,11,0.0
8,500,0,0.0001019253977574408
8,500,1,0.00012044597679050639
8,500,2,0.00010552800085861236
8,500,3,8.564712334191427e-05
8,500,4,6.301314715528861e-05
8,500,5,3.466349880909547e-05
8,500,6,1.97030276467558e-05
8,500,7,1.6220590623561293e-05
8,500,8,9.259241778636351e-06
8,500,9,6.70681265546591e-06
8,500,10,2.391695034020813e-06
8,500,11,0.0
8,600,0,0.0001106482304749079
8,600,1,0.00015624015941284597
8,600,2,0.0001226866734214127
8,600,3,8.590106153860688e-05
8,600,4,7.368889055214822e-05
8,600,5,3.908211874659173e-05
8,600,6,2.0345092707430013e-05
8,600,7,1.6337706256308593e-05
8,600,8,9.833717740548309e-06
8,600,9,6.86881503497716e-06
8,600,10,3.1566444249619963e-06
8,600,11,0.0
8,700,0,9.924639743985608e-05
8,700,1,0.00013067809049971402
8,700,2,0.0001173972777905874
8,700,3,9.652593871578574e-05
8,700,4,7.185323192970827e-05
8,700,5,3.834083690890111e-05
8,700,6,2.0593048247974366e-05
8,700,7,1.6316929759341292e-05
8,700,8,9.952435902960133e-06
8,700,9,6.690295322187012e-06
8,700,10,2.5808408281591255e-06
8,700,11,0.0
8,800,0,0.00010623549314914271
8,800,1,0.00012808223254978657
8,800,2,0.00013258575927466154
8,800,3,9.417715045856312e-05
8,800,4,8.10059136711061e-05
8,800,5,3.920849121641368e-05
8,800,6,2.520487214496825e-05
8,800,7,1.8325688870390877e-05
8,800,8,9.83548306976445e-06
8,800,9,6.850765657873126e-06
8,800,10,3.35119011651841e-06
8,800,11,0.0
8,900,0,8.8376400526613e-05
8,900,1,0.00011200402514077723
8,900,2,0.00011928885214729235
8,900,3,9.563939966028556e-05
8,900,4,7.801226456649601e-05
8,900,5,3.724584894371219e-05
8,900,6,2.058447898889426e-05
8,900,7,1.597461050550919e-05
8,900,8,9.66975130722858e-06
8,900,9,5.867490926902974e-06
8,900,10,2.5753365662239958e-06
8,900,11,0.0
8,1000,0,0.00011517846724018455
8,1000,1,0.00015082162281032652
8,1000,2,0.00015002756845206022
8,1000,3,0.00010742632730398327
8,1000,4,9.37345830607228e-05
8,1000,5,5.330253770807758e-05
8,1000,6,2.618237522256095e-05
8,1000,7,2.1508683857973665e-05
8,1000,8,1.2256558875378687e-05
8,1000,9,7.95113646745449e-06
8,1000,10,3.7967372463754145e-06
8,1000,11,0.0
8,1100,0,0.00010930975986411795
8,1100,1,0.00014729014947079122
8,1100,2,0.00014902421389706433
8,1100,3,0.00010799182928167284
8,1100,4,0.00010119675425812602
8,1100,5,5.319016054272652e-05
8,1100,6,2.4937737180152908e-05
8,1100,7,2.1938052668701857e-05
8,1100,8,1.1240425919822883e-05
8,1100,9,7.778208782838192e-06
8,1100,10,4.060833362018457e-06
8,1100,11,0.0
8,1200,0,0.00012592044367920607
8,1200,1,0.00013301361468620598
8,1200,2,0.00011842387175420299
8,1200,3,0.00011159521818626672
8,1200,4,8.78528444445692e-05
8,1200,5,4.312314194976352e-05
8,1200,6,2.4419170586043037e-05
8,1200,7,2.085066444124095e-05
8,1200,8,1.0936563739960548e-05
8,1200,9,7.822687621228397e-06
8,1200,10,3.660001084426767e-06
8,1200,11,0.0
9,0,0,9.845580643741414e-05
9,0,1,0.00012914143735542893
9,0,2,0.00013218891399446875
9,0,3,9.009642963064834e-05
9,0,4,8.636293932795525e-05
9,0,5,4.518735659075901e-05
9,0,6,2.528697223169729e-05
9,0,7,1.9698383766808547e-05
9,0,8,1.0364592526457272e-05
9,0,9,7.401347374980105e-06
9,0,10,2.957639935630141e-06
9,0,11,0.0
9,100,0,0.00011237709259148687
9,100,1,0.00013758665591012686
9,100,2,0.00012863885785918683
9,100,3,0.00010102578380610794
9,100,4,9.377999958815053e-05
9,100,5,4.512405939749442e-05
9,100,6,2.3622911612619646e-05
9,100,7,2.0798916011699475e-05
9,100,8,1.1433217878220603e-05
9,100,9,8.103216714516748e-06
9,100,10,3.652870418591192e-06
9,100,11,0.0
9,200,0,0.00011792041914304718
9,200,1,0.0001484748936491087
9,200,2,0.0001342471077805385
9,200,3,0.00010693853255361319
9,200,4,9.339184180134907e-05
9,200,5,4.3815998651552945e-05
9,200,6,2.513048457331024e-05
9,200,7,2.0799352569156326e-05
9,200,8,1.2128540220146533e-05
9,200,9,7.898384865256958e-06
9,200,10,3.4308945942029823e-06
9,200,11,0.0
9,300,0,0.00013766560005024076
9,300,1,0.00014502300473395735
9,300,2,0.0001387614174745977
9,300,3,0.00010577059583738446
9,300,4,8.264339703600854e-05
9,300,5,4.4091098970966414e-05
9,300,6,2.4017866962822154e-05
9,300,7,1.8972466932609677e-05
9,300,8,1.009812876873184e-05
9,300,9,6.140224741102429e-06
9,300,10,2.932385541498661e-06
9,300,11,0.0
9,400,0,0.00015540271124336869
9,400,1,0.0001639686233829707
9,400,2,0.00015171596896834671
9,400,3,0.00013966660480946302
9,400,4,9.677976777311414e-05
9,400,5,5.2369257900863886e-05
9,400,6,3.179522173013538e-05
9,400,7,2.468709681124892e-05
9,400,8,1.4687021575809922e-05
9,400,9,1.046059242071351e-05
9,400,10,4.068913312949007e-06
9,400,11,0.0
9,500,0,0.00013399295858107507
9,500,1,0.00016710629279259592
9,500,2,0.00013593575567938387
9,500,3,0.00011724893556674942
9,500,4,9.753370977705345e-05
9,500,5,5.083630821900442e-05
9,500,6,2.9031700250925496e-05
9,500,7,2.300797132193111e-05
9,500,8,1.2745289495796897e-05
9,500,9,8.86126326804515e-06
9,500,10,3.992744041170226e-06
9,500,11,0.0
9,600,0,0.00013509763812180609
9,600,1,0.00015693900058977306
9,600,2,0.00015469634672626853
9,600,3,0.0001247810578206554
9,600,4,0.00010450165427755564
9,600,5,5.265255822450854e-05
9,600,6,3.237440250813961e-05
9,600,7,2.41371089941822e-05
9,600,8,1.2990582035854459e-05
9,600,9,9.087524631468114e-06
9,600,10,3.962943537771935e-06
9,600,11,0.0
9,700,0,0.00012713114847429097
9,700,1,0.00016968336421996355
9,700,2,0.00016012112610042095
9,700,3,0.00013501584180630744
9,700,4,0.00011292381532257423
9,700,5,5.593431706074625e-05
9,700,6,3.7702957342844456e-05
9,700,7,2.6978326786775142e-05
9,700,8,1.4432456737267785e-05
9,700,9,9.582968232280109e-06
9,700,10,4.5987403609615285e-06
9,700,11,0.0
9,800,0,0.00017608767666388303
9,800,1,0.00018217717297375202
9,800,2,0.00015861235442571342
9,800,3,0.00012760375102516264
9,800,4,0.00012110621901229024
9,800,5,6.235231558093801e-05
9,800,6,3.6297082260716707e-05
9,800,7,2.7924959795200266e-05
9,800,8,1.4537305105477571e-05
9,800,9,9.93848607322434e-06
9,800,10,4.325283043726813e-06
9,800,11,0.0
9,900,0,0.00014847394777461886
9,900,1,0.00018340368114877492
9,900,2,0.0001757771533448249
9,900,3,0.00013533009041566402
9,900,4,0.00012704968685284257
9,900,5,6.886560004204512e-05
9,900,6,3.510573151288554e-05
9,900,7,2.8036194635205902e-05
9,900,8,1.4197312339092605e-05
9,900,9,9.58020336838672e-06
9,900,10,4.271224497642834e-06
9,900,11,0.0
9,1000,0,0.00012264600081834942
9,1000,1,0.00016118548228405416
9,1000,2,0.00015276619524229318
9,1000,3,0.00011709233513101935
9,1000,4,0.00011361148790456355
9,1000,5,5.3595755161950365e-05
9,1000,6,3.2188912882702425e-05
9,1000,7,2.6299099772586487e-05
9,1000,8,1.3762360140390228e-05
9,1000,9,9.721263268147595e-06
9,1000,10,5.165688435226912e-06
9,1000,11,0.0
9,1100,0,0.0001555810304125771
9,1100,1,0.00017083993589039892
9,1100,2,0.00018122293113265187
9,1100,3,0.00013720488641411066
9,1100,4,0.0001287010672967881
9,1100,5,6.586709059774876e-05
9,1100,6,3.95477945858147e-05
9,1100,7,2.9874532629037276e-05
9,1100,8,1.6332776795024984e-05
9,1100,9,1.1318933502479922e-05
9,1100,10,5.479477295011748e-06
9,1100,11,0.0
9,1200,0,0.00014616810949519277
9,1200,1,0.00018674788589123636
9,1200,2,0.0001589604071341455
9,1200,3,0.000135967115056701
9,1200,4,0.00010675442172214389
9,1200,5,5.6215667427750304e-05
9,1200,6,3.5450273571768776e-05
9,1200,7,2.5829194783000275e-05
9,1200,8,1.4017402463650797e-05
9,1200,9,1.0654523975972552e-05
9,1200,10,4.883619112661108e-06
9,1200,11,0.0
10,0,0,0.0001579334493726492
10,0,1,0.00017515143554192036
10,0,2,0.00018229398119729012
10,0,3,0.00014364249364007264
10,0,4,0.0001272598165087402
10,0,5,5.8474081015447155e-05
10,0,6,3.599770207074471e-05
10,0,7,2.847370160452556e-05
10,0,8,1.5009301932877861e-05
10,0,9,1.0356707207392901e-05
10,0,10,4.862661626248155e-06
10,0,11,0.0
10,100,0,0.00012720766244456172
10,100,1,0.00016254553338512778
10,100,2,0.00016373972175642848
10,100,3,0.00011880881356773898
10,100,4,0.00010681648564059287
10,100,5,5.938419417361729e-05
10,100,6,3.6741854273714125e-05
10,100,7,2.787826451822184e-05
10,100,8,1.4552516404364724e-05
10,100,9,1.1210633601876907e-05
10,100,10,4.9424033932155e-06
10,100,11,0.0
10,200,0,0.0001808787346817553
10,200,1,0.0002059704711427912
10,200,2,0.00019659653480630368
10,200,3,0.0001618951209820807
10,200,4,0.0001285747130168602
10,200,5,6.427245534723625e-05
10,200,6,4.033211735077202e-05
10,200,7,3.008121893799398e-05
10,200,8,1.681100548012182e-05
10,200,9,1.321751915384084e-05
10,200,10,5.603471890935907e-06
10,200,11,0.0
10,300,0,0.00014524902508128434
10,300,1,0.00020828968263231218
10,300,2,0.00019100939971394837
10,300,3,0.00016032866551540792
10,300,4,0.00013655319344252348
10,300,5,7.090741564752534e-05
10,300,6,4.367344081401825e-05
10,300,7,3.171811476931907e-05
10,300,8,1.750833871483337e-05
10,300,9,1.2937157407577615e-05
10,300,10,7.089578957675258e-06
10,300,11,0.0
10,400,0,0.00015097312279976904
10,400,1,0.00018217637261841446
10,400,2,0.00019195098138879985
10,400,3,0.00014218215073924512
10,400,4,0.00012333164340816438
10,400,5,6.551695696543902e-05
10,400,6,4.008903124486096e-05
10,400,7,2.94845704047475e-05
10,400,8,1.7503196431789547e-05
10,400,9,1.220605645357864e-05
10,400,10,5.638814855046803e-06
10,400,11,0.0
10,500,0,0.00014685413043480366
10,500,1,0.00018012842338066548
10,500,2,0.00017628530622459948
10,500,3,0.00013828399823978543
10,500,4,0.00012846084428019822
10,500,5,7.004397048149258e-05
10,500,6,4.6816821850370616e-05
10,500,7,2.8932912755408324e-05
10,500,8,1.5736046407255344e-05
10,500,9,1.2895179679617286e-05
10,500,10,5.514246822713176e-06
10,500,11,0.0
10,600,0,0.00015388792962767184
10,600,1,0.00020871483138762414
10,600,2,0.00020004852558486164
10,600,3,0.000163708085892722
10,600,4,0.0001354448904749006
10,600,5,7.428012031596154e-05
10,600,6,5.044557838118635e-05
10,600,7,3.235651820432395e-05
10,600,8,1.8768225345411338e-05
10,600,9,1.114340739150066e-05
10,600,10,5.591881290456513e-06
10,600,11,0.0
10,700,0,0.00016405234055127949
10,700,1,0.00019248617172706872
10,700,2,0.0001992704492295161
10,700,3,0.00016197623335756361
10,700,4,0.0001400974579155445
10,700,5,7.209843170130625e-05
10,700,6,4.918105696560815e-05
10,700,7,3.272839239798486e-05
10,700,8,1.722683555271942e-05
10,700,9,1.1307709428365342e-05
10,700,10,5.568979304371169e-06
10,700,11,0.0
10,800,0,0.00013874650176148862
10,800,1,0.00016619516827631742
10,800,2,0.00015486586198676378
10,800,3,0.00011810714204329997
10,800,4,0.0001127443028963171
10,800,5,6.069779919926077e-05
10,800,6,4.099318903172389e-05
10,800,7,2.882680382754188e-05
10,800,8,1.4036244465387426e-05
10,800,9,9.6744297479745e-06
10,800,10,4.8915371735347435e-06
10,800,11,0.0
10,900,0,0.0001541811798233539
10,900,1,0.00020189335918985307
10,900,2,0.00020003276586066931
10,900,3,0.00015024722961243242
10,900,4,0.00014534425281453878
10,900,5,7.254083902807906e-05
10,900,6,4.590987373376265e-05
10,900,7,3.433352685533464e-05
10,900,8,1.8725413610809483e-05
10,900,9,1.1032957445422653e-05
10,900,10,6.75334058541921e-06
10,900,11,0.0
10,1000,0,0.00018187161185778677
10,1000,1,0.00020404462702572346
10,1000,2,0.00022485862427856773
10,1000,3,0.00016713007062207907
10,1000,4,0.00012706551933661103
10,1000,5,7.611323235323653e-05
10,1000,6,5.2367620810400695e-05
10,1000,7,3.7437755963765085e-05
10,1000,8,1.7748794562066905e-05
10,1000,9,1.3017961464356631e-05
10,1000,10,5.795194738311693e-06
10,1000,11,0.0
10,1100,0,0.00019758546841330826
10,1100,1,0.00023445991973858327
10,1100,2,0.00021637931058648974
10,1100,3,0.00016015919391065836
10,1100,4,0.0001489748538006097
10,1100,5,8.307047392008826e-05
10,1100,6,5.085266457172111e-05
10,1100,7,3.774190918193199e-05
10,1100,8,2.164061152143404e-05
10,1100,9,1.3054664123046678e-05
10,1100,10,8.003656148503069e-06
10,1100,11,0.0
10,1200,0,0.00018959805311169475
10,1200,1,0.00022168428404256701
10,1200,2,0.00020632651285268366
10,1200,3,0.00016579679504502565
10,1200,4,0.00014599977293983102
10,1200,5,8.899406384443864e-05
10,1200,6,5.491041883942671e-05
10,1200,7,4.035869278595783e-05
10,1200,8,2.216290704382118e-05
10,1200,9,1.4191073205438443e-05
10,1200,10,6.930434665264329e-06
10,1200,11,0.0
11,0,0,0.00018085885676555336
11,0,1,0.0002110173663822934
11,0,2,0.00023857485211919993
11,0,3,0.00017023550753947347
11,0,4,0.0001371822290821001
11,0,5,8.083195280050859e-05
11,0,6,5.197762220632285e-05
11,0,7,3.523299528751522e-05
11,0,8,1.8952288883156143e-05
11,0,9,1.339997470495291e-05
11,0,10,6.482916433014907e-06
11,0,11,0.0
11,100,0,0.00015282818640116602
11,100,1,0.00018741721578408033
11,100,2,0.00018706814444158226
11,100,3,0.00014567005564458668
11,100,4,0.00014503956481348723
11,100,5,7.261655991896987e-05
11,100,6,4.979185541742481e-05
11,100,7,3.260430821683258e-05
11,100,8,1.56583064381266e-05
11,100,9,1.0414697499072645e-05
11,100,10,5.594303274847334e-06
11,100,11,0.0
11,200,0,0.00019670552865136415
11,200,1,0.0002092084032483399
11,200,2,0.000228686083573848
11,200,3,0.00017208801000379026
11,200,4,0.000152934982907027
11,200,5,8.155166869983077e-05
11,200,6,5.74638725083787e-05
11,200,7,3.890184234478511e-05
11,200,8,1.9932353097829036e-05
11,200,9,1.2133072232245468e-05
11,200,10,6.260416739678476e-06
11,200,11,0.0
11,300,0,0.00019174336921423674
11,300,1,0.00023500071256421506
11,300,2,0.00021213202853687108
11,300,3,0.0001649218174861744
11,300,4,0.00014710526738781482
11,300,5,8.444600825896487e-05
11,300,6,5.813849202240817e-05
11,300,7,3.957684384658933e-05
11,300,8,2.0695026250905357e-05
11,300,9,1.2645849892578553e-05
11,300,10,7.03817340763635e-06
11,300,11,0.0
11,400,0,0.0002227793593192473
11,400,1,0.0002471856423653662
11,400,2,0.00026318017626181245
11,400,3,0.00018627027748152614
11,400,4,0.00015960562450345606
11,400,5,8.810683357296512e-05
11,400,6,5.899108509765938e-05
11,400,7,4.4678919948637486e-05
11,400,8,2.2766704205423594e-05
11,400,9,1.4294661013991572e-05
11,400,10,7.666132660233416e-06
11,400,11,0.0
11,500,0,0.00023842939117457718
11,500,1,0.00027652064454741776
11,500,2,0.00025826189084909856
11,500,3,0.0002019442617893219
11,500,4,0.00017881642270367593
11,500,5,0.00010257318353978917
11,500,6,7.41011172067374e-05
11,500,7,4.7176119551295415e-05
11,500,8,2.2856549549032934e-05
11,500,9,1.5021572835394181e-05
11,500,10,7.744990398350637e-06
11,500,11,0.0
11,600,0,0.00021994281269144267
11,600,1,0.0002371797017985955
11,600,2,0.00021941500017419457
11,600,3,0.00017724621284287423
11,600,4,0.00015560003521386534
11,600,5,9.064052574103698e-05
11,600,6,6.192908767843619e-05
11,600,7,4.256551619619131e-05
11,600,8,2.3079572201822884e-05
11,600,9,1.411169705534121e-05
11,600,10,6.878048225189559e-06
11,600,11,0.0
11,700,0,0.0001798438315745443
11,700,1,0.00022134263417683542
11,700,2,0.00022483734937850386
11,700,3,0.00018591334810480475
11,700,4,0.00018818318494595587
11,700,5,8.60585059854202e-05
11,700,6,5.73505531065166e-05
11,700,7,4.264500967110507e-05
11,700,8,2.120792487403378e-05
11,700,9,1.4359959095600061e-05
11,700,10,7.143345555959968e-06
11,700,11,0.0
11,800,0,0.000202400260604918
11,800,1,0.0002508123288862407
11,800,2,0.00023613825032953173
11,800,3,0.00019968437845818698
11,800,4,0.00016311150102410465
11,800,5,8.868976874509826e-05
11,800,6,6.44130414002575e-05
11,800,7,4.300594810047187e-05
11,800,8,2.214808228018228e-05
11,800,9,1.3565533663495444e-05
11,800,10,7.357517915806966e-06
11,800,11,0.0
11,900,0,0.00022627541329711676
11,900,1,0.0002416755596641451
11,900,2,0.00023639333085156977
11,900,3,0.0001994668855331838
11,900,4,0.00016586460696998984
11,900,5,9.396037057740614e-05
11,900,6,6.573677092092112e-05
11,900,7,4.496334076975472e-05
11,900,8,2.0601359210559167e-05
11,900,9,1.3981868505652528e-05
11,900,10,7.077705049596261e-06
11,900,11,0.0
11,1000,0,0.00020202237647026777
11,1000,1,0.0002348746347706765
11,1000,2,0.00020602434233296663
11,1000,3,0.0001685022871242836
11,1000,4,0.0001604318676982075
11,1000,5,9.265235712518916e-05
11,1000,6,6.893937097629532e-05
11,1000,7,4.133522816118784e-05
11,1000,8,2.0735931684612297e-05
11,1000,9,1.2765521205437835e-05
11,1000,10,6.780891908420017e-06
11,1000,11,0.0
11,1100,0,0.00020921803661622107
11,1100,1,0.0002442020340822637
11,1100,2,0.00022143710521049798
11,1100,3,0.000181951851118356
11,1100,4,0.00015639794582966715
11,1100,5,9.193531877826899e-05
11,1100,6,6.49023859295994e-05
11,1100,7,4.411210466059856e-05
11,1100,8,2.0949324607499875e-05
11,1100,9,1.3776264495390933e-05
11,1100,10,7.362767519225599e-06
11,1100,11,0.0
11,1200,0,0.0002647164510563016
11,1200,1,0.0002501777489669621
11,1200,2,0.00026610473287291825
11,1200,3,0.00019440983305685222
11,1200,4,0.0001689538621576503
11,1200,5,0.00010569124424364418
11,1200,6,7.561702659586444e-05
11,1200,7,4.790208549820818e-05
11,1200,8,2.2161226297612302e-05
11,1200,9,1.5483490642509423e-05
11,1200,10,7.259134690684732e-06
11,1200,11,0.0
12,0,0,0.00023248285287991166
12,0,1,0.000281472981441766
12,0,2,0.0002880966349039227
12,0,3,0.00021352602925617248
12,0,4,0.0001896855974337086
12,0,5,0.00010549742728471756
12,0,6,7.50813414924778e-05
12,0,7,5.1396807975834236e-05
12,0,8,2.568900163169019e-05
12,0,9,1.6022700947360136e-05
12,0,10,9.003857485367917e-06
12,0,11,0.0
12,100,0,0.0002046277659246698
12,100,1,0.00028469564858824015
12,100,2,0.00026523612905293703
12,100,3,0.0002173951652366668
12,100,4,0.00018968871154356748
12,100,5,0.00011370778520358726
12,100,6,7.641975389560685e-05
12,100,7,5.209837399888784e-05
12,100,8,2.6498955776332878e-05
12,100,9,1.5535108104813844e-05
12,100,10,8.747249012230895e-06
12,100,11,0.0
12,200,0,0.00022774221724830568
12,200,1,0.00030353618785738945
12,200,2,0.0002629597729537636
12,200,3,0.00021370103058870882
12,200,4,0.0001890163403004408
12,200,5,0.00010346627823309973
12,200,6,8.81387313711457e-05
12,200,7,5.331734428182244e-05
12,200,8,2.5705525331432e-05
12,200,9,1.641560265852604e-05
12,200,10,8.174650247383397e-06
12,200,11,0.0
12,300,0,0.0002272639685543254
12,300,1,0.0002560502616688609
12,300,2,0.0002654802519828081
12,300,3,0.00021925030159763992
12,300,4,0.00019490030535962433
12,300,5,0.00010765661863842979
12,300,6,7.249444024637341e-05
12,300,7,5.259231693344191e-05
12,300,8,2.7294165192870423e-05
12,300,9,1.5604269719915465e-05
12,300,10,8.100928425847087e-06
12,300,11,0.0
12,400,0,0.00023163965670391917
12,400,1,0.0002913108328357339
12,400,2,0.00030557994614355266
12,400,3,0.00022287768661044538
12,400,4,0.0002440207899780944
12,400,5,0.00012664904352277517
12,400,6,9.037002746481448e-05
12,400,7,6.061387830413878e-05
12,400,8,3.0573701224057004e-05
12,400,9,1.8581878975965083e-05
12,400,10,9.698828762338962e-06
12,400,11,0.0
12,500,0,0.00027445575688034296
12,500,1,0.0002716576855164021
12,500,2,0.00027850334299728274
12,500,3,0.00023147306637838483
12,500,4,0.00018178475147578865
12,500,5,0.00010910131823038682
12,500,6,8.001509559107944e-05
12,500,7,5.1336290198378265e-05
12,500,8,2.7150994355906732e-05
12,500,9,1.8983824702445418e-05
12,500,10,1.0358582585467957e-05
12,500,11,0.0
12,600,0,0.00028624641709029675
12,600,1,0.00027878902619704604
12,600,2,0.0002941195562016219
12,600,3,0.00023448088904842734
12,600,4,0.00019562598026823252
12,600,5,0.00011272139090579003
12,600,6,7.68636236898601e-05
12,600,7,5.593756941379979e-05
12,600,8,2.6498108127270825e-05
12,600,9,1.7185839169542305e-05
12,600,10,8.184358193830121e-06
12,600,11,0.0
12,700,0,0.0002499251568224281
12,700,1,0.00028155918698757887
12,700,2,0.000270295626251027
12,700,3,0.0002365642285440117
12,700,4,0.00019948621047660708
12,700,5,0.00011468195589259267
12,700,6,8.915115176932886e-05
12,700,7,5.3491155995288864e-05
12,700,8,2.7779346055467613e-05
12,700,9,1.7229818695341237e-05
12,700,10,9.541569852444809e-06
12,700,11,0.0
12,800,0,0.0002525986928958446
12,800,1,0.000250659795710817
12,800,2,0.00027371422038413584
12,800,3,0.00020701673929579556
12,800,4,0.00016539565694984049
12,800,5,0.00010060939530376345
12,800,6,7.489987910958007e-05
12,800,7,5.0991791795240715e-05
12,800,8,2.442993900331203e-05
12,800,9,1.5216375686577521e-05
12,800,10,8.375173820240889e-06
12,800,11,0.0
12,900,0,0.00023967893503140658
12,900,1,0.0002870637399610132
12,900,2,0.00027710129506886005
12,900,3,0.00020197522826492786
12,900,4,0.0001796385331545025
12,900,5,0.00010508010018384084
12,900,6,7.950791041366756e-05
12,900,7,4.7964713303372264e-05
12,900,8,2.5566445401636884e-05
12,900,9,1.5018815247458406e-05
12,900,10,8.723744940652978e-06
12,900,11,0.0
12,1000,0,0.0002710186527110636
12,1000,1,0.0002913248026743531
12,1000,2,0.0002984751481562853
12,1000,3,0.00023640989093109965
12,1000,4,0.00019104743842035532
12,1000,5,0.00011817556514870375
12,1000,6,9.560392936691642e-05
12,1000,7,6.1009955970803276e-05
12,1000,8,2.9272225219756365e-05
12,1000,9,1.9099687051493675e-05
12,1000,10,9.906553714245092e-06
12,1000,11,0.0
12,1100,0,0.00026187076582573354
12,1100,1,0.00028675078647211194
12,1100,2,0.0002945898741018027
12,1100,3,0.0002284988877363503
12,1100,4,0.0002054598880931735
12,1100,5,0.00012582988711073995
12,1100,6,9.645439422456548e-05
12,1100,7,5.841747406520881e-05
12,1100,8,2.781950206554029e-05
12,1100,9,1.853535468399059e-05
12,1100,10,8.958387297752779e-06
12,1100,11,0.0
12,1200,0,0.00028772163204848766
12,1200,1,0.00031788507476449013
12,1200,2,0.0003323094279039651
12,1200,3,0.0002607080969028175
12,1200,4,0.00021348660811781883
12,1200,5,0.00013069187116343528
12,1200,6,9.177794709103182e-05
12,1200,7,5.8306872233515605e-05
12,1200,8,3.1399893487105146e-05
12,1200,9,2.0991114070056938e-05
12,1200,10,1.0762854799395427e-05
12,1200,11,0.0
13,0,0,0.0002884205605369061
13,0,1,0.000318168371450156
13,0,2,0.0003146369999740273
13,0,3,0.00022842007456347346
13,0,4,0.00022304902086034417
13,0,5,0.00013596683857031167
13,0,6,8.59815045259893e-05
13,0,7,5.718254396924749e-05
13,0,8,3.068006844841875e-05
13,0,9,1.9640337995951995e-05
13,0,10,1.0578663932392374e-05
13,0,11,0.0
13,100,0,0.0002912498312070966
13,100,1,0.00033659423934295774
13,100,2,0.0002906250592786819
13,100,3,0.00021181791089475155
13,100,4,0.00019820804300252348
13,100,5,0.00011362139775883406
13,100,6,8.797906775726005e-05
13,100,7,5.777205660706386e-05
13,100,8,2.9416394681902602e-05
13,100,9,1.852682908065617e-05
13,100,10,1.0110910807270557e-05
13,100,11,0.0
13,200,0,0.00029067829018458724
13,200,1,0.0003537093580234796
13,200,2,0.00031001141178421676
13,200,3,0.000247536925598979
13,200,4,0.00023693476396147162
13,200,5,0.00014834740431979299
13,200,6,0.00010905644739978015
13,200,7,6.471583765232936e-05
13,200,8,3.1070456316228956e-05
13,200,9,2.0499282982200384e-05
13,200,10,1.0668605682440102e-05
13,200,11,0.0
13,300,0,0.00028869937523268163
13,300,1,0.000312815944198519
13,300,2,0.0002992074005305767
13,300,3,0.00025293254293501377
13,300,4,0.00021264345559757203
13,300,5,0.00012159012112533674
13,300,6,9.47636435739696e-05
13,300,7,5.981282447464764e-05
13,300,8,2.6984607757185586e-05
13,300,9,1.5849376723053865e-05
13,300,10,9.538740414427593e-06
13,300,11,0.0
13,400,0,0.0002805843250826001
13,400,1,0.00031869232770986855
13,400,2,0.00032117695081979036
13,400,3,0.00025996286422014236
13,400,4,0.00023452972527593374
13,400,5,0.00013443399802781641
13,400,6,9.093210974242538e-05
13,400,7,6.301932444330305e-05
13,400,8,3.0320486985147e-05
13,400,9,2.125739229086321e-05
13,400,10,1.1051299225073308e-05
13,400,11,0.0
13,500,0,0.00033856817753985524
13,500,1,0.00032742146868258715
13,500,2,0.00035801235935650766
13,500,3,0.00029059883672744036
13,500,4,0.0002433762711007148
13,500,5,0.00014112306234892458
13,500,6,0.00010910361015703529
13,500,7,7.10997628630139e-05
13,500,8,4.102383172721602e-05
13,500,9,2.4513519747415558e-05
13,500,10,1.3698631846637e-05
13,500,11,0.0
13,600,0,0.0003412582736928016
13,600,1,0.00036029473994858563
13,600,2,0.00033095121034421027
13,600,3,0.00025601961533538997
13,600,4,0.00021443350124172866
13,600,5,0.00013877064338885248
13,600,6,9.738037624629214e-05
13,600,7,6.672464951407164e-05
13,600,8,3.208277121302672e-05
13,600,9,2.030164068855811e-05
13,600,10,1.1076002010668162e-05
13,600,11,0.0
13,700,0,0.0003903732867911458
13,700,1,0.00034291218616999686
13,700,2,0.00037931237602606416
13,700,3,0.0002904662396758795
13,700,4,0.0002373132883803919
13,700,5,0.00015063614409882575
13,700,6,0.00010833696433110163
13,700,7,7.035486487438902e-05
13,700,8,3.6169665690977126e-05
13,700,9,2.2325401005218737e-05
13,700,10,1.076914577424759e-05
13,700,11,0.0
13,800,0,0.00036518924753181636
13,800,1,0.000390147470170632
13,800,2,0.00037574770976789296
13,800,3,0.0003009508363902569
13,800,4,0.00025499940966255963
13,800,5,0.0001481072831666097
13,800,6,0.00011986854951828718
13,800,7,7.891418499639258e-05
13,800,8,4.2860800022026524e-05
13,800,9,2.3229180442285724e-05
13,800,10,1.3349177606869489e-05
13,800,11,0.0
13,900,0,0.0003588158288039267
13,900,1,0.0003977093147113919
13,900,2,0.0003493418334983289
13,900,3,0.0003103806811850518
13,900,4,0.0002637980505824089
13,900,5,0.00014983843720983714
13,900,6,0.00011672219261527061
13,900,7,7.100185757735744e-05
13,900,8,3.4571843571029603e-05
13,900,9,2.2142581656225957e-05
13,900,10,1.1191492376383394e-05
13,900,11,0.0
13,1000,0,0.00029447677661664784
13,1000,1,0.0003623657685238868
13,1000,2,0.0003281241515651345
13,1000,3,0.000274218269623816
13,1000,4,0.00024459685664623976
13,1000,5,0.00014433678006753325
13,1000,6,0.000116457995318342
13,1000,7,6.906880298629403e-05
13,1000,8,3.302662298665382e-05
13,1000,9,2.0081986804143526e-05
13,1000,10,1.0831197869265452e-05
13,1000,11,0.0
13,1100,0,0.0002727052487898618
13,1100,1,0.00031990616116672754
13,1100,2,0.0003241854428779334
13,1100,3,0.0002612581301946193
13,1100,4,0.00024349706654902548
13,1100,5,0.00014741389895789325
13,1100,6,0.00011714384891092777
13,1100,7,7.654093496967107e-05
13,1100,8,3.4431239328114316e-05
13,1100,9,2.2081345377955586e-05
13,1100,10,1.143093322752975e-05
13,1100,11,0.0
13,1200,0,0.0003315407957416028
13,1200,1,0.00035903509706258774
13,1200,2,0.0003677483764477074
13,1200,3,0.0002916358644142747
13,1200,4,0.0002680206671357155
13,1200,5,0.00016246720042545348
13,1200,6,0.0001223056169692427
13,1200,7,7.518892380176112e-05
13,1200,8,3.525146530591883e-05
13,1200,9,2.304529152752366e-05
13,1200,10,1.3278346159495413e-05
13,1200,11,0.0
14,0,0,0.00031051813857629895
14,0,1,0.0003214936295989901
14,0,2,0.0003600171476136893
14,0,3,0.00026659484137780964
14,0,4,0.00024273661256302148
14,0,5,0.00015420517593156546
14,0,6,0.00011415633343858644
14,0,7,7.289560016943142e-05
14,0,8,3.611497595557012e-05
14,0,9,2.266888623125851e-05
14,0,10,1.3213077181717381e-05
14,0,11,0.0
14,100,0,0.0004173042834736407
14,100,1,0.00045302027137950063
14,100,2,0.00038496043998748064
14,100,3,0.00033179906313307583
14,100,4,0.0002678422024473548
14,100,5,0.0001792560360627249
14,100,6,0.0001342192554147914
14,100,7,8.360628271475434e-05
14,100,8,4.2831441533053294e-05
14,100,9,2.4137276341207325e-05
14,100,10,1.4219892364053521e-05
14,100,11,0.0
14,200,0,0.0003619077324401587
14,200,1,0.00039391295285895467
14,200,2,0.00041314365807920694
14,200,3,0.00032591415219940245
14,200,4,0.00026581925339996815
14,200,5,0.0001684729941189289
14,200,6,0.00012721341045107692
14,200,7,7.964689575601369e-05
14,200,8,4.04185957449954e-05
14,200,9,2.690502515179105e-05
14,200,10,1.372216775052948e-05
14,200,11,0.0
14,300,0,0.0003419111017137766
14,300,1,0.00038543096161447465
14,300,2,0.00034861842868849635
14,300,3,0.00028336807736195624
14,300,4,0.00024577934527769685
14,300,5,0.0001498600177001208
14,300,6,0.00011145373719045892
14,300,7,7.48079182812944e-05
14,300,8,3.343411663081497e-05
14,300,9,2.39674118347466e-05
14,300,10,1.260277713299729e-05
14,300,11,0.0
14,400,0,0.0003611573192756623
14,400,1,0.0004177456139586866
14,400,2,0.00042387060238979757
14,400,3,0.00030802146648056805
14,400,4,0.0002522990107536316
14,400,5,0.00017805298557505012
14,400,6,0.00012080887972842902
14,400,7,7.712607475696132e-05
14,400,8,4.27160230174195e-05
14,400,9,2.7024783776141703e-05
14,400,10,1.49927527672844e-05
14,400,11,0.0
14,500,0,0.0004260852001607418
14,500,1,0.00043544138316065073
14,500,2,0.00043476137216202915
14,500,3,0.0003380052512511611
14,500,4,0.0002871101023629308
14,500,5,0.00017158967966679484
14,500,6,0.00013685281737707555
14,500,7,8.782906661508605e-05
14,500,8,4.462463402887806e-05
14,500,9,2.6395839086035267e-05
14,500,10,1.5411515050800517e-05
14,500,11,0.0
14,600,0,0.00034730046172626317
14,600,1,0.0003888797655235976
14,600,2,0.0003904127224814147
14,600,3,0.0002989729691762477
14,600,4,0.0002769778948277235
14,600,5,0.00016635896463412791
14,600,6,0.00012320480891503394
14,600,7,7.762622408336028e-05
14,600,8,3.936423672712408e-05
14,600,9,2.8268867026781663e-05
14,600,10,1.5155854271142744e-05
14,600,11,0.0
14,700,0,0.0003791933704633266
14,700,1,0.0004352856776677072
14,700,2,0.0003986810625065118
14,700,3,0.00033220372279174626
14,700,4,0.00028024351922795177
14,700,5,0.0001656224048929289
14,700,6,0.00014284042117651552
14,700,7,8.639289444545284e-05
14,700,8,3.980751716881059e-05
14,700,9,2.535520980018191e-05
14,700,10,1.302601958741434e-05
14,700,11,0.0
14,800,0,0.00042963726446032524
14,800,1,0.00044805812649428844
14,800,2,0.0004174858331680298
14,800,3,0.0003199973434675485
14,800,4,0.0003007453924510628
14,800,5,0.0001779771555447951
14,800,6,0.00013359593867789954
14,800,7,9.597202006261796e-05
14,800,8,4.459657793631777e-05
14,800,9,2.777363442874048e-05
14,800,10,1.503580733697163e-05
14,800,11,0.0
14,900,0,0.0004037803446408361
14,900,1,0.00046846826444379985
14,900,2,0.00046580570051446557
14,900,3,0.0003442563465796411
14,900,4,0.0003223636595066637
14,900,5,0.0002205390192102641
14,900,6,0.00016215779760386795
14,900,7,0.00010856863809749484
14,900,8,4.3137097236467525e-05
14,900,9,2.689869870664552e-05
14,900,10,1.5729316146462224e-05
14,900,11,0.0
14,1000,0,0.00046140383346937597
14,1000,1,0.00042897058301605284
14,1000,2,0.0004775398410856724
14,1000,3,0.0003563943027984351
14,1000,4,0.0003149521362502128
14,1000,5,0.00019629627058748156
14,1000,6,0.00014779125922359526
14,1000,7,0.00010837973968591541
14,1000,8,4.594885103870183e-05
14,1000,9,2.8417471185093746e-05
14,1000,10,1.4176373952068388e-05
14,1000,11,0.0
14,1100,0,0.00041096570203080773
14,1100,1,0.00042557177948765457
14,1100,2,0.00044515830813907087
14,1100,3,0.00035287984064780176
14,1100,4,0.0003038446302525699
14,1100,5,0.0001886797253973782
14,1100,6,0.0001528873253846541
14,1100,7,9.323254926130176e-05
14,1100,8,4.4678959966404364e-05
14,1100,9,2.7261832656222396e-05
14,1100,10,1.5036103832244407e-05
14,1100,11,0.0
14,1200,0,0.00048611205420456827
14,1200,1,0.0004567234427668154
14,1200,2,0.0004178324597887695
14,1200,3,0.00031064078211784363
14,1200,4,0.00029298695153556764
14,1200,5,0.00018901046132668853
14,1200,6,0.0001441341155441478
14,1200,7,0.00010046750685432926
14,1200,8,4.689184424933046e-05
14,1200,9,3.2626590837026015e-05
14,1200,10,1.570053973409813e-05
14,1200,11,0.0
15,0,0,0.00044655497185885906
15,0,1,0.0004540381778497249
15,0,2,0.0004541114903986454
15,0,3,0.000380985758965835
15,0,4,0.00031733137439005077
15,0,5,0.00018737422942649573
15,0,6,0.00015145832730922848
15,0,7,9.138097811955959e-05
15,0,8,4.6029294026084244e-05
15,0,9,3.027427737833932e-05
15,0,10,1.7116288290708326e-05
15,0,11,0.0
15,100,0,0.00042475719237700105
15,100,1,0.0004444726218935102
15,100,2,0.0004737733688671142
15,100,3,0.0003913965483661741
15,100,4,0.0003477682184893638
15,100,5,0.00019706621242221445
15,100,6,0.00016547879204154015
15,100,7,9.66177904047072e-05
15,100,8,4.904235538560897e-05
15,100,9,3.3543987228767946e-05
15,100,10,1.6852602129802108e-05
15,100,11,0.0
15,200,0,0.00043850578367710114
15,200,1,0.0003906386555172503
15,200,2,0.00041242045699618757
15,200,3,0.0003345716977491975
15,200,4,0.00030511332442983985
15,200,5,0.00019008517847396433
15,200,6,0.00015126464131753892
15,200,7,9.143262286670506e-05
15,200,8,4.5139364374335855e-05
15,200,9,3.0043933293200098e-05
15,200,10,1.7658639990258962e-05
15,200,11,0.0
15,300,0,0.00040010103839449584
15,300,1,0.0004166670551057905
15,300,2,0.00040378147969022393
15,300,3,0.0003402545698918402
15,300,4,0.00030867726309224963
15,300,5,0.00018738092330750078
15,300,6,0.00015623019135091454
15,300,7,9.396633686264977e-05
15,300,8,4.689952766057104e-05
15,300,9,2.655731987033505e-05
15,300,10,1.5462808732991107e-05
15,300,11,0.0
15,400,0,0.0004944311804138124
15,400,1,0.0005164830945432186
15,400,2,0.0004644752771127969
15,400,3,0.00039833298069424927
15,400,4,0.0003564962244126946
15,400,5,0.0002271460252813995
15,400,6,0.0001682030560914427
15,400,7,0.0001125649141613394
15,400,8,4.95107306051068e-05
15,400,9,3.082344483118504e-05
15,400,10,1.878534567367751e-05
15,400,11,0.0
15,500,0,0.00043660643859766424
15,500,1,0.00044901168439537287
15,500,2,0.0004820696485694498
15,500,3,0.0003736583748832345
15,500,4,0.00030106044141575694
15,500,5,0.00018891735817305744
15,500,6,0.00016405555652454495
15,500,7,9.743651025928557e-05
15,500,8,5.1032508054049686e-05
15,500,9,3.044415825570468e-05
15,500,10,1.77970123331761e-05
15,500,11,0.0
15,600,0,0.0005016417126171291
15,600,1,0.0004771767125930637
15,600,2,0.00045825360575690866
15,600,3,0.0003829599008895457
15,600,4,0.0003233794413972646
15,600,5,0.00021442350407596678
15,600,6,0.00016843157936818898
15,600,7,9.828694601310417e-05
15,600,8,5.017666990170255e-05
15,600,9,3.0274208256741986e-05
15,600,10,1.7187905541504733e-05
15,600,11,0.0
15,700,0,0.00042400951497256756
15,700,1,0.00048435755888931453
15,700,2,0.00045036195660941303
15,700,3,0.00036346327397041023
15,700,4,0.0003334754437673837
15,700,5,0.00021831355115864426
15,700,6,0.00016135137411765754
15,700,7,0.00010581348033156246
15,700,8,4.8335139581467956e-05
15,700,9,3.306457074359059e-05
15,700,10,1.795105345081538e-05
15,700,11,0.0
15,800,0,0.00046988390386104584
15,800,1,0.0004844695213250816
15,800,2,0.0004957104683853686
15,800,3,0.00035211315844208
15,800,4,0.00033459655242040753
15,800,5,0.00022672449995297939
15,800,6,0.0001573357149027288
15,800,7,0.00010211110929958522
15,800,8,5.020614844397642e-05
15,800,9,2.989107815665193e-05
15,800,10,1.6667800082359463e-05
15,800,11,0.0
15,900,0,0.0005112463841214776
15,900,1,0.0005362870870158076
15,900,2,0.0005088360048830509
15,900,3,0.00038985026185400784
15,900,4,0.0003219934005755931
15,900,5,0.00021190603729337454
15,900,6,0.00017003511311486363
15,900,7,0.00010718809789977968
15,900,8,5.236266224528663e-05
15,900,9,3.1460127502214164e-05
15,900,10,1.7261971152038313e-05
15,900,11,0.0
15,1000,0,0.000490370555780828
15,1000,1,0.0004757284768857062
15,1000,2,0.0005312527646310627
15,1000,3,0.00037839612923562527
15,1000,4,0.0003347317688167095
15,1000,5,0.00021654735610354692
15,1000,6,0.00017389692948199809
15,1000,7,0.00010463836952112615
15,1000,8,5.039956886321306e-05
15,1000,9,3.2654486858518794e-05
15,1000,10,2.016614052990917e-05
15,1000,11,0.0
15,1100,0,0.0005190723459236324
15,1100,1,0.0005138704436831176
15,1100,2,0.000499759626109153
15,1100,3,0.0004250319907441735
15,1100,4,0.00038677247357554734
15,1100,5,0.00021901371655985713
15,1100,6,0.0001838232419686392
15,1100,7,0.00011880306556122378
15,1100,8,5.283122663968243e-05
15,1100,9,3.352599742356688e-05
15,1100,10,1.8548853404354304e-05
15,1100,11,0.0
15,1200,0,0.0004914804012514651
15,1200,1,0.0005024887504987419
15,1200,2,0.0005110467318445444
15,1200,3,0.00039743585512042046
15,1200,4,0.0003400963032618165
15,1200,5,0.0002178608119720593
15,1200,6,0.00017700312309898436
15,1200,7,0.0001225861196871847
15,1200,8,5.310152118909173e-05
15,1200,9,3.767947418964468e-05
15,1200,10,2.1027302864240482e-05
15,1200,11,0.0
16,0,0,0.0005554161034524441
16,0,1,0.0005839128862135112
16,0,2,0.0005064848810434341
16,0,3,0.0004419274628162384
16,0,4,0.00036682726931758225
16,0,5,0.0002316791214980185
16,0,6,0.00020530792244244367
16,0,7,0.00011956023809034377
16,0,8,5.6000913900788873e-05
16,0,9,3.345712320879102e-05
16,0,10,1.8495355107006617e-05
16,0,11,0.0
16,100,0,0.0004570700693875551
16,100,1,0.000493946427013725
16,100,2,0.0004646659945137799
16,100,3,0.00036449331673793495
16,100,4,0.00032130518229678273
16,100,5,0.00021767547877971083
16,100,6,0.00017682315956335515
16,100,7,0.00010329130600439385
16,100,8,4.7913701564539224e-05
16,100,9,3.301829565316439e-05
16,100,10,1.6589463484706357e-05
16,100,11,0.0
16,200,0,0.000503148534335196
16,200,1,0.0005479704705066979
16,200,2,0.000491390994284302
16,200,3,0.00043133521103300154
16,200,4,0.00033017899841070175
16,200,5,0.00022729205375071615
16,200,6,0.00017177755944430828
16,200,7,0.00011563348380150273
16,200,8,5.622447861242108e-05
16,200,9,3.228644345654175e-05
16,200,10,2.0186666006338783e-05
16,200,11,0.0
16,300,0,0.000599068938754499
16,300,1,0.0005285119987092912
16,300,2,0.000514126499183476
16,300,3,0.0004698689153883606
16,300,4,0.0003929222875740379
16,300,5,0.00024014069640543312
16,300,6,0.00018378243839833885
16,300,7,0.00011418769281590357
16,300,8,5.819869693368673e-05
16,300,9,3.255339834140614e-05
16,300,10,2.2438411178882234e-05
16,300,11,0.0
16,400,0,0.0005711688427254558
16,400,1,0.0005888196174055338
16,400,2,0.0005567309563048184
16,400,3,0.0004913251614198089
16,400,4,0.0003897433925885707
16,400,5,0.00026746958610601723
16,400,6,0.0002194027038058266
16,400,7,0.00012975720164831728
16,400,8,6.966839282540604e-05
16,400,9,3.814399315160699e-05
16,400,10,2.0655215848819353e-05
16,400,11,0.0
16,500,0,0.0004967593704350293
16,500,1,0.0005235524149611592
16,500,2,0.0005592107190750539
16,500,3,0.0004426515952218324
16,500,4,0.0003835720708593726
16,500,5,0.0002611955860629678
16,500,6,0.0001931627921294421
16,500,7,0.00012913235696032643
16,500,8,6.0675254644593224e-05
16,500,9,3.771552655962296e-05
16,500,10,2.0313131244620308e-05
16,500,11,0.0
16,600,0,0.0005575284594669938
16,600,1,0.0005169098149053752
16,600,2,0.0004877695464529097
16,600,3,0.0004057344631291926
16,600,4,0.0003333255590405315
16,600,5,0.00022724387235939503
16,600,6,0.0001762506872182712
16,600,7,0.00010891049896599725
16,600,8,4.9590558774070814e-05
16,600,9,3.102819755440578e-05
16,600,10,1.740225161483977e-05
16,600,11,0.0
16,700,0,0.0005534223164431751
16,700,1,0.0005448257434181869
16,700,2,0.0005824354593642056
16,700,3,0.0004546351556200534
16,700,4,0.00038129292079247534
16,700,5,0.0002648811205290258
16,700,6,0.00019078039622399956
16,700,7,0.00012397838872857392
16,700,8,5.869300366612151e-05
16,700,9,4.0180042560677975e-05
16,700,10,2.2938278561923653e-05
16,700,11,0.0
16,800,0,0.0005491201300173998
16,800,1,0.0005366512341424823
16,800,2,0.0005743458750657737
16,800,3,0.00047140635433606803
16,800,4,0.0003800959966611117
16,800,5,0.00026275249547325075
16,800,6,0.00020217419660184532
16,800,7,0.00012480199802666903
16,800,8,6.250920705497265e-05
16,800,9,4.1374816646566615e-05
16,800,10,2.2574953618459404e-05
16,800,11,0.0
16,900,0,0.0005333552835509181
16,900,1,0.0004960743244737387
16,900,2,0.0005482080741785467
16,900,3,0.0004354137636255473
16,900,4,0.0003557947638910264
16,900,5,0.00022196445206645876
16,900,6,0.00019120493379887193
16,900,7,0.00011673325934680179
16,900,8,5.259846511762589e-05
16,900,9,3.777714300667867e-05
16,900,10,2.2847130821901374e-05
16,900,11,0.0
16,1000,0,0.0005287172389216721
16,1000,1,0.0005346309626474977
16,1000,2,0.0005602863966487348
16,1000,3,0.00044194702059030533
16,1000,4,0.00038173116627149284
16,1000,5,0.00023520158720202744
16,1000,6,0.00019253829668741673
16,1000,7,0.00011888413428096101
16,1000,8,5.696190055459738e-05
16,1000,9,3.492834366625175e-05
16,1000,10,2.0766750822076574e-05
16,1000,11,0.0
16,1100,0,0.0005739253829233348
16,1100,1,0.0005601610755547881
16,1100,2,0.0006075318087823689
16,1100,3,0.0005223738262429833
16,1100,4,0.0004001430352218449
16,1100,5,0.00026314641581848264
16,1100,6,0.00022573491150978953
16,1100,7,0.00013282593863550574
16,1100,8,6.138181197457016e-05
16,1100,9,4.170503598288633e-05
16,1100,10,2.2215390345081687e-05
16,1100,11,0.0
16,1200,0,0.0006046476773917675
16,1200,1,0.000587510468903929
16,1200,2,0.0005582880694419146
16,1200,3,0.0004859862965531647
16,1200,4,0.00042898644460365176
16,1200,5,0.00026076496578752995
16,1200,6,0.0002179392904508859
16,1200,7,0.00013361719902604818
16,1200,8,6.845175812486559e-05
16,1200,9,4.2011601181002334e-05
16,1200,10,2.5940171326510608e-05
16,1200,11,0.0
17,0,0,0.0006305530550889671
17,0,1,0.0005981509457342327
17,0,2,0.0006315905484370887
17,0,3,0.000513867475092411
17,0,4,0.0004426456871442497
17,0,5,0.000296702521154657
17,0,6,0.00023890910961199552
17,0,7,0.0001474801974836737
17,0,8,6.193691660882905e-05
17,0,9,4.084082320332527e-05
17,0,10,2.3151078494265676e-05
17,0,11,0.0
17,100,0,0.0006212090374901891
17,100,1,0.0005867985310032964
17,100,2,0.0005786686670035124
17,100,3,0.0004826775402761996
17,100,4,0.00042599334847182035
17,100,5,0.00028728097095154226
17,100,6,0.00024079038121271878
17,100,7,0.00013727466284763068
17,100,8,6.493305409094319e-05
17,100,9,3.9369482692563906e-05
17,100,10,2.1416011804831214e-05
17,100,11,0.0
17,200,0,0.0005728084361180663
17,200,1,0.0005646803183481097
17,200,2,0.000594431534409523
17,200,3,0.00046287980512715876
17,200,4,0.0004160393145866692
17,200,5,0.0002727063838392496
17,200,6,0.00021045708854217082
17,200,7,0.00014916954387445003
17,200,8,6.311237666523084e-05
17,200,9,4.5989290811121464e-05
17,200,10,2.3346634407062083e-05
17,200,11,0.0
17,300,0,0.000667660846374929
17,300,1,0.0006301697576418519
17,300,2,0.0006471461965702474
17,300,3,0.0004970901063643396
17,300,4,0.0004695539828389883
17,300,5,0.00030319791403599083
17,300,6,0.0002417256764601916
17,300,7,0.00014154052769299597
17,300,8,6.6895350755658e-05
17,300,9,4.340201121522114e-05
17,300,10,2.59029238804942e-05
17,300,11,0.0
17,400,0,0.0006544615607708693
17,400,1,0.0006896526901982725
17,400,2,0.0006715123308822513
17,400,3,0.0005397064378485084
17,400,4,0.0004327859787736088
17,400,5,0.00030073398374952376
17,400,6,0.00021975557319819927
17,400,7,0.0001472587900934741
17,400,8,6.775135261705145e-05
17,400,9,4.318396531743929e-05
17,400,10,2.4949758881120943e-05
17,400,11,0.0
17,500,0,0.0007470733253285289
17,500,1,0.0007056446629576385
17,500,2,0.0007533219177275896
17,500,3,0.0005882330005988479
17,500,4,0.0005382009549066424
17,500,5,0.0003468126233201474
17,500,6,0.00029306637588888407
17,500,7,0.00016321256407536566
17,500,8,7.727115735178813e-05
17,500,9,5.045426223659888e-05
17,500,10,3.3175198041135445e-05
17,500,11,0.0
17,600,0,0.000645191699732095
17,600,1,0.0006508045480586588
17,600,2,0.0006958413869142532
17,600,3,0.0005273016868159175
17,600,4,0.0004486757388804108
17,600,5,0.0003169060219079256
17,600,6,0.0002601096930447966
17,600,7,0.00015865442401263863
17,600,8,6.673559983028099e-05
17,600,9,4.5566321205114946e-05
17,600,10,2.4908193154260516e-05
17,600,11,0.0
17,700,0,0.000700890552252531
17,700,1,0.0007502007065340877
17,700,2,0.000712477951310575
17,700,3,0.0005451507167890668
17,700,4,0.0005246933433227241
17,700,5,0.0003251390589866787
17,700,6,0.0002629237715154886
17,700,7,0.0001610342733329162
17,700,8,7.673467916902155e-05
17,700,9,4.497926420299336e-05
17,700,10,2.5289042241638526e-05
17,700,11,0.0
17,800,0,0.0005853426409885287
17,800,1,0.0006402016151696444
17,800,2,0.0006119213649071753
17,800,3,0.0005486519658006728
17,800,4,0.0004604558343999088
17,800,5,0.0003149064723402262
17,800,6,0.0002462170959915966
17,800,7,0.00015390208864118904
17,800,8,7.091748557286337e-05
17,800,9,4.397783413878642e-05
17,800,10,2.7526972189662047e-05
17,800,11,0.0
17,900,0,0.0007830124231986701
17,900,1,0.0007274827221408486
17,900,2,0.0007074829190969467
17,900,3,0.0005720286280848086
17,900,4,0.00047024089144542813
17,900,5,0.000325332599459216
17,900,6,0.0002845141862053424
17,900,7,0.00017209319048561156
17,900,8,8.337265899172053e-05
17,900,9,5.129806595505215e-05
17,900,10,3.133773498120718e-05
17,900,11,0.0
17,1000,0,0.000687947147525847
17,1000,1,0.0006574420840479434
17,1000,2,0.0006452472880482674
17,1000,3,0.0005073961219750345
17,1000,4,0.0004340740852057934
17,1000,5,0.0003091846010647714
17,1000,6,0.0002551683282945305
17,1000,7,0.00015247288683895022
17,1000,8,7.459094194928184e-05
17,1000,9,5.054818029748276e-05
17,1000,10,2.809111902024597e-05
17,1000,11,0.0
17,1100,0,0.0007221451378427446
17,1100,1,0.0006607436807826161
17,1100,2,0.0007073766901157796
17,1100,3,0.0005862105172127485
17,1100,4,0.0004901650827378035
17,1100,5,0.0003425493778195232
17,1100,6,0.00023627112386748195
17,1100,7,0.0001645273296162486
17,1100,8,7.380804163403809e-05
17,1100,9,4.9527061491971835e-05
17,1100,10,2.9029508368694223e-05
17,1100,11,0.0
17,1200,0,0.0006634705932810903
17,1200,1,0.0006354177021421492
17,1200,2,0.0006367349997162819
17,1200,3,0.0004913261509500444
17,1200,4,0.0004579447559081018
17,1200,5,0.0003285889979451895
17,1200,6,0.00023673861869610846
17,1200,7,0.00016692024655640125
17,1200,8,7.290900248335674e-05
17,1200,9,4.908183109364472e-05
17,1200,10,2.8239499442861415e-05
17,1200,11,0.0
18,0,0,0.000719790521543473
18,0,1,0.000755758082959801
18,0,2,0.0007402524352073669
18,0,3,0.0005583926686085761
18,0,4,0.00048184243496507406
18,0,5,0.0003296748036518693
18,0,6,0.0002964882296510041
18,0,7,0.000163200224051252
18,0,8,7.44782664696686e-05
18,0,9,4.7307039494626224e-05
18,0,10,3.0497723855660297e-05
18,0,11,0.0
18,100,0,0.0007731529767625034
18,100,1,0.0007860892219468951
18,100,2,0.0007577908108942211
18,100,3,0.0006141880876384676
18,100,4,0.0005033565103076398
18,100,5,0.0003308994055259973
18,100,6,0.00028240520623512566
18,100,7,0.00017652004316914827
18,100,8,8.314250590046868e-05
18,100,9,5.263398998067714e-05
18,100,10,2.763546581263654e-05
18,100,11,0.0
18,200,0,0.0008564253221265972
18,200,1,0.0007590508321300149
18,200,2,0.0007738764397799969
18,200,3,0.0006481013260781765
18,200,4,0.0005704632494598627
18,200,5,0.0003284249105490744
18,200,6,0.0002855869824998081
18,200,7,0.00016207105363719165
18,200,8,8.457248623017222e-05
18,200,9,5.5561507906531915e-05
18,200,10,3.526951695675962e-05
18,200,11,0.0
18,300,0,0.0007078726775944233
18,300,1,0.0007147184223867953
18,300,2,0.0007321831653825939
18,300,3,0.0005913952481932938
18,300,4,0.000546869938261807
18,300,5,0.0003715531202033162
18,300,6,0.0002666237123776227
18,300,7,0.00018266144616063684
18,300,8,7.677949906792492e-05
18,300,9,4.845439980272204e-05
18,300,10,2.678350210771896e-05
18,300,11,0.0
18,400,0,0.0006421831203624606
18,400,1,0.0007177875959314406
18,400,2,0.0007582648540847003
18,400,3,0.0005787269910797477
18,400,4,0.0005167431081645191
18,400,5,0.0003399080305825919
18,400,6,0.0002781894290819764
18,400,7,0.00017193987150676548
18,400,8,7.27037331671454e-05
18,400,9,4.813212945009582e-05
18,400,10,2.8475767976487987e-05
18,400,11,0.0
18,500,0,0.0007381539908237755
18,500,1,0.0007390991086140275
18,500,2,0.0007088530692271888
18,500,3,0.0005947811296209693
18,500,4,0.0005076603847555816
18,500,5,0.0003509105881676078
18,500,6,0.00028514437144622207
18,500,7,0.00017803578521125019
18,500,8,7.4047660746146e-05
18,500,9,5.291818888508715e-05
18,500,10,2.9547538360930048e-05
18,500,11,0.0
18,600,0,0.0007287391927093267
18,600,1,0.0007157319923862815
18,600,2,0.0007572665927000344
18,600,3,0.0005734767764806747
18,600,4,0.0005114019731990993
18,600,5,0.0003460837178863585
18,600,6,0.0002879727107938379
18,600,7,0.0001718327694106847
18,600,8,8.105185406748205e-05
18,600,9,4.8815974878380075e-05
18,600,10,3.0553372198482975e-05
18,600,11,0.0
18,700,0,0.0008434370975010097
18,700,1,0.0007362377364188433
18,700,2,0.000724122510291636
18,700,3,0.0005977099062874913
18,700,4,0.0005478084785863757
18,700,5,0.0003528054803609848
18,700,6,0.0003042422467842698
18,700,7,0.00017147148901131004
18,700,8,8.511053601978347e-05
18,700,9,5.277736272546463e-05
18,700,10,3.153011130052619e-05
18,700,11,0.0
18,800,0,0.0006921021267771721
18,800,1,0.000739923445507884
18,800,2,0.0007589015294797719
18,800,3,0.0005740638007409871
18,800,4,0.0005347616388462484
18,800,5,0.000373576651327312
18,800,6,0.00028125286917202175
18,800,7,0.00017129373736679554
18,800,8,8.537103713024408e-05
18,800,9,5.1579576393123716e-05
18,800,10,3.2019604986999184e-05
18,800,11,0.0
18,900,0,0.0007349532679654658
18,900,1,0.0007638353854417801
18,900,2,0.0007785176858305931
18,900,3,0.000591270683798939
18,900,4,0.000538259744644165
18,900,5,0.00035172243951819837
18,900,6,0.00027217622846364975
18,900,7,0.00017349125118926167
18,900,8,8.152551163220778e-05
18,900,9,4.7424273361684754e-05
18,900,10,3.371794809936546e-05
18,900,11,0.0
18,1000,0,0.000801008427515626
18,1000,1,0.0007519457140006125
18,1000,2,0.0007665441371500492
18,1000,3,0.0006274263141676784
18,1000,4,0.0005300339544191957
18,1000,5,0.00038070770096965134
18,1000,6,0.0003239155048504472
18,1000,7,0.00017600195133127272
18,1000,8,8.438654185738415e-05
18,1000,9,5.602804958471097e-05
18,1000,10,3.5330176615389064e-05
18,1000,11,0.0
18,1100,0,0.0007560158264823258
18,1100,1,0.000852928264066577
18,1100,2,0.0008069972391240299
18,1100,3,0.0006786672165617347
18,1100,4,0.0005700320471078157
18,1100,5,0.00036681254277937114
18,1100,6,0.00031722619314678013
18,1100,7,0.00018897466361522675
18,1100,8,8.724226790945977e-05
18,1100,9,5.6166467402363196e-05
18,1100,10,3.741241744137369e-05
18,1100,11,0.0
18,1200,0,0.0009612063877284527
18,1200,1,0.000920490303542465
18,1200,2,0.0009157393942587078
18,1200,3,0.0007660738192498684
18,1200,4,0.0006688983994536102
18,1200,5,0.00039197434671223164
18,1200,6,0.00035610844497568905
18,1200,7,0.0002241809997940436
18,1200,8,0.00010101943917106837
18,1200,9,6.277611100813374e-05
18,1200,10,3.319855022709817e-05
18,1200,11,0.0
19,0,0,0.0008766875835135579
19,0,1,0.0007975270855240524
19,0,2,0.0007963473326526582
19,0,3,0.000640863727312535
19,0,4,0.0005476450896821916
19,0,5,0.00035235873656347394
19,0,6,0.0003001350851263851
19,0,7,0.0001871145941549912
19,0,8,9.131693514063954e-05
19,0,9,6.0633108660113066e-05
19,0,10,3.111023033852689e-05
19,0,11,0.0
19,100,0,0.0008468700689263642
19,100,1,0.0009147361270152032
19,100,2,0.0008421972743235528
19,100,3,0.0006831908249296248
19,100,4,0.0005396612104959786
19,100,5,0.0004012224671896547
19,100,6,0.0003075901186093688
19,100,7,0.0001879959600046277
19,100,8,8.424855332123116e-05
19,100,9,5.443647023639642e-05
19,100,10,3.2702610042179e-05
19,100,11,0.0
19,200,0,0.0010386202484369278
19,200,1,0.0009438699344173074
19,200,2,0.0009652519365772605
19,200,3,0.0007687259931117296
19,200,4,0.0006487488863058388
19,200,5,0.0004131046589463949
19,200,6,0.0003527541412040591
19,200,7,0.0002237362350570038
19,200,8,0.00010139559890376404
19,200,9,6.261766247916967e-05
19,200,10,3.995274528278969e-05
19,200,11,0.0
19,300,0,0.0007409737445414066
19,300,1,0.0007900177733972669
19,300,2,0.000784781645052135
19,300,3,0.0006035675178281963
19,300,4,0.0006166129023768008
19,300,5,0.00040045290370471776
19,300,6,0.000323677173582837
19,300,7,0.00020025679259561002
19,300,8,8.69142240844667e-05
19,300,9,5.3937386837787926e-05
19,300,10,3.364230724400841e-05
19,300,11,0.0
19,400,0,0.0009248984861187637
19,400,1,0.0009238845086656511
19,400,2,0.0008544614538550377
19,400,3,0.0006567360833287239
19,400,4,0.000574502453673631
19,400,5,0.0003792692441493273
19,400,6,0.0003451576048973948
19,400,7,0.000198075344087556
19,400,8,8.786709076957777e-05
19,400,9,5.691713158739731e-05
19,400,10,3.275923882029019e-05
19,400,11,0.0
19,500,0,0.0007859511533752084
19,500,1,0.0007392982370220125
19,500,2,0.0008007837459445
19,500,3,0.000621757993940264
19,500,4,0.0005216575227677822
19,500,5,0.00036286647082306445
19,500,6,0.000307087175315246
19,500,7,0.00017802690854296088
19,500,8,7.126635318854824e-05
19,500,9,4.880436245002784e-05
19,500,10,3.233323150197975e-05
19,500,11,0.0
19,600,0,0.0008915039361454546
19,600,1,0.0008250675746239722
19,600,2,0.000906453700736165
19,600,3,0.0007416927837766707
19,600,4,0.0006343974964693189
19,600,5,0.0004094251780770719
19,600,6,0.0003308312443550676
19,600,7,0.00020704626513179392
19,600,8,9.831481293076649e-05
19,600,9,6.211410072864965e-05
19,600,10,3.754784120246768e-05
19,600,11,0.0
19,700,0,0.0008463989943265915
19,700,1,0.000845923728775233
19,700,2,0.0008455077768303454
19,700,3,0.0006471048109233379
19,700,4,0.0005642865435220301
19,700,5,0.0003669017169158906
19,700,6,0.00030143893673084676
19,700,7,0.0001919460337376222
19,700,8,8.37652332847938e-05
19,700,9,5.326265818439424e-05
19,700,10,3.195404860889539e-05
19,700,11,0.0
19,800,0,0.001018966780975461
19,800,1,0.0009463648893870413
19,800,2,0.0009357195813208818
19,800,3,0.0007555357296951115
19,800,4,0.0006460392032749951
19,800,5,0.00040128594264388084
19,800,6,0.0003325574507471174
19,800,7,0.00020547704480122775
19,800,8,9.356516238767654e-05
19,800,9,5.767741095041856e-05
19,800,10,3.2089039450511336e-05
19,800,11,0.0
19,900,0,0.0008595450781285763
19,900,1,0.0008632932440377772
19,900,2,0.0008455481147393584
19,900,3,0.0006970522808842361
19,900,4,0.0006320965476334095
19,900,5,0.00042215301073156297
19,900,6,0.00033372867619618773
19,900,7,0.00020130588382016867
19,900,8,9.454006067244336e-05
19,900,9,6.243806274142116e-05
19,900,10,3.954753265134059e-05
19,900,11,0.0
19,1000,0,0.0007862268830649555
19,1000,1,0.0009161042980849743
19,1000,2,0.0008621879969723523
19,1000,3,0.0006981519982218742
19,1000,4,0.0005929373437538743
19,1000,5,0.0003770548792090267
19,1000,6,0.0003311271429993212
19,1000,7,0.00021294906036928296
19,1000,8,9.260608203476295e-05
19,1000,9,6.086492066970095e-05
19,1000,10,3.8140209653647617e-05
19,1000,11,0.0
19,1100,0,0.000976367446128279
19,1100,1,0.0009654111927375197
19,1100,2,0.0008836514316499233
19,1100,3,0.0006691680755466223
19,1100,4,0.0006223254022188485
19,1100,5,0.00040900593739934266
19,1100,6,0.00034031347604468465
19,1100,7,0.00022628055012319237
19,1100,8,9.611438144929707e-05
19,1100,9,6.362510612234473e-05
19,1100,10,3.755133366212249e-05
19,1100,11,0.0
19,1200,0,0.0008640522719360888
19,1200,1,0.0009531961404718459
19,1200,2,0.0009410101920366287
19,1200,3,0.0007304830942302942
19,1200,4,0.0006112162373028696
19,1200,5,0.00042705200030468404
19,1200,6,0.000326296198181808
19,1200,7,0.00021868752082809806
19,1200,8,9.892540401779115e-05
19,1200,9,6.185320671647787e-05
19,1200,10,3.8112568290671334e-05
19,1200,11,0.0
20,0,0,0.0009884396567940712
20,0,1,0.0009005303727462888
20,0,2,0.0009044614271260798
20,0,3,0.0007896543247625232
20,0,4,0.0006513730622828007
20,0,5,0.00044728998909704387
20,0,6,0.00037551578134298325
20,0,7,0.00021675750031135976
20,0,8,0.00010466276580700651
20,0,9,6.251050945138559e-05
20,0,10,3.896670386893675e-05
20,0,11,0.0
20,100,0,0.0009276175405830145
20,100,1,0.0008512242930009961
20,100,2,0.0008882682304829359
20,100,3,0.0007424084469676018
20,100,4,0.0006420285790227354
20,100,5,0.00042050116462633014
20,100,6,0.00031877215951681137
20,100,7,0.00022285069280769676
20,100,8,0.00010156218922929838
20,100,9,6.393154035322368e-05
20,100,10,3.732873665285297e-05
20,100,11,0.0
20,200,0,0.0009470537188462913
20,200,1,0.000947062682826072
20,200,2,0.001006469945423305
20,200,3,0.0008186270715668797
20,200,4,0.0007355351699516177
20,200,5,0.0004463791847229004
20,200,6,0.00037974677979946136
20,200,7,0.00023321925255004317
20,200,8,0.00011549924238352105
20,200,9,7.098295463947579e-05
20,200,10,4.2994895920855924e-05
20,200,11,0.0
20,300,0,0.0010505213867872953
20,300,1,0.000986973405815661
20,300,2,0.0009785812580958009
20,300,3,0.0007845338550396264
20,300,4,0.000647842010948807
20,300,5,0.00044079142389819026
20,300,6,0.0003620488860178739
20,300,7,0.00023507153673563153
20,300,8,0.00011072618508478627
20,300,9,6.873959500808269e-05
20,300,10,4.181650001555681e-05
20,300,11,0.0
20,400,0,0.000926846347283572
20,400,1,0.0009282385581173003
20,400,2,0.0009745341958478093
20,400,3,0.0007879723561927676
20,400,4,0.0006434369133785367
20,400,5,0.00043940157047472894
20,400,6,0.00038048336864449084
20,400,7,0.00022799060388933867
20,400,8,0.00010197031951975077
20,400,9,6.814820517320186e-05
20,400,10,3.995999941253103e-05
20,400,11,0.0
20,500,0,0.0009317115182057023
20,500,1,0.0010263926815241575
20,500,2,0.0009652071166783571
20,500,3,0.000785240379627794
20,500,4,0.000658731791190803
20,500,5,0.000458415481261909
20,500,6,0.00036054226802662015
20,500,7,0.00023395579773932695
20,500,8,9.741207759361714e-05
20,500,9,6.568185199284926e-05
20,500,10,3.7422531022457406e-05
20,500,11,0.0
20,600,0,0.0009600314078852534
20,600,1,0.0008877470390871167
20,600,2,0.0009444170282222331
20,600,3,0.0007309768116101623
20,600,4,0.0006174732116051018
20,600,5,0.0004090374568477273
20,600,6,0.00033177316072396934
20,600,7,0.00020211219089105725
20,600,8,9.885174949886277e-05
20,600,9,6.480929732788354e-05
20,600,10,4.006375093013048e-05
20,600,11,0.0
20,700,0,0.0010536124464124441
20,700,1,0.0010288956109434366
20,700,2,0.0010248805629089475
20,700,3,0.0008979878621175885
20,700,4,0.0007039004121907055
20,700,5,0.00046382591244764626
20,700,6,0.0003645634569693357
20,700,7,0.00023979593242984265
20,700,8,0.00011097911192337051
20,700,9,6.95557682774961e-05
20,700,10,4.606622678693384e-05
20,700,11,0.0
20,800,0,0.0010533174499869347
20,800,1,0.0010616026120260358
20,800,2,0.0010416319128125906
20,800,3,0.0008404991822317243
20,800,4,0.0007067406550049782
20,800,5,0.0004603764391504228
20,800,6,0.0003902468306478113
20,800,7,0.0002495738444849849
20,800,8,0.00011006587010342628
20,800,9,6.74183465889655e-05
20,800,10,4.3857493437826633e-05
20,800,11,0.0
20,900,0,0.0009983136551454663
20,900,1,0.0009842433501034975
20,900,2,0.0009838216938078403
20,900,3,0.0007809139788150787
20,900,4,0.0006598806357942522
20,900,5,0.0004463671357370913
20,900,6,0.0003536691365297884
20,900,7,0.00024180648324545473
20,900,8,0.00011271368566667661
20,900,9,6.991752161411569e-05
20,900,10,4.310589793021791e-05
20,900,11,0.0
20,1000,0,0.0010115121258422732
20,1000,1,0.0009975627763196826
20,1000,2,0.0010396160650998354
20,1000,3,0.0008178818388842046
20,1000,4,0.0006747629377059639
20,1000,5,0.00045352932647801936
20,1000,6,0.0004011853307019919
20,1000,7,0.0002550907083787024
20,1000,8,0.0001007670143735595
20,1000,9,7.091328006936237e-05
20,1000,10,4.5148957724450156e-05
20,1000,11,0.0
20,1100,0,0.0009398078545928001
20,1100,1,0.0010362992761656642
20,1100,2,0.0010302704758942127
20,1100,3,0.0007898552576079965
20,1100,4,0.0006875517428852618
20,1100,5,0.0004940200014971197
20,1100,6,0.0003899072471540421
20,1100,7,0.00026396525208838284
20,1100,8,0.00011086955055361614
20,1100,9,6.466914783231914e-05
20,1100,10,4.4676355173578486e-05
20,1100,11,0.0
20,1200,0,0.0010025093797594309
20,1200,1,0.0010144258849322796
20,1200,2,0.0010442270431667566
20,1200,3,0.0008104202570393682
20,1200,4,0.0006730378372594714
20,1200,5,0.0004364823398645967
20,1200,6,0.0003786631568800658
20,1200,7,0.00023045724083203822
20,1200,8,0.00010459620534675196
20,1200,9,7.468739931937307e-05
20,1200,10,4.53551001555752e-05
20,1200,11,0.0
21,0,0,0.0011710035614669323
21,0,1,0.0010911663994193077
21,0,2,0.001034952118061483
21,0,3,0.000814407947473228
21,0,4,0.0006680653314106166
21,0,5,0.0004924105014652014
21,0,6,0.00039058917900547385
21,0,7,0.0002475248766131699
21,0,8,0.00010657501843525097
21,0,9,6.639715866185725e-05
21,0,10,3.972338527091779e-05
21,0,11,0.0
21,100,0,0.0009939221199601889
21,100,1,0.0009864638559520245
21,100,2,0.0010044072987511754
21,100,3,0.000806182564701885
21,100,4,0.0006478045252151787
21,100,5,0.0004882853827439249
21,100,6,0.00039696917519904673
21,100,7,0.00025748999905772507
21,100,8,0.00010095617471961305
21,100,9,7.058114715619013e-05
21,100,10,4.358186561148614e-05
21,100,11,0.0
21,200,0,0.0011828080751001835
21,200,1,0.001114390790462494
21,200,2,0.0011139311827719212
21,200,3,0.0008337196195498109
21,200,4,0.0007195252692326903
21,200,5,0.0004813822451978922
21,200,6,0.0003935524437110871
21,200,7,0.00028639999800361693
21,200,8,0.00012074414553353563
21,200,9,7.583312981296331e-05
21,200,10,4.756246562465094e-05
21,200,11,0.0
21,300,0,0.0011895096395164728
21,300,1,0.0010182452388107777
21,300,2,0.0010226928861811757
21,300,3,0.0008280293550342321
21,300,4,0.0007129968726076186
21,300,5,0.00047661515418440104
21,300,6,0.0004022955836262554
21,300,7,0.00025329997879453003
21,300,8,0.00010907229443546385
21,300,9,7.446360541507602e-05
21,300,10,4.413124770508148e-05
21,300,11,0.0
21,400,0,0.001001247321255505
21,400,1,0.0010135893244296312
21,400,2,0.0010945971589535475
21,400,3,0.0008218653965741396
21,400,4,0.0007477880571968853
21,400,5,0.0004958583740517497
21,400,6,0.0004392629489302635
21,400,7,0.00025375885888934135
21,400,8,0.00010383785411249846
21,400,9,6.727883737767115e-05
21,400,10,4.8448247980559245e-05
21,400,11,0.0
21,500,0,0.0011763012735173106
21,500,1,0.0011738714529201388
21,500,2,0.0012445157626643777
21,500,3,0.0009764338610693812
21,500,4,0.0007870925473980606
21,500,5,0.0005032782210037112
21,500,6,0.00045136664994060993
21,500,7,0.00027543699252419174
21,500,8,0.00011837633064715192
21,500,9,7.209525938378647e-05
21,500,10,5.063521894044243e-05
21,500,11,0.0
21,600,0,0.00117837218567729
21,600,1,0.0011069842148572206
21,600,2,0.0011767408577725291
21,600,3,0.0008506320882588625
21,600,4,0.0007751486846245825
21,600,5,0.0005081960116513073
21,600,6,0.0004103748651687056
21,600,7,0.00026666896883398294
21,600,8,0.0001199443795485422
21,600,9,7.71240156609565e-05
21,600,10,5.389416037360206e-05
21,600,11,0.0
21,700,0,0.0011749642435461283
21,700,1,0.001244382350705564
21,700,2,0.0012429512571543455
21,700,3,0.0009641775977797806
21,700,4,0.0008462872938252985
21,700,5,0.000544296286534518
21,700,6,0.00047442340292036533
21,700,7,0.0002753164153546095
21,700,8,0.00012163080100435764
21,700,9,7.786240894347429e-05
21,700,10,4.885704765911214e-05
21,700,11,0.0
21,800,0,0.001195417600683868
21,800,1,0.0012440795544534922
21,800,2,0.0011998130939900875
21,800,3,0.000904547399841249
21,800,4,0.0007985818083398044
21,800,5,0.0005248554516583681
21,800,6,0.0004495680914260447
21,800,7,0.00027930736541748047
21,800,8,0.00013079840573482215
21,800,9,7.746357732685283e-05
21,800,10,4.930824798066169e-05
21,800,11,0.0
21,900,0,0.0009796692756935954
21,900,1,0.0010685150045901537
21,900,2,0.0011600884608924389
21,900,3,0.0009039028664119542
21,900,4,0.0007814937271177769
21,900,5,0.0005190561059862375
21,900,6,0.00043804236338473856
21,900,7,0.00027167523512616754
21,900,8,0.00011846074630739167
21,900,9,8.15233652247116e-05
21,900,10,4.5022476115264e-05
21,900,11,0.0
21,1000,0,0.0010007026139646769
21,1000,1,0.001062173629179597
21,1000,2,0.001171724870800972
21,1000,3,0.0008208001963794231
21,1000,4,0.0007399223977699876
21,1000,5,0.0004985659616068006
21,1000,6,0.0004385277279652655
21,1000,7,0.0002744713856372982
21,1000,8,0.00010833670239662752
21,1000,9,7.192062912508845e-05
21,1000,10,4.568087388179265e-05
21,1000,11,0.0
21,1100,0,0.0012076761340722442
21,1100,1,0.0011612647213041782
21,1100,2,0.0011847343994304538
21,1100,3,0.0008826556149870157
21,1100,4,0.0007682526484131813
21,1100,5,0.0005251968977972865
21,1100,6,0.0004590331227518618
21,1100,7,0.0002722273929975927
21,1100,8,0.00011447088036220521
21,1100,9,7.901023491285741e-05
21,1100,10,4.9019647121895105e-05
21,1100,11,0.0
21,1200,0,0.001276796916499734
21,1200,1,0.0012690157163888216
21,1200,2,0.001324887271039188
21,1200,3,0.0009415636886842549
21,1200,4,0.0008520662086084485
21,1200,5,0.0005868452717550099
21,1200,6,0.0004873342113569379
21,1200,7,0.000322594161843881
21,1200,8,0.00013541770749725401
21,1200,9,8.368745329789817e-05
21,1200,10,4.974908006261103e-05
21,1200,11,0.0
22,0,0,0.0012008205521851778
22,0,1,0.0011992471991106868
22,0,2,0.0012858820846304297
22,0,3,0.000966304331086576
22,0,4,0.000805115734692663
22,0,5,0.0005160662694834173
22,0,6,0.0004590665630530566
22,0,7,0.00030658120522275567
22,0,8,0.00013323525490704924
22,0,9,7.984715193742886e-05
22,0,10,5.152339144842699e-05
22,0,11,0.0
22,100,0,0.0011865607229992747
22,100,1,0.0011885024141520262
22,100,2,0.001252631889656186
22,100,3,0.000947143358644098
22,100,4,0.0009047974599525332
22,100,5,0.0005238825106061995
22,100,6,0.0004503325908444822
22,100,7,0.00028840184677392244
22,100,8,0.0001273799716727808
22,100,9,8.213351247832179e-05
22,100,10,5.024063284508884e-05
22,100,11,0.0
22,200,0,0.001146892667748034
22,200,1,0.0011238661827519536
22,200,2,0.001198856276459992
22,200,3,0.0008928413735702634
22,200,4,0.0007970531587488949
22,200,5,0.0005272486596368253
22,200,6,0.00045113812666386366
22,200,7,0.0002822700480464846
22,200,8,0.00011801467917393893
22,200,9,7.991135498741642e-05
22,200,10,5.347213300410658e-05
22,200,11,0.0
22,300,0,0.001247607753612101
22,300,1,0.0011452821781858802
22,300,2,0.0011903014965355396
22,300,3,0.0009580929181538522
22,300,4,0.0007526684203185141
22,300,5,0.0005338830524124205
22,300,6,0.00044278777204453945
22,300,7,0.00029516458744183183
22,300,8,0.00011859684309456497
22,300,9,7.705938332946971e-05
22,300,10,4.540209556580521e-05
22,300,11,0.0
22,400,0,0.001077340915799141
22,400,1,0.0011181720765307546
22,400,2,0.001160543062724173
22,400,3,0.0008790463907644153
22,400,4,0.0007419275352731347
22,400,5,0.000515420688316226
22,400,6,0.0004107358690816909
22,400,7,0.00028424226911738515
22,400,8,0.00011609665671130642
22,400,9,8.217555296141654e-05
22,400,10,4.642726344172843e-05
22,400,11,0.0
22,500,0,0.0012193149887025356
22,500,1,0.0011770116398110986
22,500,2,0.0012779351091012359
22,500,3,0.0009388941689394414
22,500,4,0.0008067397284321487
22,500,5,0.000522257701959461
22,500,6,0.0004860656918026507
22,500,7,0.0002934673393610865
22,500,8,0.00013262053835205734
22,500,9,8.128608169499785e-05
22,500,10,5.207020149100572e-05
22,500,11,0.0
22,600,0,0.0014091409975662827
22,600,1,0.0014250573003664613
22,600,2,0.0013742693699896336
22,600,3,0.0010821521282196045
22,600,4,0.000930653652176261
22,600,5,0.0006257478380575776
22,600,6,0.0005192493554204702
22,600,7,0.0003211308503523469
22,600,8,0.0001364635827485472
22,600,9,9.571466944180429e-05
22,600,10,6.430978100979701e-05
22,600,11,0.0
22,700,0,0.001166714122518897
22,700,1,0.001213003764860332
22,700,2,0.0013400872703641653
22,700,3,0.0010173509363085032
22,700,4,0.0008868995355442166
22,700,5,0.0005934484652243555
22,700,6,0.000442086486145854
22,700,7,0.000310322007862851
22,700,8,0.00013403130287770182
22,700,9,8.18260814412497e-05
22,700,10,4.6723631385248154e-05
22,700,11,0.0
22,800,0,0.0013240920379757881
22,800,1,0.0013280190760269761
22,800,2,0.0014243670739233494
22,800,3,0.0010808231309056282
22,800,4,0.0008923356072045863
22,800,5,0.000580133288167417
22,800,6,0.0005228781956247985
22,800,7,0.0003020254662260413
22,800,8,0.00012493559916038066
22,800,9,8.298615284729749e-05
22,800,10,5.408813012763858e-05
22,800,11,0.0
22,900,0,0.0011217603459954262
22,900,1,0.0010565281845629215
22,900,2,0.0011738321045413613
22,900,3,0.0009236197220161557
22,900,4,0.0007447092793881893
22,900,5,0.0005145665490999818
22,900,6,0.0004384831408970058
22,900,7,0.00027946094633080065
22,900,8,0.00011252899275859818
22,900,9,7.131791062420234e-05
22,900,10,5.356854308047332e-05
22,900,11,0.0
22,1000,0,0.0014255904825404286
22,1000,1,0.0013696856331080198
22,1000,2,0.0013042951468378305
22,1000,3,0.0009902314050123096
22,1000,4,0.000854512385558337
22,1000,5,0.0005970484926365316
22,1000,6,0.0004985124105587602
22,1000,7,0.0003092053229920566
22,1000,8,0.00013253894576337188
22,1000,9,8.257354056695476e-05
22,1000,10,5.692213017027825e-05
22,1000,11,0.0
22,1100,0,0.0014503038255497813
22,1100,1,0.0013198325177654624
22,1100,2,0.0014131435891613364
22,1100,3,0.0010511368745937943
22,1100,4,0.0009133011335507035
22,1100,5,0.0005606788326986134
22,1100,6,0.0004990890738554299
22,1100,7,0.00034262181725353
22,1100,8,0.00015469721984118223
22,1100,9,0.00010238782124361023
22,1100,10,6.0671034589177e-05
22,1100,11,0.0
22,1200,0,0.0011231829412281513
22,1200,1,0.0011905129067599773
22,1200,2,0.0012125092325732112
22,1200,3,0.000924487307202071
22,1200,4,0.0007922987570054829
22,1200,5,0.0005062814452685416
22,1200,6,0.00046751220361329615
22,1200,7,0.0003047241480089724
22,1200,8,0.00011718906171154231
22,1200,9,8.962705760495737e-05
22,1200,10,5.129435157869011e-05
22,1200,11,0.0
23,0,0,0.0014275460271164775
23,0,1,0.0013668204192072153
23,0,2,0.0014356462052091956
23,0,3,0.0010377642465755343
23,0,4,0.000949717010371387
23,0,5,0.0006061692838557065
23,0,6,0.000524001894518733
23,0,7,0.0003289277374278754
23,0,8,0.0001506053376942873
23,0,9,0.00010666554589988664
23,0,10,6.08023110544309e-05
23,0,11,0.0
23,100,0,0.0012810147600248456
23,100,1,0.001357378321699798
23,100,2,0.0014503031270578504
23,100,3,0.0010187268489971757
23,100,4,0.0008413322502747178
23,100,5,0.0005638413713313639
23,100,6,0.00042942899744957685
23,100,7,0.00030555398552678525
23,100,8,0.00013836722064297646
23,100,9,8.371643343707547e-05
23,100,10,5.1756818720605224e-05
23,100,11,0.0
23,200,0,0.0014183283783495426
23,200,1,0.0014751728158444166
23,200,2,0.001401590765453875
23,200,3,0.001055783941410482
23,200,4,0.0009495859267190099
23,200,5,0.0006495443521998823
23,200,6,0.0005082427524030209
23,200,7,0.00033457408426329494
23,200,8,0.0001413938880432397
23,200,9,9.046910417964682e-05
23,200,10,5.734525257139467e-05
23,200,11,0.0
23,300,0,0.001391333993524313
23,300,1,0.0014120895648375154
23,300,2,0.0015386795857921243
23,300,3,0.0011101530399173498
23,300,4,0.0009657685877755284
23,300,5,0.0006280012894421816
23,300,6,0.0004820321628358215
23,300,7,0.00033787888241931796
23,300,8,0.00013310280337464064
23,300,9,8.764681842876598e-05
23,300,10,5.9569796576397493e-05
23,300,11,0.0
23,400,0,0.0014981658896431327
23,400,1,0.0014219207223504782
23,400,2,0.0014798417687416077
23,400,3,0.0010961499065160751
23,400,4,0.0009116618894040585
23,400,5,0.0006130297551862895
23,400,6,0.0004930353024974465
23,400,7,0.00033385847928002477
23,400,8,0.00014346212265081704
23,400,9,9.13940675673075e-05
23,400,10,5.898481322219595e-05
23,400,11,0.0
23,500,0,0.0013014584546908736
23,500,1,0.0012609129771590233
23,500,2,0.00143627414945513
23,500,3,0.0010339729487895966
23,500,4,0.0008485614089295268
23,500,5,0.0005707556265406311
23,500,6,0.0005041678086854517
23,500,7,0.00031585138640366495
23,500,8,0.0001302245946135372
23,500,9,8.243965567089617e-05
23,500,10,6.14641176071018e-05
23,500,11,0.0
23,600,0,0.00146984972525388
23,600,1,0.0014223092002794147
23,600,2,0.0015563914785161614
23,600,3,0.0011638877913355827
23,600,4,0.0009145666845142841
23,600,5,0.000671321467962116
23,600,6,0.0005111901555210352
23,600,7,0.0003728613373823464
23,600,8,0.00014713250857312232
23,600,9,9.972741099772975e-05
23,600,10,5.899579628021456e-05
23,600,11,0.0
23,700,0,0.0013642123667523265
23,700,1,0.0013109735446050763
23,700,2,0.0013682357966899872
23,700,3,0.001053892308846116
23,700,4,0.0008972400682978332
23,700,5,0.0005872522597201169
23,700,6,0.0005037224036641419
23,700,7,0.0003274157643318176
23,700,8,0.00012868207704741508
23,700,9,9.205691458191723e-05
23,700,10,6.012503945385106e-05
23,700,11,0.0
23,800,0,0.001233774470165372
23,800,1,0.001301671378314495
23,800,2,0.0013940369244664907
23,800,3,0.0010130598675459623
23,800,4,0.0008632405078969896
23,800,5,0.0006153954309411347
23,800,6,0.0005303388461470604
23,800,7,0.0003245564585085958
23,800,8,0.00012924292241223156
23,800,9,8.618646825198084e-05
23,800,10,5.7923472922993824e-05
23,800,11,0.0
23,900,0,0.0013950229622423649
23,900,1,0.0013666594168171287
23,900,2,0.0014856572961434722
23,900,3,0.0011098331306129694
23,900,4,0.0009070222731679678
23,900,5,0.0005803399835713208
23,900,6,0.0005042627453804016
23,900,7,0.0003156564198434353
23,900,8,0.00014545438170898706
23,900,9,9.850470814853907e-05
23,900,10,6.272898463066667e-05
23,900,11,0.0
23,1000,0,0.0016323664458468556
23,1000,1,0.0015222879592329264
23,1000,2,0.0015437004622071981
23,1000,3,0.001167568494565785
23,1000,4,0.001025075907818973
23,1000,5,0.0006788604659959674
23,1000,6,0.0005300065968185663
23,1000,7,0.0003557614400051534
23,1000,8,0.00016208273882512003
23,1000,9,9.428418707102537e-05
23,1000,10,5.977697583148256e-05
23,1000,11,0.0
23,1100,0,0.0016003722557798028
23,1100,1,0.0015777022344991565
23,1100,2,0.0016112820012494922
23,1100,3,0.0011846388224512339
23,1100,4,0.0010635246289893985
23,1100,5,0.0006846568430773914
23,1100,6,0.00056516780750826
23,1100,7,0.0003501776373013854
23,1100,8,0.00015045028703752905
23,1100,9,0.00010241947165923193
23,1100,10,7.15714631951414e-05
23,1100,11,0.0
23,1200,0,0.0014822410885244608
23,1200,1,0.001523129642009735
23,1200,2,0.0015572072006762028
23,1200,3,0.001221589744091034
23,1200,4,0.0009671577136032283
23,1200,5,0.0006917575956322253
23,1200,6,0.0005404297262430191
23,1200,7,0.00036433435161598027
23,1200,8,0.00015249820717144758
23,1200,9,9.597790631232783e-05
23,1200,10,5.716195664717816e-05
23,1200,11,0.0
24,0,0,0.001686721807345748
24,0,1,0.001579856383614242
24,0,2,0.001750380266457796
24,0,3,0.0012605710653588176
24,0,4,0.001052289386279881
24,0,5,0.0007593640475533903
24,0,6,0.0006577676394954324
24,0,7,0.00040567293763160706
24,0,8,0.0001592500921105966
24,0,9,0.00010871489939745516
24,0,10,7.369597005890682e-05
24,0,11,0.0
24,100,0,0.0012357806554064155
24,100,1,0.0012055824045091867
24,100,2,0.0013976639602333307
24,100,3,0.0010098825441673398
24,100,4,0.0008974919328466058
24,100,5,0.0005924973520450294
24,100,6,0.0005164748290553689
24,100,7,0.00033615753636695445
24,100,8,0.00013852689880877733
24,100,9,8.947719470597804e-05
24,100,10,5.8194204029859975e-05
24,100,11,0.0
24,200,0,0.0015669140266254544
24,200,1,0.0016986585687845945
24,200,2,0.001649454701691866
24,200,3,0.0012741609243676066
24,200,4,0.0009698436479084194
24,200,5,0.0007495449390262365
24,200,6,0.0006228603306226432
24,200,7,0.00037812648224644363
24,200,8,0.00016938235785346478
24,200,9,0.00010777291026897728
24,200,10,6.063863111194223e-05
24,200,11,0.0
24,300,0,0.0018361741676926613
24,300,1,0.0015847802860662341
24,300,2,0.0017266211798414588
24,300,3,0.0012600442860275507
24,300,4,0.0011210492812097073
24,300,5,0.0007315894472412765
24,300,6,0.000622877269051969
24,300,7,0.00041457844781689346
24,300,8,0.0001680464338278398
24,300,9,0.00012035190593451262
24,300,10,7.714934326941147e-05
24,300,11,0.0
24,400,0,0.0015138501767069101
24,400,1,0.001420570188201964
24,400,2,0.001580258016474545
24,400,3,0.0011486284201964736
24,400,4,0.0009277043282054365
24,400,5,0.0006837654509581625
24,400,6,0.0005885785794816911
24,400,7,0.0003646269906312227
24,400,8,0.00014144378656055778
24,400,9,0.0001026889804052189
24,400,10,6.510769162559882e-05
24,400,11,0.0
24,500,0,0.0014135520905256271
24,500,1,0.0013559344224631786
24,500,2,0.0014363642549142241
24,500,3,0.0010647160233929753
24,500,4,0.000908362737391144
24,500,5,0.0006302302936092019
24,500,6,0.0005205407505854964
24,500,7,0.00036257351166568696
24,500,8,0.00014955829828977585
24,500,9,0.00010253256186842918
24,500,10,5.811607479699887e-05
24,500,11,0.0
24,600,0,0.0015854560770094395
24,600,1,0.0015055442927405238
24,600,2,0.0015784892020747066
24,600,3,0.00113569269888103
24,600,4,0.0010220796102657914
24,600,5,0.0007126135751605034
24,600,6,0.0005878439405933022
24,600,7,0.0003566317609511316
24,600,8,0.00015227205585688353
24,600,9,0.00010329421638743952
24,600,10,6.748284067725763e-05
24,600,11,0.0
24,700,0,0.0015058303251862526
24,700,1,0.0014966392191126943
24,700,2,0.0016828491352498531
24,700,3,0.0012560617178678513
24,700,4,0.001055304892361164
24,700,5,0.0006976957665756345
24,700,6,0.0006017304258421063
24,700,7,0.00041723818867467344
24,700,8,0.0001616644294699654
24,700,9,0.00010737527918536216
24,700,10,7.166036812122911e-05
24,700,11,0.0
24,800,0,0.0016714738449081779
24,800,1,0.0014471006579697132
24,800,2,0.0015201014466583729
24,800,3,0.0012453959789127111
24,800,4,0.0010014568688347936
24,800,5,0.000650828646030277
24,800,6,0.0006194235756993294
24,800,7,0.0003771394840441644
24,800,8,0.0001639560068724677
24,800,9,0.00010563454998191446
24,800,10,8.07183823781088e-05
24,800,11,0.0
24,900,0,0.0018470584182068706
24,900,1,0.0016887340461835265
24,900,2,0.0018445260357111692
24,900,3,0.0013509051641449332
24,900,4,0.0011364349629729986
24,900,5,0.0006771729094907641
24,900,6,0.0005751814460381866
24,900,7,0.00038724206387996674
24,900,8,0.00017952281632460654
24,900,9,0.00010907398245763034
24,900,10,7.375192944891751e-05
24,900,11,0.0
24,1000,0,0.0019108890555799007
24,1000,1,0.0017347224056720734
24,1000,2,0.0018381323898211122
24,1000,3,0.001380670117214322
24,1000,4,0.001144686946645379
24,1000,5,0.0007788864313624799
24,1000,6,0.0006196260219439864
24,1000,7,0.00041778190643526614
24,1000,8,0.00016367963689845055
24,1000,9,0.00011899093078682199
24,1000,10,7.958126661833376e-05
24,1000,11,0.0
24,1100,0,0.0016021443298086524
24,1100,1,0.0014840926742181182
24,1100,2,0.0016657763626426458
24,1100,3,0.0011629767250269651
24,1100,4,0.0010249866172671318
24,1100,5,0.0006945069180801511
24,1100,6,0.0005396486376412213
24,1100,7,0.0003705046547111124
24,1100,8,0.00015235842147376388
24,1100,9,0.00010129973816219717
24,1100,10,6.577294698217884e-05
24,1100,11,0.0
24,1200,0,0.0015436261892318726
24,1200,1,0.0015508633805438876
24,1200,2,0.0015706114936619997
24,1200,3,0.0011228460352867842
24,1200,4,0.0010075876489281654
24,1200,5,0.0006784201832488179
24,1200,6,0.0005537713295780122
24,1200,7,0.0003763380227610469
24,1200,8,0.0001572288601892069
24,1200,9,9.569390385877341e-05
24,1200,10,6.229455175343901e-05
24,1200,11,0.0
25,0,0,0.0018584694480523467
25,0,1,0.0016116515034809709
25,0,2,0.0018716687336564064
25,0,3,0.0012796148657798767
25,0,4,0.0011667654616758227
25,0,5,0.0007531451410613954
25,0,6,0.0006602978683076799
25,0,7,0.0004021191271021962
25,0,8,0.00017778413894120604
25,0,9,0.0001306702906731516
25,0,10,8.616391278337687e-05
25,0,11,0.0
25,100,0,0.0016681172419339418
25,100,1,0.001538823707960546
25,100,2,0.0017358411569148302
25,100,3,0.0011762608774006367
25,100,4,0.0010801837779581547
25,100,5,0.0007772601675242186
25,100,6,0.0006137267919257283
25,100,7,0.0003976189764216542
25,100,8,0.00017179879068862647
25,100,9,0.00010281479626428336
25,100,10,7.265574095072225e-05
25,100,11,0.0
25,200,0,0.0017092828638851643
25,200,1,0.001703895628452301
25,200,2,0.0017772149294614792
25,200,3,0.0013072463916614652
25,200,4,0.0011125135933980346
25,200,5,0.0007487324764952064
25,200,6,0.0006430484354496002
25,200,7,0.00037313817301765084
25,200,8,0.00016431677795480937
25,200,9,0.00011093501234427094
25,200,10,7.375522545771673e-05
25,200,11,0.0
25,300,0,0.0018056583357974887
25,300,1,0.0017190583748742938
25,300,2,0.00181012530811131
25,300,3,0.0012807907769456506
25,300,4,0.0011699821334332228
25,300,5,0.0007012737332843244
25,300,6,0.0005727894604206085
25,300,7,0.0003839151468127966
25,300,8,0.00016894859436433762
25,300,9,0.00010750044020824134
25,300,10,7.513593300245702e-05
25,300,11,0.0
25,400,0,0.0016487921820953488
25,400,1,0.0017739637987688184
25,400,2,0.002012089127674699
25,400,3,0.0013622291153296828
25,400,4,0.001217906130477786
25,400,5,0.0008312525460496545
25,400,6,0.0006553607527166605
25,400,7,0.00044778204755857587
25,400,8,0.00019328788039274514
25,400,9,0.00012172217248007655
25,400,10,8.049148163991049e-05
25,400,11,0.0
25,500,0,0.0015646654646843672
25,500,1,0.0015481249429285526
25,500,2,0.0017473488114774227
25,500,3,0.001166727626696229
25,500,4,0.0010372945107519627
25,500,5,0.0007295258110389113
25,500,6,0.0005808768328279257
25,500,7,0.0003905250341631472
25,500,8,0.00016036155284382403
25,500,9,0.00010408768139313906
25,500,10,6.965579814277589e-05
25,500,11,0.0
25,600,0,0.001486398046836257
25,600,1,0.0013709780760109425
25,600,2,0.0016379884909838438
25,600,3,0.001224609324708581
25,600,4,0.0010051662102341652
25,600,5,0.0006773681961931288
25,600,6,0.0005999702261760831
25,600,7,0.00039165790076367557
25,600,8,0.0001501561055192724
25,600,9,0.00010211859625997022
25,600,10,7.189969619503245e-05
25,600,11,0.0
25,700,0,0.001564901089295745
25,700,1,0.0016555065521970391
25,700,2,0.001778717734850943
25,700,3,0.001292856177315116
25,700,4,0.0010339037980884314
25,700,5,0.0007263151346705854
25,700,6,0.0006402437575161457
25,700,7,0.0003982367052230984
25,700,8,0.00016674258222337812
25,700,9,0.00011208154319319874
25,700,10,6.984902574913576e-05
25,700,11,0.0
25,800,0,0.0018170183757320046
25,800,1,0.0017663993639871478
25,800,2,0.0018624834483489394
25,800,3,0.001278744894079864
25,800,4,0.0011443991679698229
25,800,5,0.0007481500506401062
25,800,6,0.0006196574540808797
25,800,7,0.0004143101105000824
25,800,8,0.00017199537251144648
25,800,9,0.00011479997920105234
25,800,10,7.083028322085738e-05
25,800,11,0.0
25,900,0,0.0016635929932817817
25,900,1,0.0016362977912649512
25,900,2,0.0017477681394666433
25,900,3,0.0013051197165623307
25,900,4,0.0011221237946301699
25,900,5,0.0007742024608887732
25,900,6,0.0006351707270368934
25,900,7,0.0004109915462322533
25,900,8,0.00015931161760818213
25,900,9,0.00011279881437076256
25,900,10,6.902472523506731e-05
25,900,11,0.0
25,1000,0,0.0015960941091179848
25,1000,1,0.0016428802628070116
25,1000,2,0.0018071301747113466
25,1000,3,0.0012258942006155849
25,1000,4,0.0011224723421037197
25,1000,5,0.0008337627514265478
25,1000,6,0.0006262061651796103
25,1000,7,0.00039745125104673207
25,1000,8,0.00018311134772375226
25,1000,9,0.00010357749124523252
25,1000,10,6.921666499692947e-05
25,1000,11,0.0
25,1100,0,0.0018411766504868865
25,1100,1,0.0016146620037034154
25,1100,2,0.00182208395563066
25,1100,3,0.0012748432345688343
25,1100,4,0.0011336921015754342
25,1100,5,0.0007891088607721031
25,1100,6,0.0006587890675291419
25,1100,7,0.0004261693684384227
25,1100,8,0.0001764257758622989
25,1100,9,0.00010878846660489216
25,1100,10,6.901937740622088e-05
25,1100,11,0.0
25,1200,0,0.0016845760401338339
25,1200,1,0.0016854418208822608
25,1200,2,0.00185534602496773
25,1200,3,0.001208011177368462
25,1200,4,0.0011289181420579553
25,1200,5,0.000746297009754926
25,1200,6,0.0006627501570619643
25,1200,7,0.0004192855558358133
25,1200,8,0.00017141889838967472
25,1200,9,0.00010712996299844235
25,1200,10,6.52234666631557e-05
25,1200,11,0.0
26,0,0,0.001770667964592576
26,0,1,0.0017530175391584635
26,0,2,0.0020797583274543285
26,0,3,0.001286870799958706
26,0,4,0.0011926423758268356
26,0,5,0.000765892444178462
26,0,6,0.0006484560435637832
26,0,7,0.00040460063610225916
26,0,8,0.00016671698540449142
26,0,9,0.00011637261195573956
26,0,10,6.912773824296892e-05
26,0,11,0.0
26,100,0,0.001642296789214015
26,100,1,0.0016464496729895473
26,100,2,0.0018976946594193578
26,100,3,0.001280738040804863
26,100,4,0.0011425286065787077
26,100,5,0.0008413360919803381
26,100,6,0.000633132818620652
26,100,7,0.00039675479638390243
26,100,8,0.00016307229816447943
26,100,9,0.00011140660353703424
26,100,10,7.329157233471051e-05
26,100,11,0.0
26,200,0,0.001514894189313054
26,200,1,0.0015609469264745712
26,200,2,0.0017712714616209269
26,200,3,0.0012405472807586193
26,200,4,0.0010803024051710963
26,200,5,0.0006857936969026923
26,200,6,0.0006348114111460745
26,200,7,0.00038592261262238026
26,200,8,0.00015492047532461584
26,200,9,0.00010298215056536719
26,200,10,6.294589547906071e-05
26,200,11,0.0
26,300,0,0.002042772714048624
26,300,1,0.0018773354822769761
26,300,2,0.0020853225141763687
26,300,3,0.0014487096341326833
26,300,4,0.0012519379379227757
26,300,5,0.0008465125574730337
26,300,6,0.0007473976584151387
26,300,7,0.0004402399936225265
26,300,8,0.00019847323710564524
26,300,9,0.0001301290758419782
26,300,10,9.144841897068545e-05
26,300,11,0.0
26,400,0,0.001928600831888616
26,400,1,0.0018680873326957226
26,400,2,0.002125738188624382
26,400,3,0.0014477713266387582
26,400,4,0.0013070430140942335
26,400,5,0.0008581181173212826
26,400,6,0.000664370134472847
26,400,7,0.00045036477968096733
26,400,8,0.00018409908807370812
26,400,9,0.00012377445818856359
26,400,10,8.479164534946904e-05
26,400,11,0.0
26,500,0,0.001553974929265678
26,500,1,0.0015186097007244825
26,500,2,0.001753491349518299
26,500,3,0.001222070655785501
26,500,4,0.001161597785539925
26,500,5,0.0007127003045752645
26,500,6,0.000623504223767668
26,500,7,0.00038766692159697413
26,500,8,0.00015324022388085723
26,500,9,0.0001088253702619113
26,500,10,6.985205254750326e-05
26,500,11,0.0
26,600,0,0.001821585581637919
26,600,1,0.0018266154220327735
26,600,2,0.001961083384230733
26,600,3,0.0014060859102755785
26,600,4,0.0011103732977062464
26,600,5,0.0008091091294772923
26,600,6,0.0006377105019055307
26,600,7,0.0004113348841201514
26,600,8,0.00017423134704586118
26,600,9,0.00010718293924583122
26,600,10,7.256707613123581e-05
26,600,11,0.0
26,700,0,0.0018448906484991312
26,700,1,0.001799247576855123
26,700,2,0.0020541364792734385
26,700,3,0.0013774693943560123
26,700,4,0.0012570451945066452
26,700,5,0.0008397377678193152
26,700,6,0.0006611891440115869
26,700,7,0.00045474403304979205
26,700,8,0.00019485481607262045
26,700,9,0.00012917595449835062
26,700,10,9.136484004557133e-05
26,700,11,0.0
26,800,0,0.0016899572219699621
26,800,1,0.0017166220350190997
26,800,2,0.0019364332547411323
26,800,3,0.0013428987003862858
26,800,4,0.001091392245143652
26,800,5,0.000783888332080096
26,800,6,0.0006566197262145579
26,800,7,0.00043538169120438397
26,800,8,0.00017167349869851023
26,800,9,0.00011669635568978265
26,800,10,7.531992014264688e-05
26,800,11,0.0
26,900,0,0.001857457566075027
26,900,1,0.0016090546268969774
26,900,2,0.0019878954626619816
26,900,3,0.0013277523685246706
26,900,4,0.0011140152346342802
26,900,5,0.000775603752117604
26,900,6,0.0006788547616451979
26,900,7,0.0004448635736480355
26,900,8,0.00016831830726005137
26,900,9,0.00010990319424308836
26,900,10,6.785477307857946e-05
26,900,11,0.0
26,1000,0,0.0019987118430435658
26,1000,1,0.0018564340425655246
26,1000,2,0.002052874304354191
26,1000,3,0.001364057301543653
26,1000,4,0.0011619239812716842
26,1000,5,0.0007784617482684553
26,1000,6,0.0006965092034079134
26,1000,7,0.0004223925352562219
26,1000,8,0.00018343694682698697
26,1000,9,0.00011650541273411363
26,1000,10,7.351049862336367e-05
26,1000,11,0.0
26,1100,0,0.0017557119717821479
26,1100,1,0.001566066755913198
26,1100,2,0.001839122618548572
26,1100,3,0.0012727698776870966
26,1100,4,0.0011302927741780877
26,1100,5,0.0007566453423351049
26,1100,6,0.0006610662676393986
26,1100,7,0.000422993500251323
26,1100,8,0.00016191616305150092
26,1100,9,0.00010993549221893772
26,1100,10,6.96087590768002e-05
26,1100,11,0.0
26,1200,0,0.0016302574658766389
26,1200,1,0.0017466559074819088
26,1200,2,0.0019308945629745722
26,1200,3,0.0013255022931843996
26,1200,4,0.0011929443571716547
26,1200,5,0.0008329900447279215
26,1200,6,0.0006897443672642112
26,1200,7,0.00044683751184493303
26,1200,8,0.00017122243298217654
26,1200,9,0.00011230689415242523
26,1200,10,7.048876432236284e-05
26,1200,11,0.0
27,0,0,0.001793636241927743
27,0,1,0.0016533242305740714
27,0,2,0.0018438524566590786
27,0,3,0.0012819526018574834
27,0,4,0.001033925567753613
27,0,5,0.0007780955056659877
27,0,6,0.0006042123422957957
27,0,7,0.00040883506881073117
27,0,8,0.00015310624439734966
27,0,9,0.00010242131975246593
27,0,10,7.221948180813342e-05
27,0,11,0.0
27,100,0,0.001746240770444274
27,100,1,0.0016464570071548223
27,100,2,0.0019674552604556084
27,100,3,0.0013527784030884504
27,100,4,0.0011549547780305147
27,100,5,0.0007785668130964041
27,100,6,0.0006399658741429448
27,100,7,0.0004693254013545811
27,100,8,0.0001766387140378356
27,100,9,0.00012275209883227944
27,100,10,7.439330511260778e-05
27,100,11,0.0
27,200,0,0.0018780012615025043
27,200,1,0.0016998572973534465
27,200,2,0.0019560970831662416
27,200,3,0.0012487453641369939
27,200,4,0.0011289843823760748
27,200,5,0.0007912113214842975
27,200,6,0.0006469048094004393
27,200,7,0.0004605271096806973
27,200,8,0.00017757751629687846
27,200,9,0.00011419237853260711
27,200,10,7.70182377891615e-05
27,200,11,0.0
27,300,0,0.002091838978230953
27,300,1,0.0019395120907574892
27,300,2,0.0020776139572262764
27,300,3,0.001545557170175016
27,300,4,0.0012922806199640036
27,300,5,0.0008553322986699641
27,300,6,0.0007544733234681189
27,300,7,0.00047222006833180785
27,300,8,0.0001945373514899984
27,300,9,0.00012196690659038723
27,300,10,9.03000109246932e-05
27,300,11,0.0
27,400,0,0.002248395001515746
27,400,1,0.0018823029240593314
27,400,2,0.0021177511662244797
27,400,3,0.0015142187476158142
27,400,4,0.0012486495543271303
27,400,5,0.0008702686754986644
27,400,6,0.0006597180617973208
27,400,7,0.0005003426922485232
27,400,8,0.00018778433150146157
27,400,9,0.00011475013889139518
27,400,10,7.717935659456998e-05
27,400,11,0.0
27,500,0,0.00201020366512239
27,500,1,0.0017854927573353052
27,500,2,0.0021375915966928005
27,500,3,0.0014510037144646049
27,500,4,0.0011550129856914282
27,500,5,0.0008637005812488496
27,500,6,0.0007251863135024905
27,500,7,0.0004656100645661354
27,500,8,0.000206209922907874
27,500,9,0.00012143339699832723
27,500,10,7.49383689253591e-05
27,500,11,0.0
27,600,0,0.0016976631013676524
27,600,1,0.0018449077615514398
27,600,2,0.0021419129334390163
27,600,3,0.0013911282876506448
27,600,4,0.001279344200156629
27,600,5,0.0008751191780902445
27,600,6,0.0007350302184931934
27,600,7,0.00047567763249389827
27,600,8,0.00020350553677417338
27,600,9,0.00012749966117553413
27,600,10,8.663827611599118e-05
27,600,11,0.0
27,700,0,0.0019317842088639736
27,700,1,0.0017462967662140727
27,700,2,0.002077567158266902
27,700,3,0.0013910518027842045
27,700,4,0.001201758161187172
27,700,5,0.000827409909106791
27,700,6,0.0006940927705727518
27,700,7,0.0004785865603480488
27,700,8,0.00017639202997088432
27,700,9,0.00011349508713465184
27,700,10,8.133619121508673e-05
27,700,11,0.0
27,800,0,0.0020531476475298405
27,800,1,0.001916566863656044
27,800,2,0.0021632900461554527
27,800,3,0.001445350470021367
27,800,4,0.0012056828709319234
27,800,5,0.000854145095217973
27,800,6,0.0006649796268902719
27,800,7,0.00046820519492030144
27,800,8,0.00019284266454633325
27,800,9,0.00011867998546222225
27,800,10,7.779841689625755e-05
27,800,11,0.0
27,900,0,0.0021087229251861572
27,900,1,0.0018311793683096766
27,900,2,0.002093155635520816
27,900,3,0.001403281930834055
27,900,4,0.0012768692104145885
27,900,5,0.0008044402929954231
27,900,6,0.000684731756336987
27,900,7,0.00047935001202858984
27,900,8,0.00018704045214690268
27,900,9,0.00011973350774496794
27,900,10,7.874007133068517e-05
27,900,11,0.0
27,1000,0,0.002002580324187875
27,1000,1,0.0019204483833163977
27,1000,2,0.002395996358245611
27,1000,3,0.0015759053640067577
27,1000,4,0.0012866571778431535
27,1000,5,0.0009617179166525602
27,1000,6,0.0007900858763605356
27,1000,7,0.0005227895453572273
27,1000,8,0.00022397225257009268
27,1000,9,0.0001295640249736607
27,1000,10,9.313233749708161e-05
27,1000,11,0.0
27,1100,0,0.0021794575732201338
27,1100,1,0.002074614865705371
27,1100,2,0.0022565750405192375
27,1100,3,0.001437460770830512
27,1100,4,0.0012526657665148377
27,1100,5,0.000878558901604265
27,1100,6,0.0007225103327073157
27,1100,7,0.0004998210351914167
27,1100,8,0.0001991021999856457
27,1100,9,0.0001258502306882292
27,1100,10,7.56001245463267e-05
27,1100,11,0.0
27,1200,0,0.0019843988120555878
27,1200,1,0.001821029931306839
27,1200,2,0.002109685679897666
27,1200,3,0.0014358991757035255
27,1200,4,0.0011146462056785822
27,1200,5,0.0008290672558359802
27,1200,6,0.0006970924441702664
27,1200,7,0.00047828222159296274
27,1200,8,0.00017972756177186966
27,1200,9,0.00011288319365121424
27,1200,10,7.334622932830825e-05
27,1200,11,0.0
28,0,0,0.002281876979395747
28,0,1,0.0022308356128633022
28,0,2,0.0024703473318368196
28,0,3,0.0017382403602823615
28,0,4,0.0015464498428627849
28,0,5,0.0009990095859393477
28,0,6,0.0008980654529295862
28,0,7,0.0005612260429188609
28,0,8,0.00020956325170118362
28,0,9,0.00015023985179141164
28,0,10,0.0001025279561872594
28,0,11,0.0
28,100,0,0.002229161560535431
28,100,1,0.0021378956735134125
28,100,2,0.002410156186670065
28,100,3,0.001659802976064384
28,100,4,0.0013564244145527482
28,100,5,0.0009425213211216033
28,100,6,0.0008607267518527806
28,100,7,0.0005542503786273301
28,100,8,0.0002260537148686126
28,100,9,0.00014558644033968449
28,100,10,9.38148150453344e-05
28,100,11,0.0
28,200,0,0.0022487486712634563
28,200,1,0.001960468478500843
28,200,2,0.002340006409212947
28,200,3,0.0015602291096001863
28,200,4,0.0013900193152949214
28,200,5,0.0009154259460046887
28,200,6,0.0008336727041751146
28,200,7,0.0005095113883726299
28,200,8,0.0002077109384117648
28,200,9,0.00012745766434818506
28,200,10,9.746070281835273e-05
28,200,11,0.0
28,300,0,0.0017918931553140283
28,300,1,0.0019460672046989202
28,300,2,0.00237470306456089
28,300,3,0.0014879435766488314
28,300,4,0.0012989338720217347
28,300,5,0.0008992105140350759
28,300,6,0.0007104853284545243
28,300,7,0.0004716640687547624
28,300,8,0.00017661400488577783
28,300,9,0.0001156683501903899
28,300,10,7.683833973715082e-05
28,300,11,0.0
28,400,0,0.002020120620727539
28,400,1,0.0019231631886214018
28,400,2,0.002261619083583355
28,400,3,0.0015927111962810159
28,400,4,0.0012480606092140079
28,400,5,0.0008511856431141496
28,400,6,0.0006608389667235315
28,400,7,0.00043510881369002163
28,400,8,0.00018607555830385536
28,400,9,0.0001134237099904567
28,400,10,8.348707342520356e-05
28,400,11,0.0
28,500,0,0.00182083691470325
28,500,1,0.0019242062699049711
28,500,2,0.0022415153216570616
28,500,3,0.0014900965616106987
28,500,4,0.001331445761024952
28,500,5,0.0009286082349717617
28,500,6,0.0007148609147407115
28,500,7,0.00046346834278665483
28,500,8,0.00018981407629325986
28,500,9,0.00011683891352731735
28,500,10,7.334657857427374e-05
28,500,11,0.0
28,600,0,0.0020093563944101334
28,600,1,0.0017688062507659197
28,600,2,0.0019768360070884228
28,600,3,0.0013036283198744059
28,600,4,0.0011848515132442117
28,600,5,0.0007258830592036247
28,600,6,0.0006685159169137478
28,600,7,0.00043441946036182344
28,600,8,0.00016681142733432353
28,600,9,0.00011647083738353103
28,600,10,7.993815233930945e-05
28,600,11,0.0
28,700,0,0.002015018370002508
28,700,1,0.0021656753960996866
28,700,2,0.0023237010464072227
28,700,3,0.0015626255189999938
28,700,4,0.0012993550626561046
28,700,5,0.0008964011794887483
28,700,6,0.0007131793536245823
28,700,7,0.0005103666335344315
28,700,8,0.00020620855502784252
28,700,9,0.00012486607010941952
28,700,10,8.481994882458821e-05
28,700,11,0.0
28,800,0,0.0020260438323020935
28,800,1,0.0019644119311124086
28,800,2,0.002459146548062563
28,800,3,0.0014777425676584244
28,800,4,0.0013814866542816162
28,800,5,0.0009177697938866913
28,800,6,0.0008044979767873883
28,800,7,0.0005010163295082748
28,800,8,0.00019408414664212614
28,800,9,0.0001278609415749088
28,800,10,8.147059998009354e-05
28,800,11,0.0
28,900,0,0.0018724442925304174
28,900,1,0.0018359574023634195
28,900,2,0.0022914856672286987
28,900,3,0.0015059575671330094
28,900,4,0.001324389362707734
28,900,5,0.0008958759135566652
28,900,6,0.0007348270737566054
28,900,7,0.0004605930298566818
28,900,8,0.00019466040248516947
28,900,9,0.0001330482482444495
28,900,10,8.717753371456638e-05
28,900,11,0.0
28,1000,0,0.002122962847352028
28,1000,1,0.0017458267975598574
28,1000,2,0.0022853731643408537
28,1000,3,0.001565652433782816
28,1000,4,0.0012060251319780946
28,1000,5,0.0008609598153270781
28,1000,6,0.0007091222796589136
28,1000,7,0.0004979276563972235
28,1000,8,0.00019871434778906405
28,1000,9,0.00012236136535648257
28,1000,10,8.29254713607952e-05
28,1000,11,0.0
28,1100,0,0.0018512379610911012
28,1100,1,0.001801342936232686
28,1100,2,0.0021434840746223927
28,1100,3,0.0015568846138194203
28,1100,4,0.0013648922322317958
28,1100,5,0.0009171159472316504
28,1100,6,0.0007429858669638634
28,1100,7,0.0004800711467396468
28,1100,8,0.0001853076828410849
28,1100,9,0.00012686270929407328
28,1100,10,8.766927203396335e-05
28,1100,11,0.0
28,1200,0,0.0021292022429406643
28,1200,1,0.00192387739662081
28,1200,2,0.002332900417968631
28,1200,3,0.0015572472475469112
28,1200,4,0.0013685512822121382
28,1200,5,0.0008769248379394412
28,1200,6,0.0006989034591242671
28,1200,7,0.0005244103376753628
28,1200,8,0.00020413819584064186
28,1200,9,0.00012811731721740216
28,1200,10,9.898257121676579e-05
28,1200,11,0.0
29,0,0,0.0020156262908130884
29,0,1,0.001897443667985499
29,0,2,0.0022641695104539394
29,0,3,0.0014664455084130168
29,0,4,0.0012826176825910807
29,0,5,0.0008872002363204956
29,0,6,0.000729793100617826
29,0,7,0.000498211826197803
29,0,8,0.00019527014228515327
29,0,9,0.0001349676604149863
29,0,10,9.415892418473959e-05
29,0,11,0.0
29,100,0,0.0023224717006087303
29,100,1,0.002215133747085929
29,100,2,0.002543575596064329
29,100,3,0.0017671161331236362
29,100,4,0.0014970946358516812
29,100,5,0.0010222882265225053
29,100,6,0.0008621886372566223
29,100,7,0.0005255073774605989
29,100,8,0.00021710272994823754
29,100,9,0.00015537397121079266
29,100,10,0.00010293901868863031
29,100,11,0.0
29,200,0,0.002122343983501196
29,200,1,0.002081610495224595
29,200,2,0.0023879059590399265
29,200,3,0.0016040620394051075
29,200,4,0.0013936752220615745
29,200,5,0.0009196224855259061
29,200,6,0.0007373038097284734
29,200,7,0.000515602994710207
29,200,8,0.00021685121464543045
29,200,9,0.00013204837159719318
29,200,10,9.368202881887555e-05
29,200,11,0.0
29,300,0,0.0019518019398674369
29,300,1,0.0020212444942444563
29,300,2,0.002273969352245331
29,300,3,0.0015732500469312072
29,300,4,0.0013371700188145041
29,300,5,0.0008966487948782742
29,300,6,0.0008128947229124606
29,300,7,0.0005038014496676624
29,300,8,0.00021701754303649068
29,300,9,0.00013380190648604184
29,300,10,8.9482513430994e-05
29,300,11,0.0
29,400,0,0.002264937851577997
29,400,1,0.002098510507494211
29,400,2,0.0023665563203394413
29,400,3,0.0016060431953519583
29,400,4,0.0014584428863599896
29,400,5,0.0009185870294459164
29,400,6,0.0007892312714830041
29,400,7,0.0005386083503253758
29,400,8,0.00019257159146945924
29,400,9,0.0001232508511748165
29,400,10,9.270514419768006e-05
29,400,11,0.0
29,500,0,0.002050412120297551
29,500,1,0.0020498635713011026
29,500,2,0.0022434256970882416
29,500,3,0.001617874950170517
29,500,4,0.0014030286110937595
29,500,5,0.0009462367161177099
29,500,6,0.0008055002545006573
29,500,7,0.000513634760864079
29,500,8,0.00021264702081680298
29,500,9,0.0001257383992196992
29,500,10,8.286999945994467e-05
29,500,11,0.0
29,600,0,0.0022889135871082544
29,600,1,0.0021668823901563883
29,600,2,0.0025072055868804455
29,600,3,0.0016447778325527906
29,600,4,0.001418791594915092
29,600,5,0.0010033113649114966
29,600,6,0.0007986510754562914
29,600,7,0.0005387599230743945
29,600,8,0.00020798156037926674
29,600,9,0.0001486417168052867
29,600,10,0.00010284670133842155
29,600,11,0.0
29,700,0,0.0020450251176953316
29,700,1,0.0018786140717566013
29,700,2,0.002363497857004404
29,700,3,0.0016392753459513187
29,700,4,0.0013876784360036254
29,700,5,0.0009544537169858813
29,700,6,0.000775167194660753
29,700,7,0.0005228979862295091
29,700,8,0.0001973341713892296
29,700,9,0.000129164254758507
29,700,10,8.944680303102359e-05
29,700,11,0.0
29,800,0,0.0020911053288728
29,800,1,0.0020334282889962196
29,800,2,0.0022106189280748367
29,800,3,0.0014374075690284371
29,800,4,0.0012293575564399362
29,800,5,0.0008477205410599709
29,800,6,0.0007002282072789967
29,800,7,0.0004892406286671758
29,800,8,0.00021226436365395784
29,800,9,0.00013713163207285106
29,800,10,8.809204155113548e-05
29,800,11,0.0
29,900,0,0.00243918364867568
29,900,1,0.002287184353917837
29,900,2,0.002612523967400193
29,900,3,0.0018453649245202541
29,900,4,0.0015840778360143304
29,900,5,0.0010589371668174863
29,900,6,0.0008804043754935265
29,900,7,0.0005767748225480318
29,900,8,0.00022979699133429676
29,900,9,0.00014488045417238027
29,900,10,0.0001026889294735156
29,900,11,0.0
29,1000,0,0.0020629537757486105
29,1000,1,0.0019984871614724398
29,1000,2,0.0025902828201651573
29,1000,3,0.0017305829096585512
29,1000,4,0.0014924159040674567
29,1000,5,0.0009930012747645378
29,1000,6,0.0008510179468430579
29,1000,7,0.0005723331705667078
29,1000,8,0.0002197218855144456
29,1000,9,0.000156995200086385
29,1000,10,0.00010765842307591811
29,1000,11,0.0
29,1100,0,0.0024188838433474302
29,1100,1,0.0021220615599304438
29,1100,2,0.002480975817888975
29,1100,3,0.0016766879707574844
29,1100,4,0.0015103338519111276
29,1100,5,0.0009642603690735996
29,1100,6,0.0008200046140700579
29,1100,7,0.0005794152966700494
29,1100,8,0.00022308902407530695
29,1100,9,0.00012986296496819705
29,1100,10,9.631890134187415e-05
29,1100,11,0.0
29,1200,0,0.0023911597672849894
29,1200,1,0.0022517472971230745
29,1200,2,0.002934693358838558
29,1200,3,0.0021198447793722153
29,1200,4,0.001698926673270762
29,1200,5,0.0011109441984444857
29,1200,6,0.0009386466699652374
29,1200,7,0.0006000009598210454
29,1200,8,0.00026173892547376454
29,1200,9,0.00016120208601932973
29,1200,10,0.0001083126844605431
29,1200,11,0.0
30,0,0,0.0022118729539215565
30,0,1,0.0019878430757671595
30,0,2,0.0025261163245886564
30,0,3,0.0015834678197279572
30,0,4,0.0014130078488960862
30,0,5,0.000986402970738709
30,0,6,0.0008100940613076091
30,0,7,0.0005571228102780879
30,0,8,0.00020987592870369554
30,0,9,0.0001304013276239857
30,0,10,8.126255124807358e-05
30,0,11,0.0
30,100,0,0.002218949841335416
30,100,1,0.0022085814271122217
30,100,2,0.002620427403599024
30,100,3,0.0017004900146275759
30,100,4,0.0015098045114427805
30,100,5,0.0009743189439177513
30,100,6,0.0008443853002972901
30,100,7,0.0005680691101588309
30,100,8,0.00022933079162612557
30,100,9,0.00013999654038343579
30,100,10,9.367168240714818e-05
30,100,11,0.0
30,200,0,0.0026253846008330584
30,200,1,0.002513895509764552
30,200,2,0.002709535649046302
30,200,3,0.0019274665974080563
30,200,4,0.00158264662604779
30,200,5,0.0009829782648012042
30,200,6,0.0008131025824695826
30,200,7,0.0005565117462538183
30,200,8,0.00023514074564445764
30,200,9,0.00014669017400592566
30,200,10,9.244387183571234e-05
30,200,11,0.0
30,300,0,0.0023399554193019867
30,300,1,0.0022539098281413317
30,300,2,0.0025609047152101994
30,300,3,0.0016958598280325532
30,300,4,0.0014213158283382654
30,300,5,0.0010038163745775819
30,300,6,0.0007894538575783372
30,300,7,0.0005264734500087798
30,300,8,0.00021294537873473018
30,300,9,0.0001342844479950145
30,300,10,8.568959310650826e-05
30,300,11,0.0
30,400,0,0.0023064827546477318
30,400,1,0.0022370086517184973
30,400,2,0.0023634331300854683
30,400,3,0.0016652834601700306
30,400,4,0.0016005486249923706
30,400,5,0.0009784579742699862
30,400,6,0.0007966025150381029
30,400,7,0.0005778624326921999
30,400,8,0.0002310139243490994
30,400,9,0.0001380934554617852
30,400,10,9.51967595028691e-05
30,400,11,0.0
30,500,0,0.0024938941933214664
30,500,1,0.0019943045917898417
30,500,2,0.002601996064186096
30,500,3,0.0017748024547472596
30,500,4,0.0014735624426975846
30,500,5,0.0010192159097641706
30,500,6,0.000788290926720947
30,500,7,0.0005546302418224514
30,500,8,0.00023435337061528116
30,500,9,0.000139842348289676
30,500,10,8.853113104123622e-05
30,500,11,0.0
30,600,0,0.002737639471888542
30,600,1,0.0022998726926743984
30,600,2,0.0027431256603449583
30,600,3,0.0017517862142995
30,600,4,0.0015656431205570698
30,600,5,0.0010088515700772405
30,600,6,0.0008256443543359637
30,600,7,0.000596448895521462
30,600,8,0.00024615414440631866
30,600,9,0.00015023267769720405
30,600,10,0.00011762570647988468
30,600,11,0.0
30,700,0,0.002223911229521036
30,700,1,0.0020356173627078533
30,700,2,0.0025062025524675846
30,700,3,0.0016704793088138103
30,700,4,0.0014308725949376822
30,700,5,0.0009597521857358515
30,700,6,0.0008151105139404535
30,700,7,0.0005469981697387993
30,700,8,0.00021860709239263088
30,700,9,0.00014069650205783546
30,700,10,9.628565021557733e-05
30,700,11,0.0
30,800,0,0.002379215322434902
30,800,1,0.002150414977222681
30,800,2,0.002529637888073921
30,800,3,0.0017649036599323153
30,800,4,0.001490920316427946
30,800,5,0.0010191804030910134
30,800,6,0.0008301374618895352
30,800,7,0.0005611612577922642
30,800,8,0.0002192608080804348
30,800,9,0.00013872247654944658
30,800,10,9.76767114480026e-05
30,800,11,0.0
30,900,0,0.002573213540017605
30,900,1,0.002040688879787922
30,900,2,0.0025397497229278088
30,900,3,0.0016386181814596057
30,900,4,0.001397299813106656
30,900,5,0.0009532439871691167
30,900,6,0.0008113374351523817
30,900,7,0.0005460632964968681
30,900,8,0.0002303591900272295
30,900,9,0.00013523486268240958
30,900,10,0.00010470572306076065
30,900,11,0.0
30,1000,0,0.0022190206218510866
30,1000,1,0.00210398156195879
30,1000,2,0.0026596984826028347
30,1000,3,0.0016762071754783392
30,1000,4,0.0015102083561941981
30,1000,5,0.0010016121668741107
30,1000,6,0.0008000652305781841
30,1000,7,0.000568986521102488
30,1000,8,0.00021691832807846367
30,1000,9,0.0001378623564960435
30,1000,10,0.00010726028267526999
30,1000,11,0.0
30,1100,0,0.002306882292032242
30,1100,1,0.002105970634147525
30,1100,2,0.0025440792087465525
30,1100,3,0.0016031033592298627
30,1100,4,0.0015513998223468661
30,1100,5,0.001000919146463275
30,1100,6,0.0008436572970822453
30,1100,7,0.0005281692720018327
30,1100,8,0.0002148772618966177
30,1100,9,0.00014231826935429126
30,1100,10,0.00010298340203007683
30,1100,11,0.0
30,1200,0,0.0026328517124056816
30,1200,1,0.0024933465756475925
30,1200,2,0.0030139070004224777
30,1200,3,0.0020418688654899597
30,1200,4,0.0017852876335382462
30,1200,5,0.0011648654472082853
30,1200,6,0.0009809463517740369
30,1200,7,0.0005987929180264473
30,1200,8,0.0002530112396925688
30,1200,9,0.00017261550237890333
30,1200,10,0.00012097084254492074
30,1200,11,0.0
