epoch,iter,layer,grad_phi_norm
0,0,0,5.196481288294308e-05
0,0,1,2.0174453311483376e-05
0,0,2,1.1052940863010008e-05
0,0,3,7.861903213779442e-06
0,0,4,7.1482609200757e-06
0,0,5,7.910772183095105e-06
0,0,6,1.1791375072789378e-05
0,0,7,5.328758106770692e-06
0,0,8,4.2123469938815106e-06
0,0,9,5.341667929315008e-06
0,0,10,3.635250322986394e-06
0,0,11,0.0
0,100,0,5.224532287684269e-05
0,100,1,1.4989373994467314e-05
0,100,2,1.8725744666880928e-05
0,100,3,8.225177225540392e-06
0,100,4,1.0749253306130413e-05
0,100,5,9.07202047528699e-06
0,100,6,8.555415661248844e-06
0,100,7,6.261775070015574e-06
0,100,8,5.981578851788072e-06
0,100,9,3.1361269066110253e-06
0,100,10,4.49049503004062e-06
0,100,11,0.0
0,200,0,4.473209992283955e-05
0,200,1,3.249209839850664e-05
0,200,2,1.39997573569417e-05
0,200,3,1.2198076547065284e-05
0,200,4,1.2301738934183959e-05
0,200,5,8.056756996666081e-06
0,200,6,6.367343303281814e-06
0,200,7,6.241465143830283e-06
0,200,8,5.2445457185967825e-06
0,200,9,4.205186996841803e-06
0,200,10,2.8085521535103908e-06
0,200,11,0.0
0,300,0,3.29956783389207e-05
0,300,1,2.6533813070273027e-05
0,300,2,1.2874399544671178e-05
0,300,3,1.697234620223753e-05
0,300,4,1.0609743185341358e-05
0,300,5,8.244621312769596e-06
0,300,6,5.411934125731932e-06
0,300,7,5.730344582843827e-06
0,300,8,4.775504294229904e-06
0,300,9,4.299748979974538e-06
0,300,10,2.59767170973646e-06
0,300,11,0.0
0,400,0,3.350372935528867e-05
0,400,1,2.7862903152708896e-05
0,400,2,1.8859203919419087e-05
0,400,3,1.3900389603804797e-05
0,400,4,1.229713325301418e-05
0,400,5,1.0502246368560009e-05
0,400,6,1.239355424331734e-05
0,400,7,7.109004855010426e-06
0,400,8,7.394210115307942e-06
0,400,9,3.982504495070316e-06
0,400,10,2.5399278911208967e-06
0,400,11,0.0
0,500,0,4.819516107090749e-05
0,500,1,1.629259713809006e-05
0,500,2,1.8795226424117573e-05
0,500,3,9.340793440060224e-06
0,500,4,7.756312697893009e-06
0,500,5,5.8616415117285214e-06
0,500,6,7.682840077904984e-06
0,500,7,1.0020452464232221e-05
0,500,8,4.680183792515891e-06
0,500,9,5.395472271629842e-06
0,500,10,2.6409586553199915e-06
0,500,11,0.0
0,600,0,3.658149944385514e-05
0,600,1,1.3440170732792467e-05
0,600,2,1.1340515811752994e-05
0,600,3,1.1571917639230378e-05
0,600,4,5.659755970555125e-06
0,600,5,1.0918397492787335e-05
0,600,6,7.878855285525788e-06
0,600,7,3.759113724299823e-06
0,600,8,4.532879302132642e-06
0,600,9,5.6059257076412905e-06
0,600,10,2.226680862804642e-06
0,600,11,0.0
0,700,0,5.8676589105743915e-05
0,700,1,2.5993329472839832e-05
0,700,2,1.764479929988738e-05
0,700,3,1.5008184163889382e-05
0,700,4,1.006505135592306e-05
0,700,5,1.0365854905103333e-05
0,700,6,9.14729116630042e-06
0,700,7,1.1918377822439652e-05
0,700,8,5.613710072793765e-06
0,700,9,4.365836957731517e-06
0,700,10,2.7923188099521212e-06
0,700,11,0.0
0,800,0,4.1618051909608766e-05
0,800,1,2.1718886273447424e-05
0,800,2,1.3783424947177991e-05
0,800,3,1.094042818294838e-05
0,800,4,7.142342838051263e-06
0,800,5,7.320768872887129e-06
0,800,6,4.982400241715368e-06
0,800,7,5.324704943632241e-06
0,800,8,3.947324785258388e-06
0,800,9,3.536886424626573e-06
0,800,10,1.290951217924885e-06
0,800,11,0.0
0,900,0,3.927499346900731e-05
0,900,1,3.3435284422012046e-05
0,900,2,1.4084039321460295e-05
0,900,3,1.2172142305644229e-05
0,900,4,7.569803528895136e-06
0,900,5,9.23861352930544e-06
0,900,6,4.307740709919017e-06
0,900,7,2.5529218419251265e-06
0,900,8,1.7561517324793385e-06
0,900,9,2.576206270532566e-06
0,900,10,1.5854764114919817e-06
0,900,11,0.0
0,1000,0,3.872617890010588e-05
0,1000,1,3.431352160987444e-05
0,1000,2,2.2901764168636873e-05
0,1000,3,1.6422653061454184e-05
0,1000,4,5.8249647736374754e-06
0,1000,5,6.360534825944342e-06
0,1000,6,3.797801355176489e-06
0,1000,7,2.6840370992431417e-06
0,1000,8,2.5350441319460515e-06
0,1000,9,2.19317644223338e-06
0,1000,10,9.336386597169621e-07
0,1000,11,0.0
0,1100,0,5.978904300718568e-05
0,1100,1,3.3769978472264484e-05
0,1100,2,2.2187163267517462e-05
0,1100,3,1.0766130799311213e-05
0,1100,4,9.775487342267297e-06
0,1100,5,6.407276032405207e-06
0,1100,6,3.1211784516926855e-06
0,1100,7,2.9287405141076306e-06
0,1100,8,2.5023216494446388e-06
0,1100,9,1.487022473156685e-06
0,1100,10,1.6716368236302515e-06
0,1100,11,0.0
0,1200,0,7.15140558895655e-05
0,1200,1,2.6260040613124147e-05
0,1200,2,1.0604264389257878e-05
0,1200,3,6.506997124233749e-06
0,1200,4,4.337224709161092e-06
0,1200,5,5.003482783649815e-06
0,1200,6,4.4312782847555354e-06
0,1200,7,3.320797077321913e-06
0,1200,8,1.0945591384370346e-06
0,1200,9,9.769854614205542e-07
0,1200,10,7.986594141584646e-07
0,1200,11,0.0
1,0,0,7.285997708095238e-05
1,0,1,2.8804566682083532e-05
1,0,2,2.5762530640349723e-05
1,0,3,1.8573866327642463e-05
1,0,4,9.257884812541306e-06
1,0,5,8.386528861592524e-06
1,0,6,4.2919609768432565e-06
1,0,7,3.168011062371079e-06
1,0,8,2.1370165086409543e-06
1,0,9,1.7544787169754272e-06
1,0,10,1.4971698192312033e-06
1,0,11,0.0
1,100,0,6.79677032167092e-05
1,100,1,2.5813047614065e-05
1,100,2,2.762901749520097e-05
1,100,3,1.3763840797764715e-05
1,100,4,5.672486622643191e-06
1,100,5,3.3164922115247464e-06
1,100,6,2.9539112347265473e-06
1,100,7,2.544783001212636e-06
1,100,8,1.2964281950189616e-06
1,100,9,2.063026158793946e-06
1,100,10,7.620387236784154e-07
1,100,11,0.0
1,200,0,8.01634814706631e-05
1,200,1,3.470929368631914e-05
1,200,2,3.084875788772479e-05
1,200,3,1.3052945178060327e-05
1,200,4,4.760781848744955e-06
1,200,5,3.6935148273187224e-06
1,200,6,2.6530851755524054e-06
1,200,7,2.2495107714348705e-06
1,200,8,2.038508455370902e-06
1,200,9,1.312986228185764e-06
1,200,10,7.438402462867089e-07
1,200,11,0.0
1,300,0,0.00011685997014865279
1,300,1,2.8524018489406444e-05
1,300,2,1.780448656063527e-05
1,300,3,7.115044354577549e-06
1,300,4,7.141023615986342e-06
1,300,5,2.6755947146739345e-06
1,300,6,2.833530288626207e-06
1,300,7,4.094741598237306e-06
1,300,8,1.87195746548241e-06
1,300,9,2.1373655272327596e-06
1,300,10,5.948714942860533e-07
1,300,11,0.0
1,400,0,0.00015100656310096383
1,400,1,3.444727190071717e-05
1,400,2,2.141929871868342e-05
1,400,3,9.473526006331667e-06
1,400,4,5.4300162446452305e-06
1,400,5,3.1984936867957003e-06
1,400,6,2.2162130335345864e-06
1,400,7,1.7109958889705013e-06
1,400,8,2.3565080482512712e-06
1,400,9,7.197760965027555e-07
1,400,10,1.0852166951735853e-06
1,400,11,0.0
1,500,0,0.00010863755596801639
1,500,1,7.013920549070463e-05
1,500,2,4.51917621830944e-05
1,500,3,9.659846909926273e-06
1,500,4,6.287151791184442e-06
1,500,5,2.4985606614791322e-06
1,500,6,2.946964741568081e-06
1,500,7,1.3640598126585246e-06
1,500,8,1.5212754078675061e-06
1,500,9,9.502690545559744e-07
1,500,10,8.268775104625092e-07
1,500,11,0.0
1,600,0,0.00012008428166154772
1,600,1,8.810686267679557e-05
1,600,2,4.55147928732913e-05
1,600,3,1.4417328202398494e-05
1,600,4,8.784574674791656e-06
1,600,5,5.3060834943607915e-06
1,600,6,3.1406721063831355e-06
1,600,7,2.683653519852669e-06
1,600,8,2.4420703539362876e-06
1,600,9,1.0991740282406681e-06
1,600,10,6.553019034072349e-07
1,600,11,0.0
1,700,0,0.00015284180699381977
1,700,1,5.830981535837054e-05
1,700,2,4.474193701753393e-05
1,700,3,8.706462722329888e-06
1,700,4,4.404067112773191e-06
1,700,5,3.1852669053478166e-06
1,700,6,2.8783449579350417e-06
1,700,7,1.5203412431219476e-06
1,700,8,2.038472985077533e-06
1,700,9,6.226773621165194e-07
1,700,10,9.984514690586366e-07
1,700,11,0.0
1,800,0,0.00015046635235194117
1,800,1,7.766458293190226e-05
1,800,2,5.292058995109983e-05
1,800,3,1.2795252587238792e-05
1,800,4,6.911441232659854e-06
1,800,5,2.4980483885883586e-06
1,800,6,2.7315152237861184e-06
1,800,7,1.4189513422024902e-06
1,800,8,8.208603503589984e-07
1,800,9,6.576735245289456e-07
1,800,10,3.929316108042258e-07
1,800,11,0.0
1,900,0,0.00019824030459858477
1,900,1,7.707094482611865e-05
1,900,2,3.272823596489616e-05
1,900,3,8.429191439063288e-06
1,900,4,5.282191523292568e-06
1,900,5,3.6929700399923604e-06
1,900,6,1.4901700069458457e-06
1,900,7,2.0255586150597082e-06
1,900,8,1.5689565771026537e-06
1,900,9,1.7857474858828937e-06
1,900,10,8.049968869272561e-07
1,900,11,0.0
1,1000,0,0.0002738088369369507
1,1000,1,0.00013552159362006932
1,1000,2,4.924780660076067e-05
1,1000,3,1.3394816960499156e-05
1,1000,4,8.253289706772193e-06
1,1000,5,3.5905470667785266e-06
1,1000,6,3.0834635253995657e-06
1,1000,7,2.8564979857037542e-06
1,1000,8,1.425123286935559e-06
1,1000,9,1.1719006351995631e-06
1,1000,10,5.896540642424952e-07
1,1000,11,0.0
1,1100,0,0.0002522297145333141
1,1100,1,0.00010286000178894028
1,1100,2,4.659260230255313e-05
1,1100,3,1.4881587958370801e-05
1,1100,4,6.892137207614724e-06
1,1100,5,2.5488093342573848e-06
1,1100,6,2.2679266749037197e-06
1,1100,7,1.6634437542961678e-06
1,1100,8,1.2770235571224475e-06
1,1100,9,9.694175560071017e-07
1,1100,10,6.953660545150342e-07
1,1100,11,0.0
1,1200,0,0.00029814295703545213
1,1200,1,0.00013838629820384085
1,1200,2,5.578955460805446e-05
1,1200,3,2.476834924891591e-05
1,1200,4,8.376649020647164e-06
1,1200,5,3.839198143396061e-06
1,1200,6,2.5232607185898814e-06
1,1200,7,1.4158666772345896e-06
1,1200,8,1.7739831719154608e-06
1,1200,9,8.692599635651277e-07
1,1200,10,4.4204622895449575e-07
1,1200,11,0.0
2,0,0,0.00024308782303705812
2,0,1,0.00011782548972405493
2,0,2,5.8227578847436234e-05
2,0,3,1.5082754543982446e-05
2,0,4,5.936979960097233e-06
2,0,5,3.5911891700379783e-06
2,0,6,2.8192216632305644e-06
2,0,7,1.9802073438768275e-06
2,0,8,8.826713724374713e-07
2,0,9,9.882608082989464e-07
2,0,10,6.543170911754714e-07
2,0,11,0.0
2,100,0,0.0002390419103903696
2,100,1,0.0001462579530198127
2,100,2,7.809329690644518e-05
2,100,3,2.9435263058985583e-05
2,100,4,6.874941846035654e-06
2,100,5,3.183810122209252e-06
2,100,6,3.0797323233855423e-06
2,100,7,1.6837732346175471e-06
2,100,8,9.563443654769799e-07
2,100,9,7.438705438289617e-07
2,100,10,6.361864279824658e-07
2,100,11,0.0
2,200,0,0.00027540267910808325
2,200,1,0.00013618145021609962
2,200,2,6.714004121022299e-05
2,200,3,2.948126166302245e-05
2,200,4,7.859962352085859e-06
2,200,5,3.785743047046708e-06
2,200,6,2.2037213511794107e-06
2,200,7,2.003989266086137e-06
2,200,8,1.4108137520452146e-06
2,200,9,6.234743636923668e-07
2,200,10,7.811116802258766e-07
2,200,11,0.0
2,300,0,0.00016690568008925766
2,300,1,0.00010642553388606757
2,300,2,6.076644785935059e-05
2,300,3,2.1027513867011294e-05
2,300,4,7.32756643628818e-06
2,300,5,4.0372988223680295e-06
2,300,6,2.0189538645354332e-06
2,300,7,1.0706399962145952e-06
2,300,8,1.0253168056806317e-06
2,300,9,6.396213052539679e-07
2,300,10,2.4051678337855265e-07
2,300,11,0.0
2,400,0,0.00031450303504243493
2,400,1,0.00014095610822550952
2,400,2,0.00010324141476303339
2,400,3,3.458411083556712e-05
2,400,4,8.907301889848895e-06
2,400,5,5.93656795899733e-06
2,400,6,2.5340755200886633e-06
2,400,7,2.3848344881116645e-06
2,400,8,1.3847595710103633e-06
2,400,9,1.0475279168531415e-06
2,400,10,4.54419478046475e-07
2,400,11,0.0
2,500,0,0.00033677287865430117
2,500,1,0.0001942218659678474
2,500,2,0.00010839050082722679
2,500,3,3.57652097591199e-05
2,500,4,1.4387699593498837e-05
2,500,5,4.158463070780272e-06
2,500,6,2.3173461158876307e-06
2,500,7,1.4245003967516823e-06
2,500,8,9.296400094171986e-07
2,500,9,7.413925686705625e-07
2,500,10,4.1734429601092415e-07
2,500,11,0.0
2,600,0,0.000308416347252205
2,600,1,0.0001351901883026585
2,600,2,8.154556417139247e-05
2,600,3,2.7385569410398602e-05
2,600,4,9.425886673852801e-06
2,600,5,3.314672994747525e-06
2,600,6,2.418033318463131e-06
2,600,7,1.8751928791971295e-06
2,600,8,1.0113918733622995e-06
2,600,9,4.79505104067357e-07
2,600,10,3.0335598921737983e-07
2,600,11,0.0
2,700,0,0.0003093237173743546
2,700,1,0.00014390793512575328
2,700,2,9.989735553972423e-05
2,700,3,3.9696544263279065e-05
2,700,4,1.3316734111867845e-05
2,700,5,4.875662853009999e-06
2,700,6,3.2429070415673777e-06
2,700,7,1.4725170558449463e-06
2,700,8,9.140430847764947e-07
2,700,9,5.100232556287665e-07
2,700,10,2.8959115638826916e-07
2,700,11,0.0
2,800,0,0.00031559489434584975
2,800,1,0.00017189348000101745
2,800,2,9.706697164801881e-05
2,800,3,4.320646985433996e-05
2,800,4,1.6426623915322125e-05
2,800,5,5.572740974457702e-06
2,800,6,2.761683845164953e-06
2,800,7,1.7206152733706404e-06
2,800,8,1.3899242503612186e-06
2,800,9,1.070508119482838e-06
2,800,10,2.885760181925434e-07
2,800,11,0.0
2,900,0,0.000429467239882797
2,900,1,0.00021281014778651297
2,900,2,0.00014604520401917398
2,900,3,6.06717039772775e-05
2,900,4,2.4719754947000183e-05
2,900,5,9.104757737077307e-06
2,900,6,4.485323188418988e-06
2,900,7,2.3736149614705937e-06
2,900,8,1.185149017146614e-06
2,900,9,8.632179628875747e-07
2,900,10,4.801241857421701e-07
2,900,11,0.0
2,1000,0,0.00037353442166931927
2,1000,1,0.00022047318634577096
2,1000,2,0.00011588131019379944
2,1000,3,5.4067706514615566e-05
2,1000,4,2.532744656491559e-05
2,1000,5,7.395572538371198e-06
2,1000,6,3.6741837448062142e-06
2,1000,7,1.519108991487883e-06
2,1000,8,9.515591159470205e-07
2,1000,9,5.570941539190244e-07
2,1000,10,3.332063158723031e-07
2,1000,11,0.0
2,1100,0,0.00041490269359201193
2,1100,1,0.00026103577692992985
2,1100,2,0.00015772951883263886
2,1100,3,6.749018939444795e-05
2,1100,4,3.8245838368311524e-05
2,1100,5,1.3013579518883489e-05
2,1100,6,6.569658125954447e-06
2,1100,7,2.9502625693567097e-06
2,1100,8,1.1969859770033509e-06
2,1100,9,9.75949888015748e-07
2,1100,10,5.063454295850534e-07
2,1100,11,0.0
2,1200,0,0.00045827028225176036
2,1200,1,0.00027684067026712
2,1200,2,0.00016919239715207368
2,1200,3,7.974068284966052e-05
2,1200,4,4.4846980017609894e-05
2,1200,5,1.6571480955462903e-05
2,1200,6,6.857786502223462e-06
2,1200,7,2.777045892798924e-06
2,1200,8,1.515608346380759e-06
2,1200,9,1.1338055401211022e-06
2,1200,10,5.633643809233035e-07
2,1200,11,0.0
3,0,0,0.0006001889705657959
3,0,1,0.0003608388942666352
3,0,2,0.0002183754404541105
3,0,3,0.00010756788105936721
3,0,4,6.232310261111706e-05
3,0,5,2.0953286366420798e-05
3,0,6,1.0963709428324364e-05
3,0,7,3.459424988250248e-06
3,0,8,2.061982286249986e-06
3,0,9,1.7004894061756204e-06
3,0,10,8.649993219478347e-07
3,0,11,0.0
3,100,0,0.0004794023698195815
3,100,1,0.000293619028525427
3,100,2,0.00018507876666262746
3,100,3,8.487051673000678e-05
3,100,4,6.319060048554093e-05
3,100,5,1.8988952433574013e-05
3,100,6,9.337388291896787e-06
3,100,7,3.851084329653531e-06
3,100,8,1.7178260804939782e-06
3,100,9,1.1786578397732228e-06
3,100,10,6.068926836633182e-07
3,100,11,0.0
3,200,0,0.0002720289339777082
3,200,1,0.00017598124395590276
3,200,2,0.00011815274046966806
3,200,3,5.384533142205328e-05
3,200,4,3.4466454962966964e-05
3,200,5,1.1936386727029458e-05
3,200,6,6.8000590545125306e-06
3,200,7,1.983445145015139e-06
3,200,8,1.578397018420219e-06
3,200,9,5.492171339938068e-07
3,200,10,3.073240009143774e-07
3,200,11,0.0
3,300,0,0.00045768561540171504
3,300,1,0.00031910493271425366
3,300,2,0.0002038261154666543
3,300,3,9.240285726264119e-05
3,300,4,6.286092684604228e-05
3,300,5,1.8447537513566203e-05
3,300,6,9.350577784061898e-06
3,300,7,3.3257947507081553e-06
3,300,8,1.6600681647105375e-06
3,300,9,6.887827339596697e-07
3,300,10,5.70945815070445e-07
3,300,11,0.0
3,400,0,0.0005300409975461662
3,400,1,0.00034615080221556127
3,400,2,0.0002018932718783617
3,400,3,0.00010619131353450939
3,400,4,7.259246922330931e-05
3,400,5,2.336568468308542e-05
3,400,6,1.4352898688230198e-05
3,400,7,4.540930603980087e-06
3,400,8,1.5206389889499405e-06
3,400,9,9.454308838030556e-07
3,400,10,5.848774549122027e-07
3,400,11,0.0
3,500,0,0.000626648950856179
3,500,1,0.00048313153092749417
3,500,2,0.0002713233989197761
3,500,3,0.00013788270007353276
3,500,4,0.00010243339784210548
3,500,5,3.659180219983682e-05
3,500,6,1.981488094315864e-05
3,500,7,7.644252946192864e-06
3,500,8,3.5666130315803457e-06
3,500,9,1.6903320556593826e-06
3,500,10,8.877418053998554e-07
3,500,11,0.0
3,600,0,0.00045241069165058434
3,600,1,0.0003459180297795683
3,600,2,0.00019455316942185163
3,600,3,9.63382626650855e-05
3,600,4,7.33956549083814e-05
3,600,5,3.147121606161818e-05
3,600,6,1.4366828509082552e-05
3,600,7,5.471500571729848e-06
3,600,8,2.301100266777212e-06
3,600,9,1.2667890132433968e-06
3,600,10,7.672987294427003e-07
3,600,11,0.0
3,700,0,0.00041115612839348614
3,700,1,0.0002878400555346161
3,700,2,0.00017096661031246185
3,700,3,8.769406849751249e-05
3,700,4,6.121015030657873e-05
3,700,5,2.5021337933139876e-05
3,700,6,1.2985640751139726e-05
3,700,7,5.710592176910723e-06
3,700,8,2.117467374773696e-06
3,700,9,1.1373639381417888e-06
3,700,10,6.784130732739868e-07
3,700,11,0.0
3,800,0,0.00029418832855299115
3,800,1,0.0002529065532144159
3,800,2,0.0001411605189787224
3,800,3,7.716811524005607e-05
3,800,4,5.392252205638215e-05
3,800,5,2.5014498532982543e-05
3,800,6,1.3331521586223971e-05
3,800,7,5.75587228013319e-06
3,800,8,2.363253770454321e-06
3,800,9,1.2911934845760697e-06
3,800,10,6.955207254577545e-07
3,800,11,0.0
3,900,0,0.0006243555108085275
3,900,1,0.0004342614847701043
3,900,2,0.0002662259212229401
3,900,3,0.00015559690655209124
3,900,4,0.00011669256491586566
3,900,5,5.27621632500086e-05
3,900,6,2.782487717922777e-05
3,900,7,1.2698235877905972e-05
3,900,8,4.526248631009366e-06
3,900,9,2.146738552255556e-06
3,900,10,1.2603354662132915e-06
3,900,11,0.0
3,1000,0,0.0005092202918604016
3,1000,1,0.0004256882530171424
3,1000,2,0.0002587626513559371
3,1000,3,0.00014525528240483254
3,1000,4,0.00010164148989133537
3,1000,5,4.663175786845386e-05
3,1000,6,2.9898626962676644e-05
3,1000,7,1.2098209481337108e-05
3,1000,8,5.832812348671723e-06
3,1000,9,2.4929552182584302e-06
3,1000,10,1.6108494946820429e-06
3,1000,11,0.0
3,1100,0,0.0005316726164892316
3,1100,1,0.0004924327949993312
3,1100,2,0.00027518594288267195
3,1100,3,0.00015868552145548165
3,1100,4,0.00012868245539721102
3,1100,5,5.455991777125746e-05
3,1100,6,3.305530844954774e-05
3,1100,7,1.846474697231315e-05
3,1100,8,5.85990164836403e-06
3,1100,9,2.5277386157540604e-06
3,1100,10,1.5093798992893426e-06
3,1100,11,0.0
3,1200,0,0.00044722025631926954
3,1200,1,0.000382734666345641
3,1200,2,0.00021827741875313222
3,1200,3,0.00013055141607765108
3,1200,4,0.00010850538819795474
3,1200,5,4.868623364018276e-05
3,1200,6,3.275326525908895e-05
3,1200,7,1.6722666259738617e-05
3,1200,8,6.565518560819328e-06
3,1200,9,2.9092420845699962e-06
3,1200,10,1.9437557057244703e-06
3,1200,11,0.0
4,0,0,0.0005647121579386294
4,0,1,0.00046143922372721136
4,0,2,0.0002578857820481062
4,0,3,0.00015170032565947622
4,0,4,0.00012668153794948012
4,0,5,5.665428761858493e-05
4,0,6,3.1060513720149174e-05
4,0,7,1.723312379908748e-05
4,0,8,7.323651516344398e-06
4,0,9,3.6340434235171415e-06
4,0,10,2.5103722691710573e-06
4,0,11,0.0
4,100,0,0.0007726282346993685
4,100,1,0.0006532768020406365
4,100,2,0.0003567076928447932
4,100,3,0.00020498539379332215
4,100,4,0.00017210539954248816
4,100,5,7.581057434435934e-05
4,100,6,4.8361445806222036e-05
4,100,7,2.647975634317845e-05
4,100,8,1.1065862054238096e-05
4,100,9,5.120671175973257e-06
4,100,10,3.955513875553152e-06
4,100,11,0.0
4,200,0,0.000624707667157054
4,200,1,0.0006145662628114223
4,200,2,0.00032207436743192375
4,200,3,0.00018812355119735003
4,200,4,0.00014958008250687271
4,200,5,7.839613681426272e-05
4,200,6,4.95735730510205e-05
4,200,7,2.7297721317154355e-05
4,200,8,1.1786905815824866e-05
4,200,9,5.685835276381113e-06
4,200,10,3.6664603157987585e-06
4,200,11,0.0
4,300,0,0.0006874173996038735
4,300,1,0.0005883355042897165
4,300,2,0.00032204558374360204
4,300,3,0.00018090193043462932
4,300,4,0.00015796403749845922
4,300,5,7.400786853395402e-05
4,300,6,4.9972593842539936e-05
4,300,7,2.3069782400853e-05
4,300,8,1.02635476650903e-05
4,300,9,5.687314114766195e-06
4,300,10,3.917481990356464e-06
4,300,11,0.0
4,400,0,0.0007035058806650341
4,400,1,0.0006761593394912779
4,400,2,0.00035850354470312595
4,400,3,0.0002003199770115316
4,400,4,0.00019019312458112836
4,400,5,9.250491712009534e-05
4,400,6,6.31963339401409e-05
4,400,7,3.2168347388505936e-05
4,400,8,1.7823178495746106e-05
4,400,9,8.966522727860138e-06
4,400,10,6.7565815697889775e-06
4,400,11,0.0
4,500,0,0.0007701422437094152
4,500,1,0.0007363749318756163
4,500,2,0.00034811842488124967
4,500,3,0.00022581082885153592
4,500,4,0.000198389810975641
4,500,5,9.62347985478118e-05
4,500,6,6.61259182379581e-05
4,500,7,3.289227606728673e-05
4,500,8,1.660011002968531e-05
4,500,9,9.00885606824886e-06
4,500,10,5.862818397872616e-06
4,500,11,0.0
4,600,0,0.0005854824557900429
4,600,1,0.0006573403370566666
4,600,2,0.00029593840008601546
4,600,3,0.00017616647528484464
4,600,4,0.0001421608467353508
4,600,5,8.169169450411573e-05
4,600,6,5.183809480513446e-05
4,600,7,2.783004856610205e-05
4,600,8,1.5648874978069216e-05
4,600,9,7.079979695845395e-06
4,600,10,4.985118266631616e-06
4,600,11,0.0
4,700,0,0.0006607372779399157
4,700,1,0.0006693770992569625
4,700,2,0.00035545494756661355
4,700,3,0.00024353453773073852
4,700,4,0.00021987965737935156
4,700,5,9.32506809476763e-05
4,700,6,6.683351239189506e-05
4,700,7,3.8455349567811936e-05
4,700,8,1.9233517377870157e-05
4,700,9,1.0849552381841931e-05
4,700,10,7.410728812828893e-06
4,700,11,0.0
4,800,0,0.0004869874392170459
4,800,1,0.0005335703608579934
4,800,2,0.0002802955568768084
4,800,3,0.00017947531887330115
4,800,4,0.00015057482232805341
4,800,5,8.099495607893914e-05
4,800,6,5.4331798310158774e-05
4,800,7,3.098445449722931e-05
4,800,8,1.5098138646862935e-05
4,800,9,7.743939022475388e-06
4,800,10,4.7766052375664e-06
4,800,11,0.0
4,900,0,0.0005460117827169597
4,900,1,0.0006008648779243231
4,900,2,0.00032347626984119415
4,900,3,0.00018202202045358717
4,900,4,0.00016762979794293642
4,900,5,8.445380080956966e-05
4,900,6,5.4841064411448315e-05
4,900,7,3.18507372867316e-05
4,900,8,1.8102691683452576e-05
4,900,9,9.816658348427154e-06
4,900,10,6.571134690602776e-06
4,900,11,0.0
4,1000,0,0.0006382365827448666
4,1000,1,0.0006844309973530471
4,1000,2,0.00036550353979691863
4,1000,3,0.0001928982965182513
4,1000,4,0.0001874728041002527
4,1000,5,0.00010775447299238294
4,1000,6,7.4494477303233e-05
4,1000,7,4.3922002078033984e-05
4,1000,8,2.6169505872530863e-05
4,1000,9,1.3509127711586189e-05
4,1000,10,1.0372760698373895e-05
4,1000,11,0.0
4,1100,0,0.0005825214320793748
4,1100,1,0.0006507521029561758
4,1100,2,0.0003092107072006911
4,1100,3,0.00018133694538846612
4,1100,4,0.0001678394473856315
4,1100,5,9.707151912152767e-05
4,1100,6,6.453902460634708e-05
4,1100,7,3.477340578683652e-05
4,1100,8,2.0271660105208866e-05
4,1100,9,1.0860779184440617e-05
4,1100,10,7.2433435889252e-06
4,1100,11,0.0
4,1200,0,0.0008446354186162353
4,1200,1,0.0010091998847201467
4,1200,2,0.00045788323041051626
4,1200,3,0.00029370057745836675
4,1200,4,0.0002493616775609553
4,1200,5,0.00014942459529265761
4,1200,6,0.00010082100197905675
4,1200,7,6.020132059347816e-05
4,1200,8,3.473662945907563e-05
4,1200,9,1.9464931028778665e-05
4,1200,10,1.2160865480836947e-05
4,1200,11,0.0
5,0,0,0.0008577966364100575
5,0,1,0.0009578955941833556
5,0,2,0.00043537761666812
5,0,3,0.00027164441416971385
5,0,4,0.000249017117312178
5,0,5,0.00014636595733463764
5,0,6,0.00010211103654000908
5,0,7,6.325220601866022e-05
5,0,8,3.373036452103406e-05
5,0,9,2.15105992538156e-05
5,0,10,1.2836373571190052e-05
5,0,11,0.0
5,100,0,0.0006780048715882003
5,100,1,0.0008483839919790626
5,100,2,0.00035405822563916445
5,100,3,0.00022760219871997833
5,100,4,0.00018851323693525046
5,100,5,0.0001269378262804821
5,100,6,8.954299846664071e-05
5,100,7,5.3127991122892126e-05
5,100,8,3.212039518984966e-05
5,100,9,1.776293538569007e-05
5,100,10,1.1081069715146441e-05
5,100,11,0.0
5,200,0,0.0009445617906749249
5,200,1,0.001107842312194407
5,200,2,0.0005141317378729582
5,200,3,0.0003102112386841327
5,200,4,0.00029271989478729665
5,200,5,0.00018198363250121474
5,200,6,0.0001327820646110922
5,200,7,7.75740118115209e-05
5,200,8,5.0452628784114495e-05
5,200,9,2.7778325602412224e-05
5,200,10,1.6986130503937602e-05
5,200,11,0.0
5,300,0,0.0009501908207312226
5,300,1,0.0012436711695045233
5,300,2,0.0005047377781011164
5,300,3,0.0002911318151745945
5,300,4,0.00028240057872608304
5,300,5,0.00015824049478396773
5,300,6,0.00011927438026759773
5,300,7,7.132567407097667e-05
5,300,8,4.3263837142148986e-05
5,300,9,2.1573823687504046e-05
5,300,10,1.5070878362166695e-05
5,300,11,0.0
5,400,0,0.0008913587080314755
5,400,1,0.001063672243617475
5,400,2,0.00045468402095139027
5,400,3,0.0003069817030336708
5,400,4,0.0002560676075518131
5,400,5,0.0001704050664557144
5,400,6,0.00012482488818932325
5,400,7,6.952613330213353e-05
5,400,8,3.917053254554048e-05
5,400,9,2.3523596610175446e-05
5,400,10,1.3537221093429253e-05
5,400,11,0.0
5,500,0,0.0012419376289471984
5,500,1,0.0013436884619295597
5,500,2,0.0006219817441888154
5,500,3,0.00040634392644278705
5,500,4,0.0003540754260029644
5,500,5,0.00021029359777458012
5,500,6,0.00015273220196831971
5,500,7,9.293512994190678e-05
5,500,8,5.7567202020436525e-05
5,500,9,3.227403431083076e-05
5,500,10,2.160880103474483e-05
5,500,11,0.0
5,600,0,0.0013128878781571984
5,600,1,0.0013415010180324316
5,600,2,0.0007294994429685175
5,600,3,0.00042433387716300786
5,600,4,0.00042027904419228435
5,600,5,0.0002375038166064769
5,600,6,0.00015867935144342482
5,600,7,9.511135431239381e-05
5,600,8,5.9382222389103845e-05
5,600,9,3.251477755839005e-05
5,600,10,1.997792969632428e-05
5,600,11,0.0
5,700,0,0.0011007526190951467
5,700,1,0.0012965499190613627
5,700,2,0.0006371762719936669
5,700,3,0.00037604596582241356
5,700,4,0.0003243247920181602
5,700,5,0.00021250081772450358
5,700,6,0.00015386496670544147
5,700,7,9.00929153431207e-05
5,700,8,5.429713928606361e-05
5,700,9,3.117345113423653e-05
5,700,10,2.0222931198077276e-05
5,700,11,0.0
5,800,0,0.0009603219223208725
5,800,1,0.0010205787839367986
5,800,2,0.0005584928439930081
5,800,3,0.0003226138069294393
5,800,4,0.0003278514777775854
5,800,5,0.00020143447909504175
5,800,6,0.00014297408051788807
5,800,7,9.056986164068803e-05
5,800,8,5.965713717159815e-05
5,800,9,3.146473318338394e-05
5,800,10,2.1230172933428548e-05
5,800,11,0.0
5,900,0,0.0009151900885626674
5,900,1,0.0011852196184918284
5,900,2,0.0005741624045185745
5,900,3,0.0003526149957906455
5,900,4,0.00030095127294771373
5,900,5,0.0001853040448622778
5,900,6,0.000137183305923827
5,900,7,8.46555340103805e-05
5,900,8,5.3505300456890836e-05
5,900,9,3.132595884380862e-05
5,900,10,1.784403320925776e-05
5,900,11,0.0
5,1000,0,0.0012873508967459202
5,1000,1,0.0015370134497061372
5,1000,2,0.0007926421822048724
5,1000,3,0.00046882129390724003
5,1000,4,0.0004668600740842521
5,1000,5,0.000305697089061141
5,1000,6,0.00020040346134919673
5,1000,7,0.0001311043743044138
5,1000,8,7.841539627406746e-05
5,1000,9,4.679587800637819e-05
5,1000,10,2.9847764380974695e-05
5,1000,11,0.0
5,1100,0,0.0011102826101705432
5,1100,1,0.001263595069758594
5,1100,2,0.0006718235090374947
5,1100,3,0.00038049163413234055
5,1100,4,0.0003505683271214366
5,1100,5,0.0002133950765710324
5,1100,6,0.0001799036399461329
5,1100,7,0.00011120715498691425
5,1100,8,6.310660683084279e-05
5,1100,9,3.650600046967156e-05
5,1100,10,2.054168544418644e-05
5,1100,11,0.0
5,1200,0,0.0012137660523876548
5,1200,1,0.0013309121131896973
5,1200,2,0.0006961515755392611
5,1200,3,0.00040250367601402104
5,1200,4,0.00039869456668384373
5,1200,5,0.0002549974014982581
5,1200,6,0.0001828419481171295
5,1200,7,0.0001047905461746268
5,1200,8,6.613359437324107e-05
5,1200,9,3.866582119371742e-05
5,1200,10,2.6367100872448646e-05
5,1200,11,0.0
6,0,0,0.0010352799436077476
6,0,1,0.0012456036638468504
6,0,2,0.0006135677685961127
6,0,3,0.0003871354565490037
6,0,4,0.0003529032110236585
6,0,5,0.00021519616711884737
6,0,6,0.00016073875303845853
6,0,7,0.00010216025111731142
6,0,8,6.324677815428004e-05
6,0,9,3.7537916796281934e-05
6,0,10,2.3546495867776684e-05
6,0,11,0.0
6,100,0,0.000952226750086993
6,100,1,0.0010916601167991757
6,100,2,0.0005694255814887583
6,100,3,0.0003247650747653097
6,100,4,0.00035430985735729337
6,100,5,0.00019765070464927703
6,100,6,0.00015107792569324374
6,100,7,8.274341962533072e-05
6,100,8,5.165158654563129e-05
6,100,9,3.409400596865453e-05
6,100,10,1.8121078028343618e-05
6,100,11,0.0
6,200,0,0.0014902424300089478
6,200,1,0.0018609310500323772
6,200,2,0.0008389390422962606
6,200,3,0.0005083270370960236
6,200,4,0.0005479643004946411
6,200,5,0.0003350135521031916
6,200,6,0.00023986055748537183
6,200,7,0.00013799674343317747
6,200,8,9.31766553549096e-05
6,200,9,4.999585871701129e-05
6,200,10,3.2417163311038166e-05
6,200,11,0.0
6,300,0,0.0009470036602579057
6,300,1,0.0012843982549384236
6,300,2,0.0006559961475431919
6,300,3,0.0003350328770466149
6,300,4,0.0004384086059872061
6,300,5,0.00023762340424582362
6,300,6,0.00018870324129238725
6,300,7,9.94993606582284e-05
6,300,8,6.421866419259459e-05
6,300,9,3.764083157875575e-05
6,300,10,2.280427361256443e-05
6,300,11,0.0
6,400,0,0.000847530085593462
6,400,1,0.0010705979075282812
6,400,2,0.0005020673270337284
6,400,3,0.0002835408376995474
6,400,4,0.0003459164872765541
6,400,5,0.00017965197912417352
6,400,6,0.00012885704927612096
6,400,7,7.764776091789827e-05
6,400,8,5.3850999393034726e-05
6,400,9,3.1849005608819425e-05
6,400,10,1.821423211367801e-05
6,400,11,0.0
6,500,0,0.0011491032782942057
6,500,1,0.0015581755433231592
6,500,2,0.0008839477668516338
6,500,3,0.0004361094324849546
6,500,4,0.0005677624722011387
6,500,5,0.0002908218011725694
6,500,6,0.00023852377489674836
6,500,7,0.00014474074123427272
6,500,8,8.75041660037823e-05
6,500,9,5.032343324273825e-05
6,500,10,3.404775634407997e-05
6,500,11,0.0
6,600,0,0.0013483435614034534
6,600,1,0.0015880276914685965
6,600,2,0.0009137339657172561
6,600,3,0.00046395990648306906
6,600,4,0.0006078363512642682
6,600,5,0.00033494154922664165
6,600,6,0.0002286976232426241
6,600,7,0.0001400466135237366
6,600,8,9.669103019405156e-05
6,600,9,5.5500815506093204e-05
6,600,10,3.185169043717906e-05
6,600,11,0.0
6,700,0,0.0011319835903123021
6,700,1,0.0015724721597507596
6,700,2,0.0009469894575886428
6,700,3,0.00048733322182670236
6,700,4,0.0006799708353355527
6,700,5,0.000375559669919312
6,700,6,0.00022461253684014082
6,700,7,0.00013721220602747053
6,700,8,9.209255949826911e-05
6,700,9,5.5776850786060095e-05
6,700,10,3.468797876848839e-05
6,700,11,0.0
6,800,0,0.001244017155840993
6,800,1,0.001674993080087006
6,800,2,0.0009298285003751516
6,800,3,0.0005079637630842626
6,800,4,0.0006386070162989199
6,800,5,0.0003547582309693098
6,800,6,0.00024736218620091677
6,800,7,0.00014730944531038404
6,800,8,0.00010238953109364957
6,800,9,6.00611419940833e-05
6,800,10,3.398292028577998e-05
6,800,11,0.0
6,900,0,0.0009745753486640751
6,900,1,0.0013462209608405828
6,900,2,0.0007019391050562263
6,900,3,0.00039651128463447094
6,900,4,0.0006953300908207893
6,900,5,0.00033221993362531066
6,900,6,0.00023071705072652549
6,900,7,0.00012053340469719842
6,900,8,7.974157051648945e-05
6,900,9,4.890889977104962e-05
6,900,10,2.59423723036889e-05
6,900,11,0.0
6,1000,0,0.0011764512164518237
6,1000,1,0.001565766055136919
6,1000,2,0.0010272639337927103
6,1000,3,0.0004762686730828136
6,1000,4,0.0008260440663434565
6,1000,5,0.0003921166353393346
6,1000,6,0.0002567098708823323
6,1000,7,0.00013859612226951867
6,1000,8,0.00010389236558694392
6,1000,9,5.938046524534002e-05
6,1000,10,3.2566560548730195e-05
6,1000,11,0.0
6,1100,0,0.0014392936136573553
6,1100,1,0.0018367802258580923
6,1100,2,0.0010474640876054764
6,1100,3,0.0004993053735233843
6,1100,4,0.000931067334022373
6,1100,5,0.0004080101498402655
6,1100,6,0.0002815294428728521
6,1100,7,0.0001518941717222333
6,1100,8,0.00011529705807333812
6,1100,9,7.142835966078565e-05
6,1100,10,3.896651469403878e-05
6,1100,11,0.0
6,1200,0,0.0013723579468205571
6,1200,1,0.001771721406839788
6,1200,2,0.0010870975675061345
6,1200,3,0.0005061400588601828
6,1200,4,0.0010224891593679786
6,1200,5,0.0004896540776826441
6,1200,6,0.0003215867036487907
6,1200,7,0.00016863731434568763
6,1200,8,0.00012511825480032712
6,1200,9,7.238859689095989e-05
6,1200,10,4.3460378947202116e-05
6,1200,11,0.0
7,0,0,0.0010699176928028464
7,0,1,0.0014168588677421212
7,0,2,0.0008264986681751907
7,0,3,0.0004153856716584414
7,0,4,0.0007945707766339183
7,0,5,0.00038123008562251925
7,0,6,0.0002578681451268494
7,0,7,0.00012736229109577835
7,0,8,9.305221465183422e-05
7,0,9,5.956519453320652e-05
7,0,10,3.304898928035982e-05
7,0,11,0.0
7,100,0,0.0013770960504189134
7,100,1,0.0017580024432390928
7,100,2,0.0012825155863538384
7,100,3,0.0005542036378756166
7,100,4,0.0010302391601726413
7,100,5,0.0004533364262897521
7,100,6,0.00032902363454923034
7,100,7,0.00016708298062440008
7,100,8,0.00011944289144594222
7,100,9,7.097385969245806e-05
7,100,10,4.0924780478235334e-05
7,100,11,0.0
7,200,0,0.0014197714626789093
7,200,1,0.001755990320816636
7,200,2,0.0010517742484807968
7,200,3,0.0005569188506342471
7,200,4,0.0010836974252015352
7,200,5,0.0004920180072076619
7,200,6,0.000345117092365399
7,200,7,0.00018290751904714853
7,200,8,0.0001255826064152643
7,200,9,8.116439857985824e-05
7,200,10,4.7222212742781267e-05
7,200,11,0.0
7,300,0,0.0013025067746639252
7,300,1,0.0017382437363266945
7,300,2,0.0013792125973850489
7,300,3,0.0005621989839710295
7,300,4,0.001309413812123239
7,300,5,0.0004685645690187812
7,300,6,0.0003616976027842611
7,300,7,0.00017163963639177382
7,300,8,0.00011824951798189431
7,300,9,7.525570981670171e-05
7,300,10,4.353202893980779e-05
7,300,11,0.0
7,400,0,0.0014920359244570136
7,400,1,0.0018678363412618637
7,400,2,0.0012117117876186967
7,400,3,0.0006479310104623437
7,400,4,0.0013091814471408725
7,400,5,0.0005329751293174922
7,400,6,0.0003714704653248191
7,400,7,0.00019550355500541627
7,400,8,0.00012952911492902786
7,400,9,7.853358692955226e-05
7,400,10,4.7279831051127985e-05
7,400,11,0.0
7,500,0,0.0014602415030822158
7,500,1,0.002069159410893917
7,500,2,0.001405529212206602
7,500,3,0.0006004479946568608
7,500,4,0.001270441454835236
7,500,5,0.0005308584659360349
7,500,6,0.00038463203236460686
7,500,7,0.00018852851644624025
7,500,8,0.0001251299399882555
7,500,9,8.635240374132991e-05
7,500,10,4.6890174417058006e-05
7,500,11,0.0
7,600,0,0.0011085931910201907
7,600,1,0.0014386916300281882
7,600,2,0.0009472006349824369
7,600,3,0.00046801025746390224
7,600,4,0.0011292818235233426
7,600,5,0.00041603887802921236
7,600,6,0.00033909204648807645
7,600,7,0.0001481310900999233
7,600,8,0.00010844341886695474
7,600,9,5.971180144115351e-05
7,600,10,3.331943298690021e-05
7,600,11,0.0
7,700,0,0.0015735289780423045
7,700,1,0.0017706486396491528
7,700,2,0.001225230866111815
7,700,3,0.0005800150102004409
7,700,4,0.0013662859564647079
7,700,5,0.000572627002838999
7,700,6,0.0003964250790886581
7,700,7,0.00023132128990255296
7,700,8,0.0001537567441118881
7,700,9,8.024647831916809e-05
7,700,10,5.151343430043198e-05
7,700,11,0.0
7,800,0,0.0015496938722208142
7,800,1,0.0019481469644233584
7,800,2,0.0012913680402562022
7,800,3,0.0006480396259576082
7,800,4,0.0013894413132220507
7,800,5,0.0005743014626204967
7,800,6,0.0004150909371674061
7,800,7,0.00020133148063905537
7,800,8,0.00015128713857848197
7,800,9,8.679830352775753e-05
7,800,10,5.170191070646979e-05
7,800,11,0.0
7,900,0,0.0012815925292670727
7,900,1,0.0016082593938335776
7,900,2,0.0010432369308546185
7,900,3,0.000519085384439677
7,900,4,0.001121773850172758
7,900,5,0.0004990828456357121
7,900,6,0.0003462305758148432
7,900,7,0.0001521631929790601
7,900,8,0.00011695507419062778
7,900,9,7.380016177194193e-05
7,900,10,4.26078840973787e-05
7,900,11,0.0
7,1000,0,0.0014348626136779785
7,1000,1,0.0018822638085111976
7,1000,2,0.0011801423970609903
7,1000,3,0.0006021126173436642
7,1000,4,0.0014364714734256268
7,1000,5,0.0005560973077081144
7,1000,6,0.00041614382644183934
7,1000,7,0.00020044116536155343
7,1000,8,0.0001449549599783495
7,1000,9,8.427455031778663e-05
7,1000,10,5.307781248120591e-05
7,1000,11,0.0
7,1100,0,0.001136709121055901
7,1100,1,0.0014115951489657164
7,1100,2,0.0009892454836517572
7,1100,3,0.0004358862934168428
7,1100,4,0.0011800919892266393
7,1100,5,0.00047981442185118794
7,1100,6,0.00032338500022888184
7,1100,7,0.0001363964838674292
7,1100,8,0.00011211269156774506
7,1100,9,6.157781172078103e-05
7,1100,10,3.831292997347191e-05
7,1100,11,0.0
7,1200,0,0.0016727132024243474
7,1200,1,0.001872206456027925
7,1200,2,0.0016609119484201074
7,1200,3,0.0006981286569498479
7,1200,4,0.0018211834831163287
7,1200,5,0.0007010265253484249
7,1200,6,0.000514634361024946
7,1200,7,0.00023459845397155732
7,1200,8,0.00016569512081332505
7,1200,9,9.725860581966117e-05
7,1200,10,6.563232454936951e-05
7,1200,11,0.0
8,0,0,0.0015522802714258432
8,0,1,0.002260343637317419
8,0,2,0.0014813770540058613
8,0,3,0.0007352542597800493
8,0,4,0.001947492710314691
8,0,5,0.0007904573576524854
8,0,6,0.0005734693259000778
8,0,7,0.00024712542654015124
8,0,8,0.00017450029554311186
8,0,9,0.0001088123899535276
8,0,10,6.011678124195896e-05
8,0,11,0.0
8,100,0,0.0016653452767059207
8,100,1,0.002049566013738513
8,100,2,0.00133215740788728
8,100,3,0.0006963825435377657
8,100,4,0.0016624240670353174
8,100,5,0.0007081605726853013
8,100,6,0.0004505627148319036
8,100,7,0.00022803866886533797
8,100,8,0.0001488129055360332
8,100,9,8.409004658460617e-05
8,100,10,5.174423131393269e-05
8,100,11,0.0
8,200,0,0.0015258410712704062
8,200,1,0.002049630042165518
8,200,2,0.0015527568757534027
8,200,3,0.0007221496198326349
8,200,4,0.001996442209929228
8,200,5,0.0007997998618520796
8,200,6,0.0006042750901542604
8,200,7,0.0002505683514755219
8,200,8,0.00016337595297954977
8,200,9,9.81343982857652e-05
8,200,10,5.8176654420094565e-05
8,200,11,0.0
8,300,0,0.0015153742861002684
8,300,1,0.002092484850436449
8,300,2,0.0014734294964000583
8,300,3,0.0007418983732350171
8,300,4,0.002014510566368699
8,300,5,0.0006602665525861084
8,300,6,0.0005123071605339646
8,300,7,0.00023203228192869574
8,300,8,0.0001492046139901504
8,300,9,8.908836753107607e-05
8,300,10,5.878743468201719e-05
8,300,11,0.0
8,400,0,0.0013961135409772396
8,400,1,0.001922612776979804
8,400,2,0.0015217042528092861
8,400,3,0.0007154154009185731
8,400,4,0.0020124444272369146
8,400,5,0.0007547397399321198
8,400,6,0.0005287815583869815
8,400,7,0.0002342543884878978
8,400,8,0.00016011529078241438
8,400,9,9.496917482465506e-05
8,400,10,6.27770641585812e-05
8,400,11,0.0
8,500,0,0.0016402223845943809
8,500,1,0.0021311810705810785
8,500,2,0.001520454534329474
8,500,3,0.0007449701661244035
8,500,4,0.0019280837150290608
8,500,5,0.0007644487777724862
8,500,6,0.0005515504744835198
8,500,7,0.00023350794799625874
8,500,8,0.00017097785894293338
8,500,9,0.00010051238496089354
8,500,10,6.460111035266891e-05
8,500,11,0.0
8,600,0,0.0013178240042179823
8,600,1,0.0019643267150968313
8,600,2,0.0013347945641726255
8,600,3,0.0006275481428019702
8,600,4,0.001453744131140411
8,600,5,0.0005938718095421791
8,600,6,0.00046663088141940534
8,600,7,0.0001765331398928538
8,600,8,0.0001370717800455168
8,600,9,8.788128616288304e-05
8,600,10,4.599943713401444e-05
8,600,11,0.0
8,700,0,0.0015335038769990206
8,700,1,0.0022784783504903316
8,700,2,0.0017149100312963128
8,700,3,0.0008236649446189404
8,700,4,0.0023181785363703966
8,700,5,0.0008345862152054906
8,700,6,0.0006472902023233473
8,700,7,0.0002490414190106094
8,700,8,0.00017665464838501066
8,700,9,0.000105450970295351
8,700,10,5.481262633111328e-05
8,700,11,0.0
8,800,0,0.0016383033944293857
8,800,1,0.002209744416177273
8,800,2,0.0015247383853420615
8,800,3,0.0008997137774713337
8,800,4,0.002005397342145443
8,800,5,0.0008284026407636702
8,800,6,0.0006787141319364309
8,800,7,0.00026106974110007286
8,800,8,0.00017579634732101113
8,800,9,0.0001090196892619133
8,800,10,5.967197648715228e-05
8,800,11,0.0
8,900,0,0.0014490254689007998
8,900,1,0.002168457256630063
8,900,2,0.0017676956485956907
8,900,3,0.0007949210121296346
8,900,4,0.0024205148220062256
8,900,5,0.0008607626077719033
8,900,6,0.0006902430905029178
8,900,7,0.00025857103173621
8,900,8,0.00017577661492396146
8,900,9,0.00010814224515343085
8,900,10,6.155121081974357e-05
8,900,11,0.0
8,1000,0,0.0018314177868887782
8,1000,1,0.002270046854391694
8,1000,2,0.0016948152333498001
8,1000,3,0.0008909949683584273
8,1000,4,0.0023823892697691917
8,1000,5,0.0008992791408672929
8,1000,6,0.0007077282061800361
8,1000,7,0.0002705081133171916
8,1000,8,0.0001929447171278298
8,1000,9,0.00011939211981371045
8,1000,10,7.04509366187267e-05
8,1000,11,0.0
8,1100,0,0.0016991742886602879
8,1100,1,0.002623898908495903
8,1100,2,0.0020294664427638054
8,1100,3,0.0009919984731823206
8,1100,4,0.0031470453832298517
8,1100,5,0.0011078694369643927
8,1100,6,0.0008210423402488232
8,1100,7,0.000320733553962782
8,1100,8,0.0002466918376740068
8,1100,9,0.00014163245214149356
8,1100,10,7.48955353628844e-05
8,1100,11,0.0
8,1200,0,0.0016345804324373603
8,1200,1,0.0021697781048715115
8,1200,2,0.001669665682129562
8,1200,3,0.0008457670919597149
8,1200,4,0.0023597998078912497
8,1200,5,0.0008083579014055431
8,1200,6,0.0007051603170111775
8,1200,7,0.00026474567130208015
8,1200,8,0.00020845932886004448
8,1200,9,0.00012748398876283318
8,1200,10,7.422289490932599e-05
8,1200,11,0.0
9,0,0,0.0016236696392297745
9,0,1,0.002355267060920596
9,0,2,0.0019510559504851699
9,0,3,0.0009967671940103173
9,0,4,0.002536778338253498
9,0,5,0.0010188344167545438
9,0,6,0.0007577768992632627
9,0,7,0.0002683543134480715
9,0,8,0.0002151400112779811
9,0,9,0.00012520281597971916
9,0,10,7.889924017945305e-05
9,0,11,0.0
9,100,0,0.0016822568140923977
9,100,1,0.0022363371681421995
9,100,2,0.0018392963102087379
9,100,3,0.0009316431824117899
9,100,4,0.0022399669978767633
9,100,5,0.0009483097237534821
9,100,6,0.0007677121320739388
9,100,7,0.0002806230913847685
9,100,8,0.00020171042706351727
9,100,9,0.00011663608165690675
9,100,10,6.999962351983413e-05
9,100,11,0.0
9,200,0,0.0019135845359414816
9,200,1,0.002592621371150017
9,200,2,0.002013343619182706
9,200,3,0.000986849656328559
9,200,4,0.002378178760409355
9,200,5,0.001041532144881785
9,200,6,0.000828599848318845
9,200,7,0.00033861486008390784
9,200,8,0.00022505050583276898
9,200,9,0.000128416926600039
9,200,10,7.971534796524793e-05
9,200,11,0.0
9,300,0,0.0019995132461190224
9,300,1,0.002637937432155013
9,300,2,0.0016691222554072738
9,300,3,0.000964888371527195
9,300,4,0.0019685851875692606
9,300,5,0.0009243317181244493
9,300,6,0.0007088835700415075
9,300,7,0.00028771639335900545
9,300,8,0.00021136201394256204
9,300,9,0.00012029453500872478
9,300,10,7.717610424151644e-05
9,300,11,0.0
9,400,0,0.001996387727558613
9,400,1,0.002221254166215658
9,400,2,0.0016881426563486457
9,400,3,0.0009544235072098672
9,400,4,0.002109818859025836
9,400,5,0.0008760190103203058
9,400,6,0.0007039227639324963
9,400,7,0.0002819315413944423
9,400,8,0.00019773124950006604
9,400,9,0.00012011148646706715
9,400,10,6.807970930822194e-05
9,400,11,0.0
9,500,0,0.0015980881871655583
9,500,1,0.0020333912689238787
9,500,2,0.0015247472329065204
9,500,3,0.0008635091362521052
9,500,4,0.0019725747406482697
9,500,5,0.0008398577338084579
9,500,6,0.0006068777292966843
9,500,7,0.0002474671637173742
9,500,8,0.00019281978893559426
9,500,9,0.00010870596452150494
9,500,10,6.68802676955238e-05
9,500,11,0.0
9,600,0,0.0014600298600271344
9,600,1,0.002252766164019704
9,600,2,0.0020207902416586876
9,600,3,0.0011243062326684594
9,600,4,0.0028128952253609896
9,600,5,0.0011471806792542338
9,600,6,0.0009281441452912986
9,600,7,0.00028790891519747674
9,600,8,0.00021504491451196373
9,600,9,0.0001430614065611735
9,600,10,7.625219586770982e-05
9,600,11,0.0
9,700,0,0.0017312340205535293
9,700,1,0.002271048491820693
9,700,2,0.0019306122558191419
9,700,3,0.0011186817428097129
9,700,4,0.002670478541404009
9,700,5,0.0009825268061831594
9,700,6,0.0007747748168185353
9,700,7,0.00031576704350300133
9,700,8,0.0002239904279122129
9,700,9,0.00014621688751503825
9,700,10,8.609748329035938e-05
9,700,11,0.0
9,800,0,0.0021152321714907885
9,800,1,0.002393418690189719
9,800,2,0.0017986898310482502
9,800,3,0.0010344056645408273
9,800,4,0.0025539929047226906
9,800,5,0.001022953656502068
9,800,6,0.0008158108103089035
9,800,7,0.00029208947671577334
9,800,8,0.00020393183513078839
9,800,9,0.00012197990872664377
9,800,10,7.495262252632529e-05
9,800,11,0.0
9,900,0,0.001928260549902916
9,900,1,0.0024139126762747765
9,900,2,0.0020340513437986374
9,900,3,0.0011720751645043492
9,900,4,0.002716237911954522
9,900,5,0.0010670808842405677
9,900,6,0.0008830555598251522
9,900,7,0.00028679438401013613
9,900,8,0.00023613322991877794
9,900,9,0.0001280294673051685
9,900,10,7.458181789843366e-05
9,900,11,0.0
9,1000,0,0.001455357181839645
9,1000,1,0.002226421143859625
9,1000,2,0.0018450977513566613
9,1000,3,0.0009892340749502182
9,1000,4,0.0022413991391658783
9,1000,5,0.0009728476870805025
9,1000,6,0.0008220140007324517
9,1000,7,0.00026951939798891544
9,1000,8,0.0002123747835867107
9,1000,9,0.00012322780094109476
9,1000,10,7.310124055948108e-05
9,1000,11,0.0
9,1100,0,0.002105801599100232
9,1100,1,0.0026517254300415516
9,1100,2,0.0022794948890805244
9,1100,3,0.0011585665633901954
9,1100,4,0.002466835081577301
9,1100,5,0.0011318676406517625
9,1100,6,0.0008720642072148621
9,1100,7,0.0003400274727027863
9,1100,8,0.0002467721060384065
9,1100,9,0.00013737796689383686
9,1100,10,8.8351262093056e-05
9,1100,11,0.0
9,1200,0,0.0018460737774148583
9,1200,1,0.002288541290909052
9,1200,2,0.0018087851349264383
9,1200,3,0.0011529503390192986
9,1200,4,0.002347177593037486
9,1200,5,0.0010013929568231106
9,1200,6,0.0007453139987774193
9,1200,7,0.0003168639959767461
9,1200,8,0.00022714417718816549
9,1200,9,0.00014109208132140338
9,1200,10,8.099948900053278e-05
9,1200,11,0.0
10,0,0,0.0017952845664694905
10,0,1,0.002589311683550477
10,0,2,0.0022111490834504366
10,0,3,0.0012732271570712328
10,0,4,0.0028563737869262695
10,0,5,0.0011266401270404458
10,0,6,0.001032842556014657
10,0,7,0.0003229727444704622
10,0,8,0.0002660948084667325
10,0,9,0.00014302956697065383
10,0,10,8.754096052143723e-05
10,0,11,0.0
10,100,0,0.0017842594534158707
10,100,1,0.002505525015294552
10,100,2,0.0021863023284822702
10,100,3,0.0012113460106775165
10,100,4,0.002761349780485034
10,100,5,0.001202719984576106
10,100,6,0.0009829812915995717
10,100,7,0.00032078311778604984
10,100,8,0.000252200523391366
10,100,9,0.0001519160286989063
10,100,10,8.447482105111703e-05
10,100,11,0.0
10,200,0,0.0020522121340036392
10,200,1,0.0024429524783045053
10,200,2,0.0025351091753691435
10,200,3,0.001282434444874525
10,200,4,0.0026770897675305605
10,200,5,0.001281448290683329
10,200,6,0.0010473619913682342
10,200,7,0.00033934382372535765
10,200,8,0.0002569182252045721
10,200,9,0.0001499176723882556
10,200,10,8.643871115054935e-05
10,200,11,0.0
10,300,0,0.001718890736810863
10,300,1,0.0026862320955842733
10,300,2,0.002869008108973503
10,300,3,0.0013290552888065577
10,300,4,0.0033478187397122383
10,300,5,0.001253139809705317
10,300,6,0.001156655140221119
10,300,7,0.0003197774931322783
10,300,8,0.0002781989751383662
10,300,9,0.0001690373319434002
10,300,10,0.00010741412552306429
10,300,11,0.0
10,400,0,0.001926577533595264
10,400,1,0.0025750896893441677
10,400,2,0.0024376173969358206
10,400,3,0.0013405606150627136
10,400,4,0.0029044868424534798
10,400,5,0.0012407744070515037
10,400,6,0.0010731893125921488
10,400,7,0.00034872308606281877
10,400,8,0.00024661311181262136
10,400,9,0.0001600853429408744
10,400,10,9.435835090698674e-05
10,400,11,0.0
10,500,0,0.0019292333163321018
10,500,1,0.0028213015757501125
10,500,2,0.002515078755095601
10,500,3,0.001501690479926765
10,500,4,0.003208199515938759
10,500,5,0.0013554897159337997
10,500,6,0.001095897052437067
10,500,7,0.0003764781868085265
10,500,8,0.00026321582845412195
10,500,9,0.00015348443412221968
10,500,10,8.667176734888926e-05
10,500,11,0.0
10,600,0,0.0019275371450930834
10,600,1,0.0026364221703261137
10,600,2,0.0021281277295202017
10,600,3,0.001305152429267764
10,600,4,0.0026729784440249205
10,600,5,0.001242352998815477
10,600,6,0.0010062328074127436
10,600,7,0.00033529967186041176
10,600,8,0.00024063303135335445
10,600,9,0.00015216172323562205
10,600,10,8.898867963580415e-05
10,600,11,0.0
10,700,0,0.0017548371106386185
10,700,1,0.0025445399805903435
10,700,2,0.002037313301116228
10,700,3,0.0012982626212760806
10,700,4,0.0027552254032343626
10,700,5,0.0010838535381481051
10,700,6,0.0009359473478980362
10,700,7,0.00030921894358471036
10,700,8,0.00022351746156346053
10,700,9,0.00013652017514687032
10,700,10,8.219551818910986e-05
10,700,11,0.0
10,800,0,0.002064560540020466
10,800,1,0.002748992992565036
10,800,2,0.0024669163394719362
10,800,3,0.0013995376648381352
10,800,4,0.00305031961761415
10,800,5,0.0013832468539476395
10,800,6,0.0011143311858177185
10,800,7,0.000344460568157956
10,800,8,0.00025620238739065826
10,800,9,0.0001548666477901861
10,800,10,9.330922330264002e-05
10,800,11,0.0
10,900,0,0.0016701610293239355
10,900,1,0.0024034548550844193
10,900,2,0.0021166689693927765
10,900,3,0.0012424687156453729
10,900,4,0.0025765288155525923
10,900,5,0.0010798071743920445
10,900,6,0.0009884587489068508
10,900,7,0.00032580047263763845
10,900,8,0.00022009651002008468
10,900,9,0.00013806311471853405
10,900,10,8.332839206559584e-05
10,900,11,0.0
10,1000,0,0.002120103919878602
10,1000,1,0.002876561600714922
10,1000,2,0.0025478473398834467
10,1000,3,0.0016237155068665743
10,1000,4,0.0030864852014929056
10,1000,5,0.0013836653670296073
10,1000,6,0.0010899545159190893
10,1000,7,0.00040359055856242776
10,1000,8,0.00029706835630349815
10,1000,9,0.00015756480570416898
10,1000,10,0.00011233334225835279
10,1000,11,0.0
10,1100,0,0.0020090965554118156
10,1100,1,0.0027305022813379765
10,1100,2,0.0024410884361714125
10,1100,3,0.0015737494686618447
10,1100,4,0.002832246944308281
10,1100,5,0.0014499735552817583
10,1100,6,0.00114303024020046
10,1100,7,0.0003587931569200009
10,1100,8,0.0002816776395775378
10,1100,9,0.00017202500021085143
10,1100,10,9.798107203096151e-05
10,1100,11,0.0
10,1200,0,0.0016948222182691097
10,1200,1,0.0023110699839890003
10,1200,2,0.0021707431878894567
10,1200,3,0.001397560234181583
10,1200,4,0.002516118111088872
10,1200,5,0.0011763476068153977
10,1200,6,0.0011096250964328647
10,1200,7,0.0003003268502652645
10,1200,8,0.00022607413120567799
10,1200,9,0.00013843637134414166
10,1200,10,8.658577280584723e-05
10,1200,11,0.0
11,0,0,0.0019646133296191692
11,0,1,0.0029609783086925745
11,0,2,0.00241953507065773
11,0,3,0.0014716223813593388
11,0,4,0.0031432006508111954
11,0,5,0.0013372107641771436
11,0,6,0.0011034158524125814
11,0,7,0.00034487145603634417
11,0,8,0.0002666423097252846
11,0,9,0.00017112688510678709
11,0,10,0.00011276661098236218
11,0,11,0.0
11,100,0,0.0019068574765697122
11,100,1,0.002628908958286047
11,100,2,0.002469670958817005
11,100,3,0.0016112574376165867
11,100,4,0.0034178912173956633
11,100,5,0.0012687590206041932
11,100,6,0.0010722067672759295
11,100,7,0.000359901983756572
11,100,8,0.00025171105517074466
11,100,9,0.00015585811343044043
11,100,10,9.040167060447857e-05
11,100,11,0.0
11,200,0,0.001824839971959591
11,200,1,0.002668991219252348
11,200,2,0.0025297815445810556
11,200,3,0.001453291391953826
11,200,4,0.0030392769258469343
11,200,5,0.0012931470992043614
11,200,6,0.0010070756543427706
11,200,7,0.00032366201048716903
11,200,8,0.00024877709802240133
11,200,9,0.00015952863031998277
11,200,10,9.304973355028778e-05
11,200,11,0.0
11,300,0,0.001810681656934321
11,300,1,0.002590771997347474
11,300,2,0.0021233144216239452
11,300,3,0.0013130900915712118
11,300,4,0.0024208135437220335
11,300,5,0.0011872659670189023
11,300,6,0.0009786001173779368
11,300,7,0.0003422248410061002
11,300,8,0.00023280788445845246
11,300,9,0.00014061857655178756
11,300,10,8.304209768539295e-05
11,300,11,0.0
11,400,0,0.00221310555934906
11,400,1,0.002765534445643425
11,400,2,0.002344051143154502
11,400,3,0.00160156877245754
11,400,4,0.0030590358655899763
11,400,5,0.0013888198882341385
11,400,6,0.0012217281619086862
11,400,7,0.0004065229732077569
11,400,8,0.00027507523191161454
11,400,9,0.00016750322538428009
11,400,10,0.00010487015242688358
11,400,11,0.0
11,500,0,0.0018373251659795642
11,500,1,0.0027466043829917908
11,500,2,0.0026731551624834538
11,500,3,0.0015335505595430732
11,500,4,0.002971119713038206
11,500,5,0.0015339016681537032
11,500,6,0.0011518116807565093
11,500,7,0.00037456428981386125
11,500,8,0.0002663980412762612
11,500,9,0.00015692057786509395
11,500,10,9.720298112370074e-05
11,500,11,0.0
11,600,0,0.0022818632423877716
11,600,1,0.003079760354012251
11,600,2,0.002324513392522931
11,600,3,0.0015774313360452652
11,600,4,0.0027158053126186132
11,600,5,0.0013394244015216827
11,600,6,0.001058492111042142
11,600,7,0.0004023337969556451
11,600,8,0.0002694228896871209
11,600,9,0.00016637335647828877
11,600,10,9.457651322009042e-05
11,600,11,0.0
11,700,0,0.0023835571482777596
11,700,1,0.0031214074697345495
11,700,2,0.002864766400307417
11,700,3,0.0017932434566318989
11,700,4,0.0029233552049845457
11,700,5,0.0014878347283229232
11,700,6,0.0013313477393239737
11,700,7,0.0004515749169513583
11,700,8,0.00028609277796931565
11,700,9,0.00019293643708806485
11,700,10,0.00011290088150417432
11,700,11,0.0
11,800,0,0.001842145691625774
11,800,1,0.0029131697956472635
11,800,2,0.0025565188843756914
11,800,3,0.0015706815756857395
11,800,4,0.0029576648958027363
11,800,5,0.0013978044735267758
11,800,6,0.0011968021281063557
11,800,7,0.00037478195736184716
11,800,8,0.000263001216808334
11,800,9,0.00015011051436886191
11,800,10,9.078794391825795e-05
11,800,11,0.0
11,900,0,0.002264372305944562
11,900,1,0.003113195300102234
11,900,2,0.0026007622946053743
11,900,3,0.0018549165688455105
11,900,4,0.0030932496301829815
11,900,5,0.0013979283394291997
11,900,6,0.001240147859789431
11,900,7,0.0004639426479116082
11,900,8,0.00029568857280537486
11,900,9,0.0001803538907552138
11,900,10,0.00011243727203691378
11,900,11,0.0
11,1000,0,0.0020297227893024683
11,1000,1,0.002615993609651923
11,1000,2,0.0023336471058428288
11,1000,3,0.0014697435544803739
11,1000,4,0.0023227352648973465
11,1000,5,0.0013051142450422049
11,1000,6,0.0010649788891896605
11,1000,7,0.0003351719642523676
11,1000,8,0.00023936903744470328
11,1000,9,0.00015693716704845428
11,1000,10,0.00010033157013822347
11,1000,11,0.0
11,1100,0,0.0023230044171214104
11,1100,1,0.0030119121074676514
11,1100,2,0.0026812737341970205
11,1100,3,0.0018617687746882439
11,1100,4,0.0032960367389023304
11,1100,5,0.0015535826096311212
11,1100,6,0.0012680888175964355
11,1100,7,0.0004314015677664429
11,1100,8,0.0002814645122271031
11,1100,9,0.00017085019499063492
11,1100,10,0.00010876043234020472
11,1100,11,0.0
11,1200,0,0.0020736721344292164
11,1200,1,0.0029500501696020365
11,1200,2,0.002637031488120556
11,1200,3,0.0017052277689799666
11,1200,4,0.0029578625690191984
11,1200,5,0.0016430282266810536
11,1200,6,0.0013744223397225142
11,1200,7,0.00040507936500944197
11,1200,8,0.0002845469571184367
11,1200,9,0.00017527106683701277
11,1200,10,0.00010334247053833678
11,1200,11,0.0
12,0,0,0.001981915906071663
12,0,1,0.0028802265878766775
12,0,2,0.0025039203464984894
12,0,3,0.0017690350068733096
12,0,4,0.002872898941859603
12,0,5,0.0014711206313222647
12,0,6,0.0012172037968412042
12,0,7,0.0004001508350484073
12,0,8,0.0002880619722418487
12,0,9,0.00016068613331299275
12,0,10,9.666728874435648e-05
12,0,11,0.0
12,100,0,0.0020286336075514555
12,100,1,0.002970896428450942
12,100,2,0.002775943838059902
12,100,3,0.001851519220508635
12,100,4,0.003499297657981515
12,100,5,0.001645914395339787
12,100,6,0.0015215344028547406
12,100,7,0.0004840047040488571
12,100,8,0.00027538821450434625
12,100,9,0.00018751673633232713
12,100,10,0.00011380622891010717
12,100,11,0.0
12,200,0,0.002118926728144288
12,200,1,0.0028088281396776438
12,200,2,0.002632526680827141
12,200,3,0.001647747470997274
12,200,4,0.0025377024430781603
12,200,5,0.0013836079742759466
12,200,6,0.0010029217228293419
12,200,7,0.00035118588129989803
12,200,8,0.00024401418340858072
12,200,9,0.00015293099568225443
12,200,10,0.00010054351150756702
12,200,11,0.0
12,300,0,0.0021531858947128057
12,300,1,0.0028992830775678158
12,300,2,0.002718902425840497
12,300,3,0.0018175332807004452
12,300,4,0.003260887460783124
12,300,5,0.0016551363514736295
12,300,6,0.001181283500045538
12,300,7,0.00042557597043924034
12,300,8,0.0003066137433052063
12,300,9,0.00017063200357370079
12,300,10,0.00011042776895919815
12,300,11,0.0
12,400,0,0.001954683568328619
12,400,1,0.002847131574526429
12,400,2,0.00247195758856833
12,400,3,0.0018698163330554962
12,400,4,0.0034919593017548323
12,400,5,0.0016197917284443974
12,400,6,0.0012415004894137383
12,400,7,0.0004057289916090667
12,400,8,0.00031172294984571636
12,400,9,0.0001891820429591462
12,400,10,9.956867870641872e-05
12,400,11,0.0
12,500,0,0.0024297675117850304
12,500,1,0.003039709758013487
12,500,2,0.002864477224647999
12,500,3,0.001846723142080009
12,500,4,0.003205174347385764
12,500,5,0.0013619562378153205
12,500,6,0.0012348409509286284
12,500,7,0.0004525788244791329
12,500,8,0.0003106790245510638
12,500,9,0.00019064710068050772
12,500,10,0.00011418972280807793
12,500,11,0.0
12,600,0,0.0021008383482694626
12,600,1,0.002532765967771411
12,600,2,0.002402661368250847
12,600,3,0.001620410243049264
12,600,4,0.002681294921785593
12,600,5,0.001406904892064631
12,600,6,0.0010815263958647847
12,600,7,0.00041161919943988323
12,600,8,0.00026886610430665314
12,600,9,0.0001692964433459565
12,600,10,9.051344386534765e-05
12,600,11,0.0
12,700,0,0.0025362614542245865
12,700,1,0.003618965158239007
12,700,2,0.0029809633269906044
12,700,3,0.0018943839240819216
12,700,4,0.0033010204788297415
12,700,5,0.0015353328781202435
12,700,6,0.001287503051571548
12,700,7,0.00044316716957837343
12,700,8,0.00029864287353120744
12,700,9,0.00018035891116596758
12,700,10,0.00010151864989893511
12,700,11,0.0
12,800,0,0.001981213456019759
12,800,1,0.002588164061307907
12,800,2,0.0024735620245337486
12,800,3,0.0016438000602647662
12,800,4,0.0028989294078201056
12,800,5,0.0012848692713305354
12,800,6,0.0011620025616139174
12,800,7,0.0003598199400585145
12,800,8,0.0002663172490429133
12,800,9,0.00016876925656106323
12,800,10,9.639492054702714e-05
12,800,11,0.0
12,900,0,0.0026115195360034704
12,900,1,0.003485630499199033
12,900,2,0.00314669799990952
12,900,3,0.002015636069700122
12,900,4,0.0033167500514537096
12,900,5,0.0018039310816675425
12,900,6,0.0015144622884690762
12,900,7,0.0004794721899088472
12,900,8,0.00034486933145672083
12,900,9,0.0001841424236772582
12,900,10,0.00011960817937506363
12,900,11,0.0
12,1000,0,0.002137805800884962
12,1000,1,0.0029703511390835047
12,1000,2,0.003182459156960249
12,1000,3,0.001921330695040524
12,1000,4,0.0031377787236124277
12,1000,5,0.0015362253179773688
12,1000,6,0.0012741235550493002
12,1000,7,0.0004422128840815276
12,1000,8,0.00031168622081167996
12,1000,9,0.000181323237484321
12,1000,10,0.0001146308277384378
12,1000,11,0.0
12,1100,0,0.00241539697162807
12,1100,1,0.003314815228804946
12,1100,2,0.0028957787435501814
12,1100,3,0.0019672957714647055
12,1100,4,0.003187723457813263
12,1100,5,0.001742772525176406
12,1100,6,0.0015083166072145104
12,1100,7,0.0004547410935629159
12,1100,8,0.0003265337145421654
12,1100,9,0.00020134173973929137
12,1100,10,0.00011047099542338401
12,1100,11,0.0
12,1200,0,0.002575150690972805
12,1200,1,0.003357730805873871
12,1200,2,0.0028699382673949003
12,1200,3,0.0019040610641241074
12,1200,4,0.002891251817345619
12,1200,5,0.0016641616821289062
12,1200,6,0.0014887540601193905
12,1200,7,0.0005010382155887783
12,1200,8,0.0003249369328841567
12,1200,9,0.00021186463709454983
12,1200,10,0.00014497822849079967
12,1200,11,0.0
13,0,0,0.002327422611415386
13,0,1,0.0034215820487588644
13,0,2,0.0032713566906750202
13,0,3,0.0019856865983456373
13,0,4,0.0031549176201224327
13,0,5,0.0019310800125822425
13,0,6,0.0013769201468676329
13,0,7,0.0005043693818151951
13,0,8,0.00031174792093224823
13,0,9,0.00019101261568721384
13,0,10,0.00011798551713582128
13,0,11,0.0
13,100,0,0.00221919734030962
13,100,1,0.0031384071335196495
13,100,2,0.002847536699846387
13,100,3,0.001977340318262577
13,100,4,0.0029688661452382803
13,100,5,0.0015756950015202165
13,100,6,0.001366730430163443
13,100,7,0.00044252604129724205
13,100,8,0.00029020028887316585
13,100,9,0.0001861498021753505
13,100,10,0.00012296355271246284
13,100,11,0.0
13,200,0,0.0023275238927453756
13,200,1,0.003205203916877508
13,200,2,0.0030936445109546185
13,200,3,0.0022041192278265953
13,200,4,0.003355302382260561
13,200,5,0.0017691765679046512
13,200,6,0.0013303763698786497
13,200,7,0.0004509839345701039
13,200,8,0.0003058485162910074
13,200,9,0.00019645632710307837
13,200,10,0.00012056281411787495
13,200,11,0.0
13,300,0,0.0025516808964312077
13,300,1,0.0034342091530561447
13,300,2,0.002876636106520891
13,300,3,0.0020260694436728954
13,300,4,0.003136700252071023
13,300,5,0.001739628380164504
13,300,6,0.0014566053869202733
13,300,7,0.00046225712867453694
13,300,8,0.0003141397319268435
13,300,9,0.00018519352306611836
13,300,10,0.00011315071606077254
13,300,11,0.0
13,400,0,0.0026046070270240307
13,400,1,0.0034972557332366705
13,400,2,0.002981355879455805
13,400,3,0.002069146139547229
13,400,4,0.003098502289503813
13,400,5,0.001980986911803484
13,400,6,0.0013524425448849797
13,400,7,0.0004862516070716083
13,400,8,0.00034499747562222183
13,400,9,0.0002103770530084148
13,400,10,0.00012158232129877433
13,400,11,0.0
13,500,0,0.002814261242747307
13,500,1,0.0030588803347200155
13,500,2,0.003075876971706748
13,500,3,0.0020107871387153864
13,500,4,0.0035497713834047318
13,500,5,0.0018803636776283383
13,500,6,0.0015291826566681266
13,500,7,0.0005048376624472439
13,500,8,0.00033712000004015863
13,500,9,0.00019768472702708095
13,500,10,0.0001295265246881172
13,500,11,0.0
13,600,0,0.0027570754755288363
13,600,1,0.00329709448851645
13,600,2,0.0028409361839294434
13,600,3,0.00212022359482944
13,600,4,0.003354239510372281
13,600,5,0.001824724953621626
13,600,6,0.001436197548173368
13,600,7,0.0005770277930423617
13,600,8,0.00035838529583998024
13,600,9,0.00020796775061171502
13,600,10,0.0001263831800315529
13,600,11,0.0
13,700,0,0.002722649136558175
13,700,1,0.003534153802320361
13,700,2,0.00321828480809927
13,700,3,0.002316105179488659
13,700,4,0.0032310308888554573
13,700,5,0.0020136521197855473
13,700,6,0.0016841451870277524
13,700,7,0.0005204238113947213
13,700,8,0.0003351573250256479
13,700,9,0.00020662213501054794
13,700,10,0.00011527768219821155
13,700,11,0.0
13,800,0,0.0026660074945539236
13,800,1,0.003504321211948991
13,800,2,0.0033255373127758503
13,800,3,0.002335677854716778
13,800,4,0.003061918308958411
13,800,5,0.001938703004270792
13,800,6,0.001580644748173654
13,800,7,0.0005607546190731227
13,800,8,0.0003572343848645687
13,800,9,0.0002132070658262819
13,800,10,0.00013433887215796858
13,800,11,0.0
13,900,0,0.002148491097614169
13,900,1,0.002835169667378068
13,900,2,0.002903149463236332
13,900,3,0.0018608662066981196
13,900,4,0.002656936412677169
13,900,5,0.0016784061444923282
13,900,6,0.0012859766138717532
13,900,7,0.0004314572433941066
13,900,8,0.00031874305568635464
13,900,9,0.00018216983880847692
13,900,10,0.00010327079507987946
13,900,11,0.0
13,1000,0,0.002128354273736477
13,1000,1,0.0030748052522540092
13,1000,2,0.002707207342609763
13,1000,3,0.002111774869263172
13,1000,4,0.002854918595403433
13,1000,5,0.0016406102804467082
13,1000,6,0.0013420358300209045
13,1000,7,0.00043803692096844316
13,1000,8,0.0003104893839918077
13,1000,9,0.00018417733372189105
13,1000,10,0.00010292738443240523
13,1000,11,0.0
13,1100,0,0.0020526666194200516
13,1100,1,0.0029394933953881264
13,1100,2,0.00285318517126143
13,1100,3,0.002030347241088748
13,1100,4,0.0029516350477933884
13,1100,5,0.0017379674827679992
13,1100,6,0.0015085398918017745
13,1100,7,0.0004416227457113564
13,1100,8,0.0003260443627368659
13,1100,9,0.00019560856162570417
13,1100,10,0.00010195814684266225
13,1100,11,0.0
13,1200,0,0.002398052718490362
13,1200,1,0.0033641313202679157
13,1200,2,0.0029013485182076693
13,1200,3,0.0019731749780476093
13,1200,4,0.0028302795253694057
13,1200,5,0.0018920204602181911
13,1200,6,0.0014663073234260082
13,1200,7,0.00047405975055880845
13,1200,8,0.0003220395592506975
13,1200,9,0.00020245336054358631
13,1200,10,0.00011773601727327332
13,1200,11,0.0
14,0,0,0.002496097469702363
14,0,1,0.003403316717594862
14,0,2,0.0029375292360782623
14,0,3,0.002134994138032198
14,0,4,0.0030264430679380894
14,0,5,0.0018034965032711625
14,0,6,0.0014538837131112814
14,0,7,0.0005615857662633061
14,0,8,0.0003437239502090961
14,0,9,0.00021875626407563686
14,0,10,0.0001209435286000371
14,0,11,0.0
14,100,0,0.002748440485447645
14,100,1,0.003614917164668441
14,100,2,0.0028668346349149942
14,100,3,0.0022297219838947058
14,100,4,0.0030090443324297667
14,100,5,0.0019647267181426287
14,100,6,0.0015538238221779466
14,100,7,0.0005511522758752108
14,100,8,0.00035857612965628505
14,100,9,0.00021544289484154433
14,100,10,0.0001259433920495212
14,100,11,0.0
14,200,0,0.002376569900661707
14,200,1,0.003471283009275794
14,200,2,0.0031831369269639254
14,200,3,0.0022997010964900255
14,200,4,0.0031507869716733694
14,200,5,0.0020016664639115334
14,200,6,0.001504268846474588
14,200,7,0.0005137025145813823
14,200,8,0.00034045212669298053
14,200,9,0.00020547180611174554
14,200,10,0.00011807359260274097
14,200,11,0.0
14,300,0,0.002791974926367402
14,300,1,0.0032574881333857775
14,300,2,0.0031508812680840492
14,300,3,0.002161546377465129
14,300,4,0.0028422486502677202
14,300,5,0.0019340596627444029
14,300,6,0.0014766828389838338
14,300,7,0.0005705381627194583
14,300,8,0.00034572507138364017
14,300,9,0.0002071812195936218
14,300,10,0.00012363104906398803
14,300,11,0.0
14,400,0,0.0025274448562413454
14,400,1,0.003136752173304558
14,400,2,0.003060162765905261
14,400,3,0.002215626649558544
14,400,4,0.0030031853821128607
14,400,5,0.001859571784734726
14,400,6,0.0014662956818938255
14,400,7,0.0005340568022802472
14,400,8,0.00035153835779055953
14,400,9,0.0002035213983617723
14,400,10,0.00011917242227355018
14,400,11,0.0
14,500,0,0.0028388611972332
14,500,1,0.0035223129671067
14,500,2,0.003230293048545718
14,500,3,0.0024677887558937073
14,500,4,0.003088102675974369
14,500,5,0.001957546453922987
14,500,6,0.001656867447309196
14,500,7,0.0004993508919142187
14,500,8,0.0003417598200030625
14,500,9,0.00021923183521721512
14,500,10,0.00011672114487737417
14,500,11,0.0
14,600,0,0.0025433911941945553
14,600,1,0.003468025242909789
14,600,2,0.0030914100352674723
14,600,3,0.002146010287106037
14,600,4,0.0032029503490775824
14,600,5,0.0019014667486771941
14,600,6,0.0014994875527918339
14,600,7,0.0005010276800021529
14,600,8,0.00033129137591458857
14,600,9,0.00019674748182296753
14,600,10,0.00012469614739529788
14,600,11,0.0
14,700,0,0.0025470785330981016
14,700,1,0.003535147523507476
14,700,2,0.003301992081105709
14,700,3,0.0022271161433309317
14,700,4,0.003392995335161686
14,700,5,0.001872160704806447
14,700,6,0.0016598155489191413
14,700,7,0.0005330960266292095
14,700,8,0.00032929758890531957
14,700,9,0.00020346314704511315
14,700,10,0.00013583140389528126
14,700,11,0.0
14,800,0,0.0022856288123875856
14,800,1,0.0033366719726473093
14,800,2,0.0029144121799618006
14,800,3,0.0021158212330192327
14,800,4,0.002838126150891185
14,800,5,0.001718126586638391
14,800,6,0.0015239608474075794
14,800,7,0.0004923522938042879
14,800,8,0.00034842180320993066
14,800,9,0.0002016978251049295
14,800,10,0.00012783173588104546
14,800,11,0.0
14,900,0,0.0027027807664126158
14,900,1,0.003505473490804434
14,900,2,0.0036387101281434298
14,900,3,0.0024924364406615496
14,900,4,0.0032662765588611364
14,900,5,0.0021004260051995516
14,900,6,0.001760696992278099
14,900,7,0.0004913892480544746
14,900,8,0.00034051729016937315
14,900,9,0.00022395951964426786
14,900,10,0.00012714693730231375
14,900,11,0.0
14,1000,0,0.003029090818017721
14,1000,1,0.003559413366019726
14,1000,2,0.0033573992550373077
14,1000,3,0.0022937024477869272
14,1000,4,0.00327495695091784
14,1000,5,0.0021097895223647356
14,1000,6,0.0016546724364161491
14,1000,7,0.000494500040076673
14,1000,8,0.00036498275585472584
14,1000,9,0.00021573752746917307
14,1000,10,0.00012252526357769966
14,1000,11,0.0
14,1100,0,0.0028030581306666136
14,1100,1,0.0032973166089504957
14,1100,2,0.0032111979089677334
14,1100,3,0.002307262970134616
14,1100,4,0.0033325713593512774
14,1100,5,0.0020948140881955624
14,1100,6,0.001623145886696875
14,1100,7,0.0005484125576913357
14,1100,8,0.0003389495250303298
14,1100,9,0.00021426404418889433
14,1100,10,0.00011607683700276539
14,1100,11,0.0
14,1200,0,0.002533906837925315
14,1200,1,0.0031260475516319275
14,1200,2,0.0028093503788113594
14,1200,3,0.002068226458504796
14,1200,4,0.0028966842219233513
14,1200,5,0.0018337160581722856
14,1200,6,0.0013866126537322998
14,1200,7,0.0005110537749715149
14,1200,8,0.0003252704336773604
14,1200,9,0.00020126940216869116
14,1200,10,0.00011447150609456003
14,1200,11,0.0
15,0,0,0.0026085085701197386
15,0,1,0.0034856684505939484
15,0,2,0.0032368404790759087
15,0,3,0.0022936156019568443
15,0,4,0.0031936406157910824
15,0,5,0.0017491881735622883
15,0,6,0.001711412682197988
15,0,7,0.0005490306066349149
15,0,8,0.0003503326734062284
15,0,9,0.00022599127260036767
15,0,10,0.0001481719664297998
15,0,11,0.0
15,100,0,0.002626630710437894
15,100,1,0.0034414681140333414
15,100,2,0.003255425952374935
15,100,3,0.0023933688644319773
15,100,4,0.0031692758202552795
15,100,5,0.0019078815821558237
15,100,6,0.0015818617539480329
15,100,7,0.0006155011360533535
15,100,8,0.00040344419539906085
15,100,9,0.0002251894911751151
15,100,10,0.0001278805866604671
15,100,11,0.0
15,200,0,0.002235628431662917
15,200,1,0.003220086917281151
15,200,2,0.0030274116434156895
15,200,3,0.0023104180581867695
15,200,4,0.0030397980008274317
15,200,5,0.001866726204752922
15,200,6,0.0016494652954861522
15,200,7,0.0005191838718019426
15,200,8,0.000328787078615278
15,200,9,0.00021568755619227886
15,200,10,0.00011573028314160183
15,200,11,0.0
15,300,0,0.0024495525285601616
15,300,1,0.0033401413820683956
15,300,2,0.0026797938626259565
15,300,3,0.0020638040732592344
15,300,4,0.0027062545996159315
15,300,5,0.0018381603294983506
15,300,6,0.0014898773515596986
15,300,7,0.00048254168359562755
15,300,8,0.00031482530175708234
15,300,9,0.00019211800827179104
15,300,10,0.00010751116496976465
15,300,11,0.0
15,400,0,0.002826950279995799
15,400,1,0.0037079332396388054
15,400,2,0.003268840489909053
15,400,3,0.002655785996466875
15,400,4,0.0029653944075107574
15,400,5,0.0018381312256678939
15,400,6,0.0016302595613524318
15,400,7,0.0005511105409823358
15,400,8,0.00034709888859651983
15,400,9,0.00021094358817208558
15,400,10,0.0001266300823772326
15,400,11,0.0
15,500,0,0.0024957952555269003
15,500,1,0.0033601121976971626
15,500,2,0.0028181709349155426
15,500,3,0.0022740631829947233
15,500,4,0.0027928559575229883
15,500,5,0.001742266002111137
15,500,6,0.0014649241929873824
15,500,7,0.0005183922476135194
15,500,8,0.000343708205036819
15,500,9,0.0002130004286300391
15,500,10,0.00013272740761749446
15,500,11,0.0
15,600,0,0.002971045207232237
15,600,1,0.0037032885011285543
15,600,2,0.0033639417961239815
15,600,3,0.0023096015211194754
15,600,4,0.0031164034735411406
15,600,5,0.001897017122246325
15,600,6,0.0015711071901023388
15,600,7,0.0005715388688258827
15,600,8,0.000360624777385965
15,600,9,0.00021403429855126888
15,600,10,0.0001231006463058293
15,600,11,0.0
15,700,0,0.0029640584252774715
15,700,1,0.003465601010248065
15,700,2,0.0033119202125817537
15,700,3,0.002400172408670187
15,700,4,0.002850791672244668
15,700,5,0.0019546416588127613
15,700,6,0.001758224912919104
15,700,7,0.0006019283318892121
15,700,8,0.00040771294152364135
15,700,9,0.00021219880727585405
15,700,10,0.00013057827891316265
15,700,11,0.0
15,800,0,0.0028968597762286663
15,800,1,0.0037613429594784975
15,800,2,0.00347540364600718
15,800,3,0.0026506935246288776
15,800,4,0.003396575106307864
15,800,5,0.002050942275673151
15,800,6,0.0016246141167357564
15,800,7,0.0006237016641534865
15,800,8,0.00036307191476225853
15,800,9,0.00023797355243004858
15,800,10,0.0001315589906880632
15,800,11,0.0
15,900,0,0.0028498226311057806
15,900,1,0.0037519948091357946
15,900,2,0.003535123774781823
15,900,3,0.002444073325023055
15,900,4,0.003295066999271512
15,900,5,0.0022029350511729717
15,900,6,0.001885944977402687
15,900,7,0.0006091520772315562
15,900,8,0.00034385209437459707
15,900,9,0.00021486282639671117
15,900,10,0.00012292122119106352
15,900,11,0.0
15,1000,0,0.002592521021142602
15,1000,1,0.003217842197045684
15,1000,2,0.0030503049492836
15,1000,3,0.0020486407447606325
15,1000,4,0.002903247717767954
15,1000,5,0.0018457871628925204
15,1000,6,0.001581272343173623
15,1000,7,0.0005258228629827499
15,1000,8,0.00033108756178990006
15,1000,9,0.00020183179003652185
15,1000,10,0.00011070644541177899
15,1000,11,0.0
15,1100,0,0.002721958328038454
15,1100,1,0.0034563292283564806
15,1100,2,0.0031590601429343224
15,1100,3,0.0024437368847429752
15,1100,4,0.0032170189078897238
15,1100,5,0.002122955396771431
15,1100,6,0.001602871809154749
15,1100,7,0.0005279331817291677
15,1100,8,0.0003452440141700208
15,1100,9,0.00022311662905849516
15,1100,10,0.00012070929369656369
15,1100,11,0.0
15,1200,0,0.002763175405561924
15,1200,1,0.0036646032240241766
15,1200,2,0.0031129729468375444
15,1200,3,0.002497283276170492
15,1200,4,0.003210767637938261
15,1200,5,0.002119734650477767
15,1200,6,0.0016938826302066445
15,1200,7,0.0005519954720512033
15,1200,8,0.0003552570124156773
15,1200,9,0.00022010045358911157
15,1200,10,0.00012765743304044008
15,1200,11,0.0
16,0,0,0.0031845124904066324
16,0,1,0.0036552189849317074
16,0,2,0.003181727370247245
16,0,3,0.0025086000096052885
16,0,4,0.0035500891972333193
16,0,5,0.0020594068337231874
16,0,6,0.001618423848412931
16,0,7,0.0005168656352907419
16,0,8,0.0003530990215949714
16,0,9,0.0002206972276326269
16,0,10,0.000119728509162087
16,0,11,0.0
16,100,0,0.0027261346112936735
16,100,1,0.0035808910615742207
16,100,2,0.0030242844950407743
16,100,3,0.00249386765062809
16,100,4,0.0029758119489997625
16,100,5,0.001748773967847228
16,100,6,0.0015923039754852653
16,100,7,0.0005483548156917095
16,100,8,0.00032906330307014287
16,100,9,0.00019048884860239923
16,100,10,0.00011691576946759596
16,100,11,0.0
16,200,0,0.0034840654116123915
16,200,1,0.0032952793408185244
16,200,2,0.003536812262609601
16,200,3,0.002430504420772195
16,200,4,0.0032577042002230883
16,200,5,0.002132958499714732
16,200,6,0.0016979341162368655
16,200,7,0.000584372493904084
16,200,8,0.0003803123254328966
16,200,9,0.0002179847506340593
16,200,10,0.00013519421918317676
16,200,11,0.0
16,300,0,0.0030514998361468315
16,300,1,0.003459988860413432
16,300,2,0.0033116627018898726
16,300,3,0.0025287140160799026
16,300,4,0.0032860669307410717
16,300,5,0.0019954910967499018
16,300,6,0.0016298664268106222
16,300,7,0.0005479397368617356
16,300,8,0.0003533227718435228
16,300,9,0.00020064390264451504
16,300,10,0.00012099526793463156
16,300,11,0.0
16,400,0,0.002862310502678156
16,400,1,0.004094257485121489
16,400,2,0.0036851875483989716
16,400,3,0.002705114660784602
16,400,4,0.003506298176944256
16,400,5,0.002346788067370653
16,400,6,0.001953716389834881
16,400,7,0.0006615602760575712
16,400,8,0.00040391142829321325
16,400,9,0.00022128950513433665
16,400,10,0.00012305886775720865
16,400,11,0.0
16,500,0,0.0027276738546788692
16,500,1,0.003601014381274581
16,500,2,0.0031447268556803465
16,500,3,0.0023098757956176996
16,500,4,0.002940838225185871
16,500,5,0.0018930442165583372
16,500,6,0.0016523667145520449
16,500,7,0.0005445459391921759
16,500,8,0.0003542211779858917
16,500,9,0.00021132609981577843
16,500,10,0.0001232987124240026
16,500,11,0.0
16,600,0,0.003278422402217984
16,600,1,0.0037832348607480526
16,600,2,0.0034792558290064335
16,600,3,0.0025029059033840895
16,600,4,0.003205036511644721
16,600,5,0.002248845063149929
16,600,6,0.0016527771949768066
16,600,7,0.000583919114433229
16,600,8,0.0003909393271896988
16,600,9,0.0002130835346179083
16,600,10,0.00012558442540466785
16,600,11,0.0
16,700,0,0.0030441784765571356
16,700,1,0.003565180813893676
16,700,2,0.0034207552671432495
16,700,3,0.0025325813330709934
16,700,4,0.002878363709896803
16,700,5,0.002129164058715105
16,700,6,0.0016850155079737306
16,700,7,0.0006170263513922691
16,700,8,0.00037944928044453263
16,700,9,0.0002097500691888854
16,700,10,0.00013601731916423887
16,700,11,0.0
16,800,0,0.0034264803398400545
16,800,1,0.0044189258478581905
16,800,2,0.003897697664797306
16,800,3,0.0027235678862780333
16,800,4,0.003731059841811657
16,800,5,0.002391854068264365
16,800,6,0.0019073127768933773
16,800,7,0.0005943260039202869
16,800,8,0.0003726402355823666
16,800,9,0.00024088828649837524
16,800,10,0.00011791233555413783
16,800,11,0.0
16,900,0,0.0028622006066143513
16,900,1,0.003507141722366214
16,900,2,0.0035091962199658155
16,900,3,0.0023546135053038597
16,900,4,0.0032258164137601852
16,900,5,0.002039474667981267
16,900,6,0.0017199352150782943
16,900,7,0.0005837920471094549
16,900,8,0.0003541818878147751
16,900,9,0.0002151546359527856
16,900,10,0.00013218462117947638
16,900,11,0.0
16,1000,0,0.003116165054962039
16,1000,1,0.003452329197898507
16,1000,2,0.0031674185302108526
16,1000,3,0.0026768313255161047
16,1000,4,0.0032788540702313185
16,1000,5,0.0019939360208809376
16,1000,6,0.0016180581878870726
16,1000,7,0.000586913782171905
16,1000,8,0.0003524980565998703
16,1000,9,0.00021056794503238052
16,1000,10,0.00012456478725653142
16,1000,11,0.0
16,1100,0,0.002845189068466425
16,1100,1,0.003697142004966736
16,1100,2,0.00385145447216928
16,1100,3,0.0027717247139662504
16,1100,4,0.0031625465489923954
16,1100,5,0.001999245025217533
16,1100,6,0.0015985313802957535
16,1100,7,0.0005421412060968578
16,1100,8,0.0003587359969969839
16,1100,9,0.00020058584050275385
16,1100,10,0.00012212885485496372
16,1100,11,0.0
16,1200,0,0.003288550768047571
16,1200,1,0.0034720702096819878
16,1200,2,0.0033709239214658737
16,1200,3,0.002210757462307811
16,1200,4,0.003156216349452734
16,1200,5,0.0020420674700289965
16,1200,6,0.0018433713121339679
16,1200,7,0.0006132367998361588
16,1200,8,0.00039509963244199753
16,1200,9,0.00022931887360755354
16,1200,10,0.0001420009066350758
16,1200,11,0.0
17,0,0,0.00306121027097106
17,0,1,0.003757550846785307
17,0,2,0.003479794366285205
17,0,3,0.0024613894056528807
17,0,4,0.0031280380208045244
17,0,5,0.0023163428995758295
17,0,6,0.0018262864323332906
17,0,7,0.0006798398680984974
17,0,8,0.00037323881406337023
17,0,9,0.00023001391673460603
17,0,10,0.00012344453716650605
17,0,11,0.0
17,100,0,0.0032653622329235077
17,100,1,0.003821043064817786
17,100,2,0.0038017926272004843
17,100,3,0.002562061185017228
17,100,4,0.003024657955393195
17,100,5,0.00217216438613832
17,100,6,0.0018111331155523658
17,100,7,0.0006325452704913914
17,100,8,0.00036823723348788917
17,100,9,0.00021961983293294907
17,100,10,0.00013094392488710582
17,100,11,0.0
17,200,0,0.0029740361496806145
17,200,1,0.0034158520866185427
17,200,2,0.003324423683807254
17,200,3,0.0024869521148502827
17,200,4,0.0032924567349255085
17,200,5,0.0022065716329962015
17,200,6,0.001708617084659636
17,200,7,0.0005993313970975578
17,200,8,0.00038115138886496425
17,200,9,0.0002119303826475516
17,200,10,0.00012391172640491277
17,200,11,0.0
17,300,0,0.0030966803897172213
17,300,1,0.0037527054082602262
17,300,2,0.0034022899344563484
17,300,3,0.002853552345186472
17,300,4,0.0031824465841054916
17,300,5,0.0023118271492421627
17,300,6,0.001886547077447176
17,300,7,0.000631190778221935
17,300,8,0.0004095832409802824
17,300,9,0.00022934515436645597
17,300,10,0.00013363904145080596
17,300,11,0.0
17,400,0,0.0033755593467503786
17,400,1,0.003922151867300272
17,400,2,0.003530474379658699
17,400,3,0.002658700570464134
17,400,4,0.0028436852153390646
17,400,5,0.0021927955094724894
17,400,6,0.001752875279635191
17,400,7,0.0006719810771755874
17,400,8,0.00042088169720955193
17,400,9,0.00023068323207553476
17,400,10,0.00013570007286034524
17,400,11,0.0
17,500,0,0.0031073756981641054
17,500,1,0.0035736127756536007
17,500,2,0.003645820776000619
17,500,3,0.002568027237430215
17,500,4,0.003178327577188611
17,500,5,0.0020276084542274475
17,500,6,0.0015656439354643226
17,500,7,0.0005903822020627558
17,500,8,0.0003825536696240306
17,500,9,0.00021974422270432115
17,500,10,0.00012905946641694754
17,500,11,0.0
17,600,0,0.0032495514024049044
17,600,1,0.004145761951804161
17,600,2,0.0038634054362773895
17,600,3,0.0026281140744686127
17,600,4,0.003507726127281785
17,600,5,0.0023648994974792004
17,600,6,0.001618630369193852
17,600,7,0.0006738489028066397
17,600,8,0.00040358275873586535
17,600,9,0.0002455219510011375
17,600,10,0.00012831318599637598
17,600,11,0.0
17,700,0,0.0032852774020284414
17,700,1,0.0040004742331802845
17,700,2,0.003742972621694207
17,700,3,0.0026406021788716316
17,700,4,0.0032484473194926977
17,700,5,0.0024396784137934446
17,700,6,0.0016380054876208305
17,700,7,0.000654752308037132
17,700,8,0.0004145757993683219
17,700,9,0.00023379616322927177
17,700,10,0.0001318897120654583
17,700,11,0.0
17,800,0,0.0035391917917877436
17,800,1,0.003759321290999651
17,800,2,0.0035064455587416887
17,800,3,0.0029429174028337
17,800,4,0.0031346518080681562
17,800,5,0.002200524788349867
17,800,6,0.0017919408855959773
17,800,7,0.0006724957493133843
17,800,8,0.0004036856989841908
17,800,9,0.00022593673202209175
17,800,10,0.00013275601668283343
17,800,11,0.0
17,900,0,0.0032494550105184317
17,900,1,0.0038243259768933058
17,900,2,0.003510842565447092
17,900,3,0.00271730893291533
17,900,4,0.0033057609107345343
17,900,5,0.002291690791025758
17,900,6,0.0017642691964283586
17,900,7,0.0006576988380402327
17,900,8,0.000399271521018818
17,900,9,0.00024270366702694446
17,900,10,0.00013492566358763725
17,900,11,0.0
17,1000,0,0.0034269613679498434
17,1000,1,0.0040668766014277935
17,1000,2,0.003758637234568596
17,1000,3,0.0026324561331421137
17,1000,4,0.0032831267453730106
17,1000,5,0.0021812808699905872
17,1000,6,0.0018267183331772685
17,1000,7,0.0006917099817655981
17,1000,8,0.0004052188596688211
17,1000,9,0.0002489119360689074
17,1000,10,0.00015716014604549855
17,1000,11,0.0
17,1100,0,0.0035962199326604605
17,1100,1,0.003721983637660742
17,1100,2,0.003962887451052666
17,1100,3,0.002636626595631242
17,1100,4,0.00319686415605247
17,1100,5,0.002310632960870862
17,1100,6,0.001769349561072886
17,1100,7,0.0006747007719241083
17,1100,8,0.00036827081930823624
17,1100,9,0.00022953363077249378
17,1100,10,0.00013326496991794556
17,1100,11,0.0
17,1200,0,0.00322826043702662
17,1200,1,0.00424550287425518
17,1200,2,0.0034242705442011356
17,1200,3,0.002539809327572584
17,1200,4,0.0030967295169830322
17,1200,5,0.0020208738278597593
17,1200,6,0.001680313958786428
17,1200,7,0.0006392578943632543
17,1200,8,0.00037306686863303185
17,1200,9,0.00022780521248932928
17,1200,10,0.00012175147276138887
17,1200,11,0.0
18,0,0,0.0035356548614799976
18,0,1,0.003870628774166107
18,0,2,0.003599971067160368
18,0,3,0.0027079542633146048
18,0,4,0.0031565630342811346
18,0,5,0.002257958287373185
18,0,6,0.0017698833253234625
18,0,7,0.0006455688271671534
18,0,8,0.00042757627670653164
18,0,9,0.0002453909837640822
18,0,10,0.00014591368380934
18,0,11,0.0
18,100,0,0.0036431883927434683
18,100,1,0.003990779165178537
18,100,2,0.0038191406056284904
18,100,3,0.0028841476887464523
18,100,4,0.003386814845725894
18,100,5,0.002478283131495118
18,100,6,0.001967106480151415
18,100,7,0.0007044548401609063
18,100,8,0.0004217479727230966
18,100,9,0.0002407778229098767
18,100,10,0.00013253492943476886
18,100,11,0.0
18,200,0,0.0038665165193378925
18,200,1,0.004239027854055166
18,200,2,0.0038715186528861523
18,200,3,0.0027605753857642412
18,200,4,0.003657403402030468
18,200,5,0.0023381230421364307
18,200,6,0.0018474909011274576
18,200,7,0.000748035847209394
18,200,8,0.0004287463380023837
18,200,9,0.00025552883744239807
18,200,10,0.00015452811203431338
18,200,11,0.0
18,300,0,0.0032441727817058563
18,300,1,0.003914778586477041
18,300,2,0.003656998509541154
18,300,3,0.0026693898253142834
18,300,4,0.0031325204763561487
18,300,5,0.0020551651250571012
18,300,6,0.0017029964365065098
18,300,7,0.0006824145675636828
18,300,8,0.0004379748133942485
18,300,9,0.00022157860803417861
18,300,10,0.00012978976883459836
18,300,11,0.0
18,400,0,0.003177369711920619
18,400,1,0.003803677624091506
18,400,2,0.003635399742051959
18,400,3,0.0026097239460796118
18,400,4,0.0031984904780983925
18,400,5,0.002225723350420594
18,400,6,0.001795099931769073
18,400,7,0.0006167187821120024
18,400,8,0.00036620788159780204
18,400,9,0.00020337624300736934
18,400,10,0.00011581401486182585
18,400,11,0.0
18,500,0,0.0033558590803295374
18,500,1,0.0037542590871453285
18,500,2,0.003832401940599084
18,500,3,0.002713638823479414
18,500,4,0.003103735391050577
18,500,5,0.0021552154794335365
18,500,6,0.0017376589821651578
18,500,7,0.0006299951928667724
18,500,8,0.0004044265078846365
18,500,9,0.00022365227050613612
18,500,10,0.00011811379226855934
18,500,11,0.0
18,600,0,0.0033059725537896156
18,600,1,0.0034247867297381163
18,600,2,0.00334002822637558
18,600,3,0.0023542074486613274
18,600,4,0.0030610200483351946
18,600,5,0.0019321932923048735
18,600,6,0.0016412934055551887
18,600,7,0.0005915159708820283
18,600,8,0.00036806639400310814
18,600,9,0.00021529578953050077
18,600,10,0.00012144495121901855
18,600,11,0.0
18,700,0,0.003887819591909647
18,700,1,0.00421184953302145
18,700,2,0.003896130947396159
18,700,3,0.0028206168208271265
18,700,4,0.0034059053286910057
18,700,5,0.002430874155834317
18,700,6,0.001850678352639079
18,700,7,0.0007081204676069319
18,700,8,0.0004391302354633808
18,700,9,0.0002547871263232082
18,700,10,0.00014689831004943699
18,700,11,0.0
18,800,0,0.0035684548784047365
18,800,1,0.003639105474576354
18,800,2,0.0037928735837340355
18,800,3,0.00280388118699193
18,800,4,0.003387466771528125
18,800,5,0.002155732363462448
18,800,6,0.001777322730049491
18,800,7,0.0006746385479345918
18,800,8,0.00045118803973309696
18,800,9,0.0002488567552063614
18,800,10,0.0001469666458433494
18,800,11,0.0
18,900,0,0.0035695757251232862
18,900,1,0.004058503080159426
18,900,2,0.003673247527331114
18,900,3,0.002689836546778679
18,900,4,0.00295719294808805
18,900,5,0.0020793466828763485
18,900,6,0.0019115537870675325
18,900,7,0.000674270442686975
18,900,8,0.0003667633864097297
18,900,9,0.00021736066264566034
18,900,10,0.00012381661508698016
18,900,11,0.0
18,1000,0,0.003238786244764924
18,1000,1,0.003953014500439167
18,1000,2,0.003396468237042427
18,1000,3,0.0024084083270281553
18,1000,4,0.0032006821129471064
18,1000,5,0.0020665223710238934
18,1000,6,0.001894524903036654
18,1000,7,0.0007119810907170177
18,1000,8,0.0003786440356634557
18,1000,9,0.00023452559253200889
18,1000,10,0.00012006983160972595
18,1000,11,0.0
18,1100,0,0.003978482913225889
18,1100,1,0.003926701378077269
18,1100,2,0.004176261834800243
18,1100,3,0.0028397361747920513
18,1100,4,0.003308817045763135
18,1100,5,0.0023866661358624697
18,1100,6,0.0019505929667502642
18,1100,7,0.0007254205411300063
18,1100,8,0.00046131855924613774
18,1100,9,0.00025713772629387677
18,1100,10,0.00015149656974244863
18,1100,11,0.0
18,1200,0,0.003938060253858566
18,1200,1,0.004347090143710375
18,1200,2,0.00405004620552063
18,1200,3,0.0030528977513313293
18,1200,4,0.0034533399157226086
18,1200,5,0.002517336281016469
18,1200,6,0.001986889634281397
18,1200,7,0.0006770782638341188
18,1200,8,0.0004259654670022428
18,1200,9,0.00024306260456796736
18,1200,10,0.00013054738519713283
18,1200,11,0.0
19,0,0,0.0033737339545041323
19,0,1,0.0037567371036857367
19,0,2,0.0036132915411144495
19,0,3,0.002975020557641983
19,0,4,0.0029943217523396015
19,0,5,0.002270115539431572
19,0,6,0.001808186643756926
19,0,7,0.0006929005612619221
19,0,8,0.0004423176287673414
19,0,9,0.0002534002414904535
19,0,10,0.00014226525672711432
19,0,11,0.0
19,100,0,0.0033413406927138567
19,100,1,0.003626714926213026
19,100,2,0.0035816053859889507
19,100,3,0.0025450936518609524
19,100,4,0.0029287529177963734
19,100,5,0.0020929942838847637
19,100,6,0.0016717236721888185
19,100,7,0.0006186579121276736
19,100,8,0.0003727470466401428
19,100,9,0.00021961910533718765
19,100,10,0.00012324197450652719
19,100,11,0.0
19,200,0,0.004306419752538204
19,200,1,0.004143959376960993
19,200,2,0.003874837886542082
19,200,3,0.0027679973281919956
19,200,4,0.0033200017642229795
19,200,5,0.0023229059297591448
19,200,6,0.0019142722012475133
19,200,7,0.0006999957258813083
19,200,8,0.00045377278001978993
19,200,9,0.0002677082666195929
19,200,10,0.00014856515917927027
19,200,11,0.0
19,300,0,0.003856321331113577
19,300,1,0.004012166988104582
19,300,2,0.0036636414006352425
19,300,3,0.00251962011680007
19,300,4,0.0030586584471166134
19,300,5,0.0021508873905986547
19,300,6,0.0019392254762351513
19,300,7,0.0007009385153651237
19,300,8,0.00039177422877401114
19,300,9,0.00022849980450700969
19,300,10,0.00012139693717472255
19,300,11,0.0
19,400,0,0.003993130289018154
19,400,1,0.00416523078456521
19,400,2,0.003790235845372081
19,400,3,0.0027877846732735634
19,400,4,0.00330859306268394
19,400,5,0.002308167517185211
19,400,6,0.0017876413185149431
19,400,7,0.0007079220376908779
19,400,8,0.00045571813825517893
19,400,9,0.00024225257220678031
19,400,10,0.00013415837020147592
19,400,11,0.0
19,500,0,0.003907450940459967
19,500,1,0.0038237853441387415
19,500,2,0.003759648185223341
19,500,3,0.0025657271035015583
19,500,4,0.0030207757372409105
19,500,5,0.002129484200850129
19,500,6,0.001899350550957024
19,500,7,0.0006953366682864726
19,500,8,0.0004101880476810038
19,500,9,0.00022521070786751807
19,500,10,0.00013165378186386079
19,500,11,0.0
19,600,0,0.004043001681566238
19,600,1,0.003755166195333004
19,600,2,0.0036719110794365406
19,600,3,0.002671798225492239
19,600,4,0.0031524929217994213
19,600,5,0.002195953158661723
19,600,6,0.0017064170679077506
19,600,7,0.0007422291673719883
19,600,8,0.000411792891100049
19,600,9,0.00024701282382011414
19,600,10,0.0001254007947864011
19,600,11,0.0
19,700,0,0.004423480946570635
19,700,1,0.004354279953986406
19,700,2,0.004210442304611206
19,700,3,0.002964429557323456
19,700,4,0.0034177398774772882
19,700,5,0.0025921508204191923
19,700,6,0.001984348753467202
19,700,7,0.0007442543865181506
19,700,8,0.0004398142627906054
19,700,9,0.00026773460558615625
19,700,10,0.0001451382995583117
19,700,11,0.0
19,800,0,0.004632219672203064
19,800,1,0.00426234258338809
19,800,2,0.004168729763478041
19,800,3,0.002774558262899518
19,800,4,0.0032276948913931847
19,800,5,0.0023883809335529804
19,800,6,0.0017868401482701302
19,800,7,0.0007018505712039769
19,800,8,0.000424207653850317
19,800,9,0.00023158332624007016
19,800,10,0.00012602155038621277
19,800,11,0.0
19,900,0,0.0038883795496076345
19,900,1,0.003524511819705367
19,900,2,0.0038986674044281244
19,900,3,0.0029621352441608906
19,900,4,0.0028278722893446684
19,900,5,0.0021127520594745874
19,900,6,0.0016816663555800915
19,900,7,0.0006857648259028792
19,900,8,0.00044515341869555414
19,900,9,0.00026263194740749896
19,900,10,0.00012830209743697196
19,900,11,0.0
19,1000,0,0.003924589604139328
19,1000,1,0.0038151137996464968
19,1000,2,0.0040357415564358234
19,1000,3,0.002621998777613044
19,1000,4,0.0030095356050878763
19,1000,5,0.00221589975990355
19,1000,6,0.0016704878071323037
19,1000,7,0.0006691219168715179
19,1000,8,0.00041452120058238506
19,1000,9,0.00023422882077284157
19,1000,10,0.00013137618952896446
19,1000,11,0.0
19,1100,0,0.0041094692423939705
19,1100,1,0.004269323777407408
19,1100,2,0.004329031333327293
19,1100,3,0.002881418215110898
19,1100,4,0.003642596071586013
19,1100,5,0.002358079655095935
19,1100,6,0.001751957111991942
19,1100,7,0.000748594815377146
19,1100,8,0.0004069780698046088
19,1100,9,0.00025611562887206674
19,1100,10,0.00013681805285159498
19,1100,11,0.0
19,1200,0,0.004083084408193827
19,1200,1,0.0038197620306164026
19,1200,2,0.0039021431002765894
19,1200,3,0.002858488354831934
19,1200,4,0.0031051591504365206
19,1200,5,0.0022526467218995094
19,1200,6,0.0017772578867152333
19,1200,7,0.0007048724801279604
19,1200,8,0.00041829817928373814
19,1200,9,0.00024633356952108443
19,1200,10,0.00011684909259201959
19,1200,11,0.0
20,0,0,0.003886650549247861
20,0,1,0.0036477460525929928
20,0,2,0.0037067397497594357
20,0,3,0.0025980265345424414
20,0,4,0.0028360597789287567
20,0,5,0.0020543544087558985
20,0,6,0.0016962565714493394
20,0,7,0.000687529391143471
20,0,8,0.00037585434620268643
20,0,9,0.00023246357159223408
20,0,10,0.00012476216943468899
20,0,11,0.0
20,100,0,0.004005705006420612
20,100,1,0.0037913036067038774
20,100,2,0.003977201879024506
20,100,3,0.002585873706266284
20,100,4,0.003260432742536068
20,100,5,0.0022487749811261892
20,100,6,0.001690960256382823
20,100,7,0.0006873323582112789
20,100,8,0.0003478827711660415
20,100,9,0.000210444864933379
20,100,10,0.000126623926917091
20,100,11,0.0
20,200,0,0.004232529550790787
20,200,1,0.003953357692807913
20,200,2,0.0038641951978206635
20,200,3,0.0027641118504107
20,200,4,0.0031300056725740433
20,200,5,0.0022700168192386627
20,200,6,0.0019333543023094535
20,200,7,0.0007779628504067659
20,200,8,0.0004203880962450057
20,200,9,0.0002583998430054635
20,200,10,0.00012962431355845183
20,200,11,0.0
20,300,0,0.004002613481134176
20,300,1,0.0037759472616016865
20,300,2,0.003960466478019953
20,300,3,0.002925091190263629
20,300,4,0.0032721408642828465
20,300,5,0.0023477752692997456
20,300,6,0.0017359276534989476
20,300,7,0.0006944859633222222
20,300,8,0.0004118173092138022
20,300,9,0.00023670138034503907
20,300,10,0.00012129031529184431
20,300,11,0.0
20,400,0,0.0045729344710707664
20,400,1,0.004149268381297588
20,400,2,0.003983232658356428
20,400,3,0.002695421688258648
20,400,4,0.00305325910449028
20,400,5,0.0023502353578805923
20,400,6,0.0018592729466035962
20,400,7,0.0007689393823966384
20,400,8,0.0004577163781505078
20,400,9,0.0002556713006924838
20,400,10,0.00013408366066869348
20,400,11,0.0
20,500,0,0.00420399708673358
20,500,1,0.004031581804156303
20,500,2,0.0036683313082903624
20,500,3,0.002886794274672866
20,500,4,0.0031680609099566936
20,500,5,0.0023874244652688503
20,500,6,0.0018509700894355774
20,500,7,0.0007227203459478915
20,500,8,0.0004020662745460868
20,500,9,0.00025248798192478716
20,500,10,0.0001268868218176067
20,500,11,0.0
20,600,0,0.004063331987708807
20,600,1,0.0034488176461309195
20,600,2,0.0036985031329095364
20,600,3,0.00283210352063179
20,600,4,0.0029715627897530794
20,600,5,0.002090916968882084
20,600,6,0.0016330044018104672
20,600,7,0.000653745315503329
20,600,8,0.00040023750625550747
20,600,9,0.00022281546262092888
20,600,10,0.00012968607188668102
20,600,11,0.0
20,700,0,0.0040584104135632515
20,700,1,0.0034221564419567585
20,700,2,0.0036891335621476173
20,700,3,0.0026795112062245607
20,700,4,0.0030478693079203367
20,700,5,0.002194466767832637
20,700,6,0.0016125219408422709
20,700,7,0.0007017629104666412
20,700,8,0.00041190258343704045
20,700,9,0.00024257652694359422
20,700,10,0.00013486806710716337
20,700,11,0.0
20,800,0,0.004536200314760208
20,800,1,0.003962621092796326
20,800,2,0.004198721144348383
20,800,3,0.0028995934408158064
20,800,4,0.0031846249476075172
20,800,5,0.0022635620553046465
20,800,6,0.0018863659352064133
20,800,7,0.0007558700162917376
20,800,8,0.0004299549909774214
20,800,9,0.000253548874752596
20,800,10,0.00013990583829581738
20,800,11,0.0
20,900,0,0.00405703904107213
20,900,1,0.003973638638854027
20,900,2,0.004088876768946648
20,900,3,0.0025693089701235294
20,900,4,0.0033145234920084476
20,900,5,0.0023816670291125774
20,900,6,0.0018956977874040604
20,900,7,0.0007126150885596871
20,900,8,0.0004079741192981601
20,900,9,0.0002456656948197633
20,900,10,0.00014844538236502558
20,900,11,0.0
20,1000,0,0.004518065135926008
20,1000,1,0.0043927025981247425
20,1000,2,0.004300437401980162
20,1000,3,0.002782547613605857
20,1000,4,0.0033751539885997772
20,1000,5,0.00231093424372375
20,1000,6,0.0018588355742394924
20,1000,7,0.0006786871235817671
20,1000,8,0.0004198835522402078
20,1000,9,0.00023740119650028646
20,1000,10,0.00012154987780377269
20,1000,11,0.0
20,1100,0,0.0035943733528256416
20,1100,1,0.003592914203181863
20,1100,2,0.0036352784372866154
20,1100,3,0.002610207535326481
20,1100,4,0.0029292237013578415
20,1100,5,0.00209631584584713
20,1100,6,0.0017481130780652165
20,1100,7,0.0006964965141378343
20,1100,8,0.00036513942177407444
20,1100,9,0.00024361514078918844
20,1100,10,0.00011819432256743312
20,1100,11,0.0
20,1200,0,0.003524326952174306
20,1200,1,0.003510893089696765
20,1200,2,0.0038982185069471598
20,1200,3,0.0025693222414702177
20,1200,4,0.0028944984078407288
20,1200,5,0.0021259982604533434
20,1200,6,0.0017472391482442617
20,1200,7,0.0007118945359252393
20,1200,8,0.00038865022361278534
20,1200,9,0.00023410475114360452
20,1200,10,0.00011909643217222765
20,1200,11,0.0
21,0,0,0.004498535767197609
21,0,1,0.003788504283875227
21,0,2,0.004075529053807259
21,0,3,0.0027504756581038237
21,0,4,0.003013541456311941
21,0,5,0.0022406992502510548
21,0,6,0.001803909195587039
21,0,7,0.0006833596853539348
21,0,8,0.00041570168104954064
21,0,9,0.000245956500293687
21,0,10,0.00011783189256675541
21,0,11,0.0
21,100,0,0.004002399276942015
21,100,1,0.0035172475036233664
21,100,2,0.0036333249881863594
21,100,3,0.002586914459243417
21,100,4,0.002961385063827038
21,100,5,0.0021893722005188465
21,100,6,0.0016813910333439708
21,100,7,0.0007232116186060011
21,100,8,0.00038874437450431287
21,100,9,0.00024821708211675286
21,100,10,0.00012669381976593286
21,100,11,0.0
21,200,0,0.0049434928223490715
21,200,1,0.0038691540248692036
21,200,2,0.00426871795207262
21,200,3,0.0026919892989099026
21,200,4,0.0031144283711910248
21,200,5,0.0022364642936736345
21,200,6,0.0019185534911230206
21,200,7,0.0007618078961968422
21,200,8,0.0004031167190987617
21,200,9,0.0002539584820624441
21,200,10,0.0001326109195360914
21,200,11,0.0
21,300,0,0.004746272694319487
21,300,1,0.004054306540638208
21,300,2,0.003931897226721048
21,300,3,0.0028315417002886534
21,300,4,0.0030558474827557802
21,300,5,0.002234428422525525
21,300,6,0.0018885497702285647
21,300,7,0.0008613471873104572
21,300,8,0.0004382069455459714
21,300,9,0.00024665624368935823
21,300,10,0.0001252399815712124
21,300,11,0.0
21,400,0,0.005022021476179361
21,400,1,0.0038951849564909935
21,400,2,0.004157007671892643
21,400,3,0.0029280150774866343
21,400,4,0.003122801659628749
21,400,5,0.002296237275004387
21,400,6,0.0018335727509111166
21,400,7,0.0007479904452338815
21,400,8,0.00041069299913942814
21,400,9,0.00022080873895902187
21,400,10,0.00011919422831851989
21,400,11,0.0
21,500,0,0.0052068522199988365
21,500,1,0.004281428176909685
21,500,2,0.004227873869240284
21,500,3,0.0027973633259534836
21,500,4,0.003436492523178458
21,500,5,0.002341742627322674
21,500,6,0.001993271056562662
21,500,7,0.0007928278064355254
21,500,8,0.0004282444715499878
21,500,9,0.0002689732064027339
21,500,10,0.00012290157610550523
21,500,11,0.0
21,600,0,0.00485604302957654
21,600,1,0.004313559737056494
21,600,2,0.0041760774329304695
21,600,3,0.0029765835497528315
21,600,4,0.003262448823079467
21,600,5,0.0023025507107377052
21,600,6,0.0019002973567694426
21,600,7,0.0007882343488745391
21,600,8,0.0004139939555898309
21,600,9,0.00025022344198077917
21,600,10,0.0001232875802088529
21,600,11,0.0
21,700,0,0.005600294563919306
21,700,1,0.003938043490052223
21,700,2,0.004098971374332905
21,700,3,0.00294918823055923
21,700,4,0.0030531242955476046
21,700,5,0.002116127172484994
21,700,6,0.0018064702162519097
21,700,7,0.0007108432473614812
21,700,8,0.0004161037504673004
21,700,9,0.00023909802257549018
21,700,10,0.00012507119390647858
21,700,11,0.0
21,800,0,0.005199495702981949
21,800,1,0.004163443576544523
21,800,2,0.0041212900541722775
21,800,3,0.002720082877203822
21,800,4,0.0030535871628671885
21,800,5,0.002135986927896738
21,800,6,0.0017324313521385193
21,800,7,0.0007469795527867973
21,800,8,0.00042643124470487237
21,800,9,0.0002661929465830326
21,800,10,0.00013726546603720635
21,800,11,0.0
21,900,0,0.0038484998513013124
21,900,1,0.003454353427514434
21,900,2,0.0038088608998805285
21,900,3,0.0025865023490041494
21,900,4,0.0027753906324505806
21,900,5,0.0019762676674872637
21,900,6,0.0015723711112514138
21,900,7,0.0006495493580587208
21,900,8,0.00035335886059328914
21,900,9,0.00022396835265681148
21,900,10,0.0001190328985103406
21,900,11,0.0
21,1000,0,0.005038770381361246
21,1000,1,0.00388977094553411
21,1000,2,0.004069572780281305
21,1000,3,0.0029298102017492056
21,1000,4,0.0033903238363564014
21,1000,5,0.0023328703828155994
21,1000,6,0.0018977731233462691
21,1000,7,0.0008188131032511592
21,1000,8,0.0004313127137720585
21,1000,9,0.00025820982409641147
21,1000,10,0.00013321489677764475
21,1000,11,0.0
21,1100,0,0.004728543572127819
21,1100,1,0.00396896293386817
21,1100,2,0.003980429843068123
21,1100,3,0.0026322663761675358
21,1100,4,0.003006866667419672
21,1100,5,0.0021993517875671387
21,1100,6,0.0018089627847075462
21,1100,7,0.000737392867449671
21,1100,8,0.0003928180376533419
21,1100,9,0.00022108379926066846
21,1100,10,0.00012430973583832383
21,1100,11,0.0
21,1200,0,0.005152504425495863
21,1200,1,0.004185802303254604
21,1200,2,0.004020448308438063
21,1200,3,0.0027082888409495354
21,1200,4,0.003098877612501383
21,1200,5,0.0021452910732477903
21,1200,6,0.001623112941160798
21,1200,7,0.0007080939249135554
21,1200,8,0.00043052807450294495
21,1200,9,0.0002462306874804199
21,1200,10,0.00013881188351660967
21,1200,11,0.0
22,0,0,0.005471573676913977
22,0,1,0.004078218247741461
22,0,2,0.003980631940066814
22,0,3,0.0026957103982567787
22,0,4,0.0030186655931174755
22,0,5,0.002116978168487549
22,0,6,0.0016756944824010134
22,0,7,0.0007092549931257963
22,0,8,0.0004052545700687915
22,0,9,0.00024914657115004957
22,0,10,0.00012256240006536245
22,0,11,0.0
22,100,0,0.005220719613134861
22,100,1,0.0039274306036531925
22,100,2,0.004197883419692516
22,100,3,0.0027361128013581038
22,100,4,0.0031323826406151056
22,100,5,0.002068157307803631
22,100,6,0.0018452118383720517
22,100,7,0.000739142531529069
22,100,8,0.0004247111501172185
22,100,9,0.0002553219092078507
22,100,10,0.00013830367242917418
22,100,11,0.0
22,200,0,0.00483255460858345
22,200,1,0.0038939029909670353
22,200,2,0.0039070709608495235
22,200,3,0.00264181662350893
22,200,4,0.0029670833609998226
22,200,5,0.002022085478529334
22,200,6,0.0018278320785611868
22,200,7,0.0008106640307232738
22,200,8,0.0004200568073429167
22,200,9,0.0002385065599810332
22,200,10,0.00012874735693912953
22,200,11,0.0
22,300,0,0.005048954393714666
22,300,1,0.0038177459500730038
22,300,2,0.004046943970024586
22,300,3,0.002920645521953702
22,300,4,0.0030977025162428617
22,300,5,0.0021686996333301067
22,300,6,0.0018232628935948014
22,300,7,0.000699928030371666
22,300,8,0.0004144227132201195
22,300,9,0.00024037473485805094
22,300,10,0.00011681428441079333
22,300,11,0.0
22,400,0,0.0046942527405917645
22,400,1,0.0036366933491081
22,400,2,0.003872193628922105
22,400,3,0.0025802988093346357
22,400,4,0.002959417412057519
22,400,5,0.0021184503566473722
22,400,6,0.0017404333921149373
22,400,7,0.0007079270435497165
22,400,8,0.000358826044248417
22,400,9,0.00020841612422373146
22,400,10,0.00010563736577751115
22,400,11,0.0
22,500,0,0.005340110044926405
22,500,1,0.004089161287993193
22,500,2,0.004099815618246794
22,500,3,0.002946286229416728
22,500,4,0.003165249014273286
22,500,5,0.0022834481205791235
22,500,6,0.0018444869201630354
22,500,7,0.0008117441320791841
22,500,8,0.00040960274054668844
22,500,9,0.0002520107664167881
22,500,10,0.00011933614587178454
22,500,11,0.0
22,600,0,0.006365185137838125
22,600,1,0.004608831834048033
22,600,2,0.004833516199141741
22,600,3,0.0030511373188346624
22,600,4,0.0038093742914497852
22,600,5,0.002698261756449938
22,600,6,0.0020374224986881018
22,600,7,0.0008389182621613145
22,600,8,0.0004497546760831028
22,600,9,0.00030186414369381964
22,600,10,0.00016803416656330228
22,600,11,0.0
22,700,0,0.005222033709287643
22,700,1,0.003997107967734337
22,700,2,0.004456463269889355
22,700,3,0.0028529339469969273
22,700,4,0.003019003663212061
22,700,5,0.0024335216730833054
22,700,6,0.0018399734981358051
22,700,7,0.0008434531046077609
22,700,8,0.00040777536923997104
22,700,9,0.00024346206919290125
22,700,10,0.00012857324327342212
22,700,11,0.0
22,800,0,0.005637092981487513
22,800,1,0.004221482668071985
22,800,2,0.0043356455862522125
22,800,3,0.002954229013994336
22,800,4,0.0029860609211027622
22,800,5,0.0021006488241255283
22,800,6,0.0018970688106492162
22,800,7,0.0007892196881584823
22,800,8,0.0004514674365054816
22,800,9,0.0002696152951102704
22,800,10,0.00012536646681837738
22,800,11,0.0
22,900,0,0.0056421346962451935
22,900,1,0.0034574747551232576
22,900,2,0.004285859875380993
22,900,3,0.0027261890936642885
22,900,4,0.003000646596774459
22,900,5,0.0022543175145983696
22,900,6,0.0017241297755390406
22,900,7,0.0007553624454885721
22,900,8,0.0003996358427684754
22,900,9,0.0002459314709994942
22,900,10,0.00012877205153927207
22,900,11,0.0
22,1000,0,0.0064422390423715115
22,1000,1,0.004620926454663277
22,1000,2,0.004454576410353184
22,1000,3,0.003218886209651828
22,1000,4,0.0031854903791099787
22,1000,5,0.0022900530602782965
22,1000,6,0.0019982263911515474
22,1000,7,0.0008969234186224639
22,1000,8,0.0004420732147991657
22,1000,9,0.000268090603640303
22,1000,10,0.00014412983728107065
22,1000,11,0.0
22,1100,0,0.00562124140560627
22,1100,1,0.004081393126398325
22,1100,2,0.0040994249284267426
22,1100,3,0.0030023951549082994
22,1100,4,0.003319551469758153
22,1100,5,0.002345465589314699
22,1100,6,0.00185818737372756
22,1100,7,0.0008555273525416851
22,1100,8,0.0004387611406855285
22,1100,9,0.0002546013565734029
22,1100,10,0.00013727889745496213
22,1100,11,0.0
22,1200,0,0.005128617398440838
22,1200,1,0.003661567810922861
22,1200,2,0.0038365537766367197
22,1200,3,0.0026883790269494057
22,1200,4,0.002954622730612755
22,1200,5,0.002142533892765641
22,1200,6,0.0018738473299890757
22,1200,7,0.0008368830312974751
22,1200,8,0.0004007603565696627
22,1200,9,0.0002324816450709477
22,1200,10,0.00013573153410106897
22,1200,11,0.0
23,0,0,0.005990616511553526
23,0,1,0.004103482235223055
23,0,2,0.004584454465657473
23,0,3,0.0031356702093034983
23,0,4,0.003317057155072689
23,0,5,0.002299980027601123
23,0,6,0.0017338745528832078
23,0,7,0.0008392459712922573
23,0,8,0.00042731998837552965
23,0,9,0.00027180483448319137
23,0,10,0.00013824515917804092
23,0,11,0.0
23,100,0,0.005833840928971767
23,100,1,0.004182931501418352
23,100,2,0.004667685832828283
23,100,3,0.003010711632668972
23,100,4,0.003496099729090929
23,100,5,0.002385074971243739
23,100,6,0.001983101712539792
23,100,7,0.0008568973862566054
23,100,8,0.00043224854744039476
23,100,9,0.000265963317360729
23,100,10,0.00013377981667872518
23,100,11,0.0
23,200,0,0.005398778710514307
23,200,1,0.004351017996668816
23,200,2,0.004215766675770283
23,200,3,0.0030005378648638725
23,200,4,0.003142633708193898
23,200,5,0.0022421216126531363
23,200,6,0.0017887359717860818
23,200,7,0.000802542781457305
23,200,8,0.0004308599454816431
23,200,9,0.0002376480697421357
23,200,10,0.00012610167323146015
23,200,11,0.0
23,300,0,0.006646945606917143
23,300,1,0.004978103097528219
23,300,2,0.004544504452496767
23,300,3,0.003188221249729395
23,300,4,0.0034590563736855984
23,300,5,0.00252415519207716
23,300,6,0.0020209639333188534
23,300,7,0.000962289166636765
23,300,8,0.00044352872646413743
23,300,9,0.00028332084184512496
23,300,10,0.00015297481149900705
23,300,11,0.0
23,400,0,0.005857565440237522
23,400,1,0.004043780732899904
23,400,2,0.004087141714990139
23,400,3,0.0028495299629867077
23,400,4,0.0035275453701615334
23,400,5,0.002251958241686225
23,400,6,0.0021222697105258703
23,400,7,0.0008164289174601436
23,400,8,0.00043951053521595895
23,400,9,0.0002576241095084697
23,400,10,0.00014798037591390312
23,400,11,0.0
23,500,0,0.005995658226311207
23,500,1,0.004320885986089706
23,500,2,0.004370426293462515
23,500,3,0.0030085057951509953
23,500,4,0.0031628406140953302
23,500,5,0.0024377801455557346
23,500,6,0.0018536221468821168
23,500,7,0.0008204086334444582
23,500,8,0.0004207860038150102
23,500,9,0.0002536261745262891
23,500,10,0.00014828926941845566
23,500,11,0.0
23,600,0,0.006234909873455763
23,600,1,0.004061463754624128
23,600,2,0.004217324312776327
23,600,3,0.0029386638198047876
23,600,4,0.003273066133260727
23,600,5,0.0022521999198943377
23,600,6,0.001924819080159068
23,600,7,0.0008296308224089444
23,600,8,0.00041821025661192834
23,600,9,0.00026412730221636593
23,600,10,0.00015738466754555702
23,600,11,0.0
23,700,0,0.005651095416396856
23,700,1,0.0039526838809251785
23,700,2,0.0042154863476753235
23,700,3,0.002751752035692334
23,700,4,0.0031489941757172346
23,700,5,0.00215823482722044
23,700,6,0.001894666813313961
23,700,7,0.0007935937610454857
23,700,8,0.0004045552632305771
23,700,9,0.00024565093917772174
23,700,10,0.00012958372826687992
23,700,11,0.0
23,800,0,0.005253269802778959
23,800,1,0.0038299565203487873
23,800,2,0.003823351813480258
23,800,3,0.0027239120099693537
23,800,4,0.00270017609000206
23,800,5,0.0019341122824698687
23,800,6,0.001709495671093464
23,800,7,0.0007173260091803968
23,800,8,0.00038639010745100677
23,800,9,0.00022738332336302847
23,800,10,0.00011714312131516635
23,800,11,0.0
23,900,0,0.00588998943567276
23,900,1,0.003948748577386141
23,900,2,0.004589573945850134
23,900,3,0.002835261169821024
23,900,4,0.00326151424087584
23,900,5,0.0023279462475329638
23,900,6,0.0017980493139475584
23,900,7,0.000838089850731194
23,900,8,0.0004191315092612058
23,900,9,0.00025155552430078387
23,900,10,0.00016228805179707706
23,900,11,0.0
23,1000,0,0.006564396433532238
23,1000,1,0.004008488729596138
23,1000,2,0.004843081813305616
23,1000,3,0.0032751010730862617
23,1000,4,0.00344487396068871
23,1000,5,0.002341634128242731
23,1000,6,0.001919635571539402
23,1000,7,0.0008382094674743712
23,1000,8,0.00046710320748388767
23,1000,9,0.00028172394377179444
23,1000,10,0.00013185004354454577
23,1000,11,0.0
23,1100,0,0.006643109489232302
23,1100,1,0.004564954899251461
23,1100,2,0.0044942270033061504
23,1100,3,0.0030926538165658712
23,1100,4,0.003297422779724002
23,1100,5,0.002426886698231101
23,1100,6,0.001895015244372189
23,1100,7,0.0008152272785082459
23,1100,8,0.00044557597720995545
23,1100,9,0.00026574425282888114
23,1100,10,0.00013371522072702646
23,1100,11,0.0
23,1200,0,0.007392320781946182
23,1200,1,0.0043157241307199
23,1200,2,0.004529241472482681
23,1200,3,0.0030576365534216166
23,1200,4,0.00324523588642478
23,1200,5,0.0026402929797768593
23,1200,6,0.002036011079326272
23,1200,7,0.0008932316559366882
23,1200,8,0.00044282080489210784
23,1200,9,0.0002655426796991378
23,1200,10,0.00014040064706932753
23,1200,11,0.0
24,0,0,0.006514843553304672
24,0,1,0.004386707209050655
24,0,2,0.004894342739135027
24,0,3,0.002938411198556423
24,0,4,0.003384151728823781
24,0,5,0.002415170893073082
24,0,6,0.002028066199272871
24,0,7,0.0009047522326000035
24,0,8,0.0004925047978758812
24,0,9,0.0002596475533209741
24,0,10,0.00014007613935973495
24,0,11,0.0
24,100,0,0.006079840008169413
24,100,1,0.003951955586671829
24,100,2,0.004215802066028118
24,100,3,0.0029783546924591064
24,100,4,0.0031565886456519365
24,100,5,0.00239373417571187
24,100,6,0.0018214102601632476
24,100,7,0.0008192501845769584
24,100,8,0.0004373441624920815
24,100,9,0.0002334719174541533
24,100,10,0.00013775935804005712
24,100,11,0.0
24,200,0,0.006686884444206953
24,200,1,0.0041982438415288925
24,200,2,0.004627981223165989
24,200,3,0.0031447301153093576
24,200,4,0.0032680484000593424
24,200,5,0.002454906702041626
24,200,6,0.0018652552971616387
24,200,7,0.0009605709346942604
24,200,8,0.00047042162623256445
24,200,9,0.0002835152263287455
24,200,10,0.0001432153512723744
24,200,11,0.0
24,300,0,0.006958120036870241
24,300,1,0.004383187275379896
24,300,2,0.004825902171432972
24,300,3,0.0032294271513819695
24,300,4,0.0035267190542072058
24,300,5,0.0024340490344911814
24,300,6,0.002054268727079034
24,300,7,0.000880381790921092
24,300,8,0.0004969523870386183
24,300,9,0.0002809993166010827
24,300,10,0.00015523872571066022
24,300,11,0.0
24,400,0,0.006328665651381016
24,400,1,0.004303898196667433
24,400,2,0.004435175098478794
24,400,3,0.00275303702801466
24,400,4,0.0031337456312030554
24,400,5,0.0022431344259530306
24,400,6,0.0017724520293995738
24,400,7,0.0008144086459651589
24,400,8,0.0004445945960469544
24,400,9,0.00024608662351965904
24,400,10,0.00012853600492235273
24,400,11,0.0
24,500,0,0.005502341780811548
24,500,1,0.003933494910597801
24,500,2,0.004450442269444466
24,500,3,0.0029477549251168966
24,500,4,0.002888308372348547
24,500,5,0.002212240593507886
24,500,6,0.0018487138440832496
24,500,7,0.0008811982115730643
24,500,8,0.0004472043947316706
24,500,9,0.00025121730868704617
24,500,10,0.00013206432049628347
24,500,11,0.0
24,600,0,0.006570910569280386
24,600,1,0.003985992632806301
24,600,2,0.004520752467215061
24,600,3,0.003377989400178194
24,600,4,0.0033605480566620827
24,600,5,0.002407339634373784
24,600,6,0.0021312739700078964
24,600,7,0.0009948102524504066
24,600,8,0.000489869446028024
24,600,9,0.0002827769494615495
24,600,10,0.00015837015234865248
24,600,11,0.0
24,700,0,0.007017273455858231
24,700,1,0.004327774979174137
24,700,2,0.004284553229808807
24,700,3,0.003071337705478072
24,700,4,0.0033403029665350914
24,700,5,0.002356654731556773
24,700,6,0.0018730818992480636
24,700,7,0.0009440531139262021
24,700,8,0.0004419179749675095
24,700,9,0.0002539497218094766
24,700,10,0.0001230107736773789
24,700,11,0.0
24,800,0,0.007366519421339035
24,800,1,0.004157365765422583
24,800,2,0.00470399484038353
24,800,3,0.0032005817629396915
24,800,4,0.0032625077292323112
24,800,5,0.0022482345812022686
24,800,6,0.001863778568804264
24,800,7,0.0008974096272140741
24,800,8,0.00043034800910390913
24,800,9,0.0002709186519496143
24,800,10,0.00014618545537814498
24,800,11,0.0
24,900,0,0.006796733941882849
24,900,1,0.0042955102398991585
24,900,2,0.004332329146564007
24,900,3,0.0029740987811237574
24,900,4,0.0032653771340847015
24,900,5,0.0023482078686356544
24,900,6,0.0017831975128501654
24,900,7,0.0008301892667077482
24,900,8,0.00042118621058762074
24,900,9,0.00026760585024021566
24,900,10,0.00013980257790535688
24,900,11,0.0
24,1000,0,0.0069590467028319836
24,1000,1,0.004600300453603268
24,1000,2,0.004913438111543655
24,1000,3,0.003383754286915064
24,1000,4,0.0036484163720160723
24,1000,5,0.0025399145670235157
24,1000,6,0.0020882156677544117
24,1000,7,0.0009953944245353341
24,1000,8,0.0004965179250575602
24,1000,9,0.0002933102659881115
24,1000,10,0.00016019385657273233
24,1000,11,0.0
24,1100,0,0.006635767407715321
24,1100,1,0.00464298389852047
24,1100,2,0.004615833517163992
24,1100,3,0.0030762350652366877
24,1100,4,0.003247622400522232
24,1100,5,0.0022930968552827835
24,1100,6,0.0018890455830842257
24,1100,7,0.0009059522417373955
24,1100,8,0.0004317176644690335
24,1100,9,0.00029474450275301933
24,1100,10,0.0001361034665023908
24,1100,11,0.0
24,1200,0,0.006847977172583342
24,1200,1,0.004615634214133024
24,1200,2,0.004617002792656422
24,1200,3,0.0033103092573583126
24,1200,4,0.0030914517119526863
24,1200,5,0.0023742401972413063
24,1200,6,0.0019577450584620237
24,1200,7,0.0009803016437217593
24,1200,8,0.0004392937116790563
24,1200,9,0.0002606153138913214
24,1200,10,0.0001365713105769828
24,1200,11,0.0
25,0,0,0.0071676126681268215
25,0,1,0.004510054364800453
25,0,2,0.004600285552442074
25,0,3,0.003143367823213339
25,0,4,0.0035205648746341467
25,0,5,0.0025766976177692413
25,0,6,0.002045869128778577
25,0,7,0.0009859090205281973
25,0,8,0.000441698357462883
25,0,9,0.0002709109685383737
25,0,10,0.0001441527419956401
25,0,11,0.0
25,100,0,0.006701027974486351
25,100,1,0.003996111452579498
25,100,2,0.004431446548551321
25,100,3,0.002940055914223194
25,100,4,0.0030048631597310305
25,100,5,0.0023406613618135452
25,100,6,0.0017468492733314633
25,100,7,0.0008342686342075467
25,100,8,0.00039738963823765516
25,100,9,0.0002723044017329812
25,100,10,0.00014072230260353535
25,100,11,0.0
25,200,0,0.007044091355055571
25,200,1,0.0043334136717021465
25,200,2,0.004725515842437744
25,200,3,0.003159639425575733
25,200,4,0.0032280096784234047
25,200,5,0.0024971310049295425
25,200,6,0.002057414036244154
25,200,7,0.0008545267046429217
25,200,8,0.0004765600024256855
25,200,9,0.00027463602600619197
25,200,10,0.00016072568541858345
25,200,11,0.0
25,300,0,0.007860283367335796
25,300,1,0.004396243020892143
25,300,2,0.004956070799380541
25,300,3,0.003344080178067088
25,300,4,0.003546979743987322
25,300,5,0.0022157388739287853
25,300,6,0.0018694495083764195
25,300,7,0.0008429383742623031
25,300,8,0.0004420243785716593
25,300,9,0.0003009539213962853
25,300,10,0.00015059171710163355
25,300,11,0.0
25,400,0,0.006994545925408602
25,400,1,0.004592836834490299
25,400,2,0.004995275754481554
25,400,3,0.0032950639724731445
25,400,4,0.003514317562803626
25,400,5,0.0025909116957336664
25,400,6,0.002135983668267727
25,400,7,0.0009912630775943398
25,400,8,0.000497875502333045
25,400,9,0.0003036630223505199
25,400,10,0.00014874484622851014
25,400,11,0.0
25,500,0,0.0072148940525949
25,500,1,0.0042329332791268826
25,500,2,0.004751323722302914
25,500,3,0.003160060616210103
25,500,4,0.002964792074635625
25,500,5,0.0023178241681307554
25,500,6,0.0020344071090221405
25,500,7,0.000942220794968307
25,500,8,0.0004419301694724709
25,500,9,0.0002834991901181638
25,500,10,0.00014517005183734
25,500,11,0.0
25,600,0,0.007253166288137436
25,600,1,0.00403154082596302
25,600,2,0.004683470819145441
25,600,3,0.0030147035140544176
25,600,4,0.003262833459302783
25,600,5,0.002373401541262865
25,600,6,0.0020061261020600796
25,600,7,0.0009642834193073213
25,600,8,0.0004688746703322977
25,600,9,0.00028783438028767705
25,600,10,0.0001502146478742361
25,600,11,0.0
25,700,0,0.007463389076292515
25,700,1,0.004700278863310814
25,700,2,0.004742179065942764
25,700,3,0.002989536616951227
25,700,4,0.0032596969977021217
25,700,5,0.0022512765135616064
25,700,6,0.0018165309447795153
25,700,7,0.0010033776052296162
25,700,8,0.00048374198377132416
25,700,9,0.00026211829390376806
25,700,10,0.00012926118506584316
25,700,11,0.0
25,800,0,0.008321200497448444
25,800,1,0.00433824397623539
25,800,2,0.0048936535604298115
25,800,3,0.0034445165656507015
25,800,4,0.0033292975276708603
25,800,5,0.0024587910156697035
25,800,6,0.0019962843507528305
25,800,7,0.0010060204658657312
25,800,8,0.0004831999831367284
25,800,9,0.0002870807657018304
25,800,10,0.00014244714111555368
25,800,11,0.0
25,900,0,0.007361162453889847
25,900,1,0.004101721104234457
25,900,2,0.004616107791662216
25,900,3,0.0031577046029269695
25,900,4,0.003284758422523737
25,900,5,0.0023547105956822634
25,900,6,0.0018328828737139702
25,900,7,0.0008950650808401406
25,900,8,0.00041900822543539107
25,900,9,0.0002576115366537124
25,900,10,0.00012731549213640392
25,900,11,0.0
25,1000,0,0.007268355693668127
25,1000,1,0.003926840145140886
25,1000,2,0.004643344320356846
25,1000,3,0.002790591446682811
25,1000,4,0.00301605137065053
25,1000,5,0.0022866609506309032
25,1000,6,0.001932546030730009
25,1000,7,0.000853942590765655
25,1000,8,0.00042056551319547
25,1000,9,0.0002520534035284072
25,1000,10,0.0001369851379422471
25,1000,11,0.0
25,1100,0,0.007405179087072611
25,1100,1,0.004106726031750441
25,1100,2,0.00447735283523798
25,1100,3,0.00279442616738379
25,1100,4,0.0029806406237185
25,1100,5,0.0022153134923428297
25,1100,6,0.0019294783705845475
25,1100,7,0.0009199820342473686
25,1100,8,0.000422128097852692
25,1100,9,0.0002841237874235958
25,1100,10,0.00013068545376881957
25,1100,11,0.0
25,1200,0,0.0063371239230036736
25,1200,1,0.0035924091935157776
25,1200,2,0.0045382496900856495
25,1200,3,0.0030506434850394726
25,1200,4,0.0030089193023741245
25,1200,5,0.0021620874758809805
25,1200,6,0.0018442370928823948
25,1200,7,0.0009397484827786684
25,1200,8,0.00042705339728854597
25,1200,9,0.00026902445824816823
25,1200,10,0.00013379924348555505
25,1200,11,0.0
26,0,0,0.0076582846231758595
26,0,1,0.004794512875378132
26,0,2,0.004893220029771328
26,0,3,0.0033970780204981565
26,0,4,0.0034952391870319843
26,0,5,0.0025103790685534477
26,0,6,0.002138804877176881
26,0,7,0.000963379570748657
26,0,8,0.000471609178930521
26,0,9,0.0002756011381279677
26,0,10,0.00014159960846882313
26,0,11,0.0
26,100,0,0.006519469432532787
26,100,1,0.0038054930046200752
26,100,2,0.004521596245467663
26,100,3,0.002975702518597245
26,100,4,0.003025967627763748
26,100,5,0.002166124526411295
26,100,6,0.001830046414397657
26,100,7,0.0009551184484735131
26,100,8,0.00042981645674444735
26,100,9,0.00026308090309612453
26,100,10,0.0001172410266008228
26,100,11,0.0
26,200,0,0.006784731987863779
26,200,1,0.004066932946443558
26,200,2,0.004736288450658321
26,200,3,0.003053683089092374
26,200,4,0.003084700321778655
26,200,5,0.0022757973056286573
26,200,6,0.0019390337402001023
26,200,7,0.0008829462458379567
26,200,8,0.00041054270695894957
26,200,9,0.00026210540090687573
26,200,10,0.00012829486513510346
26,200,11,0.0
26,300,0,0.007230413146317005
26,300,1,0.0046655843034386635
26,300,2,0.00498286634683609
26,300,3,0.003410489298403263
26,300,4,0.003371943486854434
26,300,5,0.002526084426790476
26,300,6,0.0020844123791903257
26,300,7,0.0009588433313183486
26,300,8,0.0005032481858506799
26,300,9,0.0002676356234587729
26,300,10,0.00015613099094480276
26,300,11,0.0
26,400,0,0.008112111128866673
26,400,1,0.00435981247574091
26,400,2,0.005089318845421076
26,400,3,0.003343465505167842
26,400,4,0.0034649937879294157
26,400,5,0.0026261687744408846
26,400,6,0.0021059634163975716
26,400,7,0.0010020217159762979
26,400,8,0.0005210404633544385
26,400,9,0.00029918120708316565
26,400,10,0.00017221178859472275
26,400,11,0.0
26,500,0,0.007364530581980944
26,500,1,0.003962492570281029
26,500,2,0.004577656742185354
26,500,3,0.0029578169342130423
26,500,4,0.00307214236818254
26,500,5,0.002251888159662485
26,500,6,0.001923882868140936
26,500,7,0.0008855214109644294
26,500,8,0.0004094044561497867
26,500,9,0.0002621070307213813
26,500,10,0.00013219058746472
26,500,11,0.0
26,600,0,0.008426163345575333
26,600,1,0.005113988183438778
26,600,2,0.0054526561871171
26,600,3,0.003584717633202672
26,600,4,0.0036626975052058697
26,600,5,0.0025960037019103765
26,600,6,0.0020738437306135893
26,600,7,0.0010525495745241642
26,600,8,0.0004930244176648557
26,600,9,0.00027738488279283047
26,600,10,0.0001350765087408945
26,600,11,0.0
26,700,0,0.008108417503535748
26,700,1,0.004499082453548908
26,700,2,0.004937955178320408
26,700,3,0.0033961173612624407
26,700,4,0.0032854031305760145
26,700,5,0.0022817784920334816
26,700,6,0.001928798039443791
26,700,7,0.0009354775538668036
26,700,8,0.0004844682989642024
26,700,9,0.0003020698204636574
26,700,10,0.00013990761362947524
26,700,11,0.0
26,800,0,0.007184202782809734
26,800,1,0.003952400293201208
26,800,2,0.004671778995543718
26,800,3,0.0030653122812509537
26,800,4,0.0031834286637604237
26,800,5,0.0021353522315621376
26,800,6,0.0017958753742277622
26,800,7,0.000925328757148236
26,800,8,0.00044943715329281986
26,800,9,0.0002735604648478329
26,800,10,0.0001363029732601717
26,800,11,0.0
26,900,0,0.006890022195875645
26,900,1,0.00466898875311017
26,900,2,0.00480047520250082
26,900,3,0.0033943597227334976
26,900,4,0.0030418147798627615
26,900,5,0.0021348849404603243
26,900,6,0.001895901863463223
26,900,7,0.0009218077175319195
26,900,8,0.0004686943138949573
26,900,9,0.0002373060560785234
26,900,10,0.0001339913869742304
26,900,11,0.0
26,1000,0,0.0083444369956851
26,1000,1,0.004380485974252224
26,1000,2,0.004831950645893812
26,1000,3,0.003220383543521166
26,1000,4,0.0033226097002625465
26,1000,5,0.0024190214462578297
26,1000,6,0.0020280107855796814
26,1000,7,0.0010303172748535872
26,1000,8,0.00048693097778595984
26,1000,9,0.00025764343445189297
26,1000,10,0.00013782561291009188
26,1000,11,0.0
26,1100,0,0.007359573617577553
26,1100,1,0.004018567968159914
26,1100,2,0.004685400053858757
26,1100,3,0.0032026099506765604
26,1100,4,0.0031027670484036207
26,1100,5,0.002398452255874872
26,1100,6,0.0019826528150588274
26,1100,7,0.0009009731584228575
26,1100,8,0.00044650633935816586
26,1100,9,0.0002608981158118695
26,1100,10,0.00012548090307973325
26,1100,11,0.0
26,1200,0,0.007177924737334251
26,1200,1,0.0044552418403327465
26,1200,2,0.004793422296643257
26,1200,3,0.0029634512029588223
26,1200,4,0.0030865075532346964
26,1200,5,0.0021677168551832438
26,1200,6,0.0018544630147516727
26,1200,7,0.0009180177003145218
26,1200,8,0.0004431636189110577
26,1200,9,0.00024283489619847387
26,1200,10,0.00013847432273905724
26,1200,11,0.0
27,0,0,0.0069505893625319
27,0,1,0.004152521025389433
27,0,2,0.004351394716650248
27,0,3,0.002907081274315715
27,0,4,0.0030616626609116793
27,0,5,0.002104833722114563
27,0,6,0.0018554439302533865
27,0,7,0.0009263675892725587
27,0,8,0.0004352948453743011
27,0,9,0.0002752208383753896
27,0,10,0.00013001369370613247
27,0,11,0.0
27,100,0,0.007552488707005978
27,100,1,0.0039895703084766865
27,100,2,0.004811880178749561
27,100,3,0.0030668345279991627
27,100,4,0.0031628755386918783
27,100,5,0.002317143836989999
27,100,6,0.0019292646320536733
27,100,7,0.0009017235715873539
27,100,8,0.0004544562252704054
27,100,9,0.0002510324993636459
27,100,10,0.00013608753215521574
27,100,11,0.0
27,200,0,0.00787909422069788
27,200,1,0.0041606975719332695
27,200,2,0.004971818067133427
27,200,3,0.0032139052636921406
27,200,4,0.002893423894420266
27,200,5,0.0023167156614363194
27,200,6,0.0019104433013126254
27,200,7,0.0009375654626637697
27,200,8,0.000429201201768592
27,200,9,0.0002612554526422173
27,200,10,0.00014798188931308687
27,200,11,0.0
27,300,0,0.007959824986755848
27,300,1,0.003958165645599365
27,300,2,0.004955597221851349
27,300,3,0.0031300936825573444
27,300,4,0.0033870707266032696
27,300,5,0.002306619193404913
27,300,6,0.0020814319141209126
27,300,7,0.0009841988794505596
27,300,8,0.0004841513291466981
27,300,9,0.00025910083786584437
27,300,10,0.00016394963313359767
27,300,11,0.0
27,400,0,0.007909188978374004
27,400,1,0.004946478176862001
27,400,2,0.00481124734506011
27,400,3,0.0031921800691634417
27,400,4,0.003116282168775797
27,400,5,0.0022410438396036625
27,400,6,0.0019634696654975414
27,400,7,0.0009716200875118375
27,400,8,0.00046805129386484623
27,400,9,0.00033811453613452613
27,400,10,0.00014929774624761194
27,400,11,0.0
27,500,0,0.008324576541781425
27,500,1,0.004712054971605539
27,500,2,0.005033318419009447
27,500,3,0.0035814724396914244
27,500,4,0.003281492507085204
27,500,5,0.0023330789990723133
27,500,6,0.002047664485871792
27,500,7,0.0009700126247480512
27,500,8,0.00045949083869345486
27,500,9,0.0002781410585157573
27,500,10,0.00013616906653624028
27,500,11,0.0
27,600,0,0.007463277783244848
27,600,1,0.004006551578640938
27,600,2,0.0050546638667583466
27,600,3,0.0030711577273905277
27,600,4,0.0032146514859050512
27,600,5,0.002408391796052456
27,600,6,0.001947471871972084
27,600,7,0.0009587653912603855
27,600,8,0.00046978582395240664
27,600,9,0.0002660752506926656
27,600,10,0.00014482272672466934
27,600,11,0.0
27,700,0,0.008151674643158913
27,700,1,0.004326192662119865
27,700,2,0.004997008480131626
27,700,3,0.0032669762149453163
27,700,4,0.0031993950251489878
27,700,5,0.0025334444362670183
27,700,6,0.002031927229836583
27,700,7,0.0009444095194339752
27,700,8,0.00044884879025630653
27,700,9,0.0002718917094171047
27,700,10,0.00013310117356013507
27,700,11,0.0
27,800,0,0.008451239205896854
27,800,1,0.00394642585888505
27,800,2,0.004609488416463137
27,800,3,0.0032411047723144293
27,800,4,0.0031653326004743576
27,800,5,0.002294996054843068
27,800,6,0.001892827800475061
27,800,7,0.0009591737180016935
27,800,8,0.00045425037387758493
27,800,9,0.0002782155352178961
27,800,10,0.0001308707578573376
27,800,11,0.0
27,900,0,0.00799168273806572
27,900,1,0.004041061270982027
27,900,2,0.0046798414550721645
27,900,3,0.003016506787389517
27,900,4,0.0028731604106724262
27,900,5,0.002191388513892889
27,900,6,0.0019405706552788615
27,900,7,0.0009386499878019094
27,900,8,0.0004537974309641868
27,900,9,0.0002565848408266902
27,900,10,0.00012627377873286605
27,900,11,0.0
27,1000,0,0.0084577277302742
27,1000,1,0.0046854689717292786
27,1000,2,0.00462073739618063
27,1000,3,0.003130763303488493
27,1000,4,0.003195354016497731
27,1000,5,0.00242398283444345
27,1000,6,0.0019302275031805038
27,1000,7,0.0008900880347937346
27,1000,8,0.0004581255780067295
27,1000,9,0.0002693100250326097
27,1000,10,0.0001253439550055191
27,1000,11,0.0
27,1100,0,0.008020778186619282
27,1100,1,0.004688394721597433
27,1100,2,0.0048614609986543655
27,1100,3,0.003426654962822795
27,1100,4,0.0031996003817766905
27,1100,5,0.0023938361555337906
27,1100,6,0.0019293833756819367
27,1100,7,0.000948079046793282
27,1100,8,0.0004341233288869262
27,1100,9,0.0002655555435921997
27,1100,10,0.00013142701936885715
27,1100,11,0.0
27,1200,0,0.007539993152022362
27,1200,1,0.004065963439643383
27,1200,2,0.0044819968752563
27,1200,3,0.0028832091484218836
27,1200,4,0.003044678131118417
27,1200,5,0.00211438350379467
27,1200,6,0.001935858279466629
27,1200,7,0.000933925446588546
27,1200,8,0.00046306668082252145
27,1200,9,0.00025575156905688345
27,1200,10,0.00011585264292079955
27,1200,11,0.0
28,0,0,0.008565324358642101
28,0,1,0.004511664155870676
28,0,2,0.005367424804717302
28,0,3,0.003142422065138817
28,0,4,0.0034751847852021456
28,0,5,0.002580698113888502
28,0,6,0.002060509752482176
28,0,7,0.0011099998373538256
28,0,8,0.0005408007418736815
28,0,9,0.000282328634057194
28,0,10,0.00016685164882801473
28,0,11,0.0
28,100,0,0.008665386587381363
28,100,1,0.004282480105757713
28,100,2,0.005297473631799221
28,100,3,0.003467871807515621
28,100,4,0.0034701721742749214
28,100,5,0.0025080915074795485
28,100,6,0.0019948636181652546
28,100,7,0.0009943324839696288
28,100,8,0.00047528918366879225
28,100,9,0.00026518417871557176
28,100,10,0.00016562690143473446
28,100,11,0.0
28,200,0,0.008191367611289024
28,200,1,0.004478407092392445
28,200,2,0.005210331175476313
28,200,3,0.00327640725299716
28,200,4,0.0033335527405142784
28,200,5,0.0026527498848736286
28,200,6,0.0020169299095869064
28,200,7,0.0011190854711458087
28,200,8,0.0004866297822445631
28,200,9,0.00029398483457043767
28,200,10,0.00014116398233454674
28,200,11,0.0
28,300,0,0.009081725031137466
28,300,1,0.004587795585393906
28,300,2,0.0049611409194767475
28,300,3,0.0033709299750626087
28,300,4,0.0031766609754413366
28,300,5,0.002228454453870654
28,300,6,0.0019388460787013173
28,300,7,0.0009303371189162135
28,300,8,0.00045470648910850286
28,300,9,0.000265055859927088
28,300,10,0.0001478103076806292
28,300,11,0.0
28,400,0,0.00865620281547308
28,400,1,0.004364210646599531
28,400,2,0.004706086590886116
28,400,3,0.002965318039059639
28,400,4,0.003172951517626643
28,400,5,0.0022217778023332357
28,400,6,0.002043844433501363
28,400,7,0.0009479541913606226
28,400,8,0.00042031894554384053
28,400,9,0.0002502713177818805
28,400,10,0.0001262696459889412
28,400,11,0.0
28,500,0,0.00858338363468647
28,500,1,0.0041610850021243095
28,500,2,0.004644870758056641
28,500,3,0.0031323188450187445
28,500,4,0.0029179994016885757
28,500,5,0.0022868351079523563
28,500,6,0.001938009518198669
28,500,7,0.0009399385889992118
28,500,8,0.00046008333447389305
28,500,9,0.00026172370417043567
28,500,10,0.00013946536637376994
28,500,11,0.0
28,600,0,0.009154075756669044
28,600,1,0.004759663715958595
28,600,2,0.004909489769488573
28,600,3,0.0033755735494196415
28,600,4,0.003445375943556428
28,600,5,0.0026996794622391462
28,600,6,0.0019906789530068636
28,600,7,0.0010250414488837123
28,600,8,0.0004859991604462266
28,600,9,0.0002826465934049338
28,600,10,0.00014230851957108825
28,600,11,0.0
28,700,0,0.008456767536699772
28,700,1,0.0046157799661159515
28,700,2,0.004722318146377802
28,700,3,0.003142427885904908
28,700,4,0.0033894190564751625
28,700,5,0.0023238640278577805
28,700,6,0.0021625699009746313
28,700,7,0.0010949120623990893
28,700,8,0.0005379948997870088
28,700,9,0.00029313957202248275
28,700,10,0.00012931524543091655
28,700,11,0.0
28,800,0,0.00832972303032875
28,800,1,0.004299018532037735
28,800,2,0.004838826600462198
28,800,3,0.003179526189342141
28,800,4,0.0030650317203253508
28,800,5,0.0024013351649045944
28,800,6,0.002001008950173855
28,800,7,0.0008882812107913196
28,800,8,0.00043525840737856925
28,800,9,0.00024420235422439873
28,800,10,0.00012833466462325305
28,800,11,0.0
28,900,0,0.008012689650058746
28,900,1,0.004494792781770229
28,900,2,0.004705001134425402
28,900,3,0.003269400680437684
28,900,4,0.0030382226686924696
28,900,5,0.0022226395085453987
28,900,6,0.001997864805161953
28,900,7,0.0009941636817529798
28,900,8,0.0004893968580290675
28,900,9,0.0002649076050147414
28,900,10,0.0001468006958020851
28,900,11,0.0
28,1000,0,0.008438074961304665
28,1000,1,0.004272896330803633
28,1000,2,0.004825746640563011
28,1000,3,0.0032056428026407957
28,1000,4,0.00289180688560009
28,1000,5,0.002213372616097331
28,1000,6,0.0018902760930359364
28,1000,7,0.0009050080552697182
28,1000,8,0.0004583577683661133
28,1000,9,0.00026473411708138883
28,1000,10,0.00014251504035200924
28,1000,11,0.0
28,1100,0,0.007509311661124229
28,1100,1,0.004125495441257954
28,1100,2,0.004818599205464125
28,1100,3,0.0030677535105496645
28,1100,4,0.002890083473175764
28,1100,5,0.0023143813014030457
28,1100,6,0.0018781881080940366
28,1100,7,0.0010291365906596184
28,1100,8,0.0004465938254725188
28,1100,9,0.00024268464767374098
28,1100,10,0.0001352918625343591
28,1100,11,0.0
28,1200,0,0.007674423512071371
28,1200,1,0.004165254533290863
28,1200,2,0.004585950169712305
28,1200,3,0.0029469369910657406
28,1200,4,0.0029451949521899223
28,1200,5,0.0022445502690970898
28,1200,6,0.0018900725990533829
28,1200,7,0.0009743343689478934
28,1200,8,0.0004212695057503879
28,1200,9,0.0002674270945135504
28,1200,10,0.0001448267139494419
28,1200,11,0.0
29,0,0,0.008657398633658886
29,0,1,0.0044153002090752125
29,0,2,0.00528748519718647
29,0,3,0.003490450792014599
29,0,4,0.0034439987502992153
29,0,5,0.002514278283342719
29,0,6,0.0020203127060085535
29,0,7,0.0010174839990213513
29,0,8,0.0004524258547462523
29,0,9,0.0002725076919887215
29,0,10,0.00013574962213169783
29,0,11,0.0
29,100,0,0.008448644541203976
29,100,1,0.0038504914846271276
29,100,2,0.005016898736357689
29,100,3,0.003297971561551094
29,100,4,0.003269940847530961
29,100,5,0.0023511804174631834
29,100,6,0.002016577171161771
29,100,7,0.0010080750798806548
29,100,8,0.0004926238907501101
29,100,9,0.00027027350733987987
29,100,10,0.00015670926950406283
29,100,11,0.0
29,200,0,0.00784036424010992
29,200,1,0.004448861349374056
29,200,2,0.004833062179386616
29,200,3,0.0031078574247658253
29,200,4,0.003167023416608572
29,200,5,0.0022769959177821875
29,200,6,0.0019871860276907682
29,200,7,0.0009288361179642379
29,200,8,0.0004347883223090321
29,200,9,0.0002628960064612329
29,200,10,0.00013999971270095557
29,200,11,0.0
29,300,0,0.008814527653157711
29,300,1,0.004175352863967419
29,300,2,0.004978721961379051
29,300,3,0.003163058077916503
29,300,4,0.0030687206890434027
29,300,5,0.0026274926494807005
29,300,6,0.0020195567049086094
29,300,7,0.0009923081379383802
29,300,8,0.00044078301289118826
29,300,9,0.0002829362638294697
29,300,10,0.00012476550182327628
29,300,11,0.0
29,400,0,0.008762565441429615
29,400,1,0.00457934383302927
29,400,2,0.005036124028265476
29,400,3,0.0032111171167343855
29,400,4,0.003166868118569255
29,400,5,0.0026254719123244286
29,400,6,0.0022668177261948586
29,400,7,0.001034272601827979
29,400,8,0.0004883914953097701
29,400,9,0.00026554090436547995
29,400,10,0.00015458928828593343
29,400,11,0.0
29,500,0,0.00979931652545929
29,500,1,0.004533079452812672
29,500,2,0.0053509860299527645
29,500,3,0.0032878590282052755
29,500,4,0.003349841106683016
29,500,5,0.002538008149713278
29,500,6,0.002179480390623212
29,500,7,0.001058828318491578
29,500,8,0.000490071892272681
29,500,9,0.00029105390422046185
29,500,10,0.00015157050802372396
29,500,11,0.0
29,600,0,0.01059119775891304
29,600,1,0.0050795492716133595
29,600,2,0.005961673334240913
29,600,3,0.0036417178343981504
29,600,4,0.0037453221157193184
29,600,5,0.0026146925520151854
29,600,6,0.002358134603127837
29,600,7,0.0011197805870324373
29,600,8,0.0005388020654208958
29,600,9,0.0002980526187457144
29,600,10,0.00016452370618935674
29,600,11,0.0
29,700,0,0.009373007342219353
29,700,1,0.004139730706810951
29,700,2,0.004685530439019203
29,700,3,0.0032770619727671146
29,700,4,0.0031727608293294907
29,700,5,0.002442082157358527
29,700,6,0.00201489869505167
29,700,7,0.0009596446179784834
29,700,8,0.00045298924669623375
29,700,9,0.00024981872411444783
29,700,10,0.00014348540571518242
29,700,11,0.0
29,800,0,0.007915083318948746
29,800,1,0.004070424009114504
29,800,2,0.004666440654546022
29,800,3,0.0029697036370635033
29,800,4,0.0029422363732010126
29,800,5,0.0022272702772170305
29,800,6,0.001834638649597764
29,800,7,0.0009103096672333777
29,800,8,0.0004498432972468436
29,800,9,0.000268917327048257
29,800,10,0.0001334164262516424
29,800,11,0.0
29,900,0,0.008423826657235622
29,900,1,0.00433774758130312
29,900,2,0.004988647066056728
29,900,3,0.003253771923482418
29,900,4,0.0033634579740464687
29,900,5,0.002526754280552268
29,900,6,0.0019624929409474134
29,900,7,0.0010586491553112864
29,900,8,0.00045506173046305776
29,900,9,0.00026953447377309203
29,900,10,0.00015011921641416848
29,900,11,0.0
29,1000,0,0.009242232888936996
29,1000,1,0.004247720818966627
29,1000,2,0.004681489430367947
29,1000,3,0.0032292185351252556
29,1000,4,0.0031001148745417595
29,1000,5,0.0022547149565070868
29,1000,6,0.0019207947188988328
29,1000,7,0.0009824782609939575
29,1000,8,0.00041839657933451235
29,1000,9,0.0002635899872984737
29,1000,10,0.00012707631685771048
29,1000,11,0.0
29,1100,0,0.009023591876029968
29,1100,1,0.004193034954369068
29,1100,2,0.005116074346005917
29,1100,3,0.0032649626955389977
29,1100,4,0.003178419778123498
29,1100,5,0.002423301339149475
29,1100,6,0.0019718913827091455
29,1100,7,0.001036134664900601
29,1100,8,0.0004992357571609318
29,1100,9,0.00026316536241210997
29,1100,10,0.0001451813877793029
29,1100,11,0.0
29,1200,0,0.010522229596972466
29,1200,1,0.004706078674644232
29,1200,2,0.005781781394034624
29,1200,3,0.0036008141469210386
29,1200,4,0.003880167845636606
29,1200,5,0.0028176596388220787
29,1200,6,0.0021640292834490538
29,1200,7,0.0011666088830679655
29,1200,8,0.0005689901299774647
29,1200,9,0.000318001868436113
29,1200,10,0.0001673869846854359
29,1200,11,0.0
30,0,0,0.009070666506886482
30,0,1,0.004933249205350876
30,0,2,0.004955928307026625
30,0,3,0.003441284643486142
30,0,4,0.0032125217840075493
30,0,5,0.0025662474799901247
30,0,6,0.0020682651083916426
30,0,7,0.0009960242314264178
30,0,8,0.00046990590635687113
30,0,9,0.00028171605663374066
30,0,10,0.00014344420924317092
30,0,11,0.0
30,100,0,0.008890483528375626
30,100,1,0.004637542180716991
30,100,2,0.005167426075786352
30,100,3,0.00308888778090477
30,100,4,0.003386277239769697
30,100,5,0.0024608972016721964
30,100,6,0.0020190447103232145
30,100,7,0.0010673635406419635
30,100,8,0.0005034949281252921
30,100,9,0.0002766234101727605
30,100,10,0.00013889589172322303
30,100,11,0.0
30,200,0,0.008463102392852306
30,200,1,0.0045633697882294655
30,200,2,0.004678654484450817
30,200,3,0.0032476955093443394
30,200,4,0.0032799425534904003
30,200,5,0.0023752839770168066
30,200,6,0.0018282158998772502
30,200,7,0.0010006669908761978
30,200,8,0.000514689483679831
30,200,9,0.0002934923395514488
30,200,10,0.00012848139158450067
30,200,11,0.0
30,300,0,0.009388761594891548
30,300,1,0.004592810291796923
30,300,2,0.004956209100782871
30,300,3,0.0034512486308813095
30,300,4,0.0034018720034509897
30,300,5,0.002357885940000415
30,300,6,0.001924544689245522
30,300,7,0.0009588946704752743
30,300,8,0.0004661221173591912
30,300,9,0.0002992234658449888
30,300,10,0.0001350209058728069
30,300,11,0.0
30,400,0,0.009922096505761147
30,400,1,0.004544311668723822
30,400,2,0.004976106341928244
30,400,3,0.00350228906609118
30,400,4,0.003294842317700386
30,400,5,0.0024345912970602512
30,400,6,0.002017734805122018
30,400,7,0.0009576189331710339
30,400,8,0.0005194612313061953
30,400,9,0.0002812941384036094
30,400,10,0.00014265329809859395
30,400,11,0.0
30,500,0,0.010077331215143204
30,500,1,0.004308618605136871
30,500,2,0.005215837154537439
30,500,3,0.003938314970582724
30,500,4,0.0031891665421426296
30,500,5,0.002302161417901516
30,500,6,0.001977964537218213
30,500,7,0.0009626071550883353
30,500,8,0.0005088791367597878
30,500,9,0.0002746093086898327
30,500,10,0.00013096984184812754
30,500,11,0.0
30,600,0,0.010089986026287079
30,600,1,0.004814343061298132
30,600,2,0.005575849674642086
30,600,3,0.0033276700414717197
30,600,4,0.0035728532820940018
30,600,5,0.002663086634129286
30,600,6,0.0021596483420580626
30,600,7,0.0009572431445121765
30,600,8,0.0005205468041822314
30,600,9,0.0003076028951909393
30,600,10,0.0001792733819456771
30,600,11,0.0
30,700,0,0.008951209485530853
30,700,1,0.0039994968101382256
30,700,2,0.005178289022296667
30,700,3,0.003304203739389777
30,700,4,0.0032800803892314434
30,700,5,0.002329375362023711
30,700,6,0.0019726466853171587
30,700,7,0.0009695272310636938
30,700,8,0.0004953008028678596
30,700,9,0.0002796254411805421
30,700,10,0.00013689948536921293
30,700,11,0.0
30,800,0,0.00898094940930605
30,800,1,0.004613033030182123
30,800,2,0.004990360699594021
30,800,3,0.003063851734623313
30,800,4,0.0029564015567302704
30,800,5,0.0023034533951431513
30,800,6,0.001994870603084564
30,800,7,0.000949749315623194
30,800,8,0.000448584120022133
30,800,9,0.00026161703863181174
30,800,10,0.00014664663467556238
30,800,11,0.0
30,900,0,0.00846698135137558
30,900,1,0.004388384986668825
30,900,2,0.00505555234849453
30,900,3,0.0031327216420322657
30,900,4,0.0030009502079337835
30,900,5,0.00233470369130373
30,900,6,0.002097665099427104
30,900,7,0.0011429081205278635
30,900,8,0.0004234936204738915
30,900,9,0.00026535463985055685
30,900,10,0.00014024194388184696
30,900,11,0.0
30,1000,0,0.009800600819289684
30,1000,1,0.004481764044612646
30,1000,2,0.004780750721693039
30,1000,3,0.003395432373508811
30,1000,4,0.003411829238757491
30,1000,5,0.002469585742801428
30,1000,6,0.0019073417643085122
30,1000,7,0.0010524323442950845
30,1000,8,0.000468685117084533
30,1000,9,0.00028355285758152604
30,1000,10,0.0001428786781616509
30,1000,11,0.0
30,1100,0,0.009828238748013973
30,1100,1,0.004468751139938831
30,1100,2,0.005048631690442562
30,1100,3,0.0031597509514540434
30,1100,4,0.0034809543285518885
30,1100,5,0.002405854407697916
30,1100,6,0.0020723086781799793
30,1100,7,0.001075602718628943
30,1100,8,0.0004760216106660664
30,1100,9,0.0002870444150175899
30,1100,10,0.00016401702305302024
30,1100,11,0.0
30,1200,0,0.011060771532356739
30,1200,1,0.004924308974295855
30,1200,2,0.0059671723283827305
30,1200,3,0.004085390362888575
30,1200,4,0.0042694550938904285
30,1200,5,0.002901630476117134
30,1200,6,0.002384366700425744
30,1200,7,0.0012065644841641188
30,1200,8,0.000562007655389607
30,1200,9,0.00033266175887547433
30,1200,10,0.00016644917195662856
30,1200,11,0.0
