epoch,iter,layer,grad_phi_norm
0,0,0,6.191387365106493e-05
0,0,1,2.172996937588323e-05
0,0,2,1.2020045687677339e-05
0,0,3,7.66038465371821e-06
0,0,4,1.0655065125320107e-05
0,0,5,7.883622856752481e-06
0,0,6,9.863259037956595e-06
0,0,7,5.497013717103982e-06
0,0,8,4.940111921314383e-06
0,0,9,5.636016339849448e-06
0,0,10,3.2697614642529516e-06
0,0,11,0.0
0,100,0,6.110999675001949e-05
0,100,1,1.9911087292712182e-05
0,100,2,1.8313898181077093e-05
0,100,3,1.0570398444542661e-05
0,100,4,1.1842071216960903e-05
0,100,5,1.0200436918239575e-05
0,100,6,7.315612947422778e-06
0,100,7,6.22299603492138e-06
0,100,8,7.676359928154852e-06
0,100,9,3.196307716279989e-06
0,100,10,3.573665708245244e-06
0,100,11,0.0
0,200,0,6.038512947270647e-05
0,200,1,3.156396996928379e-05
0,200,2,1.926083496073261e-05
0,200,3,1.2739993508148473e-05
0,200,4,1.4320799891720526e-05
0,200,5,9.370961379318032e-06
0,200,6,6.362062322295969e-06
0,200,7,6.761616987205343e-06
0,200,8,4.329352577769896e-06
0,200,9,4.059892035002122e-06
0,200,10,3.155389549647225e-06
0,200,11,0.0
0,300,0,6.9554997025989e-05
0,300,1,2.5347364498884417e-05
0,300,2,1.4084457689023111e-05
0,300,3,2.3012145902612247e-05
0,300,4,1.2745576896122657e-05
0,300,5,5.708379376301309e-06
0,300,6,6.295261755440151e-06
0,300,7,7.826022738299798e-06
0,300,8,5.9383669395174365e-06
0,300,9,3.6336259654490277e-06
0,300,10,3.047059863092727e-06
0,300,11,0.0
0,400,0,6.123377534095198e-05
0,400,1,2.46947802224895e-05
0,400,2,1.9705306840478443e-05
0,400,3,1.5566089132335037e-05
0,400,4,1.2119492566853296e-05
0,400,5,9.344056707050186e-06
0,400,6,7.000847745075589e-06
0,400,7,8.280602742161136e-06
0,400,8,3.800663307629293e-06
0,400,9,1.5852755268497276e-06
0,400,10,3.115557774435729e-06
0,400,11,0.0
0,500,0,8.40989378048107e-05
0,500,1,2.321882129763253e-05
0,500,2,2.283304274897091e-05
0,500,3,9.751985999173485e-06
0,500,4,1.1296665434201714e-05
0,500,5,6.1492869463108946e-06
0,500,6,8.879106644599233e-06
0,500,7,8.69884024723433e-06
0,500,8,5.935855369898491e-06
0,500,9,5.262651484372327e-06
0,500,10,2.185678567911964e-06
0,500,11,0.0
0,600,0,7.299389108084142e-05
0,600,1,2.5676557925180532e-05
0,600,2,1.3977588423585985e-05
0,600,3,1.565115417179186e-05
0,600,4,6.585458777408348e-06
0,600,5,1.4102435670793056e-05
0,600,6,9.192267498292495e-06
0,600,7,4.908730261377059e-06
0,600,8,3.2399095744040096e-06
0,600,9,3.445383299549576e-06
0,600,10,1.7883237433125032e-06
0,600,11,0.0
0,700,0,5.42636880709324e-05
0,700,1,2.25739258894464e-05
0,700,2,1.4703165106766392e-05
0,700,3,1.2689843060798012e-05
0,700,4,7.1752051553630736e-06
0,700,5,7.158334028645186e-06
0,700,6,7.238280886667781e-06
0,700,7,7.812962394382339e-06
0,700,8,3.6332173749542562e-06
0,700,9,1.931342694660998e-06
0,700,10,2.1346511402953183e-06
0,700,11,0.0
0,800,0,3.5211927752243355e-05
0,800,1,1.9159639123245142e-05
0,800,2,2.2834885385236703e-05
0,800,3,1.362005241389852e-05
0,800,4,5.987853910482954e-06
0,800,5,4.9360282901034225e-06
0,800,6,3.6938979519618442e-06
0,800,7,2.1452710825542454e-06
0,800,8,1.8696219967750949e-06
0,800,9,1.5337310514951241e-06
0,800,10,7.194554427769617e-07
0,800,11,0.0
0,900,0,5.171714656171389e-05
0,900,1,2.7992236937279813e-05
0,900,2,1.2656238141062204e-05
0,900,3,9.133541425399017e-06
0,900,4,6.795658919145353e-06
0,900,5,7.028535947029013e-06
0,900,6,5.394390427682083e-06
0,900,7,3.757083277378115e-06
0,900,8,1.2606519703695085e-06
0,900,9,1.8202271121481317e-06
0,900,10,5.000117084819067e-07
0,900,11,0.0
0,1000,0,7.17190996510908e-05
0,1000,1,2.1406034647952765e-05
0,1000,2,1.7295345969614573e-05
0,1000,3,1.1860753147630021e-05
0,1000,4,7.350251962634502e-06
0,1000,5,5.093563686386915e-06
0,1000,6,4.035617621411802e-06
0,1000,7,2.660996869963128e-06
0,1000,8,2.8632948669837788e-06
0,1000,9,2.7406722438172437e-06
0,1000,10,9.988126521420782e-07
0,1000,11,0.0
0,1100,0,6.167499668663368e-05
0,1100,1,3.1922285415930673e-05
0,1100,2,1.3868298992747441e-05
0,1100,3,1.1986743629677221e-05
0,1100,4,6.530414339067647e-06
0,1100,5,3.042239313799655e-06
0,1100,6,4.315337264415575e-06
0,1100,7,3.4937097552756313e-06
0,1100,8,2.5584868126315996e-06
0,1100,9,1.5302503015846014e-06
0,1100,10,9.67667119766702e-07
0,1100,11,0.0
0,1200,0,7.556773198302835e-05
0,1200,1,1.975253690034151e-05
0,1200,2,1.784955384209752e-05
0,1200,3,1.1403087228245568e-05
0,1200,4,3.74212208953395e-06
0,1200,5,6.06468756814138e-06
0,1200,6,3.1880565529718297e-06
0,1200,7,3.249985866204952e-06
0,1200,8,1.0405118473499897e-06
0,1200,9,1.2429234175215242e-06
0,1200,10,6.047422402843949e-07
0,1200,11,0.0
1,0,0,7.497941987821832e-05
1,0,1,3.9902930438984185e-05
1,0,2,2.4558727091061883e-05
1,0,3,1.8395558072370477e-05
1,0,4,8.474339665553998e-06
1,0,5,8.055662874539848e-06
1,0,6,3.7610409435728798e-06
1,0,7,4.041494321427308e-06
1,0,8,1.9049598449782934e-06
1,0,9,1.2677515996983857e-06
1,0,10,1.0971782558044652e-06
1,0,11,0.0
1,100,0,0.00010364471381762996
1,100,1,6.816795212216675e-05
1,100,2,5.20864014106337e-05
1,100,3,2.2906746380613185e-05
1,100,4,7.170537173806224e-06
1,100,5,4.214731234242208e-06
1,100,6,3.043107881239848e-06
1,100,7,1.643742507440038e-06
1,100,8,2.2468179849965964e-06
1,100,9,1.2432830089892377e-06
1,100,10,9.030690648614836e-07
1,100,11,0.0
1,200,0,0.00017151967040263116
1,200,1,4.71693929284811e-05
1,200,2,3.0793133191764355e-05
1,200,3,1.696058825473301e-05
1,200,4,6.495518391602673e-06
1,200,5,3.765557949009235e-06
1,200,6,4.133384209126234e-06
1,200,7,3.716289256772143e-06
1,200,8,3.3134451769001316e-06
1,200,9,1.983896936508245e-06
1,200,10,9.690646720628138e-07
1,200,11,0.0
1,300,0,0.0001324369659414515
1,300,1,3.809535701293498e-05
1,300,2,2.216169741586782e-05
1,300,3,1.1061304576287512e-05
1,300,4,4.367807378002908e-06
1,300,5,2.481225010342314e-06
1,300,6,2.0968914213881362e-06
1,300,7,2.479283921275055e-06
1,300,8,1.2592275879796944e-06
1,300,9,1.1216890243304078e-06
1,300,10,3.6494364508143917e-07
1,300,11,0.0
1,400,0,0.00018403427384328097
1,400,1,4.9891863454831764e-05
1,400,2,3.968059172620997e-05
1,400,3,1.4854010260023642e-05
1,400,4,3.6497133351076627e-06
1,400,5,3.3657274798315484e-06
1,400,6,2.1668781755579403e-06
1,400,7,2.3903105557110393e-06
1,400,8,2.0667728222178994e-06
1,400,9,6.921008548488317e-07
1,400,10,1.023650042952795e-06
1,400,11,0.0
1,500,0,0.0001772502000676468
1,500,1,8.104565495159477e-05
1,500,2,6.691092130495235e-05
1,500,3,1.7300450053880922e-05
1,500,4,6.122257218521554e-06
1,500,5,3.812643853962072e-06
1,500,6,3.503034122331883e-06
1,500,7,1.6739605825932813e-06
1,500,8,1.683916252659401e-06
1,500,9,9.115217380895047e-07
1,500,10,1.1019486692021019e-06
1,500,11,0.0
1,600,0,0.00013934461458120495
1,600,1,6.542212213389575e-05
1,600,2,2.6453632017364725e-05
1,600,3,8.524178156221751e-06
1,600,4,6.6662455537880305e-06
1,600,5,4.3260019992885645e-06
1,600,6,2.6955735847877804e-06
1,600,7,1.501249244029168e-06
1,600,8,1.5373317410194431e-06
1,600,9,6.57142038562597e-07
1,600,10,6.387607527358341e-07
1,600,11,0.0
1,700,0,0.0001701339933788404
1,700,1,7.3886891186703e-05
1,700,2,7.904053200036287e-05
1,700,3,2.5870633180602454e-05
1,700,4,5.186435373616405e-06
1,700,5,3.508204144964111e-06
1,700,6,2.419962811472942e-06
1,700,7,2.7714911539078457e-06
1,700,8,1.729141217765573e-06
1,700,9,1.0750407000159612e-06
1,700,10,1.0260209819534793e-06
1,700,11,0.0
1,800,0,0.0002969652123283595
1,800,1,8.154666284099221e-05
1,800,2,5.1605296903289855e-05
1,800,3,2.743241384450812e-05
1,800,4,1.0715580174291972e-05
1,800,5,3.941041995858541e-06
1,800,6,2.900457957366598e-06
1,800,7,1.838898583628179e-06
1,800,8,1.1409214266677736e-06
1,800,9,8.562000743950193e-07
1,800,10,7.170903586484201e-07
1,800,11,0.0
1,900,0,0.0002559893182478845
1,900,1,0.00010596027277642861
1,900,2,5.8864825405180454e-05
1,900,3,1.8672206351766363e-05
1,900,4,1.0544308679527603e-05
1,900,5,4.9435780056228396e-06
1,900,6,3.0304083793453174e-06
1,900,7,1.7160896277346183e-06
1,900,8,1.6954810462266323e-06
1,900,9,1.4230096212486387e-06
1,900,10,8.028164870665933e-07
1,900,11,0.0
1,1000,0,0.0002370167785556987
1,1000,1,0.00010724177263909951
1,1000,2,5.479841638589278e-05
1,1000,3,1.9662104023154825e-05
1,1000,4,6.7333544393477496e-06
1,1000,5,5.525635970116127e-06
1,1000,6,4.077416633663233e-06
1,1000,7,2.213110292359488e-06
1,1000,8,1.2373694744383101e-06
1,1000,9,8.545194418729807e-07
1,1000,10,3.8811779745628883e-07
1,1000,11,0.0
1,1100,0,0.00021297689818311483
1,1100,1,9.260931255994365e-05
1,1100,2,5.0310140068177134e-05
1,1100,3,2.1414556613308378e-05
1,1100,4,9.756074177857954e-06
1,1100,5,3.2641969482938293e-06
1,1100,6,2.570548531366512e-06
1,1100,7,1.1766081797759398e-06
1,1100,8,1.074267743206292e-06
1,1100,9,8.55093901463988e-07
1,1100,10,8.031233846850228e-07
1,1100,11,0.0
1,1200,0,0.00024895594106055796
1,1200,1,0.00013097163173370063
1,1200,2,8.424328552791849e-05
1,1200,3,2.8584829124156386e-05
1,1200,4,1.0751102308859117e-05
1,1200,5,8.236821486207191e-06
1,1200,6,2.0143615984125063e-06
1,1200,7,2.3029340354696615e-06
1,1200,8,1.7613185718801105e-06
1,1200,9,7.803943731232721e-07
1,1200,10,4.726523457065923e-07
1,1200,11,0.0
2,0,0,0.00016429348033852875
2,0,1,8.1037258496508e-05
2,0,2,4.04618403990753e-05
2,0,3,1.6921028873184696e-05
2,0,4,5.843749931955244e-06
2,0,5,2.4924202080001123e-06
2,0,6,2.5661022391432198e-06
2,0,7,2.129111180693144e-06
2,0,8,8.5907316815792e-07
2,0,9,7.232052894323715e-07
2,0,10,3.3403327392989013e-07
2,0,11,0.0
2,100,0,0.00028748856857419014
2,100,1,0.0001504006067989394
2,100,2,8.853428153088316e-05
2,100,3,3.237889541196637e-05
2,100,4,9.10742710402701e-06
2,100,5,5.322354354575509e-06
2,100,6,2.4178875719371717e-06
2,100,7,2.3487907583330525e-06
2,100,8,1.4523598110827152e-06
2,100,9,7.882025556682493e-07
2,100,10,6.438261266339396e-07
2,100,11,0.0
2,200,0,0.0002074579824693501
2,200,1,0.00011776742758229375
2,200,2,5.8407997130416334e-05
2,200,3,3.05163976008771e-05
2,200,4,1.0453293725731783e-05
2,200,5,6.727149411744904e-06
2,200,6,4.1398670873604715e-06
2,200,7,1.728305278447806e-06
2,200,8,1.3664027846971294e-06
2,200,9,6.539899004565086e-07
2,200,10,4.955074928147951e-07
2,200,11,0.0
2,300,0,0.0002988385676871985
2,300,1,0.00014446793647948653
2,300,2,8.182437159121037e-05
2,300,3,3.7541543861152604e-05
2,300,4,1.2351340046734549e-05
2,300,5,6.199083600222366e-06
2,300,6,3.6949452351109358e-06
2,300,7,2.7419141588325147e-06
2,300,8,2.0327959191490663e-06
2,300,9,1.287013219553046e-06
2,300,10,6.389554982888512e-07
2,300,11,0.0
2,400,0,0.00023977694218046963
2,400,1,0.00012456330296117812
2,400,2,7.455344893969595e-05
2,400,3,3.465061308816075e-05
2,400,4,1.2423735824995674e-05
2,400,5,5.083370979264146e-06
2,400,6,4.457169325178256e-06
2,400,7,1.762687702466792e-06
2,400,8,7.845686695873155e-07
2,400,9,7.762445761727577e-07
2,400,10,3.435970938880928e-07
2,400,11,0.0
2,500,0,0.0003073782136198133
2,500,1,0.00019971786241512746
2,500,2,0.00010376953287050128
2,500,3,4.6339464461198077e-05
2,500,4,1.8802091290126555e-05
2,500,5,7.991720849531703e-06
2,500,6,4.087263278051978e-06
2,500,7,3.037749593204353e-06
2,500,8,1.5097617733772495e-06
2,500,9,1.0786037591969944e-06
2,500,10,6.620056183237466e-07
2,500,11,0.0
2,600,0,0.0002585291804280132
2,600,1,0.00013714148371946067
2,600,2,7.606741564814001e-05
2,600,3,4.092188464710489e-05
2,600,4,1.3452833627525251e-05
2,600,5,7.884968908911105e-06
2,600,6,3.591538416003459e-06
2,600,7,2.6937777874991298e-06
2,600,8,1.826962829909462e-06
2,600,9,9.090558137359039e-07
2,600,10,4.542683598174335e-07
2,600,11,0.0
2,700,0,0.0003275057242717594
2,700,1,0.0001987758878385648
2,700,2,0.00010933752491837367
2,700,3,5.324989979271777e-05
2,700,4,2.4406161173828878e-05
2,700,5,1.1367341357981786e-05
2,700,6,6.723336809955072e-06
2,700,7,2.907522002715268e-06
2,700,8,1.741422465784126e-06
2,700,9,1.082381459127646e-06
2,700,10,6.385090500771184e-07
2,700,11,0.0
2,800,0,0.00040816207183524966
2,800,1,0.00027129522641189396
2,800,2,0.00013945686805527657
2,800,3,7.958912465255708e-05
2,800,4,3.420640132389963e-05
2,800,5,1.5738996808067895e-05
2,800,6,9.789094292500522e-06
2,800,7,7.538396403106162e-06
2,800,8,2.2212541352928383e-06
2,800,9,1.6815045000839746e-06
2,800,10,8.823005828162422e-07
2,800,11,0.0
2,900,0,0.0004155307251494378
2,900,1,0.0002471365442033857
2,900,2,0.0001261507422896102
2,900,3,7.394769636448473e-05
2,900,4,3.244728213758208e-05
2,900,5,1.823324419092387e-05
2,900,6,8.712925591680687e-06
2,900,7,4.17943829233991e-06
2,900,8,2.4723433398321504e-06
2,900,9,1.1080268222940504e-06
2,900,10,6.930932272553036e-07
2,900,11,0.0
2,1000,0,0.00044928211718797684
2,1000,1,0.00028033647686243057
2,1000,2,0.00014627286873292178
2,1000,3,8.927907765610144e-05
2,1000,4,4.102094317204319e-05
2,1000,5,1.9599792722146958e-05
2,1000,6,1.0971949450322427e-05
2,1000,7,6.820993348810589e-06
2,1000,8,2.819361498040962e-06
2,1000,9,1.6641590718791122e-06
2,1000,10,9.06744332951348e-07
2,1000,11,0.0
2,1100,0,0.0004031657590530813
2,1100,1,0.00026714999694377184
2,1100,2,0.00013965890684630722
2,1100,3,8.168676140485331e-05
2,1100,4,4.729712236439809e-05
2,1100,5,2.161290103686042e-05
2,1100,6,1.3927120562584605e-05
2,1100,7,7.651768100913614e-06
2,1100,8,3.2167502013180638e-06
2,1100,9,1.7011516320053488e-06
2,1100,10,7.655694957975356e-07
2,1100,11,0.0
2,1200,0,0.000428030441980809
2,1200,1,0.00031493688584305346
2,1200,2,0.00015112468099687248
2,1200,3,9.445571777177975e-05
2,1200,4,5.814371252199635e-05
2,1200,5,2.6018196876975708e-05
2,1200,6,1.555527160235215e-05
2,1200,7,1.1978004295087885e-05
2,1200,8,3.1167915039986838e-06
2,1200,9,1.449418277843506e-06
2,1200,10,8.196572593988094e-07
2,1200,11,0.0
3,0,0,0.0004905028617940843
3,0,1,0.0003580113116186112
3,0,2,0.0001976699713850394
3,0,3,0.00013128538557793945
3,0,4,7.64346550568007e-05
3,0,5,3.626525358413346e-05
3,0,6,2.1243502487777732e-05
3,0,7,9.002214937936515e-06
3,0,8,4.378921858005924e-06
3,0,9,1.9547405827324837e-06
3,0,10,1.1437410876169452e-06
3,0,11,0.0
3,100,0,0.0004349759256001562
3,100,1,0.0003445360343903303
3,100,2,0.00016690327902324498
3,100,3,0.000116724033432547
3,100,4,6.293705519055948e-05
3,100,5,3.4411812521284446e-05
3,100,6,2.0828683773288503e-05
3,100,7,1.0557862879068125e-05
3,100,8,4.276451818441274e-06
3,100,9,1.7178763300762512e-06
3,100,10,1.0421267688798252e-06
3,100,11,0.0
3,200,0,0.0003327203157823533
3,200,1,0.0002452265762258321
3,200,2,0.00014219930744729936
3,200,3,0.00010363953333580866
3,200,4,5.753089135396294e-05
3,200,5,2.9003122108406387e-05
3,200,6,1.6516341929673217e-05
3,200,7,8.158409400493838e-06
3,200,8,3.774992819671752e-06
3,200,9,1.494221805842244e-06
3,200,10,7.462824100912258e-07
3,200,11,0.0
3,300,0,0.000337248231517151
3,300,1,0.0003039852308575064
3,300,2,0.0001455833116779104
3,300,3,9.196870087180287e-05
3,300,4,6.67585845803842e-05
3,300,5,3.672897946671583e-05
3,300,6,1.9969507775385864e-05
3,300,7,1.2605493793671485e-05
3,300,8,4.247583092364948e-06
3,300,9,1.7138927432824858e-06
3,300,10,9.446001740798238e-07
3,300,11,0.0
3,400,0,0.00039029307663440704
3,400,1,0.00034780101850628853
3,400,2,0.00016647092706989497
3,400,3,0.00010703362204367295
3,400,4,6.92987596266903e-05
3,400,5,4.001975685241632e-05
3,400,6,2.2256253942032345e-05
3,400,7,1.4629920769948512e-05
3,400,8,5.62662444281159e-06
3,400,9,2.750852672761539e-06
3,400,10,1.2159574680481455e-06
3,400,11,0.0
3,500,0,0.0004515080072451383
3,500,1,0.0003444001486059278
3,500,2,0.00016655736544635147
3,500,3,0.00011367741535650566
3,500,4,7.795225974405184e-05
3,500,5,4.6904449845897034e-05
3,500,6,2.525681884435471e-05
3,500,7,1.954927938641049e-05
3,500,8,6.64835215502535e-06
3,500,9,3.0528831302945036e-06
3,500,10,1.1307281511108158e-06
3,500,11,0.0
3,600,0,0.0004861254710704088
3,600,1,0.00045643761404789984
3,600,2,0.00022394316329155117
3,600,3,0.00014520589320454746
3,600,4,0.00010121630475623533
3,600,5,6.214920722413808e-05
3,600,6,3.54451040038839e-05
3,600,7,2.2336153051583096e-05
3,600,8,9.394433618581388e-06
3,600,9,3.6880269362882245e-06
3,600,10,1.4680573485748027e-06
3,600,11,0.0
3,700,0,0.000577544909901917
3,700,1,0.0005730262491852045
3,700,2,0.00022821646416559815
3,700,3,0.00016842508921399713
3,700,4,0.00011140522838104516
3,700,5,6.524605851154774e-05
3,700,6,3.9599250158062205e-05
3,700,7,2.9065542548778467e-05
3,700,8,1.1164641364302952e-05
3,700,9,3.971053047280293e-06
3,700,10,2.1199268758209655e-06
3,700,11,0.0
3,800,0,0.0005329116247594357
3,800,1,0.0005029159947298467
3,800,2,0.00021336159261409193
3,800,3,0.00016042584320530295
3,800,4,0.00010773700341815129
3,800,5,6.781225238228217e-05
3,800,6,3.959128662245348e-05
3,800,7,2.8843174732173793e-05
3,800,8,9.613853762857616e-06
3,800,9,3.919839400623459e-06
3,800,10,1.636802039683971e-06
3,800,11,0.0
3,900,0,0.00033965660259127617
3,900,1,0.0003138137690257281
3,900,2,0.00012552209955174476
3,900,3,9.092262189369649e-05
3,900,4,6.268059951253235e-05
3,900,5,3.629443017416634e-05
3,900,6,2.4298969947267324e-05
3,900,7,1.7803919035941362e-05
3,900,8,7.93792696640594e-06
3,900,9,2.093989223794779e-06
3,900,10,1.1058934887842042e-06
3,900,11,0.0
3,1000,0,0.0004306787741370499
3,1000,1,0.0003772625350393355
3,1000,2,0.00016070912533905357
3,1000,3,0.00012182437058072537
3,1000,4,8.54977552080527e-05
3,1000,5,5.431497993413359e-05
3,1000,6,3.2495408959221095e-05
3,1000,7,2.6691770472098142e-05
3,1000,8,9.770003089215606e-06
3,1000,9,4.0782010728435125e-06
3,1000,10,1.4690746183987358e-06
3,1000,11,0.0
3,1100,0,0.0006591848796233535
3,1100,1,0.0006937574944458902
3,1100,2,0.00027316142222844064
3,1100,3,0.00020312883134465665
3,1100,4,0.00013546856644097716
3,1100,5,9.335207141702995e-05
3,1100,6,5.346877878764644e-05
3,1100,7,4.752023596665822e-05
3,1100,8,1.6925354429986328e-05
3,1100,9,5.799346126877936e-06
3,1100,10,2.8252759420865914e-06
3,1100,11,0.0
3,1200,0,0.0005548476474359632
3,1200,1,0.0005426943534985185
3,1200,2,0.00022116178297437727
3,1200,3,0.00016468569810967892
3,1200,4,0.00011804699170170352
3,1200,5,8.329494448844343e-05
3,1200,6,4.486937905312516e-05
3,1200,7,3.721457687788643e-05
3,1200,8,1.4702720363857225e-05
3,1200,9,5.5576256272615865e-06
3,1200,10,2.289277063027839e-06
3,1200,11,0.0
4,0,0,0.000631815695669502
4,0,1,0.0006672360468655825
4,0,2,0.00028883476625196636
4,0,3,0.00019310222705826163
4,0,4,0.0001412897399859503
4,0,5,9.014947863761336e-05
4,0,6,5.329041596269235e-05
4,0,7,4.64095501229167e-05
4,0,8,1.9896331650670618e-05
4,0,9,6.940011189726647e-06
4,0,10,2.9488548989320407e-06
4,0,11,0.0
4,100,0,0.0006756172515451908
4,100,1,0.0006947300862520933
4,100,2,0.00028537886100821197
4,100,3,0.00021247612312436104
4,100,4,0.000158789218403399
4,100,5,8.953998622018844e-05
4,100,6,5.998010601615533e-05
4,100,7,5.31239747942891e-05
4,100,8,1.9823068214464e-05
4,100,9,7.332233508350328e-06
4,100,10,3.149324356854777e-06
4,100,11,0.0
4,200,0,0.0007739486172795296
4,200,1,0.0007822163752280176
4,200,2,0.0003086633514612913
4,200,3,0.00021032162476330996
4,200,4,0.00015831310884095728
4,200,5,0.0001073598614311777
4,200,6,6.109602691140026e-05
4,200,7,5.907209197175689e-05
4,200,8,2.1670266505680047e-05
4,200,9,7.896351235103793e-06
4,200,10,3.446381697358447e-06
4,200,11,0.0
4,300,0,0.0006212274893186986
4,300,1,0.0005857190699316561
4,300,2,0.0002545273455325514
4,300,3,0.00018372081103734672
4,300,4,0.00012811382475774735
4,300,5,9.369943290948868e-05
4,300,6,5.4901531257200986e-05
4,300,7,5.628788494504988e-05
4,300,8,2.085383857775014e-05
4,300,9,7.248405381687917e-06
4,300,10,2.885217554648989e-06
4,300,11,0.0
4,400,0,0.0007176665239967406
4,400,1,0.0008371448493562639
4,400,2,0.0003043568576686084
4,400,3,0.0002282730711158365
4,400,4,0.00015724608965683728
4,400,5,0.00011581052967812866
4,400,6,7.16589784133248e-05
4,400,7,6.493928958661854e-05
4,400,8,2.455796129652299e-05
4,400,9,1.1264316526649054e-05
4,400,10,4.061894742335426e-06
4,400,11,0.0
4,500,0,0.0006288098520599306
4,500,1,0.0006264215335249901
4,500,2,0.0002732813882175833
4,500,3,0.00021375389769673347
4,500,4,0.00013105258403811604
4,500,5,9.90131011349149e-05
4,500,6,5.6012908316915855e-05
4,500,7,5.833859904669225e-05
4,500,8,2.28547887672903e-05
4,500,9,8.969820555648766e-06
4,500,10,3.5757805108005414e-06
4,500,11,0.0
4,600,0,0.0008008162840269506
4,600,1,0.0009281003731302917
4,600,2,0.00030261348001658916
4,600,3,0.0002213241532444954
4,600,4,0.00014342638314701617
4,600,5,0.00011528173490660265
4,600,6,7.155921775847673e-05
4,600,7,6.678278441540897e-05
4,600,8,2.9139910111553036e-05
4,600,9,1.2691872143477667e-05
4,600,10,4.355664714239538e-06
4,600,11,0.0
4,700,0,0.0010479503544047475
4,700,1,0.0011176286498084664
4,700,2,0.00041420155321247876
4,700,3,0.0003142600762657821
4,700,4,0.00019650151079986244
4,700,5,0.00016829394735395908
4,700,6,0.00010701033170334995
4,700,7,9.462348680244759e-05
4,700,8,3.9557984564453363e-05
4,700,9,1.664232877374161e-05
4,700,10,7.042690867820056e-06
4,700,11,0.0
4,800,0,0.0006676735356450081
4,800,1,0.0008047278970479965
4,800,2,0.0002938337274827063
4,800,3,0.00021808220481034368
4,800,4,0.00015722533862572163
4,800,5,0.00011593502858886495
4,800,6,7.241279672598466e-05
4,800,7,6.54893447062932e-05
4,800,8,2.8349475542199798e-05
4,800,9,1.2262498785275966e-05
4,800,10,5.030741249356652e-06
4,800,11,0.0
4,900,0,0.000630480470135808
4,900,1,0.00072411575820297
4,900,2,0.00028423641924746335
4,900,3,0.0002058433456113562
4,900,4,0.00014824683603364974
4,900,5,0.00011242705659242347
4,900,6,6.830383790656924e-05
4,900,7,6.695789488730952e-05
4,900,8,2.5566427211742848e-05
4,900,9,1.2498012438300066e-05
4,900,10,5.116313332109712e-06
4,900,11,0.0
4,1000,0,0.0008970588678494096
4,1000,1,0.0009890453657135367
4,1000,2,0.00040210571023635566
4,1000,3,0.0003046405909117311
4,1000,4,0.00020680257875937968
4,1000,5,0.00017915588978212327
4,1000,6,0.0001041562354657799
4,1000,7,0.00010484187805559486
4,1000,8,4.142555917496793e-05
4,1000,9,1.9992383386124857e-05
4,1000,10,7.649541657883674e-06
4,1000,11,0.0
4,1100,0,0.0007045986712910235
4,1100,1,0.000855382124427706
4,1100,2,0.0003440050932113081
4,1100,3,0.0002594399265944958
4,1100,4,0.00018021637515630573
4,1100,5,0.00014731705596204847
4,1100,6,9.456827683607116e-05
4,1100,7,9.15512500796467e-05
4,1100,8,4.176121728960425e-05
4,1100,9,1.7669015505816787e-05
4,1100,10,7.176129201980075e-06
4,1100,11,0.0
4,1200,0,0.0008137119002640247
4,1200,1,0.000982756493613124
4,1200,2,0.00037587681435979903
4,1200,3,0.0002918955869972706
4,1200,4,0.00020034206681884825
4,1200,5,0.0001480751670897007
4,1200,6,0.00010229891631752253
4,1200,7,9.911574306897819e-05
4,1200,8,4.149501910433173e-05
4,1200,9,2.0860572476522066e-05
4,1200,10,7.89061414252501e-06
4,1200,11,0.0
5,0,0,0.001094947219826281
5,0,1,0.0011972159845754504
5,0,2,0.00047947640996426344
5,0,3,0.0003420017601456493
5,0,4,0.00021968147484585643
5,0,5,0.0001981808163691312
5,0,6,0.00011946891027037054
5,0,7,0.00012189031986054033
5,0,8,5.104151932755485e-05
5,0,9,2.4733521058806218e-05
5,0,10,8.83650682226289e-06
5,0,11,0.0
5,100,0,0.0006634595920331776
5,100,1,0.0007547099958173931
5,100,2,0.0003102284681517631
5,100,3,0.00021109091176185757
5,100,4,0.00014196518168319017
5,100,5,0.00013082106306683272
5,100,6,7.904289668658748e-05
5,100,7,8.317040192196146e-05
5,100,8,3.0042838261579163e-05
5,100,9,1.6404979760409333e-05
5,100,10,5.8805944718187675e-06
5,100,11,0.0
5,200,0,0.0008821437950246036
5,200,1,0.000983258942142129
5,200,2,0.0003905604826286435
5,200,3,0.000293775083264336
5,200,4,0.0001797950390027836
5,200,5,0.00016958272317424417
5,200,6,0.000107427935290616
5,200,7,0.00011247029760852456
5,200,8,4.561199602903798e-05
5,200,9,2.5237759473384358e-05
5,200,10,9.164298717223573e-06
5,200,11,0.0
5,300,0,0.0012053638929501176
5,300,1,0.001391299651004374
5,300,2,0.0005690836696885526
5,300,3,0.00039980155997909606
5,300,4,0.0002554148086346686
5,300,5,0.00022810643713455647
5,300,6,0.00013324394240044057
5,300,7,0.00014078823733143508
5,300,8,6.0008784203091636e-05
5,300,9,3.362536517670378e-05
5,300,10,1.0801062671816908e-05
5,300,11,0.0
5,400,0,0.001159113016910851
5,400,1,0.0012853445950895548
5,400,2,0.0005085914162918925
5,400,3,0.0003685286792460829
5,400,4,0.00025433700648136437
5,400,5,0.0002324596862308681
5,400,6,0.00015239055210258812
5,400,7,0.00016129284631460905
5,400,8,6.299694359768182e-05
5,400,9,3.052089596167207e-05
5,400,10,1.1759714652725961e-05
5,400,11,0.0
5,500,0,0.001189741655252874
5,500,1,0.0013613388873636723
5,500,2,0.0005597069393843412
5,500,3,0.0003692607278935611
5,500,4,0.00025590782752260566
5,500,5,0.00022838942823000252
5,500,6,0.00014583559823222458
5,500,7,0.00015745060227345675
5,500,8,6.960190512472764e-05
5,500,9,3.3405063732061535e-05
5,500,10,1.2380404768919107e-05
5,500,11,0.0
5,600,0,0.001022155163809657
5,600,1,0.001169658382423222
5,600,2,0.0005116164684295654
5,600,3,0.00032370275584980845
5,600,4,0.00024278153432533145
5,600,5,0.00022266365704126656
5,600,6,0.0001324129698332399
5,600,7,0.00014103947614785284
5,600,8,5.971259452053346e-05
5,600,9,3.552549605956301e-05
5,600,10,1.1117555914097466e-05
5,600,11,0.0
5,700,0,0.0010253058280795813
5,700,1,0.0011185362236574292
5,700,2,0.0005066758021712303
5,700,3,0.00030114036053419113
5,700,4,0.00021220346388872713
5,700,5,0.0002110357308993116
5,700,6,0.0001351863902527839
5,700,7,0.00013498445332515985
5,700,8,5.696466178051196e-05
5,700,9,2.8703469070023857e-05
5,700,10,1.0045792805613019e-05
5,700,11,0.0
5,800,0,0.0009579039760865271
5,800,1,0.0009914294350892305
5,800,2,0.0005058945971541107
5,800,3,0.00028625104459933937
5,800,4,0.00022577909112442285
5,800,5,0.00022487893875222653
5,800,6,0.00013351329835131764
5,800,7,0.0001252283254871145
5,800,8,6.0332829889375716e-05
5,800,9,2.9587390599772334e-05
5,800,10,1.1386435289750807e-05
5,800,11,0.0
5,900,0,0.0009543285705149174
5,900,1,0.0010515934554859996
5,900,2,0.0005867821164429188
5,900,3,0.0003129668766632676
5,900,4,0.00022847320360597223
5,900,5,0.0002193851105403155
5,900,6,0.00013281511201057583
5,900,7,0.00013904593652114272
5,900,8,5.823592800879851e-05
5,900,9,3.439695865381509e-05
5,900,10,1.185363726108335e-05
5,900,11,0.0
5,1000,0,0.0011031868634745479
5,1000,1,0.0013762391172349453
5,1000,2,0.0006401713471859694
5,1000,3,0.00035704675246961415
5,1000,4,0.0002914119104389101
5,1000,5,0.0002937514800578356
5,1000,6,0.00017147899779956788
5,1000,7,0.00015979861200321466
5,1000,8,7.215441291918978e-05
5,1000,9,3.77120086341165e-05
5,1000,10,1.338651873084018e-05
5,1000,11,0.0
5,1100,0,0.0012863838346675038
5,1100,1,0.001338841626420617
5,1100,2,0.000709018437191844
5,1100,3,0.00041877501644194126
5,1100,4,0.0003516661236062646
5,1100,5,0.00026967437588609755
5,1100,6,0.00017710898828227073
5,1100,7,0.00018171155534218997
5,1100,8,8.568468183511868e-05
5,1100,9,4.35284964623861e-05
5,1100,10,1.6224166756728664e-05
5,1100,11,0.0
5,1200,0,0.001374581246636808
5,1200,1,0.001567963743582368
5,1200,2,0.0008058364037424326
5,1200,3,0.00049785670125857
5,1200,4,0.0003891660016961396
5,1200,5,0.0003558815806172788
5,1200,6,0.00023393069568555802
5,1200,7,0.00024945932091213763
5,1200,8,9.083474287763238e-05
5,1200,9,4.892549623036757e-05
5,1200,10,1.7780999769456685e-05
5,1200,11,0.0
6,0,0,0.0013549153227359056
6,0,1,0.0015878790291026235
6,0,2,0.0008136884425766766
6,0,3,0.00046798563562333584
6,0,4,0.00040421189623884857
6,0,5,0.00041135025094263256
6,0,6,0.0002319148916285485
6,0,7,0.00022023788187652826
6,0,8,0.0001035361347021535
6,0,9,4.882268331130035e-05
6,0,10,1.584033998369705e-05
6,0,11,0.0
6,100,0,0.0011881871614605188
6,100,1,0.0012561618350446224
6,100,2,0.0007549464935436845
6,100,3,0.0004121159145142883
6,100,4,0.00031789482454769313
6,100,5,0.0003498438745737076
6,100,6,0.00018448979244567454
6,100,7,0.00018795087817125022
6,100,8,7.561816164525226e-05
6,100,9,3.966861549997702e-05
6,100,10,1.4296200788521674e-05
6,100,11,0.0
6,200,0,0.001477629761211574
6,200,1,0.0017036196077242494
6,200,2,0.0009946676436811686
6,200,3,0.0005265233339741826
6,200,4,0.0004049976705573499
6,200,5,0.00045564520405605435
6,200,6,0.0002300942433066666
6,200,7,0.00025437059230171144
6,200,8,0.00010734506940934807
6,200,9,5.450229218695313e-05
6,200,10,1.949904253706336e-05
6,200,11,0.0
6,300,0,0.0012785972794517875
6,300,1,0.0015881126746535301
6,300,2,0.0009193263831548393
6,300,3,0.0004630633629858494
6,300,4,0.00041831773705780506
6,300,5,0.00041364433127455413
6,300,6,0.00022913221619091928
6,300,7,0.00022514296870213002
6,300,8,0.00010393829143140465
6,300,9,5.166859409655444e-05
6,300,10,2.0922345356666483e-05
6,300,11,0.0
6,400,0,0.0012907575583085418
6,400,1,0.00148642563726753
6,400,2,0.0008389447466470301
6,400,3,0.0004218595568090677
6,400,4,0.0003759899118449539
6,400,5,0.0003916606947313994
6,400,6,0.0002081610291497782
6,400,7,0.0002094974770443514
6,400,8,9.648870764067397e-05
6,400,9,4.972680835635401e-05
6,400,10,1.714263817120809e-05
6,400,11,0.0
6,500,0,0.0013797474093735218
6,500,1,0.00162322330288589
6,500,2,0.0009206359391100705
6,500,3,0.0005304943770170212
6,500,4,0.0004699371929746121
6,500,5,0.00045870215399190784
6,500,6,0.00027150928508490324
6,500,7,0.00024071471125353128
6,500,8,0.00010941035725409165
6,500,9,6.0705686337314546e-05
6,500,10,2.2517693651025183e-05
6,500,11,0.0
6,600,0,0.0015213541919365525
6,600,1,0.0016935946187004447
6,600,2,0.000995401293039322
6,600,3,0.0005319581832736731
6,600,4,0.00045691305422224104
6,600,5,0.0005094395601190627
6,600,6,0.00023354667064268142
6,600,7,0.00023808392870705575
6,600,8,0.00011194758553756401
6,600,9,6.225470860954374e-05
6,600,10,2.085024789266754e-05
6,600,11,0.0
6,700,0,0.0011188506614416838
6,700,1,0.001471992931328714
6,700,2,0.0010670976480469108
6,700,3,0.00044774924754165113
6,700,4,0.0004667556204367429
6,700,5,0.00045365115511231124
6,700,6,0.00022180563246365637
6,700,7,0.00023082300322130322
6,700,8,0.0001013227883959189
6,700,9,6.0179958381922916e-05
6,700,10,1.9084805899183266e-05
6,700,11,0.0
6,800,0,0.0016106616239994764
6,800,1,0.002008431823924184
6,800,2,0.0011436132481321692
6,800,3,0.0005966725293546915
6,800,4,0.0005430902820080519
6,800,5,0.0005754902958869934
6,800,6,0.0002812815655488521
6,800,7,0.0002789763966575265
6,800,8,0.00013636864605359733
6,800,9,6.829574704170227e-05
6,800,10,2.5218731025233865e-05
6,800,11,0.0
6,900,0,0.0014972047647461295
6,900,1,0.0016203667037189007
6,900,2,0.0010237321257591248
6,900,3,0.0005646073259413242
6,900,4,0.0005195583798922598
6,900,5,0.0005455436767078936
6,900,6,0.0002808903227560222
6,900,7,0.0002930116606876254
6,900,8,0.000133373643620871
6,900,9,6.514468259410933e-05
6,900,10,2.465104262228124e-05
6,900,11,0.0
6,1000,0,0.0018478231504559517
6,1000,1,0.002067366149276495
6,1000,2,0.0013332499656826258
6,1000,3,0.0006841089925728738
6,1000,4,0.0006580562912859023
6,1000,5,0.0006648017442785203
6,1000,6,0.00031430806848220527
6,1000,7,0.00037308616447262466
6,1000,8,0.0001557017967570573
6,1000,9,8.362777589354664e-05
6,1000,10,3.041980744455941e-05
6,1000,11,0.0
6,1100,0,0.0013541176449507475
6,1100,1,0.001669494085945189
6,1100,2,0.001009640982374549
6,1100,3,0.0005678005400113761
6,1100,4,0.0005817505880258977
6,1100,5,0.000576868886128068
6,1100,6,0.0002660566824488342
6,1100,7,0.0002897634985856712
6,1100,8,0.00012748052540700883
6,1100,9,6.206701073097065e-05
6,1100,10,2.5522122086840682e-05
6,1100,11,0.0
6,1200,0,0.0015489886282011867
6,1200,1,0.001717709586955607
6,1200,2,0.001140186912380159
6,1200,3,0.0005656337016262114
6,1200,4,0.0005874238559044898
6,1200,5,0.0005991213256493211
6,1200,6,0.0002754185697995126
6,1200,7,0.0003097008157055825
6,1200,8,0.00013312122609931976
6,1200,9,6.963741179788485e-05
6,1200,10,2.4785709683783352e-05
6,1200,11,0.0
7,0,0,0.00167608552146703
7,0,1,0.0019888561218976974
7,0,2,0.0012484382605180144
7,0,3,0.000659917073789984
7,0,4,0.0007361842435784638
7,0,5,0.0007920819334685802
7,0,6,0.0003111759142484516
7,0,7,0.0004091731971129775
7,0,8,0.00014948812895454466
7,0,9,7.644203287782148e-05
7,0,10,2.82407745544333e-05
7,0,11,0.0
7,100,0,0.0015318557852879167
7,100,1,0.0017552986973896623
7,100,2,0.001112106372602284
7,100,3,0.0006515242857858539
7,100,4,0.0006774546345695853
7,100,5,0.0007288159104064107
7,100,6,0.0003009654174093157
7,100,7,0.0003523808845784515
7,100,8,0.0001392120320815593
7,100,9,7.781034946674481e-05
7,100,10,2.709450745896902e-05
7,100,11,0.0
7,200,0,0.0012314245104789734
7,200,1,0.0013784971088171005
7,200,2,0.0009073753608390689
7,200,3,0.0005603049648925662
7,200,4,0.0005250622634775937
7,200,5,0.0005513127543963492
7,200,6,0.0002544382296036929
7,200,7,0.0002867259900085628
7,200,8,0.00011969282786594704
7,200,9,6.60241930745542e-05
7,200,10,2.2844509658170864e-05
7,200,11,0.0
7,300,0,0.0016087472904473543
7,300,1,0.0017313456628471613
7,300,2,0.0011667076032608747
7,300,3,0.0006091989926062524
7,300,4,0.0006168275722302496
7,300,5,0.0006241386872716248
7,300,6,0.00031169771682471037
7,300,7,0.00030446998425759375
7,300,8,0.00013631193723995239
7,300,9,6.912007665960118e-05
7,300,10,2.55080249189632e-05
7,300,11,0.0
7,400,0,0.00140147446654737
7,400,1,0.0015603903448209167
7,400,2,0.0011322039645165205
7,400,3,0.0005893704947084188
7,400,4,0.0006787186139263213
7,400,5,0.0006628024275414646
7,400,6,0.00029762648046016693
7,400,7,0.0003338804526720196
7,400,8,0.0001347189099760726
7,400,9,6.447394116548821e-05
7,400,10,2.4692413717275485e-05
7,400,11,0.0
7,500,0,0.0015079326694831252
7,500,1,0.0019200231181457639
7,500,2,0.0011243299813941121
7,500,3,0.0006480312440544367
7,500,4,0.0006512750987894833
7,500,5,0.0006273486651480198
7,500,6,0.0003363870782777667
7,500,7,0.00035798802855424583
7,500,8,0.00014604638272430748
7,500,9,7.504205859731883e-05
7,500,10,2.579148713266477e-05
7,500,11,0.0
7,600,0,0.001339327311143279
7,600,1,0.0014722361229360104
7,600,2,0.0009651052532717586
7,600,3,0.0006073294789530337
7,600,4,0.0005442126421257854
7,600,5,0.0005596668343059719
7,600,6,0.0002641002065502107
7,600,7,0.00031558514456264675
7,600,8,0.0001295711990678683
7,600,9,6.186454993439838e-05
7,600,10,2.515007508918643e-05
7,600,11,0.0
7,700,0,0.0019991984590888023
7,700,1,0.0021409071050584316
7,700,2,0.0015244877431541681
7,700,3,0.00088795943884179
7,700,4,0.0009532541735097766
7,700,5,0.0009906990453600883
7,700,6,0.0004255315288901329
7,700,7,0.0004999745870009065
7,700,8,0.00018961558816954494
7,700,9,9.580669575370848e-05
7,700,10,3.7003319448558614e-05
7,700,11,0.0
7,800,0,0.0018764300039038062
7,800,1,0.002127144718542695
7,800,2,0.0013345313491299748
7,800,3,0.0007802678737789392
7,800,4,0.0009320747340098023
7,800,5,0.0009268088615499437
7,800,6,0.00037996305036358535
7,800,7,0.0004498783964663744
7,800,8,0.00017530527838971466
7,800,9,9.065287304110825e-05
7,800,10,3.6016343074152246e-05
7,800,11,0.0
7,900,0,0.001661507529206574
7,900,1,0.001902062096633017
7,900,2,0.0013142558746039867
7,900,3,0.0008369165007025003
7,900,4,0.0008386499248445034
7,900,5,0.0007836648728698492
7,900,6,0.0003907683421857655
7,900,7,0.00044688975322060287
7,900,8,0.0001719444990158081
7,900,9,8.668632654007524e-05
7,900,10,3.509218731778674e-05
7,900,11,0.0
7,1000,0,0.001878919661976397
7,1000,1,0.0021992174442857504
7,1000,2,0.0015146959340199828
7,1000,3,0.0008109177579171956
7,1000,4,0.0009372285567224026
7,1000,5,0.0008744048536755145
7,1000,6,0.00041874160524457693
7,1000,7,0.0004734917893074453
7,1000,8,0.0001764394692145288
7,1000,9,9.140083420788869e-05
7,1000,10,3.3390177122782916e-05
7,1000,11,0.0
7,1100,0,0.0018240700010210276
7,1100,1,0.0021615244913846254
7,1100,2,0.0015756874345242977
7,1100,3,0.0009105436038225889
7,1100,4,0.001004622201435268
7,1100,5,0.0010603669798001647
7,1100,6,0.00043728729360736907
7,1100,7,0.0004792899708263576
7,1100,8,0.0001993965415749699
7,1100,9,0.00010165281128138304
7,1100,10,3.720379754668102e-05
7,1100,11,0.0
7,1200,0,0.0020855306647717953
7,1200,1,0.002408319618552923
7,1200,2,0.0017947015585377812
7,1200,3,0.0010245200246572495
7,1200,4,0.0011325485538691282
7,1200,5,0.0011010689195245504
7,1200,6,0.0004940982325933874
7,1200,7,0.0005779206985607743
7,1200,8,0.00020682394097093493
7,1200,9,0.00010825481149367988
7,1200,10,4.054312012158334e-05
7,1200,11,0.0
8,0,0,0.0022822420578449965
8,0,1,0.0026450706645846367
8,0,2,0.0017347255488857627
8,0,3,0.0010518712224438787
8,0,4,0.0011221423046663404
8,0,5,0.0010529448045417666
8,0,6,0.0004937984049320221
8,0,7,0.0005597194540314376
8,0,8,0.00022898319002706558
8,0,9,0.00011271645053057
8,0,10,4.5165321353124455e-05
8,0,11,0.0
8,100,0,0.001619488699361682
8,100,1,0.001881560543552041
8,100,2,0.0014735726872459054
8,100,3,0.0008158856653608382
8,100,4,0.0010335564147680998
8,100,5,0.0008133354131132364
8,100,6,0.00039452960481867194
8,100,7,0.0004510644357651472
8,100,8,0.00017895718337967992
8,100,9,8.690164395375177e-05
8,100,10,3.435580583754927e-05
8,100,11,0.0
8,200,0,0.0023469123989343643
8,200,1,0.0024981724563986063
8,200,2,0.0017606086330488324
8,200,3,0.0010480207856744528
8,200,4,0.001308488310314715
8,200,5,0.00107850250788033
8,200,6,0.000550337543245405
8,200,7,0.0006128944223746657
8,200,8,0.00025258806999772787
8,200,9,0.00012119660823373124
8,200,10,4.578777588903904e-05
8,200,11,0.0
8,300,0,0.0021414149086922407
8,300,1,0.0023707870859652758
8,300,2,0.001687787240371108
8,300,3,0.0011294337455183268
8,300,4,0.0012069022050127387
8,300,5,0.0011750988196581602
8,300,6,0.00048538975534029305
8,300,7,0.0006963658379390836
8,300,8,0.0002263775677420199
8,300,9,0.00012441824947018176
8,300,10,4.523242387222126e-05
8,300,11,0.0
8,400,0,0.0014908736338838935
8,400,1,0.001745141576975584
8,400,2,0.0012903542956337333
8,400,3,0.0007895596791058779
8,400,4,0.0007889586850069463
8,400,5,0.0007509204442612827
8,400,6,0.00035725903580896556
8,400,7,0.0004272065416444093
8,400,8,0.00016357828280888498
8,400,9,8.302469359477982e-05
8,400,10,3.4396776754874736e-05
8,400,11,0.0
8,500,0,0.0020372255239635706
8,500,1,0.0021867977920919657
8,500,2,0.0015659172786399722
8,500,3,0.0010753498645499349
8,500,4,0.0010503486264497042
8,500,5,0.0010701833525672555
8,500,6,0.000499733432661742
8,500,7,0.0005651778192259371
8,500,8,0.00020869051513727754
8,500,9,0.00011251353862462565
8,500,10,4.190618346910924e-05
8,500,11,0.0
8,600,0,0.002173167420551181
8,600,1,0.0022323711309581995
8,600,2,0.0016442800406366587
8,600,3,0.0010882182978093624
8,600,4,0.001060005510225892
8,600,5,0.000966446939855814
8,600,6,0.00044937722850590944
8,600,7,0.0006056519341655076
8,600,8,0.00021574244601652026
8,600,9,0.00011021606042049825
8,600,10,4.25291400460992e-05
8,600,11,0.0
8,700,0,0.001822274411097169
8,700,1,0.0020027717109769583
8,700,2,0.0015144743956625462
8,700,3,0.0009285365813411772
8,700,4,0.0010019864421337843
8,700,5,0.0008883143891580403
8,700,6,0.00044359787716530263
8,700,7,0.0005154385580681264
8,700,8,0.00019785740005318075
8,700,9,9.894337563309819e-05
8,700,10,4.394419374875724e-05
8,700,11,0.0
8,800,0,0.0021600250620394945
8,800,1,0.002052804222330451
8,800,2,0.001825050450861454
8,800,3,0.001037327223457396
8,800,4,0.0011609804350882769
8,800,5,0.0009449533536098897
8,800,6,0.0005017920630052686
8,800,7,0.0005645339842885733
8,800,8,0.00021083142200950533
8,800,9,0.0001109594595618546
8,800,10,4.6998240577522665e-05
8,800,11,0.0
8,900,0,0.001789475092664361
8,900,1,0.0019210655009374022
8,900,2,0.0015273825265467167
8,900,3,0.0009929155930876732
8,900,4,0.0010992493480443954
8,900,5,0.0009131356491707265
8,900,6,0.00045650845277123153
8,900,7,0.0005450500175356865
8,900,8,0.0001878866896731779
8,900,9,9.877742559183389e-05
8,900,10,4.419854667503387e-05
8,900,11,0.0
8,1000,0,0.0017635738477110863
8,1000,1,0.0022049243561923504
8,1000,2,0.0016438665334135294
8,1000,3,0.0010271592764183879
8,1000,4,0.0009980124887079
8,1000,5,0.0009123172494582832
8,1000,6,0.00048134077223949134
8,1000,7,0.0004993814509361982
8,1000,8,0.0001998241787077859
8,1000,9,0.00010568970174062997
8,1000,10,4.3471536628203467e-05
8,1000,11,0.0
8,1100,0,0.002799462527036667
8,1100,1,0.0029455304611474276
8,1100,2,0.002351609757170081
8,1100,3,0.0014477838994935155
8,1100,4,0.0015123882330954075
8,1100,5,0.001346577424556017
8,1100,6,0.0007462470093742013
8,1100,7,0.0006849013734608889
8,1100,8,0.00030536382109858096
8,1100,9,0.0001629080215934664
8,1100,10,6.694345938740298e-05
8,1100,11,0.0
8,1200,0,0.0021795914508402348
8,1200,1,0.0023453051690012217
8,1200,2,0.0018862425349652767
8,1200,3,0.0012158098397776484
8,1200,4,0.0011939273681491613
8,1200,5,0.0011680272873491049
8,1200,6,0.000524497649166733
8,1200,7,0.0006450176006183028
8,1200,8,0.00025028755771927536
8,1200,9,0.00011515250662341714
8,1200,10,5.1386901759542525e-05
8,1200,11,0.0
9,0,0,0.002245389623567462
9,0,1,0.0023378634359687567
9,0,2,0.00186284224037081
9,0,3,0.0012587583623826504
9,0,4,0.0011597040574997663
9,0,5,0.0010459839832037687
9,0,6,0.0005082663265056908
9,0,7,0.0006538668530993164
9,0,8,0.00023761227203067392
9,0,9,0.00011510886542964727
9,0,10,5.166100527276285e-05
9,0,11,0.0
9,100,0,0.0020508752204477787
9,100,1,0.002443162724375725
9,100,2,0.0016586226411163807
9,100,3,0.0011037864023819566
9,100,4,0.0012376423692330718
9,100,5,0.0010615341598168015
9,100,6,0.0005239541060291231
9,100,7,0.0005943436408415437
9,100,8,0.00022702898422721773
9,100,9,0.0001055561879184097
9,100,10,4.521846494753845e-05
9,100,11,0.0
9,200,0,0.0027035512030124664
9,200,1,0.0026905755512416363
9,200,2,0.0021835993975400925
9,200,3,0.0013487410033121705
9,200,4,0.0014698565937578678
9,200,5,0.001253651105798781
9,200,6,0.0005992671940475702
9,200,7,0.0007017619791440666
9,200,8,0.00025764372549019754
9,200,9,0.00012464236351661384
9,200,10,5.46945993846748e-05
9,200,11,0.0
9,300,0,0.002249597804620862
9,300,1,0.0024218526668846607
9,300,2,0.0020315193105489016
9,300,3,0.0012842469150200486
9,300,4,0.0013752600643783808
9,300,5,0.0013830621028319001
9,300,6,0.0005933126667514443
9,300,7,0.0007529732538387179
9,300,8,0.0002540377900004387
9,300,9,0.00012918865832034498
9,300,10,5.557197073358111e-05
9,300,11,0.0
9,400,0,0.0021680903155356646
9,400,1,0.002197082620114088
9,400,2,0.0017680831952020526
9,400,3,0.0012784703867509961
9,400,4,0.0012593615101650357
9,400,5,0.0010942734079435468
9,400,6,0.0005709859542548656
9,400,7,0.0006578650209121406
9,400,8,0.00023297998995985836
9,400,9,0.00011220598389627412
9,400,10,4.4961259845877066e-05
9,400,11,0.0
9,500,0,0.0026104070711880922
9,500,1,0.002946604276075959
9,500,2,0.002238391898572445
9,500,3,0.0014820065116509795
9,500,4,0.0014585311291739345
9,500,5,0.0013541236985474825
9,500,6,0.0006404778687283397
9,500,7,0.000981501885689795
9,500,8,0.00029902299866080284
9,500,9,0.0001449837873224169
9,500,10,6.483885226771235e-05
9,500,11,0.0
9,600,0,0.0023570051416754723
9,600,1,0.0026020745281130075
9,600,2,0.0019965535029768944
9,600,3,0.0013807460200041533
9,600,4,0.0014259107410907745
9,600,5,0.0012241271324455738
9,600,6,0.000600418308749795
9,600,7,0.0008811182924546301
9,600,8,0.0002733895380515605
9,600,9,0.00013230137119535357
9,600,10,6.262170791160315e-05
9,600,11,0.0
9,700,0,0.001906088669784367
9,700,1,0.002328289672732353
9,700,2,0.0017513185739517212
9,700,3,0.001241395715624094
9,700,4,0.0012035178951919079
9,700,5,0.0010576030472293496
9,700,6,0.0005475992802530527
9,700,7,0.0006569440593011677
9,700,8,0.00023629944189451635
9,700,9,0.00010934250167338178
9,700,10,4.925936082145199e-05
9,700,11,0.0
9,800,0,0.0028231991454958916
9,800,1,0.0027967754285782576
9,800,2,0.002303851069882512
9,800,3,0.001668950542807579
9,800,4,0.0015712209278717637
9,800,5,0.0013780145673081279
9,800,6,0.0006888773059472442
9,800,7,0.0008084721630439162
9,800,8,0.0003090031095780432
9,800,9,0.00015298592916224152
9,800,10,6.51730370009318e-05
9,800,11,0.0
9,900,0,0.0022181402891874313
9,900,1,0.002461410826072097
9,900,2,0.0018853266956284642
9,900,3,0.0013239727122709155
9,900,4,0.0011696952860802412
9,900,5,0.0011142374714836478
9,900,6,0.000579654355533421
9,900,7,0.0007264720625244081
9,900,8,0.0002508946054149419
9,900,9,0.00012058059655828401
9,900,10,4.991934838471934e-05
9,900,11,0.0
9,1000,0,0.0024068437051028013
9,1000,1,0.002755584428086877
9,1000,2,0.002026938833296299
9,1000,3,0.0014240368036553264
9,1000,4,0.001402036054059863
9,1000,5,0.0012312183389440179
9,1000,6,0.00061883928719908
9,1000,7,0.0007682016002945602
9,1000,8,0.0002471629995852709
9,1000,9,0.00011837710189865902
9,1000,10,5.2533039706759155e-05
9,1000,11,0.0
9,1100,0,0.0026044456753879786
9,1100,1,0.002822717186063528
9,1100,2,0.0021792342886328697
9,1100,3,0.0016058713663369417
9,1100,4,0.0015789872268214822
9,1100,5,0.001279564225114882
9,1100,6,0.0007114139152690768
9,1100,7,0.0009017281699925661
9,1100,8,0.0002868646406568587
9,1100,9,0.00015216962492559105
9,1100,10,6.947881047381088e-05
9,1100,11,0.0
9,1200,0,0.0023613206576555967
9,1200,1,0.002335204044356942
9,1200,2,0.0018921837909147143
9,1200,3,0.001330598839558661
9,1200,4,0.0013131718151271343
9,1200,5,0.0010527611011639237
9,1200,6,0.0006148299435153604
9,1200,7,0.0006680582882836461
9,1200,8,0.00025272194761782885
9,1200,9,0.0001274943060707301
9,1200,10,5.999208224238828e-05
9,1200,11,0.0
10,0,0,0.0027727994602173567
10,0,1,0.00306287151761353
10,0,2,0.0024321775417774916
10,0,3,0.0016858712770044804
10,0,4,0.0017483314732089639
10,0,5,0.0015424246666952968
10,0,6,0.0007662352290935814
10,0,7,0.0009134591091424227
10,0,8,0.0003335511719342321
10,0,9,0.00015497776621486992
10,0,10,7.397463195957243e-05
10,0,11,0.0
10,100,0,0.0021938742138445377
10,100,1,0.0022914584260433912
10,100,2,0.0020304995123296976
10,100,3,0.001394831226207316
10,100,4,0.0012994728749617934
10,100,5,0.0011048337910324335
10,100,6,0.0005717542953789234
10,100,7,0.0006251568556763232
10,100,8,0.0002458011149428785
10,100,9,0.00011848434951389208
10,100,10,5.416265412350185e-05
10,100,11,0.0
10,200,0,0.002456973772495985
10,200,1,0.002756137168034911
10,200,2,0.002006521448493004
10,200,3,0.001511391601525247
10,200,4,0.0015081055462360382
10,200,5,0.0013018159661442041
10,200,6,0.0006244382821023464
10,200,7,0.0008363643428310752
10,200,8,0.000272609933745116
10,200,9,0.0001318111753789708
10,200,10,5.77072351006791e-05
10,200,11,0.0
10,300,0,0.0028308257460594177
10,300,1,0.0030039616394788027
10,300,2,0.0026165263261646032
10,300,3,0.0018356542568653822
10,300,4,0.0020849264692515135
10,300,5,0.0015726257115602493
10,300,6,0.0008125167223624885
10,300,7,0.0009413062362000346
10,300,8,0.0003458953578956425
10,300,9,0.00016776073607616127
10,300,10,8.525759767508134e-05
10,300,11,0.0
10,400,0,0.0025968358386307955
10,400,1,0.00285504967905581
10,400,2,0.002480157883837819
10,400,3,0.0018113221740350127
10,400,4,0.0017422832315787673
10,400,5,0.001355477492325008
10,400,6,0.0007099735084921122
10,400,7,0.0007485742098651826
10,400,8,0.00031225651036947966
10,400,9,0.00015427118341904134
10,400,10,8.026488649193197e-05
10,400,11,0.0
10,500,0,0.0028562438674271107
10,500,1,0.003042663913220167
10,500,2,0.0023774425499141216
10,500,3,0.0019184029661118984
10,500,4,0.001687983050942421
10,500,5,0.001481609302572906
10,500,6,0.000764737487770617
10,500,7,0.0008424968691542745
10,500,8,0.00034049327950924635
10,500,9,0.00016664902796037495
10,500,10,7.336027192650363e-05
10,500,11,0.0
10,600,0,0.0030947071500122547
10,600,1,0.0032938134390860796
10,600,2,0.002495761262252927
10,600,3,0.0018566485960036516
10,600,4,0.001673564431257546
10,600,5,0.0014490924077108502
10,600,6,0.0007527112611569464
10,600,7,0.000854821118991822
10,600,8,0.00036058371188119054
10,600,9,0.0001698593405308202
10,600,10,7.864028884796426e-05
10,600,11,0.0
10,700,0,0.0028488088864833117
10,700,1,0.0033258276525884867
10,700,2,0.0025206306017935276
10,700,3,0.0018626421224325895
10,700,4,0.0017635120311751962
10,700,5,0.0015578536549583077
10,700,6,0.0008554397500120103
10,700,7,0.0009281067759729922
10,700,8,0.00034046859946101904
10,700,9,0.00015840546984691173
10,700,10,7.511012518079951e-05
10,700,11,0.0
10,800,0,0.002588169649243355
10,800,1,0.0025328302290290594
10,800,2,0.002017390448600054
10,800,3,0.0014908543089404702
10,800,4,0.001369545585475862
10,800,5,0.0011872255709022284
10,800,6,0.0006020850851200521
10,800,7,0.0008224513148888946
10,800,8,0.0002777485642582178
10,800,9,0.00012083878391422331
10,800,10,6.112048868089914e-05
10,800,11,0.0
10,900,0,0.0021812603808939457
10,900,1,0.002271111123263836
10,900,2,0.0019336726982146502
10,900,3,0.001397761283442378
10,900,4,0.0013041560305282474
10,900,5,0.0011509022442623973
10,900,6,0.0006018172134645283
10,900,7,0.000698279298376292
10,900,8,0.0002451185428071767
10,900,9,0.00011321943020448089
10,900,10,5.324802623363212e-05
10,900,11,0.0
10,1000,0,0.002829848090186715
10,1000,1,0.003442594315856695
10,1000,2,0.00251583568751812
10,1000,3,0.0020236128475517035
10,1000,4,0.0019481260096654296
10,1000,5,0.0017221472226083279
10,1000,6,0.0008642206084914505
10,1000,7,0.0008467758889310062
10,1000,8,0.0003376907843630761
10,1000,9,0.00016707116446923465
10,1000,10,7.925577665446326e-05
10,1000,11,0.0
10,1100,0,0.0029086933936923742
10,1100,1,0.002927166409790516
10,1100,2,0.002301457105204463
10,1100,3,0.0017719862516969442
10,1100,4,0.0015590769471600652
10,1100,5,0.0014637971762567759
10,1100,6,0.0007284197490662336
10,1100,7,0.0008814908214844763
10,1100,8,0.00033848272869363427
10,1100,9,0.00015625380910933018
10,1100,10,7.100497896317393e-05
10,1100,11,0.0
10,1200,0,0.0026479691732674837
10,1200,1,0.002992139896377921
10,1200,2,0.00222392613068223
10,1200,3,0.001775452634319663
10,1200,4,0.0015476045664399862
10,1200,5,0.0013160372618585825
10,1200,6,0.0007879052427597344
10,1200,7,0.0009080626768991351
10,1200,8,0.000303901411825791
10,1200,9,0.00015946886560413986
10,1200,10,6.957293226150796e-05
10,1200,11,0.0
11,0,0,0.0028465883806347847
11,0,1,0.0030614708084613085
11,0,2,0.0023487152066081762
11,0,3,0.001851182896643877
11,0,4,0.0016558499773964286
11,0,5,0.0013116307090967894
11,0,6,0.0007409595418721437
11,0,7,0.0007789434166625142
11,0,8,0.000304508488625288
11,0,9,0.0001545983977848664
11,0,10,7.049852865748107e-05
11,0,11,0.0
11,100,0,0.003292518900707364
11,100,1,0.003591870656237006
11,100,2,0.0025276364758610725
11,100,3,0.0019652871415019035
11,100,4,0.0017029630253091455
11,100,5,0.0016671598423272371
11,100,6,0.0008409355068579316
11,100,7,0.0011185455368831754
11,100,8,0.00034659457742236555
11,100,9,0.000180307513801381
11,100,10,7.761768210912123e-05
11,100,11,0.0
11,200,0,0.0031234363559633493
11,200,1,0.00360086839646101
11,200,2,0.0026447607669979334
11,200,3,0.0021004830487072468
11,200,4,0.0019353973912075162
11,200,5,0.001545587438158691
11,200,6,0.0008024890557862818
11,200,7,0.0009908621432259679
11,200,8,0.00036138834548182786
11,200,9,0.00016307311307173222
11,200,10,7.39979586796835e-05
11,200,11,0.0
11,300,0,0.0030152101535350084
11,300,1,0.003278440097346902
11,300,2,0.0025357205886393785
11,300,3,0.002163907513022423
11,300,4,0.002026120200753212
11,300,5,0.0016474212752655149
11,300,6,0.000801866059191525
11,300,7,0.0009540008613839746
11,300,8,0.0003655466716736555
11,300,9,0.00018630939302966
11,300,10,7.866668602218851e-05
11,300,11,0.0
11,400,0,0.003292299807071686
11,400,1,0.0034231371246278286
11,400,2,0.0028722595889121294
11,400,3,0.0022954759187996387
11,400,4,0.0021264120005071163
11,400,5,0.0015679142670705914
11,400,6,0.0008834418840706348
11,400,7,0.001010765554383397
11,400,8,0.0003772648051381111
11,400,9,0.00019244627037551254
11,400,10,9.286207205150276e-05
11,400,11,0.0
11,500,0,0.0029093963094055653
11,500,1,0.0030249319970607758
11,500,2,0.0024061473086476326
11,500,3,0.0019837943837046623
11,500,4,0.0017510969191789627
11,500,5,0.0014046384021639824
11,500,6,0.0007814448326826096
11,500,7,0.0009203330846503377
11,500,8,0.00033670058473944664
11,500,9,0.00015668531705159694
11,500,10,6.32723604212515e-05
11,500,11,0.0
11,600,0,0.003097405657172203
11,600,1,0.0034189338330179453
11,600,2,0.002729608677327633
11,600,3,0.0022350200451910496
11,600,4,0.0021710828877985477
11,600,5,0.0015727062709629536
11,600,6,0.0007784175686538219
11,600,7,0.0009677836205810308
11,600,8,0.00036875781370326877
11,600,9,0.00016597814101260155
11,600,10,8.042393164942041e-05
11,600,11,0.0
11,700,0,0.0032164291478693485
11,700,1,0.0034582579974085093
11,700,2,0.00272462354041636
11,700,3,0.002177164424210787
11,700,4,0.0017599184066057205
11,700,5,0.0015067358035594225
11,700,6,0.000853643286973238
11,700,7,0.001044900738634169
11,700,8,0.0003754653735086322
11,700,9,0.0001795667049009353
11,700,10,8.124276791932061e-05
11,700,11,0.0
11,800,0,0.0029575005173683167
11,800,1,0.0033249654807150364
11,800,2,0.0026299802120774984
11,800,3,0.0020250885281711817
11,800,4,0.0017511730547994375
11,800,5,0.0015776969958096743
11,800,6,0.0008775703026913106
11,800,7,0.0010220984695479274
11,800,8,0.00036164058838039637
11,800,9,0.00013853296695742756
11,800,10,7.07843282725662e-05
11,800,11,0.0
11,900,0,0.0035254654940217733
11,900,1,0.0037686920259147882
11,900,2,0.0028051226399838924
11,900,3,0.0024163194466382265
11,900,4,0.001889815554022789
11,900,5,0.0015405286103487015
11,900,6,0.0008690638933330774
11,900,7,0.0010330439545214176
11,900,8,0.000394325063098222
11,900,9,0.0001928263227455318
11,900,10,8.019949746085331e-05
11,900,11,0.0
11,1000,0,0.0031561923678964376
11,1000,1,0.0032276783604174852
11,1000,2,0.002510062186047435
11,1000,3,0.0021157346200197935
11,1000,4,0.0017374739982187748
11,1000,5,0.0015121902106329799
11,1000,6,0.0008554352098144591
11,1000,7,0.0010064394446089864
11,1000,8,0.0003793493960984051
11,1000,9,0.00016829033847898245
11,1000,10,8.018506196094677e-05
11,1000,11,0.0
11,1100,0,0.0027135557029396296
11,1100,1,0.003201898420229554
11,1100,2,0.0023113214410841465
11,1100,3,0.0018546412466093898
11,1100,4,0.0017207470955327153
11,1100,5,0.001374184270389378
11,1100,6,0.0007867313106544316
11,1100,7,0.0008187933708541095
11,1100,8,0.0003142566420137882
11,1100,9,0.0001546495477668941
11,1100,10,7.104870746843517e-05
11,1100,11,0.0
11,1200,0,0.0035410569980740547
11,1200,1,0.003789659356698394
11,1200,2,0.0026584553997963667
11,1200,3,0.0021178126335144043
11,1200,4,0.002101319842040539
11,1200,5,0.0015495617408305407
11,1200,6,0.0009168272954411805
11,1200,7,0.0009735792991705239
11,1200,8,0.0003861524455714971
11,1200,9,0.00018059559806715697
11,1200,10,8.768783300183713e-05
11,1200,11,0.0
12,0,0,0.002999956952407956
12,0,1,0.0037044952623546124
12,0,2,0.0024154058191925287
12,0,3,0.0021195143926888704
12,0,4,0.0017332102870568633
12,0,5,0.0013996356865391135
12,0,6,0.0008373901364393532
12,0,7,0.0009255117038264871
12,0,8,0.00035514120827428997
12,0,9,0.00017041499086190015
12,0,10,7.761246524751186e-05
12,0,11,0.0
12,100,0,0.003290828550234437
12,100,1,0.003943403717130423
12,100,2,0.0027979498263448477
12,100,3,0.0023384736850857735
12,100,4,0.0018597542075440288
12,100,5,0.0014886806020513177
12,100,6,0.0009172455756925046
12,100,7,0.0010186892468482256
12,100,8,0.00039675147854723036
12,100,9,0.00018597103189677
12,100,10,8.192641689674929e-05
12,100,11,0.0
12,200,0,0.003665332216769457
12,200,1,0.003991099540144205
12,200,2,0.00307266041636467
12,200,3,0.0025098465848714113
12,200,4,0.0019912247080355883
12,200,5,0.0016476190648972988
12,200,6,0.0009561398182995617
12,200,7,0.001065017539076507
12,200,8,0.0004137191572226584
12,200,9,0.0001880190393421799
12,200,10,9.12775140022859e-05
12,200,11,0.0
12,300,0,0.003531301161274314
12,300,1,0.003398638917133212
12,300,2,0.002629474038258195
12,300,3,0.00215236097574234
12,300,4,0.0019729253835976124
12,300,5,0.001711502904072404
12,300,6,0.0009565077489241958
12,300,7,0.0010003127390518785
12,300,8,0.00038573009078390896
12,300,9,0.0001976738712983206
12,300,10,7.980491500347853e-05
12,300,11,0.0
12,400,0,0.0034742550924420357
12,400,1,0.0034849876537919044
12,400,2,0.0028968127444386482
12,400,3,0.0023636373225599527
12,400,4,0.002195509383454919
12,400,5,0.001773884636349976
12,400,6,0.0009775348007678986
12,400,7,0.0010561704402789474
12,400,8,0.0004204610304441303
12,400,9,0.00019964120292570442
12,400,10,8.861030801199377e-05
12,400,11,0.0
12,500,0,0.0034833885729312897
12,500,1,0.0034060273319482803
12,500,2,0.0023957444354891777
12,500,3,0.002085514832288027
12,500,4,0.0016853009583428502
12,500,5,0.001523718936368823
12,500,6,0.0008562573348172009
12,500,7,0.0009349525789730251
12,500,8,0.0003783521242439747
12,500,9,0.00016182198305614293
12,500,10,7.656274101464078e-05
12,500,11,0.0
12,600,0,0.0031177361961454153
12,600,1,0.0035286075435578823
12,600,2,0.002485898556187749
12,600,3,0.002205225406214595
12,600,4,0.0017904124688357115
12,600,5,0.0015136954607442021
12,600,6,0.0008103422005660832
12,600,7,0.0009782753186300397
12,600,8,0.00035430691787041724
12,600,9,0.00016278712428174913
12,600,10,8.24762973934412e-05
12,600,11,0.0
12,700,0,0.003546135500073433
12,700,1,0.0035813208669424057
12,700,2,0.002706191735342145
12,700,3,0.0023122818674892187
12,700,4,0.0020242573227733374
12,700,5,0.0015939065488055348
12,700,6,0.0009086374193429947
12,700,7,0.0011364775709807873
12,700,8,0.000399081181967631
12,700,9,0.00020126087474636734
12,700,10,9.331118053523824e-05
12,700,11,0.0
12,800,0,0.003064381657168269
12,800,1,0.0028827842324972153
12,800,2,0.002680585952475667
12,800,3,0.00211617024615407
12,800,4,0.0021271996665745974
12,800,5,0.0015405876329168677
12,800,6,0.0008234317065216601
12,800,7,0.0009356860537081957
12,800,8,0.0003758098173420876
12,800,9,0.0001538199867354706
12,800,10,7.794439443387091e-05
12,800,11,0.0
12,900,0,0.0037187461275607347
12,900,1,0.003972275648266077
12,900,2,0.0033656766172498465
12,900,3,0.002550782635807991
12,900,4,0.002548283664509654
12,900,5,0.0018417147221043706
12,900,6,0.0010014675790444016
12,900,7,0.0011555699165910482
12,900,8,0.0004724471946246922
12,900,9,0.00021250752615742385
12,900,10,9.762815170688555e-05
12,900,11,0.0
12,1000,0,0.003381644142791629
12,1000,1,0.003240749705582857
12,1000,2,0.002875210717320442
12,1000,3,0.0022749172057956457
12,1000,4,0.0019248438766226172
12,1000,5,0.0014829958090558648
12,1000,6,0.0008661595638841391
12,1000,7,0.000881925574503839
12,1000,8,0.0003610014682635665
12,1000,9,0.0001635024673305452
12,1000,10,7.491104770451784e-05
12,1000,11,0.0
12,1100,0,0.0029604726005345583
12,1100,1,0.003345839213579893
12,1100,2,0.0026722541078925133
12,1100,3,0.0021291389130055904
12,1100,4,0.0019807699136435986
12,1100,5,0.0015426159370690584
12,1100,6,0.0008220469462685287
12,1100,7,0.0011573617812246084
12,1100,8,0.00039470737101510167
12,1100,9,0.000175543173099868
12,1100,10,8.231311949202791e-05
12,1100,11,0.0
12,1200,0,0.0034262544941157103
12,1200,1,0.003523702034726739
12,1200,2,0.0026830469723790884
12,1200,3,0.0024250762071460485
12,1200,4,0.00178846949711442
12,1200,5,0.0015458733541890979
12,1200,6,0.0009360834956169128
12,1200,7,0.0011519965482875705
12,1200,8,0.0004184899153187871
12,1200,9,0.00020335167937446386
12,1200,10,9.644616511650383e-05
12,1200,11,0.0
13,0,0,0.0036482722498476505
13,0,1,0.00388602283783257
13,0,2,0.0029868714045733213
13,0,3,0.0025391108356416225
13,0,4,0.0022196751087903976
13,0,5,0.0017184257740154862
13,0,6,0.0009734596824273467
13,0,7,0.0010823254706338048
13,0,8,0.0004256359243299812
13,0,9,0.0002111802459694445
13,0,10,9.15860291570425e-05
13,0,11,0.0
13,100,0,0.004259294830262661
13,100,1,0.004208780825138092
13,100,2,0.0030074918176978827
13,100,3,0.002494939137250185
13,100,4,0.0021996451541781425
13,100,5,0.0016467833193019032
13,100,6,0.0010593284387141466
13,100,7,0.0011718387249857187
13,100,8,0.0004386474611237645
13,100,9,0.00020441101514734328
13,100,10,9.59622411755845e-05
13,100,11,0.0
13,200,0,0.003651081118732691
13,200,1,0.0038221871946007013
13,200,2,0.002671109978109598
13,200,3,0.002246788702905178
13,200,4,0.0019389677327126265
13,200,5,0.0016072061844170094
13,200,6,0.000982804223895073
13,200,7,0.0010412272531539202
13,200,8,0.0004150582826696336
13,200,9,0.00018095319683197886
13,200,10,9.124725329456851e-05
13,200,11,0.0
13,300,0,0.004004012327641249
13,300,1,0.0038431482389569283
13,300,2,0.0029192292131483555
13,300,3,0.002411981113255024
13,300,4,0.0023917830549180508
13,300,5,0.0019076537573710084
13,300,6,0.0010510578285902739
13,300,7,0.0012327476870268583
13,300,8,0.0004078339843545109
13,300,9,0.00018316596106160432
13,300,10,8.297929161926731e-05
13,300,11,0.0
13,400,0,0.0038994408678263426
13,400,1,0.0040891473181545734
13,400,2,0.003023277036845684
13,400,3,0.002613638062030077
13,400,4,0.002164593432098627
13,400,5,0.0018899815622717142
13,400,6,0.0010724213207140565
13,400,7,0.0011227468494325876
13,400,8,0.0004499915521591902
13,400,9,0.00019918500038329512
13,400,10,9.979117749026045e-05
13,400,11,0.0
13,500,0,0.0037178080528974533
13,500,1,0.00410613976418972
13,500,2,0.0030658661853522062
13,500,3,0.002682630205526948
13,500,4,0.0022144170943647623
13,500,5,0.001770770293660462
13,500,6,0.0011003602994605899
13,500,7,0.0011454574996605515
13,500,8,0.00045963149750605226
13,500,9,0.0002235786523669958
13,500,10,0.00010330275108572096
13,500,11,0.0
13,600,0,0.0039326767437160015
13,600,1,0.0038100520614534616
13,600,2,0.002871344331651926
13,600,3,0.0025767472106963396
13,600,4,0.0020024252589792013
13,600,5,0.0017549358308315277
13,600,6,0.0010727051412686706
13,600,7,0.0011908650631085038
13,600,8,0.0005067553138360381
13,600,9,0.0002119173586834222
13,600,10,0.00010159186058444902
13,600,11,0.0
13,700,0,0.004193301312625408
13,700,1,0.0036014344077557325
13,700,2,0.002858613384887576
13,700,3,0.0025793625973165035
13,700,4,0.002029305323958397
13,700,5,0.0018818220123648643
13,700,6,0.0010233827633783221
13,700,7,0.0011487639276310802
13,700,8,0.00044143039849586785
13,700,9,0.0001882575306808576
13,700,10,8.969297778094187e-05
13,700,11,0.0
13,800,0,0.0037466695066541433
13,800,1,0.0039559947326779366
13,800,2,0.003156892955303192
13,800,3,0.002664158819243312
13,800,4,0.002247789641842246
13,800,5,0.0018993655685335398
13,800,6,0.0010764520848169923
13,800,7,0.001027160556986928
13,800,8,0.0004600399115588516
13,800,9,0.00019746019097510725
13,800,10,9.007940388983116e-05
13,800,11,0.0
13,900,0,0.0034387470223009586
13,900,1,0.0033270949497818947
13,900,2,0.0024501276202499866
13,900,3,0.0022403134498745203
13,900,4,0.0018881949363276362
13,900,5,0.001453822129406035
13,900,6,0.0008565282914787531
13,900,7,0.0011232761899009347
13,900,8,0.00040449443622492254
13,900,9,0.00018244118837174028
13,900,10,8.089116454357281e-05
13,900,11,0.0
13,1000,0,0.003243879182264209
13,1000,1,0.0034036445431411266
13,1000,2,0.002828535856679082
13,1000,3,0.002429968910291791
13,1000,4,0.0020399768836796284
13,1000,5,0.001663380884565413
13,1000,6,0.0009945493657141924
13,1000,7,0.00117771839722991
13,1000,8,0.00042338314233347774
13,1000,9,0.00018758155056275427
13,1000,10,8.648420043755323e-05
13,1000,11,0.0
13,1100,0,0.004165505524724722
13,1100,1,0.00402963487431407
13,1100,2,0.0030450590420514345
13,1100,3,0.002772427164018154
13,1100,4,0.0022053334396332502
13,1100,5,0.0017578379483893514
13,1100,6,0.001054981374181807
13,1100,7,0.0012879162095487118
13,1100,8,0.00043857848504558206
13,1100,9,0.0001982290268642828
13,1100,10,9.537478763377294e-05
13,1100,11,0.0
13,1200,0,0.004174157045781612
13,1200,1,0.00401594303548336
13,1200,2,0.003130935598164797
13,1200,3,0.0026680200826376677
13,1200,4,0.002478360664099455
13,1200,5,0.0018306816928088665
13,1200,6,0.0011053106281906366
13,1200,7,0.0010712121147662401
13,1200,8,0.00044216617243364453
13,1200,9,0.00020106973533984274
13,1200,10,9.685898839961737e-05
13,1200,11,0.0
14,0,0,0.004243831615895033
14,0,1,0.0037102794740349054
14,0,2,0.0030692697037011385
14,0,3,0.00268526840955019
14,0,4,0.0022906730882823467
14,0,5,0.0017087936867028475
14,0,6,0.0010679771658033133
14,0,7,0.0011200415901839733
14,0,8,0.0004492715233936906
14,0,9,0.00021121623285580426
14,0,10,9.543844498693943e-05
14,0,11,0.0
14,100,0,0.0038677959237247705
14,100,1,0.003756540594622493
14,100,2,0.0032317170407623053
14,100,3,0.0028706195298582315
14,100,4,0.0024816144723445177
14,100,5,0.001992694102227688
14,100,6,0.0011173533275723457
14,100,7,0.001446765149012208
14,100,8,0.0005078656831756234
14,100,9,0.00022343632008414716
14,100,10,0.00010452115384396166
14,100,11,0.0
14,200,0,0.004173399414867163
14,200,1,0.00438710255548358
14,200,2,0.0034213766921311617
14,200,3,0.0029023364186286926
14,200,4,0.0023220221046358347
14,200,5,0.0017198424320667982
14,200,6,0.001035835943184793
14,200,7,0.0011563567677512765
14,200,8,0.0004985061823390424
14,200,9,0.00022671908664051443
14,200,10,9.982642950490117e-05
14,200,11,0.0
14,300,0,0.004008873365819454
14,300,1,0.004174096509814262
14,300,2,0.0029697951395064592
14,300,3,0.002560229506343603
14,300,4,0.0020732127595692873
14,300,5,0.0018612317508086562
14,300,6,0.0011431811144575477
14,300,7,0.0011035155039280653
14,300,8,0.00048156341654248536
14,300,9,0.00022163422545418143
14,300,10,9.43258564802818e-05
14,300,11,0.0
14,400,0,0.003915029112249613
14,400,1,0.00413265498355031
14,400,2,0.003301887074485421
14,400,3,0.0028069154359400272
14,400,4,0.0020461103413254023
14,400,5,0.0017881917301565409
14,400,6,0.001022028736770153
14,400,7,0.001063070259988308
14,400,8,0.00048535250243730843
14,400,9,0.00020347793179098517
14,400,10,9.532994590699673e-05
14,400,11,0.0
14,500,0,0.004363741725683212
14,500,1,0.0038250803481787443
14,500,2,0.003258155193179846
14,500,3,0.0028106991667300463
14,500,4,0.0026773165445774794
14,500,5,0.0021189749240875244
14,500,6,0.0012267223792150617
14,500,7,0.0012264858232811093
14,500,8,0.0005370883736759424
14,500,9,0.0002141241857316345
14,500,10,0.00010305832256563008
14,500,11,0.0
14,600,0,0.004377150908112526
14,600,1,0.004130424931645393
14,600,2,0.0030359067022800446
14,600,3,0.0028131173457950354
14,600,4,0.0023453994654119015
14,600,5,0.001802095677703619
14,600,6,0.0010825276840478182
14,600,7,0.0010413540294393897
14,600,8,0.0005062138079665601
14,600,9,0.00020884755940642208
14,600,10,0.00010515476606087759
14,600,11,0.0
14,700,0,0.004559213295578957
14,700,1,0.004711029585450888
14,700,2,0.003300098469480872
14,700,3,0.0030012207571417093
14,700,4,0.0023865527473390102
14,700,5,0.0021653061266988516
14,700,6,0.001133766258135438
14,700,7,0.0013676176313310862
14,700,8,0.0005223621847108006
14,700,9,0.0002167955826735124
14,700,10,0.00011031526082661003
14,700,11,0.0
14,800,0,0.004376685246825218
14,800,1,0.004455139860510826
14,800,2,0.0034276493825018406
14,800,3,0.002880488522350788
14,800,4,0.002350795781239867
14,800,5,0.0018727629212662578
14,800,6,0.001225602114573121
14,800,7,0.0012525601778179407
14,800,8,0.0004884361987933517
14,800,9,0.00023726391373202205
14,800,10,0.00010332923557143658
14,800,11,0.0
14,900,0,0.005096620414406061
14,900,1,0.004521281458437443
14,900,2,0.0035579476971179247
14,900,3,0.0029391187708824873
14,900,4,0.0023630834184587
14,900,5,0.0019469921244308352
14,900,6,0.00119812844786793
14,900,7,0.0012942248722538352
14,900,8,0.0005607958300970495
14,900,9,0.00021804062998853624
14,900,10,0.00010174693306908011
14,900,11,0.0
14,1000,0,0.00423738919198513
14,1000,1,0.00409109378233552
14,1000,2,0.0033475023228675127
14,1000,3,0.0030366505961865187
14,1000,4,0.0024930795188993216
14,1000,5,0.00205404800362885
14,1000,6,0.001144200679846108
14,1000,7,0.0012048170901834965
14,1000,8,0.0004676026292145252
14,1000,9,0.00022328770137391984
14,1000,10,0.00010872427810681984
14,1000,11,0.0
14,1100,0,0.003972375765442848
14,1100,1,0.004193030297756195
14,1100,2,0.003432290628552437
14,1100,3,0.002826911164447665
14,1100,4,0.002392352791503072
14,1100,5,0.001853027381002903
14,1100,6,0.0011418282520025969
14,1100,7,0.0010987737914547324
14,1100,8,0.0004851518024224788
14,1100,9,0.0001922380761243403
14,1100,10,9.749768651090562e-05
14,1100,11,0.0
14,1200,0,0.004979763180017471
14,1200,1,0.0048752292059361935
14,1200,2,0.003541302867233753
14,1200,3,0.003168780356645584
14,1200,4,0.00246330420486629
14,1200,5,0.0020914501510560513
14,1200,6,0.0012190052075311542
14,1200,7,0.0013734326930716634
14,1200,8,0.0005606422200798988
14,1200,9,0.00026497902581468225
14,1200,10,0.00012585867079906166
14,1200,11,0.0
15,0,0,0.005292448215186596
15,0,1,0.005480136722326279
15,0,2,0.0036922877188771963
15,0,3,0.0031364725437015295
15,0,4,0.0027412602212280035
15,0,5,0.002263543428853154
15,0,6,0.0013097883202135563
15,0,7,0.0013696709647774696
15,0,8,0.0005963619332760572
15,0,9,0.0002572184894233942
15,0,10,0.00011415561311878264
15,0,11,0.0
15,100,0,0.005268257111310959
15,100,1,0.004671258386224508
15,100,2,0.0033873100765049458
15,100,3,0.003312998451292515
15,100,4,0.00248783640563488
15,100,5,0.0021440540440380573
15,100,6,0.0012586330994963646
15,100,7,0.0013601218815892935
15,100,8,0.0005830512964166701
15,100,9,0.0002459356910549104
15,100,10,0.0001199585385620594
15,100,11,0.0
15,200,0,0.004270399454981089
15,200,1,0.003679089481011033
15,200,2,0.003031613538041711
15,200,3,0.002640904625877738
15,200,4,0.002212950959801674
15,200,5,0.0019827461801469326
15,200,6,0.001112302066758275
15,200,7,0.001190377864986658
15,200,8,0.00046480822493322194
15,200,9,0.0002193135442212224
15,200,10,0.00010180407844018191
15,200,11,0.0
15,300,0,0.004583231173455715
15,300,1,0.004487220663577318
15,300,2,0.0035416369792073965
15,300,3,0.0032441720832139254
15,300,4,0.002248868579044938
15,300,5,0.0020016864873468876
15,300,6,0.0011355478782206774
15,300,7,0.0011497498489916325
15,300,8,0.0005316575989127159
15,300,9,0.00023311517725232989
15,300,10,0.0001112602767534554
15,300,11,0.0
15,400,0,0.004394968040287495
15,400,1,0.004092750605195761
15,400,2,0.0032180040143430233
15,400,3,0.0029287412762641907
15,400,4,0.002465114463120699
15,400,5,0.0018413070356473327
15,400,6,0.0011668931692838669
15,400,7,0.0012768011074513197
15,400,8,0.0005288710817694664
15,400,9,0.00021546296193264425
15,400,10,0.0001050959835993126
15,400,11,0.0
15,500,0,0.004902367480099201
15,500,1,0.0050113387405872345
15,500,2,0.0035593926440924406
15,500,3,0.0032246296759694815
15,500,4,0.0025670165196061134
15,500,5,0.0022060538176447153
15,500,6,0.001287300605326891
15,500,7,0.001243944396264851
15,500,8,0.0005606968770734966
15,500,9,0.00026100859395228326
15,500,10,0.00011292067938484251
15,500,11,0.0
15,600,0,0.004899613559246063
15,600,1,0.004882735200226307
15,600,2,0.003757723141461611
15,600,3,0.0032200729474425316
15,600,4,0.0023268514778465033
15,600,5,0.0018860736163333058
15,600,6,0.0012915250845253468
15,600,7,0.0015299227088689804
15,600,8,0.0005765449022874236
15,600,9,0.0002497389505151659
15,600,10,0.00011882709077326581
15,600,11,0.0
15,700,0,0.004864422604441643
15,700,1,0.00476312218233943
15,700,2,0.003458601189777255
15,700,3,0.0031338497065007687
15,700,4,0.002415148075670004
15,700,5,0.002094273455440998
15,700,6,0.001266003935597837
15,700,7,0.0014288470847532153
15,700,8,0.0005668217199854553
15,700,9,0.00025369308423250914
15,700,10,0.00011728674144251272
15,700,11,0.0
15,800,0,0.004571639467030764
15,800,1,0.004482802003622055
15,800,2,0.0034060366451740265
15,800,3,0.0029346502851694822
15,800,4,0.0027431852649897337
15,800,5,0.002066259039565921
15,800,6,0.0012585388030856848
15,800,7,0.001313971122726798
15,800,8,0.0005344473174773157
15,800,9,0.00023417241754941642
15,800,10,0.00010496887989575043
15,800,11,0.0
15,900,0,0.005536843091249466
15,900,1,0.0054405503906309605
15,900,2,0.004036443307995796
15,900,3,0.003419258864596486
15,900,4,0.0026612915098667145
15,900,5,0.002322925254702568
15,900,6,0.001387116382829845
15,900,7,0.0014861526433378458
15,900,8,0.0005963958101347089
15,900,9,0.0002624543267302215
15,900,10,0.00011526179878273979
15,900,11,0.0
15,1000,0,0.00467321602627635
15,1000,1,0.004306273069232702
15,1000,2,0.003401796333491802
15,1000,3,0.0033367157448083162
15,1000,4,0.0026324009522795677
15,1000,5,0.0018615864682942629
15,1000,6,0.0012770298635587096
15,1000,7,0.0014127640752121806
15,1000,8,0.0005025396822020411
15,1000,9,0.0002292896097060293
15,1000,10,0.00011061839177273214
15,1000,11,0.0
15,1100,0,0.005506811197847128
15,1100,1,0.004959178157150745
15,1100,2,0.0035913260653615
15,1100,3,0.0033681197091937065
15,1100,4,0.0028045717626810074
15,1100,5,0.0019887827802449465
15,1100,6,0.001245853491127491
15,1100,7,0.0012782508274540305
15,1100,8,0.0005255804862827063
15,1100,9,0.00024577032309025526
15,1100,10,0.00011250004899920896
15,1100,11,0.0
15,1200,0,0.005009656772017479
15,1200,1,0.00471360981464386
15,1200,2,0.003708860371261835
15,1200,3,0.0031184048857539892
15,1200,4,0.002544158138334751
15,1200,5,0.00213268562220037
15,1200,6,0.0013190472964197397
15,1200,7,0.0013824362540617585
15,1200,8,0.0005536249955184758
15,1200,9,0.000259303575148806
15,1200,10,0.00011044585698982701
15,1200,11,0.0
16,0,0,0.005179036874324083
16,0,1,0.004580870736390352
16,0,2,0.0037118280306458473
16,0,3,0.003372062696143985
16,0,4,0.0024910857900977135
16,0,5,0.002102415543049574
16,0,6,0.0013123673852533102
16,0,7,0.0014568008482456207
16,0,8,0.0005681018228642642
16,0,9,0.00024406309239566326
16,0,10,0.00011211067612748593
16,0,11,0.0
16,100,0,0.005302527453750372
16,100,1,0.005047911778092384
16,100,2,0.0035482491366565228
16,100,3,0.0032728693913668394
16,100,4,0.0024793168995529413
16,100,5,0.0019435494905337691
16,100,6,0.001319515984505415
16,100,7,0.0013165342388674617
16,100,8,0.0005795983015559614
16,100,9,0.0002623384934850037
16,100,10,0.00011948633618885651
16,100,11,0.0
16,200,0,0.005065130535513163
16,200,1,0.004463521763682365
16,200,2,0.0032311254180967808
16,200,3,0.0031101892236620188
16,200,4,0.002365038264542818
16,200,5,0.0018504549516364932
16,200,6,0.0012250804575160146
16,200,7,0.0012557579902932048
16,200,8,0.0005172807141207159
16,200,9,0.000244251627009362
16,200,10,0.00011175282270414755
16,200,11,0.0
16,300,0,0.005523253697901964
16,300,1,0.005075786728411913
16,300,2,0.003763142740353942
16,300,3,0.0033874025102704763
16,300,4,0.002680508652701974
16,300,5,0.0020326925441622734
16,300,6,0.0014014077605679631
16,300,7,0.0013253011275082827
16,300,8,0.0005483697168529034
16,300,9,0.00026650147628970444
16,300,10,0.00012096932186977938
16,300,11,0.0
16,400,0,0.005369183607399464
16,400,1,0.005001195706427097
16,400,2,0.003401252208277583
16,400,3,0.0033078135456889868
16,400,4,0.002684003207832575
16,400,5,0.0020359838381409645
16,400,6,0.0013284983579069376
16,400,7,0.0013564748223870993
16,400,8,0.0005597141571342945
16,400,9,0.0002520419657230377
16,400,10,0.0001108117212424986
16,400,11,0.0
16,500,0,0.0054285782389342785
16,500,1,0.004787992220371962
16,500,2,0.0032809770200401545
16,500,3,0.003025797661393881
16,500,4,0.002301314612850547
16,500,5,0.0019302146974951029
16,500,6,0.0011744374642148614
16,500,7,0.0012344436254352331
16,500,8,0.00056337786372751
16,500,9,0.00022357498528435826
16,500,10,0.00010973928874591365
16,500,11,0.0
16,600,0,0.005751688964664936
16,600,1,0.004905408248305321
16,600,2,0.003587310668081045
16,600,3,0.003303531790152192
16,600,4,0.0027655153535306454
16,600,5,0.00207528006285429
16,600,6,0.0013075548922643065
16,600,7,0.0013231993652880192
16,600,8,0.0006023973692208529
16,600,9,0.0002506473974790424
16,600,10,0.00012142032210249454
16,600,11,0.0
16,700,0,0.005301028024405241
16,700,1,0.005081754177808762
16,700,2,0.003496097633615136
16,700,3,0.0032270951196551323
16,700,4,0.002567457500845194
16,700,5,0.002322118729352951
16,700,6,0.0012677771737799048
16,700,7,0.001517533091828227
16,700,8,0.0005341056385077536
16,700,9,0.00024171301629394293
16,700,10,0.00011573239316930994
16,700,11,0.0
16,800,0,0.00602421909570694
16,800,1,0.005191216245293617
16,800,2,0.0034265066497027874
16,800,3,0.0032641093712300062
16,800,4,0.002490075770765543
16,800,5,0.0020578771363943815
16,800,6,0.0013959280913695693
16,800,7,0.0011787114199250937
16,800,8,0.0005251217517070472
16,800,9,0.00024182813649531454
16,800,10,0.00011655023990897462
16,800,11,0.0
16,900,0,0.005471948068588972
16,900,1,0.004771667532622814
16,900,2,0.003661951282992959
16,900,3,0.003177878214046359
16,900,4,0.0026983630377799273
16,900,5,0.0020462065003812313
16,900,6,0.0013546274276450276
16,900,7,0.0013389005325734615
16,900,8,0.0005331239080987871
16,900,9,0.00023358561156783253
16,900,10,0.00010736671538325027
16,900,11,0.0
16,1000,0,0.0059798662550747395
16,1000,1,0.005604330450296402
16,1000,2,0.0040537891909480095
16,1000,3,0.0036885219160467386
16,1000,4,0.002823099959641695
16,1000,5,0.0023406960535794497
16,1000,6,0.0014413794269785285
16,1000,7,0.001278300886042416
16,1000,8,0.0006276051863096654
16,1000,9,0.00026467101997695863
16,1000,10,0.0001310951920459047
16,1000,11,0.0
16,1100,0,0.0055298288352787495
16,1100,1,0.0048715826123952866
16,1100,2,0.0036857272498309612
16,1100,3,0.0034170548897236586
16,1100,4,0.002832179656252265
16,1100,5,0.0023369058035314083
16,1100,6,0.0013496914179995656
16,1100,7,0.0013602767139673233
16,1100,8,0.000601181760430336
16,1100,9,0.0002708773245103657
16,1100,10,0.00011660059681162238
16,1100,11,0.0
16,1200,0,0.005081436596810818
16,1200,1,0.004551202058792114
16,1200,2,0.00329975807107985
16,1200,3,0.0030196274165064096
16,1200,4,0.0023963802959769964
16,1200,5,0.001777970464900136
16,1200,6,0.0012473202077671885
16,1200,7,0.0011354910675436258
16,1200,8,0.0005087929894216359
16,1200,9,0.0002063470456050709
16,1200,10,0.00010598295921226963
16,1200,11,0.0
17,0,0,0.006285653915256262
17,0,1,0.0052490015514194965
17,0,2,0.0037982396315783262
17,0,3,0.0033239491749554873
17,0,4,0.0027732434682548046
17,0,5,0.0022521871142089367
17,0,6,0.001334953703917563
17,0,7,0.001402575522661209
17,0,8,0.0006156155141070485
17,0,9,0.00024872052017599344
17,0,10,0.00012015958782285452
17,0,11,0.0
17,100,0,0.006076280027627945
17,100,1,0.005698421038687229
17,100,2,0.004060966894030571
17,100,3,0.003477692836895585
17,100,4,0.0028331244830042124
17,100,5,0.002494022948667407
17,100,6,0.0014074626378715038
17,100,7,0.0014473802875727415
17,100,8,0.0006512810941785574
17,100,9,0.00027355714701116085
17,100,10,0.00014281217590905726
17,100,11,0.0
17,200,0,0.005363703239709139
17,200,1,0.005094573367387056
17,200,2,0.0035580378025770187
17,200,3,0.0032768065575510263
17,200,4,0.0027286894619464874
17,200,5,0.002334218006581068
17,200,6,0.0013609162997454405
17,200,7,0.0014605188043788075
17,200,8,0.0005685454234480858
17,200,9,0.00024022858997341245
17,200,10,0.0001116144994739443
17,200,11,0.0
17,300,0,0.006370665039867163
17,300,1,0.005658028647303581
17,300,2,0.0037510141264647245
17,300,3,0.003680361434817314
17,300,4,0.0027887155301868916
17,300,5,0.0020814090967178345
17,300,6,0.0015216778265312314
17,300,7,0.0015016733668744564
17,300,8,0.0006575987208634615
17,300,9,0.00027020563720725477
17,300,10,0.00012577680172398686
17,300,11,0.0
17,400,0,0.005964292213320732
17,400,1,0.005577136762440205
17,400,2,0.0041320170275866985
17,400,3,0.0036493351217359304
17,400,4,0.0028581421356648207
17,400,5,0.0024650231935083866
17,400,6,0.001603202661499381
17,400,7,0.001484149252064526
17,400,8,0.0006231254665181041
17,400,9,0.0002897108788602054
17,400,10,0.00013284542364999652
17,400,11,0.0
17,500,0,0.005078813526779413
17,500,1,0.004363369662314653
17,500,2,0.0033963462337851524
17,500,3,0.003127387957647443
17,500,4,0.002599557628855109
17,500,5,0.0019502309150993824
17,500,6,0.0013619867386296391
17,500,7,0.001322715892456472
17,500,8,0.0005896976217627525
17,500,9,0.000242306588916108
17,500,10,0.0001149174349848181
17,500,11,0.0
17,600,0,0.005431054159998894
17,600,1,0.004847649950534105
17,600,2,0.0033987462520599365
17,600,3,0.0031136199831962585
17,600,4,0.002474570879712701
17,600,5,0.001988181844353676
17,600,6,0.0012970654061064124
17,600,7,0.0013360347365960479
17,600,8,0.0006366505404002964
17,600,9,0.00024194433353841305
17,600,10,0.00012363909627310932
17,600,11,0.0
17,700,0,0.006087884772568941
17,700,1,0.005158049985766411
17,700,2,0.00392913818359375
17,700,3,0.0033493165392428637
17,700,4,0.0028417259454727173
17,700,5,0.0023467016872018576
17,700,6,0.0015159430913627148
17,700,7,0.001449359580874443
17,700,8,0.0006350666517391801
17,700,9,0.00026307982625439763
17,700,10,0.00011823562090285122
17,700,11,0.0
17,800,0,0.006297462619841099
17,800,1,0.005433944053947926
17,800,2,0.0037826120387762785
17,800,3,0.0036993345711380243
17,800,4,0.002865899121388793
17,800,5,0.002136211609467864
17,800,6,0.0014743843348696828
17,800,7,0.001326859463006258
17,800,8,0.0006622765213251114
17,800,9,0.0002614182303659618
17,800,10,0.00013034572475589812
17,800,11,0.0
17,900,0,0.0059868390671908855
17,900,1,0.004777856636792421
17,900,2,0.003644875716418028
17,900,3,0.0037620237562805414
17,900,4,0.002737894421443343
17,900,5,0.0020828687120229006
17,900,6,0.0014296600129455328
17,900,7,0.0014463620027527213
17,900,8,0.000684932223521173
17,900,9,0.0002768073172774166
17,900,10,0.0001289573556277901
17,900,11,0.0
17,1000,0,0.00558723509311676
17,1000,1,0.004744606092572212
17,1000,2,0.00372401624917984
17,1000,3,0.0032708412036299706
17,1000,4,0.0024561728350818157
17,1000,5,0.001937616616487503
17,1000,6,0.00134561478625983
17,1000,7,0.001282562967389822
17,1000,8,0.0005427553551271558
17,1000,9,0.0002689272805582732
17,1000,10,0.00010922110232058913
17,1000,11,0.0
17,1100,0,0.006468247156590223
17,1100,1,0.005777847487479448
17,1100,2,0.004139326512813568
17,1100,3,0.0034871231764554977
17,1100,4,0.0028227297589182854
17,1100,5,0.0022680037654936314
17,1100,6,0.001396160339936614
17,1100,7,0.0014478957746177912
17,1100,8,0.0006349732866510749
17,1100,9,0.0002940090198535472
17,1100,10,0.00012425861496012658
17,1100,11,0.0
17,1200,0,0.0058736614882946014
17,1200,1,0.0056248074397444725
17,1200,2,0.0039995512925088406
17,1200,3,0.0035774074494838715
17,1200,4,0.002876844722777605
17,1200,5,0.0023774108849465847
17,1200,6,0.0015461150323972106
17,1200,7,0.0015323604457080364
17,1200,8,0.0006126574007794261
17,1200,9,0.0002666848886292428
17,1200,10,0.00012783092097379267
17,1200,11,0.0
18,0,0,0.00706311734393239
18,0,1,0.006163670215755701
18,0,2,0.003807501634582877
18,0,3,0.003812754526734352
18,0,4,0.0030109670478850603
18,0,5,0.0023606496397405863
18,0,6,0.001718500629067421
18,0,7,0.0015430012717843056
18,0,8,0.0006424826569855213
18,0,9,0.0002763967786449939
18,0,10,0.00013020311598666012
18,0,11,0.0
18,100,0,0.006451328285038471
18,100,1,0.005396599881350994
18,100,2,0.003691159887239337
18,100,3,0.003517986973747611
18,100,4,0.0029762890189886093
18,100,5,0.0025203742552548647
18,100,6,0.0014738506870344281
18,100,7,0.001542738638818264
18,100,8,0.000621947692707181
18,100,9,0.00026494471239857376
18,100,10,0.00013599391968455166
18,100,11,0.0
18,200,0,0.00679269852116704
18,200,1,0.005855041556060314
18,200,2,0.003950859420001507
18,200,3,0.0036951147485524416
18,200,4,0.0031928233802318573
18,200,5,0.0025593528989702463
18,200,6,0.001537199248559773
18,200,7,0.0015535333659499884
18,200,8,0.0006773255881853402
18,200,9,0.0003034795226994902
18,200,10,0.00013942454825155437
18,200,11,0.0
18,300,0,0.007904406636953354
18,300,1,0.006539470050483942
18,300,2,0.004831028636544943
18,300,3,0.004166870843619108
18,300,4,0.003459050552919507
18,300,5,0.0027283213566988707
18,300,6,0.00166036793962121
18,300,7,0.00161150679923594
18,300,8,0.0006901788292452693
18,300,9,0.0003002415469381958
18,300,10,0.00013984914403408766
18,300,11,0.0
18,400,0,0.007066379766911268
18,400,1,0.006190352141857147
18,400,2,0.004432421177625656
18,400,3,0.0038846521638333797
18,400,4,0.0028496452141553164
18,400,5,0.0024015861563384533
18,400,6,0.0016020003240555525
18,400,7,0.001482542953453958
18,400,8,0.0006452362285926938
18,400,9,0.0002908919705078006
18,400,10,0.0001382835180265829
18,400,11,0.0
18,500,0,0.006273013073951006
18,500,1,0.00554194301366806
18,500,2,0.004117966629564762
18,500,3,0.003522813320159912
18,500,4,0.003174756420776248
18,500,5,0.002562979469075799
18,500,6,0.0015722137177363038
18,500,7,0.0015393926296383142
18,500,8,0.0007114146137610078
18,500,9,0.0002763169468380511
18,500,10,0.00014029517478775233
18,500,11,0.0
18,600,0,0.006572925020009279
18,600,1,0.005860407371073961
18,600,2,0.004118736367672682
18,600,3,0.003923571202903986
18,600,4,0.0029013557359576225
18,600,5,0.0023709721863269806
18,600,6,0.0015272354939952493
18,600,7,0.001481431070715189
18,600,8,0.0007271050708368421
18,600,9,0.0002978671691380441
18,600,10,0.00014466315042227507
18,600,11,0.0
18,700,0,0.0071262940764427185
18,700,1,0.005979635752737522
18,700,2,0.0038985642604529858
18,700,3,0.003636054927483201
18,700,4,0.002688674721866846
18,700,5,0.002554771490395069
18,700,6,0.0014170999638736248
18,700,7,0.001575508969835937
18,700,8,0.0006506700301542878
18,700,9,0.0002707107341848314
18,700,10,0.0001242803264176473
18,700,11,0.0
18,800,0,0.006465901155024767
18,800,1,0.005707364995032549
18,800,2,0.0038235164247453213
18,800,3,0.0036872862838208675
18,800,4,0.00281241605989635
18,800,5,0.0022783251479268074
18,800,6,0.0015577339800074697
18,800,7,0.0013348349602892995
18,800,8,0.0006236872868612409
18,800,9,0.0002520293346606195
18,800,10,0.00012297554349061102
18,800,11,0.0
18,900,0,0.006670038215816021
18,900,1,0.004935349337756634
18,900,2,0.0038094629999250174
18,900,3,0.0035147026646882296
18,900,4,0.00270727276802063
18,900,5,0.0022031681146472692
18,900,6,0.0014491183683276176
18,900,7,0.001483575557358563
18,900,8,0.0006365879671648145
18,900,9,0.0002650186943355948
18,900,10,0.0001283500751014799
18,900,11,0.0
18,1000,0,0.0066891745664179325
18,1000,1,0.0058046062476933
18,1000,2,0.0040724375285208225
18,1000,3,0.003631609259173274
18,1000,4,0.002924668602645397
18,1000,5,0.0023611008655279875
18,1000,6,0.0015645867679268122
18,1000,7,0.0015586301451548934
18,1000,8,0.0006443011807277799
18,1000,9,0.00026982545386999846
18,1000,10,0.00012194315058877692
18,1000,11,0.0
18,1100,0,0.007600822485983372
18,1100,1,0.0063844723626971245
18,1100,2,0.004140592645853758
18,1100,3,0.0037880835589021444
18,1100,4,0.0029988631140440702
18,1100,5,0.00254184752702713
18,1100,6,0.0015289350412786007
18,1100,7,0.0014923370908945799
18,1100,8,0.000688358093611896
18,1100,9,0.000265457114437595
18,1100,10,0.00013630068860948086
18,1100,11,0.0
18,1200,0,0.007284221705049276
18,1200,1,0.005842574872076511
18,1200,2,0.0040869018994271755
18,1200,3,0.003915899898856878
18,1200,4,0.0029543014243245125
18,1200,5,0.002576366998255253
18,1200,6,0.001656576874665916
18,1200,7,0.0016583557007834315
18,1200,8,0.0006684657419100404
18,1200,9,0.00030035129748284817
18,1200,10,0.00014004734111949801
18,1200,11,0.0
19,0,0,0.007758474908769131
19,0,1,0.006016807164996862
19,0,2,0.00443181162700057
19,0,3,0.0042154244147241116
19,0,4,0.0031663121189922094
19,0,5,0.002629793481901288
19,0,6,0.0015838934341445565
19,0,7,0.0016563478857278824
19,0,8,0.000730803410988301
19,0,9,0.0002956736134365201
19,0,10,0.00013905188825447112
19,0,11,0.0
19,100,0,0.007234370801597834
19,100,1,0.006052879150956869
19,100,2,0.004167576320469379
19,100,3,0.004034843295812607
19,100,4,0.002967431675642729
19,100,5,0.00235639326274395
19,100,6,0.0016905723605304956
19,100,7,0.0017058764351531863
19,100,8,0.0007246694294735789
19,100,9,0.00030616705771535635
19,100,10,0.00014879208174534142
19,100,11,0.0
19,200,0,0.007783079985529184
19,200,1,0.00614942517131567
19,200,2,0.004215163644403219
19,200,3,0.003956002648919821
19,200,4,0.0030217827297747135
19,200,5,0.002531922422349453
19,200,6,0.0016664952272549272
19,200,7,0.0017342334613204002
19,200,8,0.0008014783961698413
19,200,9,0.0002979293931275606
19,200,10,0.00014812202425673604
19,200,11,0.0
19,300,0,0.007687292993068695
19,300,1,0.005858749151229858
19,300,2,0.004217223729938269
19,300,3,0.003973464947193861
19,300,4,0.003327906597405672
19,300,5,0.002680873265489936
19,300,6,0.001672780723311007
19,300,7,0.001570698688738048
19,300,8,0.0007464049849659204
19,300,9,0.00031157807097770274
19,300,10,0.0001441653148503974
19,300,11,0.0
19,400,0,0.006725499872118235
19,400,1,0.005503958091139793
19,400,2,0.0036769069265574217
19,400,3,0.003436977043747902
19,400,4,0.002557933097705245
19,400,5,0.0020865132100880146
19,400,6,0.0013405467616394162
19,400,7,0.0012337462976574898
19,400,8,0.0006107898079790175
19,400,9,0.0002575386315584183
19,400,10,0.0001237712858710438
19,400,11,0.0
19,500,0,0.007300263736397028
19,500,1,0.005479773972183466
19,500,2,0.0039887018501758575
19,500,3,0.0036123543977737427
19,500,4,0.002729942323639989
19,500,5,0.0022670866455882788
19,500,6,0.0013236305676400661
19,500,7,0.001439957763068378
19,500,8,0.0006466570193879306
19,500,9,0.00027128466172143817
19,500,10,0.00012418825644999743
19,500,11,0.0
19,600,0,0.006546023301780224
19,600,1,0.005494260229170322
19,600,2,0.003974496852606535
19,600,3,0.0037042400799691677
19,600,4,0.002807882847264409
19,600,5,0.002206782577559352
19,600,6,0.001546765211969614
19,600,7,0.0014453342882916331
19,600,8,0.0006583156646229327
19,600,9,0.0002749567502178252
19,600,10,0.0001345551136182621
19,600,11,0.0
19,700,0,0.00804621260613203
19,700,1,0.006240305956453085
19,700,2,0.004085842985659838
19,700,3,0.003862823126837611
19,700,4,0.0028958511538803577
19,700,5,0.002441604156047106
19,700,6,0.0017049734015017748
19,700,7,0.00142809993121773
19,700,8,0.0006602853536605835
19,700,9,0.0003173699078615755
19,700,10,0.00014901721442583948
19,700,11,0.0
19,800,0,0.008312102407217026
19,800,1,0.00600502360612154
19,800,2,0.004303255584090948
19,800,3,0.0038750788662582636
19,800,4,0.002984611550346017
19,800,5,0.002459169365465641
19,800,6,0.001509122783318162
19,800,7,0.0015316043281927705
19,800,8,0.0006938939914107323
19,800,9,0.0003048072976525873
19,800,10,0.0001442343054804951
19,800,11,0.0
19,900,0,0.007434031460434198
19,900,1,0.006166847422719002
19,900,2,0.00391040463000536
19,900,3,0.004009058699011803
19,900,4,0.003210312221199274
19,900,5,0.002188171725720167
19,900,6,0.0015604663640260696
19,900,7,0.0015331535832956433
19,900,8,0.0007196340011432767
19,900,9,0.0003005839535035193
19,900,10,0.000129729465697892
19,900,11,0.0
19,1000,0,0.008180533535778522
19,1000,1,0.005713231395930052
19,1000,2,0.004371795803308487
19,1000,3,0.0038349332753568888
19,1000,4,0.0031405261252075434
19,1000,5,0.0021090346854180098
19,1000,6,0.001590399770066142
19,1000,7,0.0015062009915709496
19,1000,8,0.0006721153040416539
19,1000,9,0.0002918437239713967
19,1000,10,0.00013409058738034219
19,1000,11,0.0
19,1100,0,0.008484775200486183
19,1100,1,0.006089267786592245
19,1100,2,0.004329368472099304
19,1100,3,0.004234528634697199
19,1100,4,0.003064968390390277
19,1100,5,0.0024306545965373516
19,1100,6,0.0016864350764080882
19,1100,7,0.001541984616778791
19,1100,8,0.0006687127170152962
19,1100,9,0.0002934141084551811
19,1100,10,0.00015366457228083163
19,1100,11,0.0
19,1200,0,0.007659238763153553
19,1200,1,0.006511813495308161
19,1200,2,0.004130949731916189
19,1200,3,0.0037648328579962254
19,1200,4,0.0031919176690280437
19,1200,5,0.0024837572127580643
19,1200,6,0.0016695846570655704
19,1200,7,0.001560020144097507
19,1200,8,0.0007897312170825899
19,1200,9,0.000317953439662233
19,1200,10,0.00013717659749090672
19,1200,11,0.0
20,0,0,0.008809758350253105
20,0,1,0.006240786053240299
20,0,2,0.004301052540540695
20,0,3,0.0038564689457416534
20,0,4,0.0032696910202503204
20,0,5,0.0025595633778721094
20,0,6,0.0015913322567939758
20,0,7,0.001596288406290114
20,0,8,0.0007060847128741443
20,0,9,0.0002952073700726032
20,0,10,0.00014337214815896004
20,0,11,0.0
20,100,0,0.008527512662112713
20,100,1,0.005791717208921909
20,100,2,0.004219262860715389
20,100,3,0.003775875549763441
20,100,4,0.00325925019569695
20,100,5,0.002315900754183531
20,100,6,0.0015969885280355811
20,100,7,0.0015979476738721132
20,100,8,0.0007109752623364329
20,100,9,0.00028170025325380266
20,100,10,0.0001364891795674339
20,100,11,0.0
20,200,0,0.008323016576468945
20,200,1,0.006076211575418711
20,200,2,0.004166096914559603
20,200,3,0.0037333040963858366
20,200,4,0.002895741956308484
20,200,5,0.002314511686563492
20,200,6,0.0015943251783028245
20,200,7,0.0014383377274498343
20,200,8,0.0007040499476715922
20,200,9,0.00030545410118065774
20,200,10,0.0001454840530641377
20,200,11,0.0
20,300,0,0.008238009177148342
20,300,1,0.006244129966944456
20,300,2,0.004342103376984596
20,300,3,0.004148977808654308
20,300,4,0.0029387257527559996
20,300,5,0.0025841312017291784
20,300,6,0.001572205568663776
20,300,7,0.0014571727951988578
20,300,8,0.0007139113149605691
20,300,9,0.00030493445228785276
20,300,10,0.00015144122880883515
20,300,11,0.0
20,400,0,0.008407508954405785
20,400,1,0.006376562174409628
20,400,2,0.004486250225454569
20,400,3,0.004314071964472532
20,400,4,0.003168703755363822
20,400,5,0.0024827010929584503
20,400,6,0.0017136605456471443
20,400,7,0.0015715865883976221
20,400,8,0.0006847406621091068
20,400,9,0.00028673946508206427
20,400,10,0.0001540283119538799
20,400,11,0.0
20,500,0,0.007973378524184227
20,500,1,0.006330108270049095
20,500,2,0.004199802875518799
20,500,3,0.003658238099887967
20,500,4,0.00309025589376688
20,500,5,0.002173784887418151
20,500,6,0.001496285549364984
20,500,7,0.001461092266254127
20,500,8,0.0006656982586719096
20,500,9,0.00028822122840210795
20,500,10,0.00014068224118091166
20,500,11,0.0
20,600,0,0.008919586427509785
20,600,1,0.005987738724797964
20,600,2,0.004461974836885929
20,600,3,0.004057570826262236
20,600,4,0.002980930730700493
20,600,5,0.0024656085297465324
20,600,6,0.0014276733854785562
20,600,7,0.0014254124835133553
20,600,8,0.000702017976436764
20,600,9,0.0002971361973322928
20,600,10,0.00014874647604301572
20,600,11,0.0
20,700,0,0.008550643920898438
20,700,1,0.006331458222121
20,700,2,0.0043447003699839115
20,700,3,0.004129491746425629
20,700,4,0.00283987820148468
20,700,5,0.002819238230586052
20,700,6,0.001769232447259128
20,700,7,0.0017825653776526451
20,700,8,0.0007490835268981755
20,700,9,0.00031988293631002307
20,700,10,0.00013969934661872685
20,700,11,0.0
20,800,0,0.009535441175103188
20,800,1,0.006274165119975805
20,800,2,0.0045648193918168545
20,800,3,0.004044886212795973
20,800,4,0.0032103394623845816
20,800,5,0.002413456793874502
20,800,6,0.001661551184952259
20,800,7,0.0015802901471033692
20,800,8,0.0007398754241876304
20,800,9,0.000309215480228886
20,800,10,0.0001500827493146062
20,800,11,0.0
20,900,0,0.009754053317010403
20,900,1,0.006346073001623154
20,900,2,0.004713299684226513
20,900,3,0.003978066146373749
20,900,4,0.003707971889525652
20,900,5,0.0023966641165316105
20,900,6,0.0016903012292459607
20,900,7,0.0016825530910864472
20,900,8,0.0006734540802426636
20,900,9,0.0003100052708759904
20,900,10,0.000151175117935054
20,900,11,0.0
20,1000,0,0.009854322299361229
20,1000,1,0.006850633304566145
20,1000,2,0.005002937745302916
20,1000,3,0.004433163441717625
20,1000,4,0.0032669201027601957
20,1000,5,0.002473365981131792
20,1000,6,0.0017227926291525364
20,1000,7,0.0016165835550054908
20,1000,8,0.0007563541294075549
20,1000,9,0.00029265921330079436
20,1000,10,0.0001407695235684514
20,1000,11,0.0
20,1100,0,0.009894309565424919
20,1100,1,0.00705817760899663
20,1100,2,0.004696255084127188
20,1100,3,0.00422375462949276
20,1100,4,0.0031136854086071253
20,1100,5,0.002533544786274433
20,1100,6,0.0017347169341519475
20,1100,7,0.0016898600151762366
20,1100,8,0.0007661616546101868
20,1100,9,0.00030218358733691275
20,1100,10,0.00015643698861822486
20,1100,11,0.0
20,1200,0,0.009111408144235611
20,1200,1,0.006266409996896982
20,1200,2,0.004314401652663946
20,1200,3,0.004151718225330114
20,1200,4,0.0030246565584093332
20,1200,5,0.0024845427833497524
20,1200,6,0.0015508491778746247
20,1200,7,0.001666072872467339
20,1200,8,0.0007821937906555831
20,1200,9,0.00031054962892085314
20,1200,10,0.0001495298492955044
20,1200,11,0.0
21,0,0,0.00927276536822319
21,0,1,0.006534258369356394
21,0,2,0.004290573764592409
21,0,3,0.003899779636412859
21,0,4,0.0029336432926356792
21,0,5,0.00248509319499135
21,0,6,0.0016739164711907506
21,0,7,0.0015755273634567857
21,0,8,0.0007037376053631306
21,0,9,0.00029207218904048204
21,0,10,0.00014428290887735784
21,0,11,0.0
21,100,0,0.009036507457494736
21,100,1,0.006444684695452452
21,100,2,0.004464013502001762
21,100,3,0.003858411917462945
21,100,4,0.0030586530920118093
21,100,5,0.0024952685926109552
21,100,6,0.0016480732010677457
21,100,7,0.0015406192978844047
21,100,8,0.0006762277334928513
21,100,9,0.0002859710075426847
21,100,10,0.00013347450294531882
21,100,11,0.0
21,200,0,0.00922213215380907
21,200,1,0.005692725535482168
21,200,2,0.0040220716036856174
21,200,3,0.003973270766437054
21,200,4,0.0030765191186219454
21,200,5,0.002543466631323099
21,200,6,0.001657700864598155
21,200,7,0.0016382733592763543
21,200,8,0.000735741457901895
21,200,9,0.00031114829471334815
21,200,10,0.00015549226372968405
21,200,11,0.0
21,300,0,0.009768150746822357
21,300,1,0.006137799471616745
21,300,2,0.004167184233665466
21,300,3,0.004111778922379017
21,300,4,0.0028636790812015533
21,300,5,0.0025324635207653046
21,300,6,0.001705046626739204
21,300,7,0.0016567446291446686
21,300,8,0.0007431009435094893
21,300,9,0.0003082773764617741
21,300,10,0.00015266714035533369
21,300,11,0.0
21,400,0,0.009153325110673904
21,400,1,0.006403189618140459
21,400,2,0.004463932476937771
21,400,3,0.004098901990801096
21,400,4,0.003093081759288907
21,400,5,0.0025698249228298664
21,400,6,0.0016353457467630506
21,400,7,0.0016894210129976273
21,400,8,0.000716080772690475
21,400,9,0.00029822418582625687
21,400,10,0.00015341815014835447
21,400,11,0.0
21,500,0,0.009200655855238438
21,500,1,0.006454260088503361
21,500,2,0.004575213883072138
21,500,3,0.003976364620029926
21,500,4,0.003118690801784396
21,500,5,0.0024720430374145508
21,500,6,0.0014952730853110552
21,500,7,0.0015846163732931018
21,500,8,0.000766473647672683
21,500,9,0.0003189483832102269
21,500,10,0.0001385902432957664
21,500,11,0.0
21,600,0,0.009955944493412971
21,600,1,0.006807084195315838
21,600,2,0.004689658991992474
21,600,3,0.004245779011398554
21,600,4,0.003073276486247778
21,600,5,0.002453689929097891
21,600,6,0.001630274229682982
21,600,7,0.0016879725735634565
21,600,8,0.0007565527339465916
21,600,9,0.0003032525419257581
21,600,10,0.0001560175878694281
21,600,11,0.0
21,700,0,0.008993986062705517
21,700,1,0.006358020007610321
21,700,2,0.004694415722042322
21,700,3,0.003965207375586033
21,700,4,0.002952111652120948
21,700,5,0.0024760609958320856
21,700,6,0.0015021990984678268
21,700,7,0.0014529966283589602
21,700,8,0.0007363590993918478
21,700,9,0.0002902213600464165
21,700,10,0.0001389751851093024
21,700,11,0.0
21,800,0,0.009203759022057056
21,800,1,0.006078542210161686
21,800,2,0.0043832240626215935
21,800,3,0.004190751817077398
21,800,4,0.0029995779041200876
21,800,5,0.0023744283244013786
21,800,6,0.001588099985383451
21,800,7,0.0016207799781113863
21,800,8,0.0007737417472526431
21,800,9,0.00029516464564949274
21,800,10,0.00014651643869001418
21,800,11,0.0
21,900,0,0.010073695331811905
21,900,1,0.007070501800626516
21,900,2,0.0045221224427223206
21,900,3,0.004244992975145578
21,900,4,0.0032909235451370478
21,900,5,0.002740683499723673
21,900,6,0.0016878057504072785
21,900,7,0.001581092830747366
21,900,8,0.0007377563160844147
21,900,9,0.00032814755104482174
21,900,10,0.00014996652316767722
21,900,11,0.0
21,1000,0,0.011069821193814278
21,1000,1,0.006714652758091688
21,1000,2,0.004724661819636822
21,1000,3,0.0041342200711369514
21,1000,4,0.0033253906294703484
21,1000,5,0.0027378422673791647
21,1000,6,0.0017364403465762734
21,1000,7,0.0016775020631030202
21,1000,8,0.0007656324305571616
21,1000,9,0.00031961555941961706
21,1000,10,0.00016102466906886548
21,1000,11,0.0
21,1100,0,0.01027321070432663
21,1100,1,0.007126213051378727
21,1100,2,0.004735224414616823
21,1100,3,0.0041383421048521996
21,1100,4,0.003203851170837879
21,1100,5,0.0026245717890560627
21,1100,6,0.0016398949082940817
21,1100,7,0.0015198092442005873
21,1100,8,0.0007345214253291488
21,1100,9,0.0003040221054106951
21,1100,10,0.00013476915773935616
21,1100,11,0.0
21,1200,0,0.00952848419547081
21,1200,1,0.0067846584133803844
21,1200,2,0.004361982923001051
21,1200,3,0.0042007723823189735
21,1200,4,0.0030555000994354486
21,1200,5,0.0023651078809052706
21,1200,6,0.0015153818530961871
21,1200,7,0.001545881968922913
21,1200,8,0.0007122625247575343
21,1200,9,0.0003040774608962238
21,1200,10,0.0001411216944688931
21,1200,11,0.0
22,0,0,0.009591970592737198
22,0,1,0.006543607916682959
22,0,2,0.00448668422177434
22,0,3,0.003832605667412281
22,0,4,0.0030204749200493097
22,0,5,0.0025007815565913916
22,0,6,0.0016358423745259643
22,0,7,0.001452673226594925
22,0,8,0.0007101105293259025
22,0,9,0.00027879796107299626
22,0,10,0.00013769608631264418
22,0,11,0.0
22,100,0,0.009690375067293644
22,100,1,0.006898184772580862
22,100,2,0.004524325020611286
22,100,3,0.004280236549675465
22,100,4,0.0032626476604491472
22,100,5,0.0025419844314455986
22,100,6,0.0015918678836897016
22,100,7,0.001430750940926373
22,100,8,0.000737892696633935
22,100,9,0.00031335631501860917
22,100,10,0.00014479899255093187
22,100,11,0.0
22,200,0,0.010624685324728489
22,200,1,0.007124277763068676
22,200,2,0.0046085575595498085
22,200,3,0.00417996384203434
22,200,4,0.003290916793048382
22,200,5,0.0026563736610114574
22,200,6,0.0016467712121084332
22,200,7,0.0015240975189954042
22,200,8,0.00071809341898188
22,200,9,0.0003302540862932801
22,200,10,0.00014719365572091192
22,200,11,0.0
22,300,0,0.009716074913740158
22,300,1,0.006571127101778984
22,300,2,0.004313020966947079
22,300,3,0.0035856396425515413
22,300,4,0.003131966106593609
22,300,5,0.0023383258376270533
22,300,6,0.001696571591310203
22,300,7,0.0016060404013842344
22,300,8,0.0007363635813817382
22,300,9,0.0002998266718350351
22,300,10,0.00014247262151911855
22,300,11,0.0
22,400,0,0.010258359834551811
22,400,1,0.007103321608155966
22,400,2,0.004740272648632526
22,400,3,0.0043275076895952225
22,400,4,0.0032334993593394756
22,400,5,0.0024188607931137085
22,400,6,0.0015934592811390758
22,400,7,0.0015236707404255867
22,400,8,0.0007476812461391091
22,400,9,0.00030259275808930397
22,400,10,0.00013777618005406111
22,400,11,0.0
22,500,0,0.01028002705425024
22,500,1,0.007240943610668182
22,500,2,0.004581348039209843
22,500,3,0.004108273424208164
22,500,4,0.0031376490369439125
22,500,5,0.0026123812422156334
22,500,6,0.0016922700451686978
22,500,7,0.0015404680743813515
22,500,8,0.0007228876929730177
22,500,9,0.00028881450998596847
22,500,10,0.0001382148766424507
22,500,11,0.0
22,600,0,0.009945710189640522
22,600,1,0.0066977390088140965
22,600,2,0.004272639285773039
22,600,3,0.003864777274429798
22,600,4,0.0028501006308943033
22,600,5,0.0024618615861982107
22,600,6,0.0015264280373230577
22,600,7,0.0016374229453504086
22,600,8,0.0006856694235466421
22,600,9,0.0003037775750271976
22,600,10,0.00014355222810991108
22,600,11,0.0
22,700,0,0.01054662000387907
22,700,1,0.00692317308858037
22,700,2,0.004474390298128128
22,700,3,0.0040813712403178215
22,700,4,0.003265103790909052
22,700,5,0.002598235383629799
22,700,6,0.0016831691609695554
22,700,7,0.0015477134147658944
22,700,8,0.0007177669904194772
22,700,9,0.0003034908731933683
22,700,10,0.0001393541315337643
22,700,11,0.0
22,800,0,0.009941506199538708
22,800,1,0.006639775820076466
22,800,2,0.004603445064276457
22,800,3,0.004148228093981743
22,800,4,0.0032661447767168283
22,800,5,0.002389759523794055
22,800,6,0.001708625815808773
22,800,7,0.0016119122738018632
22,800,8,0.0007273529772646725
22,800,9,0.0003272889007348567
22,800,10,0.00015519489534199238
22,800,11,0.0
22,900,0,0.010090140625834465
22,900,1,0.007494565565139055
22,900,2,0.004737251903861761
22,900,3,0.003924162592738867
22,900,4,0.00307290768250823
22,900,5,0.0024880687706172466
22,900,6,0.0016897213645279408
22,900,7,0.001496370299719274
22,900,8,0.0006973625859245658
22,900,9,0.0003126166993752122
22,900,10,0.00014841747179161757
22,900,11,0.0
22,1000,0,0.010420744307339191
22,1000,1,0.006929917261004448
22,1000,2,0.004653673619031906
22,1000,3,0.004147098399698734
22,1000,4,0.003023941069841385
22,1000,5,0.00263771740719676
22,1000,6,0.0016499602934345603
22,1000,7,0.0015613893046975136
22,1000,8,0.0007570575107820332
22,1000,9,0.0002912586205638945
22,1000,10,0.0001505059190094471
22,1000,11,0.0
22,1100,0,0.010524235665798187
22,1100,1,0.006830895785242319
22,1100,2,0.004828396253287792
22,1100,3,0.004173103719949722
22,1100,4,0.003188827307894826
22,1100,5,0.002735021524131298
22,1100,6,0.001729002338834107
22,1100,7,0.0014534939546138048
22,1100,8,0.0007092454470694065
22,1100,9,0.0003012029337696731
22,1100,10,0.00013811708777211607
22,1100,11,0.0
22,1200,0,0.011333695612847805
22,1200,1,0.0072732469998300076
22,1200,2,0.004829736892133951
22,1200,3,0.004447484854608774
22,1200,4,0.0031209387816488743
22,1200,5,0.002603313885629177
22,1200,6,0.0017493042396381497
22,1200,7,0.0017248642398044467
22,1200,8,0.000862572924233973
22,1200,9,0.00030116390553303063
22,1200,10,0.00014167021436151117
22,1200,11,0.0
23,0,0,0.010508363135159016
23,0,1,0.006817312445491552
23,0,2,0.004623296204954386
23,0,3,0.004064393229782581
23,0,4,0.003012953558936715
23,0,5,0.002491479739546776
23,0,6,0.0016394659178331494
23,0,7,0.0014637390850111842
23,0,8,0.0007286828476935625
23,0,9,0.000312161777401343
23,0,10,0.00016060851339716464
23,0,11,0.0
23,100,0,0.010936527512967587
23,100,1,0.006747698877006769
23,100,2,0.004586411640048027
23,100,3,0.003957309760153294
23,100,4,0.0030457284301519394
23,100,5,0.002199646085500717
23,100,6,0.001498500001616776
23,100,7,0.0013695076340809464
23,100,8,0.0007319889846257865
23,100,9,0.0002978699922095984
23,100,10,0.0001505071559222415
23,100,11,0.0
23,200,0,0.011451943777501583
23,200,1,0.007119844667613506
23,200,2,0.004739989526569843
23,200,3,0.004129362292587757
23,200,4,0.0031608499120920897
23,200,5,0.002434992464259267
23,200,6,0.00159894535318017
23,200,7,0.001547078718431294
23,200,8,0.0006855570245534182
23,200,9,0.00027779999072663486
23,200,10,0.0001408794050803408
23,200,11,0.0
23,300,0,0.01108404528349638
23,300,1,0.007182363886386156
23,300,2,0.004870271775871515
23,300,3,0.00402343925088644
23,300,4,0.0032510128803551197
23,300,5,0.0024472021032124758
23,300,6,0.0017167436890304089
23,300,7,0.0015510163502767682
23,300,8,0.000722089025657624
23,300,9,0.00030497516854666173
23,300,10,0.00015328491281252354
23,300,11,0.0
23,400,0,0.011220395565032959
23,400,1,0.007073710672557354
23,400,2,0.004754663445055485
23,400,3,0.0037900146562606096
23,400,4,0.0032718428410589695
23,400,5,0.0026764210779219866
23,400,6,0.0017800556961447
23,400,7,0.0016374302795156837
23,400,8,0.0007542410166934133
23,400,9,0.0003213993622921407
23,400,10,0.00014626947813667357
23,400,11,0.0
23,500,0,0.011297319084405899
23,500,1,0.00717881228774786
23,500,2,0.004777892027050257
23,500,3,0.0037274642381817102
23,500,4,0.003008979605510831
23,500,5,0.002470883773639798
23,500,6,0.0015727088321000338
23,500,7,0.001553786569274962
23,500,8,0.0007290010689757764
23,500,9,0.000286708353087306
23,500,10,0.00013426915393210948
23,500,11,0.0
23,600,0,0.01102033257484436
23,600,1,0.007452377583831549
23,600,2,0.0052743935957551
23,600,3,0.004054463934153318
23,600,4,0.003078293753787875
23,600,5,0.002427601022645831
23,600,6,0.0015525734052062035
23,600,7,0.001657714368775487
23,600,8,0.0007253281073644757
23,600,9,0.0002948542241938412
23,600,10,0.00014504043792840093
23,600,11,0.0
23,700,0,0.011553791351616383
23,700,1,0.007038728799670935
23,700,2,0.004878665320575237
23,700,3,0.004373069852590561
23,700,4,0.003196458565071225
23,700,5,0.0026233596727252007
23,700,6,0.0017072365153580904
23,700,7,0.001551746274344623
23,700,8,0.0007572206086479127
23,700,9,0.000291053467663005
23,700,10,0.0001394805876770988
23,700,11,0.0
23,800,0,0.012178762815892696
23,800,1,0.006947644520550966
23,800,2,0.004640861880034208
23,800,3,0.004271358717232943
23,800,4,0.0030718273483216763
23,800,5,0.0025103457737714052
23,800,6,0.0016489042900502682
23,800,7,0.001647625002078712
23,800,8,0.0007268048939295113
23,800,9,0.00030857339152134955
23,800,10,0.00015396105300169438
23,800,11,0.0
23,900,0,0.011301137506961823
23,900,1,0.007237845566123724
23,900,2,0.005005024839192629
23,900,3,0.004288903437554836
23,900,4,0.003294015070423484
23,900,5,0.002601110376417637
23,900,6,0.0018320130184292793
23,900,7,0.0017237388528883457
23,900,8,0.0007591299945488572
23,900,9,0.0003175826568622142
23,900,10,0.00015118216106202453
23,900,11,0.0
23,1000,0,0.012105202302336693
23,1000,1,0.007136424072086811
23,1000,2,0.004861560184508562
23,1000,3,0.004266000352799892
23,1000,4,0.0031864142511039972
23,1000,5,0.0026934929192066193
23,1000,6,0.0017087663291022182
23,1000,7,0.0016045672819018364
23,1000,8,0.0007559825899079442
23,1000,9,0.00030567345675081015
23,1000,10,0.00014897498476784676
23,1000,11,0.0
23,1100,0,0.011277209036052227
23,1100,1,0.007174213416874409
23,1100,2,0.005038561299443245
23,1100,3,0.004208383150398731
23,1100,4,0.0031728530302643776
23,1100,5,0.00256212055683136
23,1100,6,0.001668664743192494
23,1100,7,0.001487256377004087
23,1100,8,0.0007890852866694331
23,1100,9,0.0003168156836181879
23,1100,10,0.0001521958620287478
23,1100,11,0.0
23,1200,0,0.01151524018496275
23,1200,1,0.007066698279231787
23,1200,2,0.004783533979207277
23,1200,3,0.004160631913691759
23,1200,4,0.0030256123282015324
23,1200,5,0.002598033519461751
23,1200,6,0.001566151506267488
23,1200,7,0.001444093300960958
23,1200,8,0.0007557491189800203
23,1200,9,0.00030754489125683904
23,1200,10,0.0001506367843830958
23,1200,11,0.0
24,0,0,0.011570875532925129
24,0,1,0.007412819191813469
24,0,2,0.005030030384659767
24,0,3,0.0038991111796349287
24,0,4,0.0031448123045265675
24,0,5,0.002697675721719861
24,0,6,0.001743702800013125
24,0,7,0.0014925070572644472
24,0,8,0.0007245164597406983
24,0,9,0.0003018537536263466
24,0,10,0.00015448556223418564
24,0,11,0.0
24,100,0,0.011100814677774906
24,100,1,0.006616970989853144
24,100,2,0.004268849268555641
24,100,3,0.003933475352823734
24,100,4,0.003145551076158881
24,100,5,0.0022534604649990797
24,100,6,0.0014833633322268724
24,100,7,0.0012702043168246746
24,100,8,0.0006310392054729164
24,100,9,0.0002741895732469857
24,100,10,0.0001326692581642419
24,100,11,0.0
24,200,0,0.012908633798360825
24,200,1,0.007803891785442829
24,200,2,0.005392644554376602
24,200,3,0.004387988708913326
24,200,4,0.0030415679793804884
24,200,5,0.002427307888865471
24,200,6,0.0017764949006959796
24,200,7,0.0016481889178976417
24,200,8,0.0008026828290894628
24,200,9,0.0003040124720428139
24,200,10,0.00014325330266728997
24,200,11,0.0
24,300,0,0.01191064901649952
24,300,1,0.007925199344754219
24,300,2,0.005401385948061943
24,300,3,0.004388495348393917
24,300,4,0.003474513068795204
24,300,5,0.002608401933684945
24,300,6,0.0017029261216521263
24,300,7,0.001656350097618997
24,300,8,0.0007604832062497735
24,300,9,0.00029749886016361415
24,300,10,0.00015418433758895844
24,300,11,0.0
24,400,0,0.011266496032476425
24,400,1,0.007125476375222206
24,400,2,0.004949337802827358
24,400,3,0.0041159940883517265
24,400,4,0.002899107290431857
24,400,5,0.0025418030563741922
24,400,6,0.001643508323468268
24,400,7,0.00133914640173316
24,400,8,0.0007513791788369417
24,400,9,0.0003145357477478683
24,400,10,0.0001383374910801649
24,400,11,0.0
24,500,0,0.012485641054809093
24,500,1,0.0075331819243729115
24,500,2,0.004896949976682663
24,500,3,0.004016650374978781
24,500,4,0.003250477369874716
24,500,5,0.0025509395636618137
24,500,6,0.0016460713231936097
24,500,7,0.0014423795510083437
24,500,8,0.000770295737311244
24,500,9,0.0003209222631994635
24,500,10,0.00013921553909312934
24,500,11,0.0
24,600,0,0.011433917097747326
24,600,1,0.0069621289148926735
24,600,2,0.004855312407016754
24,600,3,0.003959804307669401
24,600,4,0.0030698971822857857
24,600,5,0.0023135968949645758
24,600,6,0.001643007853999734
24,600,7,0.0013918632175773382
24,600,8,0.0007236389210447669
24,600,9,0.00029142803396098316
24,600,10,0.00014373852172866464
24,600,11,0.0
24,700,0,0.011664634570479393
24,700,1,0.007267040200531483
24,700,2,0.004996630363166332
24,700,3,0.004118121694773436
24,700,4,0.003214330179616809
24,700,5,0.002665476640686393
24,700,6,0.0015506729250773787
24,700,7,0.0014292827108874917
24,700,8,0.0007090183207765222
24,700,9,0.00031574812601320446
24,700,10,0.000144471661769785
24,700,11,0.0
24,800,0,0.012322653084993362
24,800,1,0.007253061980009079
24,800,2,0.005124635063111782
24,800,3,0.004063904285430908
24,800,4,0.0032890785951167345
24,800,5,0.002508975565433502
24,800,6,0.0017825944814831018
24,800,7,0.001638202928006649
24,800,8,0.0008095595985651016
24,800,9,0.0003259294608142227
24,800,10,0.0001512153394287452
24,800,11,0.0
24,900,0,0.01289107371121645
24,900,1,0.007821600884199142
24,900,2,0.004925508052110672
24,900,3,0.004295823629945517
24,900,4,0.003240142483264208
24,900,5,0.002575634978711605
24,900,6,0.0016752855153754354
24,900,7,0.0015521141467615962
24,900,8,0.0007598671945743263
24,900,9,0.00027353892801329494
24,900,10,0.0001395673316437751
24,900,11,0.0
24,1000,0,0.01313771028071642
24,1000,1,0.007651583291590214
24,1000,2,0.005044319201260805
24,1000,3,0.00406948896124959
24,1000,4,0.0030911455396562815
24,1000,5,0.0024865511804819107
24,1000,6,0.0015748156001791358
24,1000,7,0.00155294977594167
24,1000,8,0.0007825284264981747
24,1000,9,0.00029969369643367827
24,1000,10,0.00014790573914069682
24,1000,11,0.0
24,1100,0,0.012514939531683922
24,1100,1,0.007094763685017824
24,1100,2,0.004969452042132616
24,1100,3,0.004062703810632229
24,1100,4,0.0034550598356872797
24,1100,5,0.0023748998064547777
24,1100,6,0.0016615507192909718
24,1100,7,0.0015136072179302573
24,1100,8,0.000717915769200772
24,1100,9,0.00031075169681571424
24,1100,10,0.0001521302037872374
24,1100,11,0.0
24,1200,0,0.013073936104774475
24,1200,1,0.008000079542398453
24,1200,2,0.0048249270766973495
24,1200,3,0.004053371958434582
24,1200,4,0.0032899845391511917
24,1200,5,0.002328634960576892
24,1200,6,0.0015535691054537892
24,1200,7,0.001560704316943884
24,1200,8,0.0007140475790947676
24,1200,9,0.00028601009398698807
24,1200,10,0.000140438845846802
24,1200,11,0.0
25,0,0,0.011782420799136162
25,0,1,0.0068249874748289585
25,0,2,0.0045316871255636215
25,0,3,0.003652879735454917
25,0,4,0.002793915569782257
25,0,5,0.0023166132159531116
25,0,6,0.001446106587536633
25,0,7,0.0013676013331860304
25,0,8,0.0006868310156278312
25,0,9,0.0002975741808768362
25,0,10,0.00013200404646340758
25,0,11,0.0
25,100,0,0.012774092145264149
25,100,1,0.007213080767542124
25,100,2,0.00516584562137723
25,100,3,0.004020182881504297
25,100,4,0.0034757875837385654
25,100,5,0.002414659596979618
25,100,6,0.0016821565805003047
25,100,7,0.0015760231763124466
25,100,8,0.0007845571381039917
25,100,9,0.00032250312506221235
25,100,10,0.00015313681797124445
25,100,11,0.0
25,200,0,0.012920871376991272
25,200,1,0.00738094886764884
25,200,2,0.005057120230048895
25,200,3,0.00399361876770854
25,200,4,0.0030068536289036274
25,200,5,0.0023662724997848272
25,200,6,0.0016380661400035024
25,200,7,0.0015355009818449616
25,200,8,0.0007982795941643417
25,200,9,0.00030564467306248844
25,200,10,0.00014389755961019546
25,200,11,0.0
25,300,0,0.013110920786857605
25,300,1,0.007361540570855141
25,300,2,0.004972858354449272
25,300,3,0.004034023266285658
25,300,4,0.003151505021378398
25,300,5,0.0022564884275197983
25,300,6,0.0016299763228744268
25,300,7,0.0015377999516204
25,300,8,0.0007448220858350396
25,300,9,0.00032014184398576617
25,300,10,0.00015417275426443666
25,300,11,0.0
25,400,0,0.013043710961937904
25,400,1,0.008044429123401642
25,400,2,0.004805434495210648
25,400,3,0.004072575364261866
25,400,4,0.0034926605876535177
25,400,5,0.0025172254536300898
25,400,6,0.001636480912566185
25,400,7,0.0015667997067794204
25,400,8,0.0007956602494232357
25,400,9,0.0003068997757509351
25,400,10,0.00014777426258660853
25,400,11,0.0
25,500,0,0.01197991706430912
25,500,1,0.007599011063575745
25,500,2,0.005242977757006884
25,500,3,0.0040779090486466885
25,500,4,0.003189877839758992
25,500,5,0.002413809532299638
25,500,6,0.0016531407600268722
25,500,7,0.0015615401789546013
25,500,8,0.000779980153311044
25,500,9,0.00032976301736198366
25,500,10,0.00015303886902984232
25,500,11,0.0
25,600,0,0.012669873423874378
25,600,1,0.006844419054687023
25,600,2,0.004844582173973322
25,600,3,0.004038054496049881
25,600,4,0.0032023333478718996
25,600,5,0.002505641896277666
25,600,6,0.0017362398793920875
25,600,7,0.0014516229275614023
25,600,8,0.0007378659211099148
25,600,9,0.00031559570925310254
25,600,10,0.00014868192374706268
25,600,11,0.0
25,700,0,0.013621258549392223
25,700,1,0.007568708620965481
25,700,2,0.004999237135052681
25,700,3,0.004429739434272051
25,700,4,0.003088743891566992
25,700,5,0.0023757449816912413
25,700,6,0.0016694298246875405
25,700,7,0.001454122713766992
25,700,8,0.0007068911800161004
25,700,9,0.00029845137032680213
25,700,10,0.00014199108409229666
25,700,11,0.0
25,800,0,0.012878362089395523
25,800,1,0.008200653828680515
25,800,2,0.004796753171831369
25,800,3,0.004062791354954243
25,800,4,0.0031031696125864983
25,800,5,0.0024654462467879057
25,800,6,0.0016238195821642876
25,800,7,0.001498623751103878
25,800,8,0.0007705682655796409
25,800,9,0.0003083237970713526
25,800,10,0.00014374083548318595
25,800,11,0.0
25,900,0,0.013501066714525223
25,900,1,0.007408523000776768
25,900,2,0.005012585315853357
25,900,3,0.0040294937789440155
25,900,4,0.003013246227055788
25,900,5,0.00232745916582644
25,900,6,0.0016970658907666802
25,900,7,0.0014401341322809458
25,900,8,0.0007157882791943848
25,900,9,0.00029536307556554675
25,900,10,0.0001401382323820144
25,900,11,0.0
25,1000,0,0.013662146404385567
25,1000,1,0.008530736900866032
25,1000,2,0.004786932375282049
25,1000,3,0.004004817456007004
25,1000,4,0.0033854900393635035
25,1000,5,0.002492733998224139
25,1000,6,0.0016561378724873066
25,1000,7,0.0015373083297163248
25,1000,8,0.000792255683336407
25,1000,9,0.0003059281734749675
25,1000,10,0.000156285212142393
25,1000,11,0.0
25,1100,0,0.014664820395410061
25,1100,1,0.008725358173251152
25,1100,2,0.005002352874726057
25,1100,3,0.0041117919608950615
25,1100,4,0.003088496858254075
25,1100,5,0.002475464018061757
25,1100,6,0.0016410532407462597
25,1100,7,0.001646419521421194
25,1100,8,0.0007951898733153939
25,1100,9,0.0003093344275839627
25,1100,10,0.00015208650438580662
25,1100,11,0.0
25,1200,0,0.013665449805557728
25,1200,1,0.007804941851645708
25,1200,2,0.004828453529626131
25,1200,3,0.0038998981472104788
25,1200,4,0.003042154014110565
25,1200,5,0.0024559840094298124
25,1200,6,0.0017317587044090033
25,1200,7,0.0015371671179309487
25,1200,8,0.0007550600566901267
25,1200,9,0.00029286157223396003
25,1200,10,0.00014503725105896592
25,1200,11,0.0
26,0,0,0.012963209301233292
26,0,1,0.007763429544866085
26,0,2,0.004775443580001593
26,0,3,0.0038303013425320387
26,0,4,0.0030850679613649845
26,0,5,0.0024246922694146633
26,0,6,0.0017003618413582444
26,0,7,0.0015657399781048298
26,0,8,0.0007933234446682036
26,0,9,0.0003074646519962698
26,0,10,0.00015518334112130105
26,0,11,0.0
26,100,0,0.013163321651518345
26,100,1,0.0069312965497374535
26,100,2,0.004843464586883783
26,100,3,0.0038642140571027994
26,100,4,0.0031807543709874153
26,100,5,0.0023776462767273188
26,100,6,0.0017097021918743849
26,100,7,0.0015941160963848233
26,100,8,0.000735392386559397
26,100,9,0.0003143940994050354
26,100,10,0.0001551988098071888
26,100,11,0.0
26,200,0,0.014681324362754822
26,200,1,0.0076124537736177444
26,200,2,0.005107153672724962
26,200,3,0.0040907119400799274
26,200,4,0.002919432707130909
26,200,5,0.002516170497983694
26,200,6,0.0015997813316062093
26,200,7,0.0014109450858086348
26,200,8,0.0007195511716417968
26,200,9,0.00028831875533796847
26,200,10,0.00015205574163701385
26,200,11,0.0
26,300,0,0.014751975424587727
26,300,1,0.008120788261294365
26,300,2,0.005525246262550354
26,300,3,0.004420465789735317
26,300,4,0.0033841184340417385
26,300,5,0.0026910167653113604
26,300,6,0.0017101428238674998
26,300,7,0.0014750550035387278
26,300,8,0.0008156334515661001
26,300,9,0.00034348139888606966
26,300,10,0.00016270075866486877
26,300,11,0.0
26,400,0,0.014483935199677944
26,400,1,0.00816720724105835
26,400,2,0.005170082673430443
26,400,3,0.004094281233847141
26,400,4,0.0033501205034554005
26,400,5,0.002490339567884803
26,400,6,0.0017842305824160576
26,400,7,0.0015859325649216771
26,400,8,0.0007785143097862601
26,400,9,0.00032219933927990496
26,400,10,0.00014292911509983242
26,400,11,0.0
26,500,0,0.014758821576833725
26,500,1,0.008283204399049282
26,500,2,0.00532944593578577
26,500,3,0.003989492077380419
26,500,4,0.003141277004033327
26,500,5,0.0025258816312998533
26,500,6,0.0016615749336779118
26,500,7,0.0013816728023812175
26,500,8,0.0007210337789729238
26,500,9,0.00028647316503338516
26,500,10,0.00014730608381796628
26,500,11,0.0
26,600,0,0.014378267340362072
26,600,1,0.007067354861646891
26,600,2,0.005092963110655546
26,600,3,0.0040282211266458035
26,600,4,0.0030826134607195854
26,600,5,0.0023453233297914267
26,600,6,0.0016078001353889704
26,600,7,0.0015220962231978774
26,600,8,0.0007518517668358982
26,600,9,0.00030131233506835997
26,600,10,0.0001442625798517838
26,600,11,0.0
26,700,0,0.012845424935221672
26,700,1,0.007341547403484583
26,700,2,0.0048552644439041615
26,700,3,0.0037510425318032503
26,700,4,0.0033811877947300673
26,700,5,0.0024138411972671747
26,700,6,0.0016440261388197541
26,700,7,0.0015166779048740864
26,700,8,0.0007602947880513966
26,700,9,0.000293457560474053
26,700,10,0.0001605461584404111
26,700,11,0.0
26,800,0,0.015210946090519428
26,800,1,0.008044018410146236
26,800,2,0.004861824214458466
26,800,3,0.003918987698853016
26,800,4,0.002949027344584465
26,800,5,0.0024795643985271454
26,800,6,0.0016879718750715256
26,800,7,0.0015817516250535846
26,800,8,0.0007701801951043308
26,800,9,0.00029818195616826415
26,800,10,0.0001483423839090392
26,800,11,0.0
26,900,0,0.014933149330317974
26,900,1,0.008275768719613552
26,900,2,0.005488502327352762
26,900,3,0.004318620543926954
26,900,4,0.00316601456142962
26,900,5,0.0024792568292468786
26,900,6,0.0016943690134212375
26,900,7,0.0015977713046595454
26,900,8,0.0007866169326007366
26,900,9,0.0003178218612447381
26,900,10,0.0001535949995741248
26,900,11,0.0
26,1000,0,0.015720153227448463
26,1000,1,0.008048987947404385
26,1000,2,0.005213480442762375
26,1000,3,0.004208289086818695
26,1000,4,0.0032218589913100004
26,1000,5,0.0023179780691862106
26,1000,6,0.0017146837199106812
26,1000,7,0.0014780368655920029
26,1000,8,0.0007189898169599473
26,1000,9,0.00030104414327070117
26,1000,10,0.00013436934386845678
26,1000,11,0.0
26,1100,0,0.015260056592524052
26,1100,1,0.007350744679570198
26,1100,2,0.005065620876848698
26,1100,3,0.004010012373328209
26,1100,4,0.0029530171304941177
26,1100,5,0.0022839957382529974
26,1100,6,0.0015910762595012784
26,1100,7,0.0015051556983962655
26,1100,8,0.0007059712079353631
26,1100,9,0.0002889408206101507
26,1100,10,0.00014954840298742056
26,1100,11,0.0
26,1200,0,0.014631594531238079
26,1200,1,0.008105769753456116
26,1200,2,0.0053041898645460606
26,1200,3,0.004250149708241224
26,1200,4,0.0030441260896623135
26,1200,5,0.0027350399177521467
26,1200,6,0.001608199323527515
26,1200,7,0.0015463614836335182
26,1200,8,0.0007734349928796291
26,1200,9,0.00029976735822856426
26,1200,10,0.00014972117787692696
26,1200,11,0.0
27,0,0,0.015246649272739887
27,0,1,0.007856971584260464
27,0,2,0.005061120260506868
27,0,3,0.003960475791245699
27,0,4,0.003163359360769391
27,0,5,0.0025378603022545576
27,0,6,0.0015674819005653262
27,0,7,0.0015900939470157027
27,0,8,0.0007656887755729258
27,0,9,0.0002872509940061718
27,0,10,0.00015285800327546895
27,0,11,0.0
27,100,0,0.015877699479460716
27,100,1,0.008289501070976257
27,100,2,0.004940001759678125
27,100,3,0.004153249319642782
27,100,4,0.003324354998767376
27,100,5,0.0025105259846895933
27,100,6,0.0017534960061311722
27,100,7,0.0016601316165179014
27,100,8,0.0007962195668369532
27,100,9,0.00029674198594875634
27,100,10,0.00015482584421988577
27,100,11,0.0
27,200,0,0.015290869399905205
27,200,1,0.007560976315289736
27,200,2,0.005178617313504219
27,200,3,0.00412248820066452
27,200,4,0.0030467913020402193
27,200,5,0.0023146960884332657
27,200,6,0.0016157780773937702
27,200,7,0.0015537994913756847
27,200,8,0.0007745874463580549
27,200,9,0.0003044652985408902
27,200,10,0.0001589999592397362
27,200,11,0.0
27,300,0,0.01588049903512001
27,300,1,0.00865669921040535
27,300,2,0.0054073696956038475
27,300,3,0.004173422232270241
27,300,4,0.003449447685852647
27,300,5,0.002420856850221753
27,300,6,0.001716568018309772
27,300,7,0.00154043547809124
27,300,8,0.0008230363600887358
27,300,9,0.00029983746935613453
27,300,10,0.00015593477291986346
27,300,11,0.0
27,400,0,0.014671433717012405
27,400,1,0.008764958940446377
27,400,2,0.005260866601020098
27,400,3,0.004112305585294962
27,400,4,0.003027780447155237
27,400,5,0.0024150267709046602
27,400,6,0.0016912800492718816
27,400,7,0.001656829030252993
27,400,8,0.0007353674154728651
27,400,9,0.00030648557003587484
27,400,10,0.0001571768952999264
27,400,11,0.0
27,500,0,0.015618148259818554
27,500,1,0.007999652065336704
27,500,2,0.005052504129707813
27,500,3,0.0038358664605766535
27,500,4,0.0028609854634851217
27,500,5,0.0023582703433930874
27,500,6,0.0015624500811100006
27,500,7,0.0014174120733514428
27,500,8,0.0007573916809633374
27,500,9,0.00027916289400309324
27,500,10,0.0001406230148859322
27,500,11,0.0
27,600,0,0.014935584738850594
27,600,1,0.008681878447532654
27,600,2,0.0051868027076125145
27,600,3,0.004263094160705805
27,600,4,0.0030503664165735245
27,600,5,0.002369294874370098
27,600,6,0.0016897991299629211
27,600,7,0.0014880129601806402
27,600,8,0.0007731177611276507
27,600,9,0.0003170783456880599
27,600,10,0.0001485379907535389
27,600,11,0.0
27,700,0,0.015499060973525047
27,700,1,0.00749853253364563
27,700,2,0.005278486758470535
27,700,3,0.0040186187252402306
27,700,4,0.003177035367116332
27,700,5,0.0024998218286782503
27,700,6,0.0015259234933182597
27,700,7,0.0014868560247123241
27,700,8,0.0007229916518554091
27,700,9,0.0002837330976035446
27,700,10,0.000140164396725595
27,700,11,0.0
27,800,0,0.016346752643585205
27,800,1,0.009264685213565826
27,800,2,0.00525558739900589
27,800,3,0.004340867977589369
27,800,4,0.0031870389357209206
27,800,5,0.002382849808782339
27,800,6,0.0016128869028761983
27,800,7,0.00152281962800771
27,800,8,0.0007585042039863765
27,800,9,0.0003182044019922614
27,800,10,0.00015417623217217624
27,800,11,0.0
27,900,0,0.01556288544088602
27,900,1,0.007237136829644442
27,900,2,0.005108422599732876
27,900,3,0.003976564854383469
27,900,4,0.0029150526970624924
27,900,5,0.0024498228449374437
27,900,6,0.001691168756224215
27,900,7,0.0015673758462071419
27,900,8,0.0007444905349984765
27,900,9,0.0002968760090880096
27,900,10,0.00015088093641679734
27,900,11,0.0
27,1000,0,0.01448820997029543
27,1000,1,0.007291395217180252
27,1000,2,0.004829473793506622
27,1000,3,0.0036697678733617067
27,1000,4,0.0029005103278905153
27,1000,5,0.0022413143888115883
27,1000,6,0.0016463870415464044
27,1000,7,0.0015030198264867067
27,1000,8,0.000705404847394675
27,1000,9,0.0002848582516890019
27,1000,10,0.00013998830399941653
27,1000,11,0.0
27,1100,0,0.015987331047654152
27,1100,1,0.008381630294024944
27,1100,2,0.005646870471537113
27,1100,3,0.0041112350299954414
27,1100,4,0.0032388598192483187
27,1100,5,0.0024107361678034067
27,1100,6,0.001697003492154181
27,1100,7,0.001531692105345428
27,1100,8,0.0007625469588674605
27,1100,9,0.00029879852081649005
27,1100,10,0.00015077552234288305
27,1100,11,0.0
27,1200,0,0.016411099582910538
27,1200,1,0.007650069426745176
27,1200,2,0.004986229352653027
27,1200,3,0.0037087476812303066
27,1200,4,0.002962545258924365
27,1200,5,0.0023562400601804256
27,1200,6,0.0016981317894533277
27,1200,7,0.0015112531837075949
27,1200,8,0.0007690686616115272
27,1200,9,0.00032621726859360933
27,1200,10,0.00015767512377351522
27,1200,11,0.0
28,0,0,0.01481121126562357
28,0,1,0.00807240977883339
28,0,2,0.0051832040771842
28,0,3,0.00394565612077713
28,0,4,0.0029346339870244265
28,0,5,0.0021583279594779015
28,0,6,0.0016213265480473638
28,0,7,0.0013794041005894542
28,0,8,0.0007060641655698419
28,0,9,0.00030581510509364307
28,0,10,0.000139213414513506
28,0,11,0.0
28,100,0,0.01586822047829628
28,100,1,0.008352016098797321
28,100,2,0.005299428012222052
28,100,3,0.003988917451351881
28,100,4,0.003325816709548235
28,100,5,0.0024311342276632786
28,100,6,0.0017477895598858595
28,100,7,0.0014207683270797133
28,100,8,0.0007535609183833003
28,100,9,0.0002952560316771269
28,100,10,0.00015277987404260784
28,100,11,0.0
28,200,0,0.016069719567894936
28,200,1,0.008345692418515682
28,200,2,0.0057520330883562565
28,200,3,0.0040497733280062675
28,200,4,0.00340540730394423
28,200,5,0.0025842483155429363
28,200,6,0.0016956320032477379
28,200,7,0.001598991802893579
28,200,8,0.0007847144152037799
28,200,9,0.0003350182087160647
28,200,10,0.00016117034829221666
28,200,11,0.0
28,300,0,0.01832626760005951
28,300,1,0.008503620512783527
28,300,2,0.0055791111662983894
28,300,3,0.0039094360545277596
28,300,4,0.0030172381084412336
28,300,5,0.002494209911674261
28,300,6,0.0016920651542022824
28,300,7,0.0015081509482115507
28,300,8,0.0007702416623942554
28,300,9,0.0003314856148790568
28,300,10,0.00015008954505901784
28,300,11,0.0
28,400,0,0.01584920473396778
28,400,1,0.00796753540635109
28,400,2,0.005382699891924858
28,400,3,0.003941094037145376
28,400,4,0.0030862553976476192
28,400,5,0.0023956582881510258
28,400,6,0.0015596931334584951
28,400,7,0.001535097835585475
28,400,8,0.0007584180566482246
28,400,9,0.00029393384465947747
28,400,10,0.00015327153960242867
28,400,11,0.0
28,500,0,0.017121197655797005
28,500,1,0.008221332915127277
28,500,2,0.005262603517621756
28,500,3,0.004064271692186594
28,500,4,0.0030094794929027557
28,500,5,0.002191555919125676
28,500,6,0.0016659869579598308
28,500,7,0.0014238129369914532
28,500,8,0.0007654381333850324
28,500,9,0.00027832118212245405
28,500,10,0.0001538577926112339
28,500,11,0.0
28,600,0,0.0175066776573658
28,600,1,0.00891793705523014
28,600,2,0.005459034815430641
28,600,3,0.004045089706778526
28,600,4,0.0031609477009624243
28,600,5,0.002519147703424096
28,600,6,0.001645215437747538
28,600,7,0.0014244101475924253
28,600,8,0.0007522559026256204
28,600,9,0.0002894950157497078
28,600,10,0.00015284831169992685
28,600,11,0.0
28,700,0,0.01818009465932846
28,700,1,0.008575760759413242
28,700,2,0.005384254269301891
28,700,3,0.0043430086225271225
28,700,4,0.003128398209810257
28,700,5,0.0026319874450564384
28,700,6,0.0017583481967449188
28,700,7,0.0015164276119321585
28,700,8,0.0008573767845518887
28,700,9,0.0003171078278683126
28,700,10,0.00015889163478277624
28,700,11,0.0
28,800,0,0.016168534755706787
28,800,1,0.007712738122791052
28,800,2,0.005394507199525833
28,800,3,0.004102830309420824
28,800,4,0.0029773812275379896
28,800,5,0.002476816065609455
28,800,6,0.0017595564713701606
28,800,7,0.0015700607327744365
28,800,8,0.0007315669790841639
28,800,9,0.00030148413497954607
28,800,10,0.00015167075616773218
28,800,11,0.0
28,900,0,0.01781194843351841
28,900,1,0.00864090770483017
28,900,2,0.005688874516636133
28,900,3,0.003985634073615074
28,900,4,0.00316850608214736
28,900,5,0.0026036344934254885
28,900,6,0.0016993386670947075
28,900,7,0.001533288392238319
28,900,8,0.000782876624725759
28,900,9,0.00030192366102710366
28,900,10,0.000156211041030474
28,900,11,0.0
28,1000,0,0.018313584849238396
28,1000,1,0.008528324775397778
28,1000,2,0.00562333595007658
28,1000,3,0.004116762429475784
28,1000,4,0.0031046709045767784
28,1000,5,0.002401134232059121
28,1000,6,0.0017608283087611198
28,1000,7,0.001537818112410605
28,1000,8,0.0007721514557488263
28,1000,9,0.00035246374318376184
28,1000,10,0.00015002700092736632
28,1000,11,0.0
28,1100,0,0.01826435886323452
28,1100,1,0.008132820948958397
28,1100,2,0.0052953786216676235
28,1100,3,0.0041277226991951466
28,1100,4,0.002944061066955328
28,1100,5,0.0026174280792474747
28,1100,6,0.001619349350221455
28,1100,7,0.0014374367892742157
28,1100,8,0.0007929127314127982
28,1100,9,0.0002975214447360486
28,1100,10,0.00015844857261981815
28,1100,11,0.0
28,1200,0,0.017301185056567192
28,1200,1,0.007398361340165138
28,1200,2,0.005339528899639845
28,1200,3,0.0039581977762281895
28,1200,4,0.003033791668713093
28,1200,5,0.0024497846607118845
28,1200,6,0.0017205285839736462
28,1200,7,0.0014871660387143493
28,1200,8,0.0007334210677072406
28,1200,9,0.0002931537455879152
28,1200,10,0.00015105601050890982
28,1200,11,0.0
29,0,0,0.019833145663142204
29,0,1,0.009429220110177994
29,0,2,0.005244889762252569
29,0,3,0.003927809186279774
29,0,4,0.003022885648533702
29,0,5,0.00223587010987103
29,0,6,0.0016042460920289159
29,0,7,0.001503477105870843
29,0,8,0.0007717807893641293
29,0,9,0.000314326403895393
29,0,10,0.0001483743399148807
29,0,11,0.0
29,100,0,0.019047709181904793
29,100,1,0.008394545875489712
29,100,2,0.005682750139385462
29,100,3,0.004098118748515844
29,100,4,0.0032456782646477222
29,100,5,0.002345286775380373
29,100,6,0.0016287375474348664
29,100,7,0.0013687292812392116
29,100,8,0.0007821614271961153
29,100,9,0.0002988191554322839
29,100,10,0.0001554404734633863
29,100,11,0.0
29,200,0,0.018855534493923187
29,200,1,0.008401688188314438
29,200,2,0.005400015506893396
29,200,3,0.004261619411408901
29,200,4,0.0029787912499159575
29,200,5,0.002339722588658333
29,200,6,0.0015232773730531335
29,200,7,0.0013720481656491756
29,200,8,0.0007815969293005764
29,200,9,0.00028944783844053745
29,200,10,0.00015104567864909768
29,200,11,0.0
29,300,0,0.01942390203475952
29,300,1,0.00925289187580347
29,300,2,0.005873857997357845
29,300,3,0.0041520860977470875
29,300,4,0.003388740587979555
29,300,5,0.0026091940235346556
29,300,6,0.0017711487598717213
29,300,7,0.0015108803054317832
29,300,8,0.0007320691947825253
29,300,9,0.0003084187628701329
29,300,10,0.00015083185280673206
29,300,11,0.0
29,400,0,0.017812762409448624
29,400,1,0.008296230807900429
29,400,2,0.005491139832884073
29,400,3,0.004119269549846649
29,400,4,0.0031088804826140404
29,400,5,0.0024621349293738604
29,400,6,0.0016633740160614252
29,400,7,0.0014688394730910659
29,400,8,0.0007870332337915897
29,400,9,0.00030283656087704003
29,400,10,0.00014830270083621144
29,400,11,0.0
29,500,0,0.01952867954969406
29,500,1,0.009116925299167633
29,500,2,0.005669295322149992
29,500,3,0.004153306595981121
29,500,4,0.0031901965849101543
29,500,5,0.00253411871381104
29,500,6,0.0017211348749697208
29,500,7,0.0015519841108471155
29,500,8,0.0007831950788386166
29,500,9,0.00030914932722225785
29,500,10,0.00014643438044004142
29,500,11,0.0
29,600,0,0.019204409793019295
29,600,1,0.00795460119843483
29,600,2,0.0055069634690880775
29,600,3,0.004197161179035902
29,600,4,0.003328765509650111
29,600,5,0.002406227169558406
29,600,6,0.0018362430855631828
29,600,7,0.0015463309828191996
29,600,8,0.0008193288813345134
29,600,9,0.00030421619885601103
29,600,10,0.00016131233132909983
29,600,11,0.0
29,700,0,0.023444531485438347
29,700,1,0.009310932829976082
29,700,2,0.005538245663046837
29,700,3,0.0043416800908744335
29,700,4,0.003307189093902707
29,700,5,0.0025301212444901466
29,700,6,0.0016415114514529705
29,700,7,0.001561337965540588
29,700,8,0.0008137794793583453
29,700,9,0.00031601160299032927
29,700,10,0.00014343390648718923
29,700,11,0.0
29,800,0,0.021668074652552605
29,800,1,0.0094086779281497
29,800,2,0.005386511795222759
29,800,3,0.003999911714345217
29,800,4,0.003069219645112753
29,800,5,0.002322640037164092
29,800,6,0.0016498902114108205
29,800,7,0.0014316221931949258
29,800,8,0.0008199704461731017
29,800,9,0.00030949810752645135
29,800,10,0.00016398799198213965
29,800,11,0.0
29,900,0,0.020815560594201088
29,900,1,0.008751890622079372
29,900,2,0.005921528209000826
29,900,3,0.004296709317713976
29,900,4,0.0033263724762946367
29,900,5,0.002366469707340002
29,900,6,0.0016366388881579041
29,900,7,0.0016353997634723783
29,900,8,0.0008532856008969247
29,900,9,0.00029880384681746364
29,900,10,0.00015600585902575403
29,900,11,0.0
29,1000,0,0.020222702994942665
29,1000,1,0.008502875454723835
29,1000,2,0.005260234698653221
29,1000,3,0.004107948392629623
29,1000,4,0.0030028028413653374
29,1000,5,0.0021619684994220734
29,1000,6,0.0016993724275380373
29,1000,7,0.001518532051704824
29,1000,8,0.0007357309223152697
29,1000,9,0.00031420131563208997
29,1000,10,0.00014340970665216446
29,1000,11,0.0
29,1100,0,0.019274136051535606
29,1100,1,0.007717214524745941
29,1100,2,0.0054870108142495155
29,1100,3,0.004099685698747635
29,1100,4,0.00314124277792871
29,1100,5,0.0025050698313862085
29,1100,6,0.0016654334031045437
29,1100,7,0.0014524759026244283
29,1100,8,0.0008096135570667684
29,1100,9,0.0003164680674672127
29,1100,10,0.0001539462828077376
29,1100,11,0.0
29,1200,0,0.022673457860946655
29,1200,1,0.009743859991431236
29,1200,2,0.005597007926553488
29,1200,3,0.004040534142404795
29,1200,4,0.0030167538207024336
29,1200,5,0.0023853762540966272
29,1200,6,0.001695734797976911
29,1200,7,0.001585344085469842
29,1200,8,0.000784662610385567
29,1200,9,0.0002958119730465114
29,1200,10,0.00014964054571464658
29,1200,11,0.0
30,0,0,0.021755220368504524
30,0,1,0.008556077256798744
30,0,2,0.0053783804178237915
30,0,3,0.003920215182006359
30,0,4,0.0034180667717009783
30,0,5,0.002600574167445302
30,0,6,0.0017438882496207952
30,0,7,0.00157997477799654
30,0,8,0.00082171312533319
30,0,9,0.00029997332603670657
30,0,10,0.00014694550191052258
30,0,11,0.0
30,100,0,0.021102722734212875
30,100,1,0.00908153411000967
30,100,2,0.005469081923365593
30,100,3,0.0038355987053364515
30,100,4,0.0030036941170692444
30,100,5,0.002499409718438983
30,100,6,0.0016707527684047818
30,100,7,0.0017216410487890244
30,100,8,0.0008364793029613793
30,100,9,0.0003095902793575078
30,100,10,0.00015531221288256347
30,100,11,0.0
30,200,0,0.02164398320019245
30,200,1,0.009077225811779499
30,200,2,0.005649190861731768
30,200,3,0.0038854568265378475
30,200,4,0.0031185471452772617
30,200,5,0.0025995555333793163
30,200,6,0.0016290683997794986
30,200,7,0.0014254897832870483
30,200,8,0.0007628034218214452
30,200,9,0.0003230332804378122
30,200,10,0.0001475455501349643
30,200,11,0.0
30,300,0,0.022854583337903023
30,300,1,0.009045872837305069
30,300,2,0.0052936384454369545
30,300,3,0.0041045392863452435
30,300,4,0.0029707925859838724
30,300,5,0.0024537979625165462
30,300,6,0.0017706324579194188
30,300,7,0.0014600331196561456
30,300,8,0.000752034189645201
30,300,9,0.00031817349372431636
30,300,10,0.00016441242769360542
30,300,11,0.0
30,400,0,0.02163737639784813
30,400,1,0.009015447460114956
30,400,2,0.005568428430706263
30,400,3,0.003947898279875517
30,400,4,0.0030783365946263075
30,400,5,0.002534391125664115
30,400,6,0.001816092524677515
30,400,7,0.0014669342199340463
30,400,8,0.0007928237901069224
30,400,9,0.00030608364613726735
30,400,10,0.00014776673924643546
30,400,11,0.0
30,500,0,0.02165067195892334
30,500,1,0.009564829990267754
30,500,2,0.0057265376672148705
30,500,3,0.003927510231733322
30,500,4,0.0029408354312181473
30,500,5,0.002408066764473915
30,500,6,0.0016837118891999125
30,500,7,0.0013799566077068448
30,500,8,0.0007286337786354125
30,500,9,0.0002732207940425724
30,500,10,0.00014671498502139002
30,500,11,0.0
30,600,0,0.022581767290830612
30,600,1,0.009216701611876488
30,600,2,0.0055494485422968864
30,600,3,0.003933669999241829
30,600,4,0.0032006234396249056
30,600,5,0.0023340776097029448
30,600,6,0.0016927451360970736
30,600,7,0.0015396836679428816
30,600,8,0.0007709903875365853
30,600,9,0.0002976306132040918
30,600,10,0.0001579179079271853
30,600,11,0.0
30,700,0,0.023124463856220245
30,700,1,0.009582871571183205
30,700,2,0.00569844851270318
30,700,3,0.004473147913813591
30,700,4,0.0029201386496424675
30,700,5,0.002588643692433834
30,700,6,0.001808828441426158
30,700,7,0.0015904108295217156
30,700,8,0.000844163354486227
30,700,9,0.0003044319455511868
30,700,10,0.00015231977158691734
30,700,11,0.0
30,800,0,0.02152152732014656
30,800,1,0.008662118576467037
30,800,2,0.0053731296211481094
30,800,3,0.00400375435128808
30,800,4,0.002880541142076254
30,800,5,0.002399784279987216
30,800,6,0.0016010092804208398
30,800,7,0.0015047361375764012
30,800,8,0.0007750437362119555
30,800,9,0.0002882333646994084
30,800,10,0.00015892235387582332
30,800,11,0.0
30,900,0,0.023205989971756935
30,900,1,0.008689772337675095
30,900,2,0.00524233840405941
30,900,3,0.003927009180188179
30,900,4,0.002954802243039012
30,900,5,0.002287051873281598
30,900,6,0.0017174624372273684
30,900,7,0.0015538090374320745
30,900,8,0.0007489781710319221
30,900,9,0.0003072908439207822
30,900,10,0.00014877089415676892
30,900,11,0.0
30,1000,0,0.024299532175064087
30,1000,1,0.010120443999767303
30,1000,2,0.005593463312834501
30,1000,3,0.004117961507290602
30,1000,4,0.0031672108452767134
30,1000,5,0.0024990681558847427
30,1000,6,0.001758892321959138
30,1000,7,0.0014857129426673055
30,1000,8,0.0008342069340869784
30,1000,9,0.0003050156810786575
30,1000,10,0.00015614120638929307
30,1000,11,0.0
30,1100,0,0.022644104436039925
30,1100,1,0.010249927639961243
30,1100,2,0.005825838539749384
30,1100,3,0.00431482121348381
30,1100,4,0.003376529086381197
30,1100,5,0.0025399764999747276
30,1100,6,0.0017011439194902778
30,1100,7,0.001532752183265984
30,1100,8,0.0008086172165349126
30,1100,9,0.0003200675128027797
30,1100,10,0.00015317107317969203
30,1100,11,0.0
30,1200,0,0.025485143065452576
30,1200,1,0.00986931100487709
30,1200,2,0.005564727354794741
30,1200,3,0.004317707847803831
30,1200,4,0.0031763287261128426
30,1200,5,0.002729872241616249
30,1200,6,0.0017323399661108851
30,1200,7,0.0015258091734722257
30,1200,8,0.0008350373827852309
30,1200,9,0.0003172706929035485
30,1200,10,0.00015189958503469825
30,1200,11,0.0
