work_package,split_name,split_sha256,git_sha,generated_by,run_id,arch,recipe_actual,cell,variant,provenance_tag,ckpt_sha256,condition_id,stage,basis,n_images,n_positions,grid_side,n_prefix,tau,source,mass,count_per_image,p_any,entropy_normalized,entropy_normalized_excess,gini,gini_null,gini_excess,top5_share,top5_share_uniform,top5_share_excess,eta2_pos,position_rel_se,ring0_freq,ring1_freq,ring2_freq,ring3_freq,ring4_freq,ring5_freq,ring6_freq,ring0_share,ring1_share,peak_ring,centre_freq,ring1_minus_ring0,ring1_freq_conditional,ring1_freq_share,split_half_rho,split_half_p,split_half_n_transforms,bootstrap_seed,note
I1_spatial,val_diag_split,bcb2a4c5a8f5335a71f7abef3c3a5dc028acd4b96aa76177e66360422186f8a5,202a712d9392527cbf2fe99525a42a1d45d01aca,analysis/frozen_I1_spatial.py,e2r_vitb_mixup_baseline_s1,vit_base,mixup,vit_base|mixup,baseline,s1,316211c719c41113c1f9bffa7f500e158d727c0f0998e41869796209a3fd1339,native,s11_out,fixed_cal,10000,196,14,1,96.169556,results\frozen\I1_spatial\val_diag_split\e2r_vitb_mixup_baseline_s1\maps_s11_out.npz,13.2949,13.2949,1.0,0.95784,-0.042031,0.365654,0.020779,0.344875,0.098241,0.02551,0.070551,0.038978,0.037071,0.045819,0.131741,0.075036,0.049689,0.0277,0.028333,0.032275,0.179212,0.436002,1,0.032275,0.085922,0.131741,0.009909,0.990229,0.000638,1568,0,"conditional = absolute / p_any and share = absolute / mass; all three are proportional, so rankings and Spearman correlations are identical and only the scale differs"
I1_spatial,val_diag_split,bcb2a4c5a8f5335a71f7abef3c3a5dc028acd4b96aa76177e66360422186f8a5,202a712d9392527cbf2fe99525a42a1d45d01aca,analysis/frozen_I1_spatial.py,e2r_vitb_mixup_saga_s1,vit_base,mixup,vit_base|mixup,saga,s1,a4e0e0ccd3b4cd4d40b9f46417d602d8eed4913a29b36f5b3bce78e1dfe77229,native,s11_out,fixed_cal,10000,196,14,1,96.169556,results\frozen\I1_spatial\val_diag_split\e2r_vitb_mixup_saga_s1\maps_s11_out.npz,4.3894,4.3894,1.0,0.915273,-0.084316,0.500096,0.037095,0.463001,0.157106,0.02551,0.12767,0.030059,0.06607,0.008838,0.052761,0.025906,0.013254,0.00851,0.00835,0.00855,0.104707,0.528888,1,0.00855,0.043923,0.052761,0.01202,0.982439,0.000638,1568,0,"conditional = absolute / p_any and share = absolute / mass; all three are proportional, so rankings and Spearman correlations are identical and only the scale differs"
I1_spatial,val_diag_split,bcb2a4c5a8f5335a71f7abef3c3a5dc028acd4b96aa76177e66360422186f8a5,202a712d9392527cbf2fe99525a42a1d45d01aca,analysis/frozen_I1_spatial.py,e2r_vits_mixup_baseline_s1,vit_small,mixup,vit_small|mixup,baseline,s1,3aa41a7225b69146a419c618049d7a9f348d259d3ae750749755e0addc2759ac,native,s11_out,fixed_cal,10000,196,14,1,18.662435,results\frozen\I1_spatial\val_diag_split\e2r_vits_mixup_baseline_s1\maps_s11_out.npz,20.2901,20.2901,1.0,0.982586,-0.017332,0.235672,0.016524,0.219148,0.064381,0.02551,0.037139,0.022984,0.029428,0.075781,0.164861,0.111739,0.087607,0.071565,0.073317,0.077225,0.194213,0.357509,1,0.077225,0.089081,0.164861,0.008125,0.983866,0.000638,1568,0,"conditional = absolute / p_any and share = absolute / mass; all three are proportional, so rankings and Spearman correlations are identical and only the scale differs"
I1_spatial,val_diag_split,bcb2a4c5a8f5335a71f7abef3c3a5dc028acd4b96aa76177e66360422186f8a5,202a712d9392527cbf2fe99525a42a1d45d01aca,analysis/frozen_I1_spatial.py,e2r_vits_mixup_baseline_s2,vit_small,mixup,vit_small|mixup,baseline,s2,baeee13f1864b926489bb186587ec65152fa8a935806fdf491971899db37ca7d,native,s11_out,fixed_cal,10000,196,14,1,18.662435,results\frozen\I1_spatial\val_diag_split\e2r_vits_mixup_baseline_s2\maps_s11_out.npz,17.7173,17.7173,1.0,0.980551,-0.019354,0.250447,0.017795,0.232651,0.064118,0.02551,0.036742,0.021983,0.031722,0.0679,0.14303,0.104961,0.073804,0.05728,0.054692,0.06155,0.199285,0.355206,1,0.06155,0.07513,0.14303,0.008073,0.988092,0.000638,1568,0,"conditional = absolute / p_any and share = absolute / mass; all three are proportional, so rankings and Spearman correlations are identical and only the scale differs"
I1_spatial,val_diag_split,bcb2a4c5a8f5335a71f7abef3c3a5dc028acd4b96aa76177e66360422186f8a5,202a712d9392527cbf2fe99525a42a1d45d01aca,analysis/frozen_I1_spatial.py,e2r_vits_mixup_saga_s1,vit_small,mixup,vit_small|mixup,saga,s1,5afe5394ddb2b3b926d60d03c63462c5778fc39fa9eacb23a1d2655e80f6f5d5,native,s11_out,fixed_cal,10000,196,14,1,18.662435,results\frozen\I1_spatial\val_diag_split\e2r_vits_mixup_saga_s1\maps_s11_out.npz,11.5208,11.5208,1.0,0.967528,-0.032322,0.31897,0.022442,0.296529,0.086452,0.02551,0.058583,0.025096,0.040016,0.037758,0.106291,0.068089,0.043221,0.03402,0.033092,0.035425,0.170422,0.405944,1,0.035425,0.068533,0.106291,0.009226,0.983747,0.000638,1568,0,"conditional = absolute / p_any and share = absolute / mass; all three are proportional, so rankings and Spearman correlations are identical and only the scale differs"
I1_spatial,val_diag_split,bcb2a4c5a8f5335a71f7abef3c3a5dc028acd4b96aa76177e66360422186f8a5,202a712d9392527cbf2fe99525a42a1d45d01aca,analysis/frozen_I1_spatial.py,e2r_vits_mixup_saga_s2,vit_small,mixup,vit_small|mixup,saga,s2,624a6006447345b4fe7f9ee15cedfae3d1c36838cf2f0fe38907261f5e530daf,native,s11_out,fixed_cal,10000,196,14,1,18.662435,results\frozen\I1_spatial\val_diag_split\e2r_vits_mixup_saga_s2\maps_s11_out.npz,12.6597,12.6597,1.0,0.975471,-0.024393,0.279193,0.021331,0.257862,0.07625,0.02551,0.048501,0.020016,0.038055,0.048462,0.110084,0.071533,0.048246,0.038195,0.03695,0.04065,0.199057,0.382608,1,0.04065,0.061623,0.110084,0.008696,0.982268,0.000638,1568,0,"conditional = absolute / p_any and share = absolute / mass; all three are proportional, so rankings and Spearman correlations are identical and only the scale differs"
I1_spatial,val_diag_split,bcb2a4c5a8f5335a71f7abef3c3a5dc028acd4b96aa76177e66360422186f8a5,202a712d9392527cbf2fe99525a42a1d45d01aca,analysis/frozen_I1_spatial.py,e2r_vits_nomix_baseline_s1,vit_small,nomix,vit_small|nomix,baseline,s1,207a5e907fab6e3bf23abafce51b2bc55687b10ae70e65bf72c84b78fbe63c95,native,s11_out,fixed_cal,10000,196,14,1,19.97554,results\frozen\I1_spatial\val_diag_split\e2r_vits_nomix_baseline_s1\maps_s11_out.npz,2.9304,2.9304,0.649,0.989645,-0.009731,0.182233,0.045614,0.136618,0.055351,0.02551,0.025008,0.00184,0.08117,0.018223,0.016561,0.014,0.012129,0.01121,0.011025,0.0135,0.323369,0.248669,0,0.0135,-0.001662,0.025518,0.005652,0.838829,0.000638,1568,0,"conditional = absolute / p_any and share = absolute / mass; all three are proportional, so rankings and Spearman correlations are identical and only the scale differs"
I1_spatial,val_diag_split,bcb2a4c5a8f5335a71f7abef3c3a5dc028acd4b96aa76177e66360422186f8a5,202a712d9392527cbf2fe99525a42a1d45d01aca,analysis/frozen_I1_spatial.py,e2r_vits_nomix_baseline_s2,vit_small,nomix,vit_small|nomix,baseline,s2,50acc743467a51828d2bf24e84f241705e33b1cf6a68a8e7f3a46413ed95d086,native,s11_out,fixed_cal,10000,196,14,1,19.97554,results\frozen\I1_spatial\val_diag_split\e2r_vits_nomix_baseline_s2\maps_s11_out.npz,3.638,3.638,0.7195,0.967211,-0.03229,0.28798,0.04082,0.24716,0.116328,0.02551,0.0865,0.010797,0.072716,0.026583,0.021439,0.015867,0.01245,0.011015,0.010192,0.0125,0.379962,0.259291,0,0.0125,-0.005144,0.029797,0.005893,0.908449,0.000638,1568,0,"conditional = absolute / p_any and share = absolute / mass; all three are proportional, so rankings and Spearman correlations are identical and only the scale differs"
I1_spatial,val_diag_split,bcb2a4c5a8f5335a71f7abef3c3a5dc028acd4b96aa76177e66360422186f8a5,202a712d9392527cbf2fe99525a42a1d45d01aca,analysis/frozen_I1_spatial.py,e2r_vits_nomix_saga_s1,vit_small,nomix,vit_small|nomix,saga,s1,88f72869bae5882f6b8c0791c69ffea51ae55247276106e60d817f27e2a646ce,native,s11_out,fixed_cal,10000,196,14,1,19.97554,results\frozen\I1_spatial\val_diag_split\e2r_vits_nomix_saga_s1\maps_s11_out.npz,0.8576,0.8576,0.2475,0.972336,-0.025507,0.305462,0.084624,0.220838,0.064482,0.02551,0.029778,0.001377,0.150846,0.006692,0.004964,0.003564,0.002789,0.002395,0.002142,0.0028,0.405784,0.254664,0,0.0028,-0.001729,0.020055,0.005788,0.858666,0.000638,1568,0,"conditional = absolute / p_any and share = absolute / mass; all three are proportional, so rankings and Spearman correlations are identical and only the scale differs"
I1_spatial,val_diag_split,bcb2a4c5a8f5335a71f7abef3c3a5dc028acd4b96aa76177e66360422186f8a5,202a712d9392527cbf2fe99525a42a1d45d01aca,analysis/frozen_I1_spatial.py,e2r_vits_nomix_saga_s2,vit_small,nomix,vit_small|nomix,saga,s2,68d64007a4bcae2335cf7ead1fe698e1df73e48ef538f9727c46ddc186ffd5ab,native,s11_out,fixed_cal,10000,196,14,1,19.97554,results\frozen\I1_spatial\val_diag_split\e2r_vits_nomix_saga_s2\maps_s11_out.npz,0.7295,0.7295,0.2247,0.982864,-0.014609,0.240449,0.091582,0.148867,0.05634,0.02551,0.020871,0.000707,0.163608,0.004912,0.003905,0.003192,0.003007,0.00262,0.002867,0.0041,0.350103,0.235504,0,0.0041,-0.001007,0.017377,0.005352,0.734519,0.003827,1568,0,"conditional = absolute / p_any and share = absolute / mass; all three are proportional, so rankings and Spearman correlations are identical and only the scale differs"
I1_spatial,val_diag_split,bcb2a4c5a8f5335a71f7abef3c3a5dc028acd4b96aa76177e66360422186f8a5,202a712d9392527cbf2fe99525a42a1d45d01aca,analysis/frozen_I1_spatial.py,legacy_e2_vit_base_nomixdir_baseline,vit_base,mixup,vit_base|mixup,baseline,legacy-nomixdir,2a7f8c84dc32571e95dc3745422b4960f9dd602433cd42f1e16891b6c491cac5,native,s11_out,fixed_cal,10000,196,14,1,96.169556,results\frozen\I1_spatial\val_diag_split\legacy_e2_vit_base_nomixdir_baseline\maps_s11_out.npz,5.6283,5.6283,1.0,0.912135,-0.087545,0.51394,0.032721,0.481219,0.150116,0.02551,0.121158,0.037861,0.058158,0.009835,0.067361,0.036103,0.017229,0.009235,0.011767,0.01125,0.090862,0.526607,1,0.01125,0.057527,0.067361,0.011968,0.98506,0.000638,1568,0,"conditional = absolute / p_any and share = absolute / mass; all three are proportional, so rankings and Spearman correlations are identical and only the scale differs"
I1_spatial,val_diag_split,bcb2a4c5a8f5335a71f7abef3c3a5dc028acd4b96aa76177e66360422186f8a5,202a712d9392527cbf2fe99525a42a1d45d01aca,analysis/frozen_I1_spatial.py,legacy_e2_vit_base_nomixdir_registers,vit_base,mixup,vit_base|mixup,registers,legacy-nomixdir,82365a311187250c34965c93a13ab435adf7ac2ad655115c855f7708f6f8ddb1,native,s11_out,fixed_cal,10000,196,14,5,96.169556,results\frozen\I1_spatial\val_diag_split\legacy_e2_vit_base_nomixdir_registers\maps_s11_out.npz,0.0641,0.0641,0.0462,0.958828,-0.009675,0.354397,0.305425,0.048972,0.070203,0.02551,0.00735,0.000136,0.552876,0.0003,0.000425,0.000347,0.000296,0.00023,0.000267,0.0003,0.24337,0.291732,1,0.0003,0.000125,0.009199,0.00663,0.118084,0.14477,1568,0,"conditional = absolute / p_any and share = absolute / mass; all three are proportional, so rankings and Spearman correlations are identical and only the scale differs"
I1_spatial,val_diag_split,bcb2a4c5a8f5335a71f7abef3c3a5dc028acd4b96aa76177e66360422186f8a5,202a712d9392527cbf2fe99525a42a1d45d01aca,analysis/frozen_I1_spatial.py,legacy_e2_vit_base_nomixdir_saga,vit_base,mixup,vit_base|mixup,saga,legacy-nomixdir,4a1c5a1fe54692afbffdc25f26b9491c255d826f27aefeec9b74cf775ba43ef2,native,s11_out,fixed_cal,10000,196,14,1,96.169556,results\frozen\I1_spatial\val_diag_split\legacy_e2_vit_base_nomixdir_saga\maps_s11_out.npz,5.0746,5.0746,1.0,0.920114,-0.07953,0.496401,0.03451,0.461891,0.126552,0.02551,0.097398,0.028288,0.061338,0.010971,0.058134,0.033178,0.016079,0.00908,0.0082,0.0054,0.112423,0.504059,1,0.0054,0.047163,0.058134,0.011456,0.985996,0.000638,1568,0,"conditional = absolute / p_any and share = absolute / mass; all three are proportional, so rankings and Spearman correlations are identical and only the scale differs"
I1_spatial,val_diag_split,bcb2a4c5a8f5335a71f7abef3c3a5dc028acd4b96aa76177e66360422186f8a5,202a712d9392527cbf2fe99525a42a1d45d01aca,analysis/frozen_I1_spatial.py,legacy_e2_vit_small_mixupdir_baseline,vit_small,mixup,vit_small|mixup,baseline,legacy-mixupdir,cd926200127b98cbc597ddad82d84fd823376addc0ac1075a98de73b21e7d17d,native,s11_out,fixed_cal,10000,196,14,1,18.662435,results\frozen\I1_spatial\val_diag_split\legacy_e2_vit_small_mixupdir_baseline\maps_s11_out.npz,17.6864,17.6864,1.0,0.982937,-0.016969,0.235051,0.017802,0.21725,0.060753,0.02551,0.03338,0.019203,0.031752,0.06476,0.139145,0.103314,0.081196,0.062665,0.059,0.0606,0.190401,0.346164,1,0.0606,0.074386,0.139145,0.007867,0.983835,0.000638,1568,0,"conditional = absolute / p_any and share = absolute / mass; all three are proportional, so rankings and Spearman correlations are identical and only the scale differs"
I1_spatial,val_diag_split,bcb2a4c5a8f5335a71f7abef3c3a5dc028acd4b96aa76177e66360422186f8a5,202a712d9392527cbf2fe99525a42a1d45d01aca,analysis/frozen_I1_spatial.py,legacy_e2_vit_small_mixupdir_registers,vit_small,mixup,vit_small|mixup,registers,legacy-mixupdir,e50859f062be20cf971cefac39fde542bd3dc47fa272f3ed78abc193b71a8a77,native,s11_out,fixed_cal,10000,196,14,5,18.662435,results\frozen\I1_spatial\val_diag_split\legacy_e2_vit_small_mixupdir_registers\maps_s11_out.npz,2.3117,2.3117,0.7801,0.990101,-0.00911,0.168647,0.05131,0.117337,0.058442,0.02551,0.027444,0.001342,0.091535,0.008708,0.016577,0.012925,0.010643,0.0099,0.01035,0.011,0.195873,0.315525,1,0.011,0.00787,0.02125,0.007171,0.769891,0.000638,1568,0,"conditional = absolute / p_any and share = absolute / mass; all three are proportional, so rankings and Spearman correlations are identical and only the scale differs"
I1_spatial,val_diag_split,bcb2a4c5a8f5335a71f7abef3c3a5dc028acd4b96aa76177e66360422186f8a5,202a712d9392527cbf2fe99525a42a1d45d01aca,analysis/frozen_I1_spatial.py,legacy_e2_vit_small_mixupdir_saga,vit_small,mixup,vit_small|mixup,saga,legacy-mixupdir,92a03a4716ce07c0460eb132720d8a816aaa2bcde49713b86c57c774fef22995,native,s11_out,fixed_cal,10000,196,14,1,18.662435,results\frozen\I1_spatial\val_diag_split\legacy_e2_vit_small_mixupdir_saga\maps_s11_out.npz,7.5684,7.5684,0.9998,0.965549,-0.034216,0.328445,0.028068,0.300377,0.090085,0.02551,0.061616,0.017399,0.049897,0.027004,0.070205,0.043447,0.027682,0.019915,0.019908,0.0247,0.185535,0.408144,1,0.0247,0.043201,0.070219,0.009276,0.97882,0.000638,1568,0,"conditional = absolute / p_any and share = absolute / mass; all three are proportional, so rankings and Spearman correlations are identical and only the scale differs"
I1_spatial,val_diag_split,bcb2a4c5a8f5335a71f7abef3c3a5dc028acd4b96aa76177e66360422186f8a5,202a712d9392527cbf2fe99525a42a1d45d01aca,analysis/frozen_I1_spatial.py,legacy_e2_vit_small_nomixdir_baseline,vit_small,mixup,vit_small|mixup,baseline,legacy-nomixdir,8d980da27a4b571a117e82451c8c9deff126e437206faee5120e069d3667e10d,native,s11_out,fixed_cal,10000,196,14,1,18.662435,results\frozen\I1_spatial\val_diag_split\legacy_e2_vit_small_nomixdir_baseline\maps_s11_out.npz,16.4817,16.4817,1.0,0.978276,-0.021621,0.264128,0.018498,0.245629,0.067657,0.02551,0.040206,0.022893,0.033003,0.056779,0.139511,0.098369,0.068139,0.052525,0.054017,0.0607,0.179138,0.372443,1,0.0607,0.082733,0.139511,0.008465,0.98772,0.000638,1568,0,"conditional = absolute / p_any and share = absolute / mass; all three are proportional, so rankings and Spearman correlations are identical and only the scale differs"
I1_spatial,val_diag_split,bcb2a4c5a8f5335a71f7abef3c3a5dc028acd4b96aa76177e66360422186f8a5,202a712d9392527cbf2fe99525a42a1d45d01aca,analysis/frozen_I1_spatial.py,legacy_e2_vit_small_nomixdir_registers,vit_small,mixup,vit_small|mixup,registers,legacy-nomixdir,7ca33ed755106aa7f0d0b02ebf6ceb003808fc5dc3f78699538de1fba820e536,native,s11_out,fixed_cal,10000,196,14,5,18.662435,results\frozen\I1_spatial\val_diag_split\legacy_e2_vit_small_nomixdir_registers\maps_s11_out.npz,4.107,4.107,0.8887,0.992567,-0.006993,0.148923,0.03838,0.110543,0.051765,0.02551,0.022195,0.001794,0.068355,0.017627,0.029,0.021578,0.018421,0.01689,0.017642,0.018075,0.22318,0.310689,1,0.018075,0.011373,0.032632,0.007061,0.802386,0.000638,1568,0,"conditional = absolute / p_any and share = absolute / mass; all three are proportional, so rankings and Spearman correlations are identical and only the scale differs"
I1_spatial,val_diag_split,bcb2a4c5a8f5335a71f7abef3c3a5dc028acd4b96aa76177e66360422186f8a5,202a712d9392527cbf2fe99525a42a1d45d01aca,analysis/frozen_I1_spatial.py,legacy_e2_vit_small_nomixdir_saga,vit_small,mixup,vit_small|mixup,saga,legacy-nomixdir,a482f5286b2c43ffa8d9f6606b1af24d06962421b808babfdd6b123a56b0f9ee,native,s11_out,fixed_cal,10000,196,14,1,18.662435,results\frozen\I1_spatial\val_diag_split\legacy_e2_vit_small_nomixdir_saga\maps_s11_out.npz,9.5107,9.5107,1.0,0.96411,-0.035705,0.337387,0.024835,0.312553,0.087007,0.02551,0.058885,0.022429,0.044281,0.03169,0.086057,0.060339,0.036421,0.026015,0.022692,0.022925,0.173268,0.398131,1,0.022925,0.054366,0.086057,0.009048,0.979298,0.000638,1568,0,"conditional = absolute / p_any and share = absolute / mass; all three are proportional, so rankings and Spearman correlations are identical and only the scale differs"
I1_spatial,val_diag_split,bcb2a4c5a8f5335a71f7abef3c3a5dc028acd4b96aa76177e66360422186f8a5,202a712d9392527cbf2fe99525a42a1d45d01aca,analysis/frozen_I1_spatial.py,e2r_vitb_mixup_baseline_s1,vit_base,mixup,vit_base|mixup,baseline,s1,316211c719c41113c1f9bffa7f500e158d727c0f0998e41869796209a3fd1339,native,s11_out,mad,10000,196,14,1,MISSING,results\frozen\I1_spatial\val_diag_split\e2r_vitb_mixup_baseline_s1\maps_s11_out.npz,14.1443,14.1443,1.0,0.963851,-0.036028,0.338162,0.020099,0.318063,0.093288,0.02551,0.065667,0.035609,0.035857,0.050513,0.134816,0.079561,0.054432,0.0327,0.032942,0.037025,0.185707,0.419384,1,0.037025,0.084302,0.134816,0.009531,0.989675,0.000638,1568,0,"conditional = absolute / p_any and share = absolute / mass; all three are proportional, so rankings and Spearman correlations are identical and only the scale differs"
I1_spatial,val_diag_split,bcb2a4c5a8f5335a71f7abef3c3a5dc028acd4b96aa76177e66360422186f8a5,202a712d9392527cbf2fe99525a42a1d45d01aca,analysis/frozen_I1_spatial.py,e2r_vitb_mixup_saga_s1,vit_base,mixup,vit_base|mixup,saga,s1,a4e0e0ccd3b4cd4d40b9f46417d602d8eed4913a29b36f5b3bce78e1dfe77229,native,s11_out,mad,10000,196,14,1,MISSING,results\frozen\I1_spatial\val_diag_split\e2r_vitb_mixup_saga_s1\maps_s11_out.npz,19.8246,19.8246,1.0,0.991471,-0.008445,0.159366,0.016745,0.142621,0.055179,0.02551,0.027913,0.010996,0.029811,0.076227,0.141155,0.111747,0.091296,0.084135,0.085683,0.089975,0.199944,0.313288,1,0.089975,0.064928,0.141155,0.00712,0.957117,0.000638,1568,0,"conditional = absolute / p_any and share = absolute / mass; all three are proportional, so rankings and Spearman correlations are identical and only the scale differs"
I1_spatial,val_diag_split,bcb2a4c5a8f5335a71f7abef3c3a5dc028acd4b96aa76177e66360422186f8a5,202a712d9392527cbf2fe99525a42a1d45d01aca,analysis/frozen_I1_spatial.py,e2r_vits_mixup_baseline_s1,vit_small,mixup,vit_small|mixup,baseline,s1,3aa41a7225b69146a419c618049d7a9f348d259d3ae750749755e0addc2759ac,native,s11_out,mad,10000,196,14,1,MISSING,results\frozen\I1_spatial\val_diag_split\e2r_vits_mixup_baseline_s1\maps_s11_out.npz,17.6178,17.6178,1.0,0.977882,-0.022023,0.26692,0.017837,0.249083,0.070775,0.02551,0.043398,0.025582,0.03182,0.066615,0.151164,0.096328,0.071932,0.05556,0.055408,0.06115,0.196619,0.377527,1,0.06115,0.084548,0.151164,0.00858,0.986156,0.000638,1568,0,"conditional = absolute / p_any and share = absolute / mass; all three are proportional, so rankings and Spearman correlations are identical and only the scale differs"
I1_spatial,val_diag_split,bcb2a4c5a8f5335a71f7abef3c3a5dc028acd4b96aa76177e66360422186f8a5,202a712d9392527cbf2fe99525a42a1d45d01aca,analysis/frozen_I1_spatial.py,e2r_vits_mixup_baseline_s2,vit_small,mixup,vit_small|mixup,baseline,s2,baeee13f1864b926489bb186587ec65152fa8a935806fdf491971899db37ca7d,native,s11_out,mad,10000,196,14,1,MISSING,results\frozen\I1_spatial\val_diag_split\e2r_vits_mixup_baseline_s2\maps_s11_out.npz,17.2571,17.2571,1.0,0.980002,-0.019901,0.254978,0.018067,0.236911,0.065254,0.02551,0.037847,0.022199,0.032183,0.06791,0.140343,0.101553,0.070389,0.053365,0.051208,0.060525,0.204629,0.35783,1,0.060525,0.072434,0.140343,0.008132,0.987985,0.000638,1568,0,"conditional = absolute / p_any and share = absolute / mass; all three are proportional, so rankings and Spearman correlations are identical and only the scale differs"
I1_spatial,val_diag_split,bcb2a4c5a8f5335a71f7abef3c3a5dc028acd4b96aa76177e66360422186f8a5,202a712d9392527cbf2fe99525a42a1d45d01aca,analysis/frozen_I1_spatial.py,e2r_vits_mixup_saga_s1,vit_small,mixup,vit_small|mixup,saga,s1,5afe5394ddb2b3b926d60d03c63462c5778fc39fa9eacb23a1d2655e80f6f5d5,native,s11_out,mad,10000,196,14,1,MISSING,results\frozen\I1_spatial\val_diag_split\e2r_vits_mixup_saga_s1\maps_s11_out.npz,15.0671,15.0671,1.0,0.978461,-0.021426,0.259995,0.019431,0.240563,0.073591,0.02551,0.046038,0.021757,0.034653,0.053806,0.127091,0.086953,0.060275,0.05086,0.05145,0.05615,0.185696,0.37114,1,0.05615,0.073285,0.127091,0.008435,0.98077,0.000638,1568,0,"conditional = absolute / p_any and share = absolute / mass; all three are proportional, so rankings and Spearman correlations are identical and only the scale differs"
I1_spatial,val_diag_split,bcb2a4c5a8f5335a71f7abef3c3a5dc028acd4b96aa76177e66360422186f8a5,202a712d9392527cbf2fe99525a42a1d45d01aca,analysis/frozen_I1_spatial.py,e2r_vits_mixup_saga_s2,vit_small,mixup,vit_small|mixup,saga,s2,624a6006447345b4fe7f9ee15cedfae3d1c36838cf2f0fe38907261f5e530daf,native,s11_out,mad,10000,196,14,1,MISSING,results\frozen\I1_spatial\val_diag_split\e2r_vits_mixup_saga_s2\maps_s11_out.npz,15.3979,15.3979,0.9999,0.98075,-0.01914,0.248248,0.019201,0.229048,0.068944,0.02551,0.041417,0.019167,0.034248,0.061523,0.12757,0.085883,0.060718,0.04963,0.048633,0.054375,0.207769,0.364537,1,0.054375,0.066047,0.127583,0.008285,0.982291,0.000638,1568,0,"conditional = absolute / p_any and share = absolute / mass; all three are proportional, so rankings and Spearman correlations are identical and only the scale differs"
I1_spatial,val_diag_split,bcb2a4c5a8f5335a71f7abef3c3a5dc028acd4b96aa76177e66360422186f8a5,202a712d9392527cbf2fe99525a42a1d45d01aca,analysis/frozen_I1_spatial.py,e2r_vits_nomix_baseline_s1,vit_small,nomix,vit_small|nomix,baseline,s1,207a5e907fab6e3bf23abafce51b2bc55687b10ae70e65bf72c84b78fbe63c95,native,s11_out,mad,10000,196,14,1,MISSING,results\frozen\I1_spatial\val_diag_split\e2r_vits_nomix_baseline_s1\maps_s11_out.npz,2.7452,2.7452,0.6273,0.98693,-0.012404,0.176884,0.047123,0.12976,0.080796,0.02551,0.050285,0.002785,0.083903,0.017477,0.013709,0.012464,0.011964,0.01197,0.012475,0.0151,0.331051,0.219729,0,0.0151,-0.003768,0.021854,0.004994,0.746778,0.001913,1568,0,"conditional = absolute / p_any and share = absolute / mass; all three are proportional, so rankings and Spearman correlations are identical and only the scale differs"
I1_spatial,val_diag_split,bcb2a4c5a8f5335a71f7abef3c3a5dc028acd4b96aa76177e66360422186f8a5,202a712d9392527cbf2fe99525a42a1d45d01aca,analysis/frozen_I1_spatial.py,e2r_vits_nomix_baseline_s2,vit_small,nomix,vit_small|nomix,baseline,s2,50acc743467a51828d2bf24e84f241705e33b1cf6a68a8e7f3a46413ed95d086,native,s11_out,mad,10000,196,14,1,MISSING,results\frozen\I1_spatial\val_diag_split\e2r_vits_nomix_baseline_s2\maps_s11_out.npz,2.1856,2.1856,0.5631,0.959919,-0.039245,0.271163,0.052826,0.218337,0.153551,0.02551,0.122382,0.010098,0.094169,0.016773,0.010755,0.008536,0.007932,0.00805,0.008692,0.011375,0.399067,0.216508,0,0.011375,-0.006019,0.019099,0.004921,0.804352,0.001913,1568,0,"conditional = absolute / p_any and share = absolute / mass; all three are proportional, so rankings and Spearman correlations are identical and only the scale differs"
I1_spatial,val_diag_split,bcb2a4c5a8f5335a71f7abef3c3a5dc028acd4b96aa76177e66360422186f8a5,202a712d9392527cbf2fe99525a42a1d45d01aca,analysis/frozen_I1_spatial.py,e2r_vits_nomix_saga_s1,vit_small,nomix,vit_small|nomix,saga,s1,88f72869bae5882f6b8c0791c69ffea51ae55247276106e60d817f27e2a646ce,native,s11_out,mad,10000,196,14,1,MISSING,results\frozen\I1_spatial\val_diag_split\e2r_vits_nomix_saga_s1\maps_s11_out.npz,1.7154,1.7154,0.4619,0.986186,-0.012744,0.203079,0.05974,0.14334,0.069838,0.02551,0.037883,0.001545,0.106423,0.011446,0.0091,0.007519,0.006989,0.007025,0.006775,0.0079,0.346974,0.233415,0,0.0079,-0.002346,0.019701,0.005305,0.742574,0.000638,1568,0,"conditional = absolute / p_any and share = absolute / mass; all three are proportional, so rankings and Spearman correlations are identical and only the scale differs"
I1_spatial,val_diag_split,bcb2a4c5a8f5335a71f7abef3c3a5dc028acd4b96aa76177e66360422186f8a5,202a712d9392527cbf2fe99525a42a1d45d01aca,analysis/frozen_I1_spatial.py,e2r_vits_nomix_saga_s2,vit_small,nomix,vit_small|nomix,saga,s2,68d64007a4bcae2335cf7ead1fe698e1df73e48ef538f9727c46ddc186ffd5ab,native,s11_out,mad,10000,196,14,1,MISSING,results\frozen\I1_spatial\val_diag_split\e2r_vits_nomix_saga_s2\maps_s11_out.npz,2.6118,2.6118,0.6229,0.996741,-0.00256,0.104443,0.048276,0.056167,0.03802,0.02551,0.00737,0.000467,0.086049,0.01335,0.014289,0.012964,0.012746,0.01266,0.01275,0.014775,0.265794,0.240715,6,0.014775,0.000939,0.022939,0.005471,0.670786,0.000638,1568,0,"conditional = absolute / p_any and share = absolute / mass; all three are proportional, so rankings and Spearman correlations are identical and only the scale differs"
I1_spatial,val_diag_split,bcb2a4c5a8f5335a71f7abef3c3a5dc028acd4b96aa76177e66360422186f8a5,202a712d9392527cbf2fe99525a42a1d45d01aca,analysis/frozen_I1_spatial.py,legacy_e2_vit_base_nomixdir_baseline,vit_base,mixup,vit_base|mixup,baseline,legacy-nomixdir,2a7f8c84dc32571e95dc3745422b4960f9dd602433cd42f1e16891b6c491cac5,native,s11_out,mad,10000,196,14,1,MISSING,results\frozen\I1_spatial\val_diag_split\legacy_e2_vit_base_nomixdir_baseline\maps_s11_out.npz,24.8335,24.8335,1.0,0.988372,-0.011563,0.19417,0.014742,0.179428,0.056053,0.02551,0.029001,0.019116,0.026254,0.104779,0.186718,0.139892,0.106907,0.0866,0.08715,0.090525,0.219401,0.330827,1,0.090525,0.081939,0.186718,0.007519,0.982487,0.000638,1568,0,"conditional = absolute / p_any and share = absolute / mass; all three are proportional, so rankings and Spearman correlations are identical and only the scale differs"
I1_spatial,val_diag_split,bcb2a4c5a8f5335a71f7abef3c3a5dc028acd4b96aa76177e66360422186f8a5,202a712d9392527cbf2fe99525a42a1d45d01aca,analysis/frozen_I1_spatial.py,legacy_e2_vit_base_nomixdir_registers,vit_base,mixup,vit_base|mixup,registers,legacy-nomixdir,82365a311187250c34965c93a13ab435adf7ac2ad655115c855f7708f6f8ddb1,native,s11_out,mad,10000,196,14,5,MISSING,results\frozen\I1_spatial\val_diag_split\legacy_e2_vit_base_nomixdir_registers\maps_s11_out.npz,9.0802,9.0802,0.7596,0.993176,-0.00663,0.150348,0.025459,0.12489,0.044558,0.02551,0.016365,0.003631,0.045371,0.043469,0.06283,0.047367,0.038421,0.034615,0.0359,0.0378,0.248937,0.304454,1,0.0378,0.01936,0.082714,0.006919,0.93098,0.000638,1568,0,"conditional = absolute / p_any and share = absolute / mass; all three are proportional, so rankings and Spearman correlations are identical and only the scale differs"
I1_spatial,val_diag_split,bcb2a4c5a8f5335a71f7abef3c3a5dc028acd4b96aa76177e66360422186f8a5,202a712d9392527cbf2fe99525a42a1d45d01aca,analysis/frozen_I1_spatial.py,legacy_e2_vit_base_nomixdir_saga,vit_base,mixup,vit_base|mixup,saga,legacy-nomixdir,4a1c5a1fe54692afbffdc25f26b9491c255d826f27aefeec9b74cf775ba43ef2,native,s11_out,mad,10000,196,14,1,MISSING,results\frozen\I1_spatial\val_diag_split\legacy_e2_vit_base_nomixdir_saga\maps_s11_out.npz,12.0891,12.0891,1.0,0.982466,-0.017391,0.232882,0.021875,0.211007,0.068152,0.02551,0.040348,0.014019,0.039004,0.04079,0.097009,0.071919,0.053046,0.04496,0.045258,0.045725,0.175456,0.353078,1,0.045725,0.056219,0.097009,0.008025,0.962976,0.000638,1568,0,"conditional = absolute / p_any and share = absolute / mass; all three are proportional, so rankings and Spearman correlations are identical and only the scale differs"
I1_spatial,val_diag_split,bcb2a4c5a8f5335a71f7abef3c3a5dc028acd4b96aa76177e66360422186f8a5,202a712d9392527cbf2fe99525a42a1d45d01aca,analysis/frozen_I1_spatial.py,legacy_e2_vit_small_mixupdir_baseline,vit_small,mixup,vit_small|mixup,baseline,legacy-mixupdir,cd926200127b98cbc597ddad82d84fd823376addc0ac1075a98de73b21e7d17d,native,s11_out,mad,10000,196,14,1,MISSING,results\frozen\I1_spatial\val_diag_split\legacy_e2_vit_small_mixupdir_baseline\maps_s11_out.npz,14.3699,14.3699,1.0,0.976381,-0.0235,0.277958,0.01994,0.258018,0.069075,0.02551,0.041472,0.021686,0.035552,0.05296,0.120466,0.084994,0.062586,0.04319,0.0397,0.040775,0.191644,0.368861,1,0.040775,0.067506,0.120466,0.008383,0.984273,0.000638,1568,0,"conditional = absolute / p_any and share = absolute / mass; all three are proportional, so rankings and Spearman correlations are identical and only the scale differs"
I1_spatial,val_diag_split,bcb2a4c5a8f5335a71f7abef3c3a5dc028acd4b96aa76177e66360422186f8a5,202a712d9392527cbf2fe99525a42a1d45d01aca,analysis/frozen_I1_spatial.py,legacy_e2_vit_small_mixupdir_registers,vit_small,mixup,vit_small|mixup,registers,legacy-mixupdir,e50859f062be20cf971cefac39fde542bd3dc47fa272f3ed78abc193b71a8a77,native,s11_out,mad,10000,196,14,5,MISSING,results\frozen\I1_spatial\val_diag_split\legacy_e2_vit_small_mixupdir_registers\maps_s11_out.npz,6.5441,6.5441,0.9337,0.995804,-0.003921,0.109886,0.030306,0.07958,0.047157,0.02551,0.018459,0.001665,0.053806,0.028546,0.042448,0.034764,0.03055,0.029105,0.031058,0.032575,0.22683,0.285402,1,0.032575,0.013902,0.045462,0.006486,0.775202,0.000638,1568,0,"conditional = absolute / p_any and share = absolute / mass; all three are proportional, so rankings and Spearman correlations are identical and only the scale differs"
I1_spatial,val_diag_split,bcb2a4c5a8f5335a71f7abef3c3a5dc028acd4b96aa76177e66360422186f8a5,202a712d9392527cbf2fe99525a42a1d45d01aca,analysis/frozen_I1_spatial.py,legacy_e2_vit_small_mixupdir_saga,vit_small,mixup,vit_small|mixup,saga,legacy-mixupdir,92a03a4716ce07c0460eb132720d8a816aaa2bcde49713b86c57c774fef22995,native,s11_out,mad,10000,196,14,1,MISSING,results\frozen\I1_spatial\val_diag_split\legacy_e2_vit_small_mixupdir_saga\maps_s11_out.npz,13.8222,13.8222,0.9999,0.981865,-0.018011,0.240228,0.020346,0.219882,0.065605,0.02551,0.037958,0.016167,0.036304,0.053571,0.11233,0.078478,0.056157,0.04588,0.0469,0.054,0.201538,0.357577,1,0.054,0.058758,0.112341,0.008127,0.978776,0.000638,1568,0,"conditional = absolute / p_any and share = absolute / mass; all three are proportional, so rankings and Spearman correlations are identical and only the scale differs"
I1_spatial,val_diag_split,bcb2a4c5a8f5335a71f7abef3c3a5dc028acd4b96aa76177e66360422186f8a5,202a712d9392527cbf2fe99525a42a1d45d01aca,analysis/frozen_I1_spatial.py,legacy_e2_vit_small_nomixdir_baseline,vit_small,mixup,vit_small|mixup,baseline,legacy-nomixdir,8d980da27a4b571a117e82451c8c9deff126e437206faee5120e069d3667e10d,native,s11_out,mad,10000,196,14,1,MISSING,results\frozen\I1_spatial\val_diag_split\legacy_e2_vit_small_nomixdir_baseline\maps_s11_out.npz,18.2147,18.2147,1.0,0.981573,-0.018335,0.243734,0.017532,0.226202,0.064201,0.02551,0.036855,0.021722,0.031242,0.066137,0.14932,0.106781,0.075939,0.0598,0.062583,0.072025,0.188809,0.360703,1,0.072025,0.083184,0.14932,0.008198,0.984747,0.000638,1568,0,"conditional = absolute / p_any and share = absolute / mass; all three are proportional, so rankings and Spearman correlations are identical and only the scale differs"
I1_spatial,val_diag_split,bcb2a4c5a8f5335a71f7abef3c3a5dc028acd4b96aa76177e66360422186f8a5,202a712d9392527cbf2fe99525a42a1d45d01aca,analysis/frozen_I1_spatial.py,legacy_e2_vit_small_nomixdir_registers,vit_small,mixup,vit_small|mixup,registers,legacy-nomixdir,7ca33ed755106aa7f0d0b02ebf6ceb003808fc5dc3f78699538de1fba820e536,native,s11_out,mad,10000,196,14,5,MISSING,results\frozen\I1_spatial\val_diag_split\legacy_e2_vit_small_nomixdir_registers\maps_s11_out.npz,7.9582,7.9582,0.971,0.995876,-0.003901,0.111304,0.027309,0.083995,0.044457,0.02551,0.016067,0.001927,0.048609,0.034321,0.050791,0.041556,0.038071,0.03648,0.039483,0.043325,0.224259,0.280817,1,0.043325,0.01647,0.052308,0.006382,0.817086,0.000638,1568,0,"conditional = absolute / p_any and share = absolute / mass; all three are proportional, so rankings and Spearman correlations are identical and only the scale differs"
I1_spatial,val_diag_split,bcb2a4c5a8f5335a71f7abef3c3a5dc028acd4b96aa76177e66360422186f8a5,202a712d9392527cbf2fe99525a42a1d45d01aca,analysis/frozen_I1_spatial.py,legacy_e2_vit_small_nomixdir_saga,vit_small,mixup,vit_small|mixup,saga,legacy-nomixdir,a482f5286b2c43ffa8d9f6606b1af24d06962421b808babfdd6b123a56b0f9ee,native,s11_out,mad,10000,196,14,1,MISSING,results\frozen\I1_spatial\val_diag_split\legacy_e2_vit_small_nomixdir_saga\maps_s11_out.npz,16.0681,16.0681,1.0,0.980661,-0.019234,0.24854,0.018748,0.229792,0.067133,0.02551,0.039655,0.020325,0.033464,0.060369,0.129289,0.096408,0.067168,0.05322,0.050725,0.053925,0.195368,0.354037,1,0.053925,0.068919,0.129289,0.008046,0.977659,0.000638,1568,0,"conditional = absolute / p_any and share = absolute / mass; all three are proportional, so rankings and Spearman correlations are identical and only the scale differs"
I1_spatial,val_diag_split,bcb2a4c5a8f5335a71f7abef3c3a5dc028acd4b96aa76177e66360422186f8a5,202a712d9392527cbf2fe99525a42a1d45d01aca,analysis/frozen_I1_spatial.py,e2r_vitb_mixup_baseline_s1,vit_base,mixup,vit_base|mixup,baseline,s1,316211c719c41113c1f9bffa7f500e158d727c0f0998e41869796209a3fd1339,native,in_b07,fixed_cal,10000,196,14,1,41.900988,results\frozen\I1_spatial\val_diag_split\e2r_vitb_mixup_baseline_s1\maps_in_b07.npz,9.9511,9.9511,1.0,0.938419,-0.061405,0.439036,0.024273,0.414763,0.120539,0.02551,0.092477,0.044225,0.043239,0.031829,0.109193,0.055475,0.033457,0.01484,0.015475,0.018775,0.166323,0.482811,1,0.018775,0.077364,0.109193,0.010973,0.991842,0.000638,1568,0,"conditional = absolute / p_any and share = absolute / mass; all three are proportional, so rankings and Spearman correlations are identical and only the scale differs"
I1_spatial,val_diag_split,bcb2a4c5a8f5335a71f7abef3c3a5dc028acd4b96aa76177e66360422186f8a5,202a712d9392527cbf2fe99525a42a1d45d01aca,analysis/frozen_I1_spatial.py,e2r_vitb_mixup_saga_s1,vit_base,mixup,vit_base|mixup,saga,s1,a4e0e0ccd3b4cd4d40b9f46417d602d8eed4913a29b36f5b3bce78e1dfe77229,native,in_b07,fixed_cal,10000,196,14,1,41.900988,results\frozen\I1_spatial\val_diag_split\e2r_vitb_mixup_saga_s1\maps_in_b07.npz,5.2242,5.2242,1.0,0.922092,-0.077563,0.483269,0.033989,0.44928,0.145975,0.02551,0.116873,0.031723,0.06043,0.010721,0.06135,0.031239,0.016407,0.01079,0.010425,0.0106,0.106715,0.516711,1,0.0106,0.050629,0.06135,0.011743,0.982948,0.000638,1568,0,"conditional = absolute / p_any and share = absolute / mass; all three are proportional, so rankings and Spearman correlations are identical and only the scale differs"
I1_spatial,val_diag_split,bcb2a4c5a8f5335a71f7abef3c3a5dc028acd4b96aa76177e66360422186f8a5,202a712d9392527cbf2fe99525a42a1d45d01aca,analysis/frozen_I1_spatial.py,e2r_vits_mixup_baseline_s1,vit_small,mixup,vit_small|mixup,baseline,s1,3aa41a7225b69146a419c618049d7a9f348d259d3ae750749755e0addc2759ac,native,in_b07,fixed_cal,10000,196,14,1,14.219008,results\frozen\I1_spatial\val_diag_split\e2r_vits_mixup_baseline_s1\maps_in_b07.npz,11.4067,11.4067,1.0,0.966246,-0.033602,0.327129,0.022536,0.304593,0.09064,0.02551,0.062755,0.026515,0.040228,0.03984,0.108341,0.060211,0.042886,0.03269,0.032642,0.038525,0.181621,0.417912,1,0.038525,0.068501,0.108341,0.009498,0.985192,0.000638,1568,0,"conditional = absolute / p_any and share = absolute / mass; all three are proportional, so rankings and Spearman correlations are identical and only the scale differs"
I1_spatial,val_diag_split,bcb2a4c5a8f5335a71f7abef3c3a5dc028acd4b96aa76177e66360422186f8a5,202a712d9392527cbf2fe99525a42a1d45d01aca,analysis/frozen_I1_spatial.py,e2r_vits_mixup_baseline_s2,vit_small,mixup,vit_small|mixup,baseline,s2,baeee13f1864b926489bb186587ec65152fa8a935806fdf491971899db37ca7d,native,in_b07,fixed_cal,10000,196,14,1,14.219008,results\frozen\I1_spatial\val_diag_split\e2r_vits_mixup_baseline_s2\maps_in_b07.npz,10.3573,10.3573,1.0,0.969542,-0.030289,0.313537,0.023756,0.28978,0.081102,0.02551,0.0531,0.020934,0.042337,0.039365,0.092143,0.060169,0.038218,0.028215,0.026483,0.034425,0.197638,0.391444,1,0.034425,0.052778,0.092143,0.008896,0.984263,0.000638,1568,0,"conditional = absolute / p_any and share = absolute / mass; all three are proportional, so rankings and Spearman correlations are identical and only the scale differs"
I1_spatial,val_diag_split,bcb2a4c5a8f5335a71f7abef3c3a5dc028acd4b96aa76177e66360422186f8a5,202a712d9392527cbf2fe99525a42a1d45d01aca,analysis/frozen_I1_spatial.py,e2r_vits_mixup_saga_s1,vit_small,mixup,vit_small|mixup,saga,s1,5afe5394ddb2b3b926d60d03c63462c5778fc39fa9eacb23a1d2655e80f6f5d5,native,in_b07,fixed_cal,10000,196,14,1,14.219008,results\frozen\I1_spatial\val_diag_split\e2r_vits_mixup_saga_s1\maps_in_b07.npz,7.1619,7.1619,1.0,0.942909,-0.056841,0.420403,0.028919,0.391484,0.116924,0.02551,0.088364,0.029014,0.051349,0.02181,0.076036,0.042283,0.022746,0.015055,0.013492,0.015025,0.158352,0.467139,1,0.015025,0.054227,0.076036,0.010617,0.987583,0.000638,1568,0,"conditional = absolute / p_any and share = absolute / mass; all three are proportional, so rankings and Spearman correlations are identical and only the scale differs"
I1_spatial,val_diag_split,bcb2a4c5a8f5335a71f7abef3c3a5dc028acd4b96aa76177e66360422186f8a5,202a712d9392527cbf2fe99525a42a1d45d01aca,analysis/frozen_I1_spatial.py,e2r_vits_mixup_saga_s2,vit_small,mixup,vit_small|mixup,saga,s2,624a6006447345b4fe7f9ee15cedfae3d1c36838cf2f0fe38907261f5e530daf,native,in_b07,fixed_cal,10000,196,14,1,14.219008,results\frozen\I1_spatial\val_diag_split\e2r_vits_mixup_saga_s2\maps_in_b07.npz,6.6317,6.6317,1.0,0.948624,-0.051105,0.401033,0.030083,0.370951,0.110816,0.02551,0.082131,0.023353,0.053437,0.024165,0.068368,0.036681,0.020625,0.01344,0.012417,0.012775,0.189484,0.453609,1,0.012775,0.044203,0.068368,0.010309,0.984291,0.000638,1568,0,"conditional = absolute / p_any and share = absolute / mass; all three are proportional, so rankings and Spearman correlations are identical and only the scale differs"
I1_spatial,val_diag_split,bcb2a4c5a8f5335a71f7abef3c3a5dc028acd4b96aa76177e66360422186f8a5,202a712d9392527cbf2fe99525a42a1d45d01aca,analysis/frozen_I1_spatial.py,e2r_vits_nomix_baseline_s1,vit_small,nomix,vit_small|nomix,baseline,s1,207a5e907fab6e3bf23abafce51b2bc55687b10ae70e65bf72c84b78fbe63c95,native,in_b07,fixed_cal,10000,196,14,1,17.453816,results\frozen\I1_spatial\val_diag_split\e2r_vits_nomix_baseline_s1\maps_in_b07.npz,4.1017,4.1017,0.7344,0.978923,-0.020636,0.216819,0.038382,0.178437,0.102738,0.02551,0.073167,0.007557,0.0684,0.02911,0.020945,0.017167,0.015775,0.01576,0.017183,0.021325,0.369042,0.224687,0,0.021325,-0.008164,0.02852,0.005107,0.845056,0.001913,1568,0,"conditional = absolute / p_any and share = absolute / mass; all three are proportional, so rankings and Spearman correlations are identical and only the scale differs"
I1_spatial,val_diag_split,bcb2a4c5a8f5335a71f7abef3c3a5dc028acd4b96aa76177e66360422186f8a5,202a712d9392527cbf2fe99525a42a1d45d01aca,analysis/frozen_I1_spatial.py,e2r_vits_nomix_baseline_s2,vit_small,nomix,vit_small|nomix,baseline,s2,50acc743467a51828d2bf24e84f241705e33b1cf6a68a8e7f3a46413ed95d086,native,in_b07,fixed_cal,10000,196,14,1,17.453816,results\frozen\I1_spatial\val_diag_split\e2r_vits_nomix_baseline_s2\maps_in_b07.npz,2.8337,2.8337,0.7062,0.912086,-0.087269,0.331462,0.046395,0.285067,0.262095,0.02551,0.231664,0.042216,0.082564,0.025787,0.010345,0.009503,0.009414,0.010895,0.0124,0.0163,0.473198,0.160638,0,0.0163,-0.015441,0.014649,0.003651,0.662462,0.001913,1568,0,"conditional = absolute / p_any and share = absolute / mass; all three are proportional, so rankings and Spearman correlations are identical and only the scale differs"
I1_spatial,val_diag_split,bcb2a4c5a8f5335a71f7abef3c3a5dc028acd4b96aa76177e66360422186f8a5,202a712d9392527cbf2fe99525a42a1d45d01aca,analysis/frozen_I1_spatial.py,e2r_vits_nomix_saga_s1,vit_small,nomix,vit_small|nomix,saga,s1,88f72869bae5882f6b8c0791c69ffea51ae55247276106e60d817f27e2a646ce,native,in_b07,fixed_cal,10000,196,14,1,17.453816,results\frozen\I1_spatial\val_diag_split\e2r_vits_nomix_saga_s1\maps_in_b07.npz,0.3574,0.3574,0.0645,0.919532,-0.075244,0.502064,0.131104,0.370961,0.119754,0.02551,0.079578,0.001901,0.233967,0.003877,0.001295,0.000739,0.000718,0.001185,0.001508,0.002575,0.564074,0.159485,0,0.002575,-0.002581,0.020085,0.003625,0.81131,0.002551,1568,0,"conditional = absolute / p_any and share = absolute / mass; all three are proportional, so rankings and Spearman correlations are identical and only the scale differs"
I1_spatial,val_diag_split,bcb2a4c5a8f5335a71f7abef3c3a5dc028acd4b96aa76177e66360422186f8a5,202a712d9392527cbf2fe99525a42a1d45d01aca,analysis/frozen_I1_spatial.py,e2r_vits_nomix_saga_s2,vit_small,nomix,vit_small|nomix,saga,s2,68d64007a4bcae2335cf7ead1fe698e1df73e48ef538f9727c46ddc186ffd5ab,native,in_b07,fixed_cal,10000,196,14,1,17.453816,results\frozen\I1_spatial\val_diag_split\e2r_vits_nomix_saga_s2\maps_in_b07.npz,0.2639,0.2639,0.0538,0.920569,-0.072317,0.496785,0.1525,0.344285,0.111785,0.02551,0.069028,0.00141,0.272343,0.002948,0.000902,0.000514,0.00055,0.00085,0.001092,0.001725,0.580902,0.150436,0,0.001725,-0.002046,0.016771,0.003419,0.7434,0.001276,1568,0,"conditional = absolute / p_any and share = absolute / mass; all three are proportional, so rankings and Spearman correlations are identical and only the scale differs"
I1_spatial,val_diag_split,bcb2a4c5a8f5335a71f7abef3c3a5dc028acd4b96aa76177e66360422186f8a5,202a712d9392527cbf2fe99525a42a1d45d01aca,analysis/frozen_I1_spatial.py,legacy_e2_vit_base_nomixdir_baseline,vit_base,mixup,vit_base|mixup,baseline,legacy-nomixdir,2a7f8c84dc32571e95dc3745422b4960f9dd602433cd42f1e16891b6c491cac5,native,in_b07,fixed_cal,10000,196,14,1,41.900988,results\frozen\I1_spatial\val_diag_split\legacy_e2_vit_base_nomixdir_baseline\maps_in_b07.npz,7.9736,7.9736,1.0,0.944804,-0.054973,0.409976,0.027331,0.382645,0.120611,0.02551,0.092224,0.033107,0.04856,0.017569,0.084011,0.049278,0.028621,0.020145,0.023525,0.025725,0.114578,0.463592,1,0.025725,0.066442,0.084011,0.010536,0.983691,0.000638,1568,0,"conditional = absolute / p_any and share = absolute / mass; all three are proportional, so rankings and Spearman correlations are identical and only the scale differs"
I1_spatial,val_diag_split,bcb2a4c5a8f5335a71f7abef3c3a5dc028acd4b96aa76177e66360422186f8a5,202a712d9392527cbf2fe99525a42a1d45d01aca,analysis/frozen_I1_spatial.py,legacy_e2_vit_base_nomixdir_registers,vit_base,mixup,vit_base|mixup,registers,legacy-nomixdir,82365a311187250c34965c93a13ab435adf7ac2ad655115c855f7708f6f8ddb1,native,in_b07,fixed_cal,10000,196,14,5,41.900988,results\frozen\I1_spatial\val_diag_split\legacy_e2_vit_base_nomixdir_registers\maps_in_b07.npz,2.1466,2.1466,0.6577,0.994129,-0.005018,0.141094,0.053319,0.087775,0.042206,0.02551,0.010977,0.000705,0.09503,0.008763,0.011,0.011617,0.012093,0.012075,0.0125,0.01465,0.212289,0.225473,6,0.01465,0.002237,0.016725,0.005124,0.726259,0.000638,1568,0,"conditional = absolute / p_any and share = absolute / mass; all three are proportional, so rankings and Spearman correlations are identical and only the scale differs"
I1_spatial,val_diag_split,bcb2a4c5a8f5335a71f7abef3c3a5dc028acd4b96aa76177e66360422186f8a5,202a712d9392527cbf2fe99525a42a1d45d01aca,analysis/frozen_I1_spatial.py,legacy_e2_vit_base_nomixdir_saga,vit_base,mixup,vit_base|mixup,saga,legacy-nomixdir,4a1c5a1fe54692afbffdc25f26b9491c255d826f27aefeec9b74cf775ba43ef2,native,in_b07,fixed_cal,10000,196,14,1,41.900988,results\frozen\I1_spatial\val_diag_split\legacy_e2_vit_base_nomixdir_saga\maps_in_b07.npz,6.5782,6.5782,1.0,0.943241,-0.056486,0.423167,0.030216,0.392951,0.107841,0.02551,0.079142,0.02589,0.053661,0.016692,0.068868,0.042397,0.022939,0.015225,0.01355,0.011075,0.131951,0.460643,1,0.011075,0.052176,0.068868,0.010469,0.983396,0.000638,1568,0,"conditional = absolute / p_any and share = absolute / mass; all three are proportional, so rankings and Spearman correlations are identical and only the scale differs"
I1_spatial,val_diag_split,bcb2a4c5a8f5335a71f7abef3c3a5dc028acd4b96aa76177e66360422186f8a5,202a712d9392527cbf2fe99525a42a1d45d01aca,analysis/frozen_I1_spatial.py,legacy_e2_vit_small_mixupdir_baseline,vit_small,mixup,vit_small|mixup,baseline,legacy-mixupdir,cd926200127b98cbc597ddad82d84fd823376addc0ac1075a98de73b21e7d17d,native,in_b07,fixed_cal,10000,196,14,1,14.219008,results\frozen\I1_spatial\val_diag_split\legacy_e2_vit_small_mixupdir_baseline\maps_in_b07.npz,13.4046,13.4046,1.0,0.972762,-0.02711,0.29943,0.020686,0.278744,0.072505,0.02551,0.044821,0.023356,0.036908,0.047765,0.115539,0.080431,0.057861,0.03881,0.033817,0.034875,0.185295,0.37925,1,0.034875,0.067773,0.115539,0.008619,0.98951,0.000638,1568,0,"conditional = absolute / p_any and share = absolute / mass; all three are proportional, so rankings and Spearman correlations are identical and only the scale differs"
I1_spatial,val_diag_split,bcb2a4c5a8f5335a71f7abef3c3a5dc028acd4b96aa76177e66360422186f8a5,202a712d9392527cbf2fe99525a42a1d45d01aca,analysis/frozen_I1_spatial.py,legacy_e2_vit_small_mixupdir_registers,vit_small,mixup,vit_small|mixup,registers,legacy-mixupdir,e50859f062be20cf971cefac39fde542bd3dc47fa272f3ed78abc193b71a8a77,native,in_b07,fixed_cal,10000,196,14,5,14.219008,results\frozen\I1_spatial\val_diag_split\legacy_e2_vit_small_mixupdir_registers\maps_in_b07.npz,1.5477,1.5477,0.4508,0.992008,-0.006806,0.159217,0.062872,0.096344,0.052982,0.02551,0.020693,0.000724,0.112089,0.009254,0.007055,0.006747,0.007114,0.007965,0.009142,0.01125,0.310913,0.200556,6,0.01125,-0.002199,0.015649,0.004558,0.65648,0.000638,1568,0,"conditional = absolute / p_any and share = absolute / mass; all three are proportional, so rankings and Spearman correlations are identical and only the scale differs"
I1_spatial,val_diag_split,bcb2a4c5a8f5335a71f7abef3c3a5dc028acd4b96aa76177e66360422186f8a5,202a712d9392527cbf2fe99525a42a1d45d01aca,analysis/frozen_I1_spatial.py,legacy_e2_vit_small_mixupdir_saga,vit_small,mixup,vit_small|mixup,saga,legacy-mixupdir,92a03a4716ce07c0460eb132720d8a816aaa2bcde49713b86c57c774fef22995,native,in_b07,fixed_cal,10000,196,14,1,14.219008,results\frozen\I1_spatial\val_diag_split\legacy_e2_vit_small_mixupdir_saga\maps_in_b07.npz,5.6506,5.6506,0.9998,0.950392,-0.049289,0.393707,0.032659,0.361048,0.107599,0.02551,0.078646,0.019473,0.05804,0.0199,0.057139,0.032389,0.018268,0.011465,0.011083,0.015475,0.183131,0.444926,1,0.015475,0.037239,0.05715,0.010112,0.978539,0.000638,1568,0,"conditional = absolute / p_any and share = absolute / mass; all three are proportional, so rankings and Spearman correlations are identical and only the scale differs"
I1_spatial,val_diag_split,bcb2a4c5a8f5335a71f7abef3c3a5dc028acd4b96aa76177e66360422186f8a5,202a712d9392527cbf2fe99525a42a1d45d01aca,analysis/frozen_I1_spatial.py,legacy_e2_vit_small_nomixdir_baseline,vit_small,mixup,vit_small|mixup,baseline,legacy-nomixdir,8d980da27a4b571a117e82451c8c9deff126e437206faee5120e069d3667e10d,native,in_b07,fixed_cal,10000,196,14,1,14.219008,results\frozen\I1_spatial\val_diag_split\legacy_e2_vit_small_nomixdir_baseline\maps_in_b07.npz,10.3081,10.3081,1.0,0.963301,-0.03653,0.344429,0.023816,0.320613,0.088503,0.02551,0.060501,0.025367,0.042443,0.036221,0.09913,0.060875,0.035896,0.023685,0.0228,0.02975,0.18272,0.423133,1,0.02975,0.062908,0.09913,0.009617,0.984201,0.000638,1568,0,"conditional = absolute / p_any and share = absolute / mass; all three are proportional, so rankings and Spearman correlations are identical and only the scale differs"
I1_spatial,val_diag_split,bcb2a4c5a8f5335a71f7abef3c3a5dc028acd4b96aa76177e66360422186f8a5,202a712d9392527cbf2fe99525a42a1d45d01aca,analysis/frozen_I1_spatial.py,legacy_e2_vit_small_nomixdir_registers,vit_small,mixup,vit_small|mixup,registers,legacy-nomixdir,7ca33ed755106aa7f0d0b02ebf6ceb003808fc5dc3f78699538de1fba820e536,native,in_b07,fixed_cal,10000,196,14,5,14.219008,results\frozen\I1_spatial\val_diag_split\legacy_e2_vit_small_nomixdir_registers\maps_in_b07.npz,0.907,0.907,0.3575,0.990058,-0.007907,0.176563,0.082172,0.094391,0.056229,0.02551,0.021747,0.000532,0.146662,0.004852,0.004125,0.004139,0.004468,0.005155,0.005633,0.0071,0.27817,0.20011,6,0.0071,-0.000727,0.011538,0.004548,0.557644,0.002551,1568,0,"conditional = absolute / p_any and share = absolute / mass; all three are proportional, so rankings and Spearman correlations are identical and only the scale differs"
I1_spatial,val_diag_split,bcb2a4c5a8f5335a71f7abef3c3a5dc028acd4b96aa76177e66360422186f8a5,202a712d9392527cbf2fe99525a42a1d45d01aca,analysis/frozen_I1_spatial.py,legacy_e2_vit_small_nomixdir_saga,vit_small,mixup,vit_small|mixup,saga,legacy-nomixdir,a482f5286b2c43ffa8d9f6606b1af24d06962421b808babfdd6b123a56b0f9ee,native,in_b07,fixed_cal,10000,196,14,1,14.219008,results\frozen\I1_spatial\val_diag_split\legacy_e2_vit_small_nomixdir_saga\maps_in_b07.npz,9.5093,9.5093,1.0,0.956364,-0.043451,0.375851,0.024829,0.351022,0.091763,0.02551,0.06364,0.027178,0.044285,0.033079,0.090066,0.061014,0.03385,0.02118,0.016617,0.01475,0.180886,0.416739,1,0.01475,0.056987,0.090066,0.009471,0.987966,0.000638,1568,0,"conditional = absolute / p_any and share = absolute / mass; all three are proportional, so rankings and Spearman correlations are identical and only the scale differs"
I1_spatial,val_diag_split,bcb2a4c5a8f5335a71f7abef3c3a5dc028acd4b96aa76177e66360422186f8a5,202a712d9392527cbf2fe99525a42a1d45d01aca,analysis/frozen_I1_spatial.py,e2r_vitb_mixup_baseline_s1,vit_base,mixup,vit_base|mixup,baseline,s1,316211c719c41113c1f9bffa7f500e158d727c0f0998e41869796209a3fd1339,native,in_b07,mad,10000,196,14,1,MISSING,results\frozen\I1_spatial\val_diag_split\e2r_vitb_mixup_baseline_s1\maps_in_b07.npz,10.1733,10.1733,1.0,0.940941,-0.058887,0.430003,0.023946,0.406057,0.118693,0.02551,0.090665,0.043441,0.042739,0.032781,0.110436,0.056681,0.0345,0.016045,0.016558,0.02085,0.167556,0.477642,1,0.02085,0.077656,0.110436,0.010856,0.991418,0.000638,1568,0,"conditional = absolute / p_any and share = absolute / mass; all three are proportional, so rankings and Spearman correlations are identical and only the scale differs"
I1_spatial,val_diag_split,bcb2a4c5a8f5335a71f7abef3c3a5dc028acd4b96aa76177e66360422186f8a5,202a712d9392527cbf2fe99525a42a1d45d01aca,analysis/frozen_I1_spatial.py,e2r_vitb_mixup_saga_s1,vit_base,mixup,vit_base|mixup,saga,s1,a4e0e0ccd3b4cd4d40b9f46417d602d8eed4913a29b36f5b3bce78e1dfe77229,native,in_b07,mad,10000,196,14,1,MISSING,results\frozen\I1_spatial\val_diag_split\e2r_vitb_mixup_saga_s1\maps_in_b07.npz,6.2784,6.2784,1.0,0.944498,-0.055215,0.407615,0.030971,0.376644,0.126465,0.02551,0.097688,0.027017,0.054971,0.015325,0.066995,0.036461,0.021882,0.016485,0.016867,0.019075,0.126927,0.469515,1,0.019075,0.05167,0.066995,0.010671,0.982059,0.000638,1568,0,"conditional = absolute / p_any and share = absolute / mass; all three are proportional, so rankings and Spearman correlations are identical and only the scale differs"
I1_spatial,val_diag_split,bcb2a4c5a8f5335a71f7abef3c3a5dc028acd4b96aa76177e66360422186f8a5,202a712d9392527cbf2fe99525a42a1d45d01aca,analysis/frozen_I1_spatial.py,e2r_vits_mixup_baseline_s1,vit_small,mixup,vit_small|mixup,baseline,s1,3aa41a7225b69146a419c618049d7a9f348d259d3ae750749755e0addc2759ac,native,in_b07,mad,10000,196,14,1,MISSING,results\frozen\I1_spatial\val_diag_split\e2r_vits_mixup_baseline_s1\maps_in_b07.npz,11.0132,11.0132,1.0,0.963686,-0.036156,0.339563,0.022974,0.316589,0.093143,0.02551,0.065218,0.02757,0.040984,0.038338,0.106645,0.058267,0.040346,0.03,0.029867,0.035375,0.181019,0.426071,1,0.035375,0.068307,0.106645,0.009683,0.987747,0.000638,1568,0,"conditional = absolute / p_any and share = absolute / mass; all three are proportional, so rankings and Spearman correlations are identical and only the scale differs"
I1_spatial,val_diag_split,bcb2a4c5a8f5335a71f7abef3c3a5dc028acd4b96aa76177e66360422186f8a5,202a712d9392527cbf2fe99525a42a1d45d01aca,analysis/frozen_I1_spatial.py,e2r_vits_mixup_baseline_s2,vit_small,mixup,vit_small|mixup,baseline,s2,baeee13f1864b926489bb186587ec65152fa8a935806fdf491971899db37ca7d,native,in_b07,mad,10000,196,14,1,MISSING,results\frozen\I1_spatial\val_diag_split\e2r_vits_mixup_baseline_s2\maps_in_b07.npz,10.7303,10.7303,1.0,0.971145,-0.028693,0.304946,0.023281,0.281665,0.079662,0.02551,0.051707,0.020601,0.041552,0.040898,0.094341,0.061986,0.039875,0.030305,0.02905,0.037475,0.198196,0.386848,1,0.037475,0.053443,0.094341,0.008792,0.982993,0.000638,1568,0,"conditional = absolute / p_any and share = absolute / mass; all three are proportional, so rankings and Spearman correlations are identical and only the scale differs"
I1_spatial,val_diag_split,bcb2a4c5a8f5335a71f7abef3c3a5dc028acd4b96aa76177e66360422186f8a5,202a712d9392527cbf2fe99525a42a1d45d01aca,analysis/frozen_I1_spatial.py,e2r_vits_mixup_saga_s1,vit_small,mixup,vit_small|mixup,saga,s1,5afe5394ddb2b3b926d60d03c63462c5778fc39fa9eacb23a1d2655e80f6f5d5,native,in_b07,mad,10000,196,14,1,MISSING,results\frozen\I1_spatial\val_diag_split\e2r_vits_mixup_saga_s1\maps_in_b07.npz,9.5589,9.5589,1.0,0.962762,-0.037054,0.340784,0.02479,0.315995,0.097396,0.02551,0.069281,0.025166,0.044164,0.032583,0.09102,0.054678,0.033532,0.02596,0.025983,0.03035,0.177248,0.418971,1,0.03035,0.058438,0.09102,0.009522,0.985195,0.000638,1568,0,"conditional = absolute / p_any and share = absolute / mass; all three are proportional, so rankings and Spearman correlations are identical and only the scale differs"
I1_spatial,val_diag_split,bcb2a4c5a8f5335a71f7abef3c3a5dc028acd4b96aa76177e66360422186f8a5,202a712d9392527cbf2fe99525a42a1d45d01aca,analysis/frozen_I1_spatial.py,e2r_vits_mixup_saga_s2,vit_small,mixup,vit_small|mixup,saga,s2,624a6006447345b4fe7f9ee15cedfae3d1c36838cf2f0fe38907261f5e530daf,native,in_b07,mad,10000,196,14,1,MISSING,results\frozen\I1_spatial\val_diag_split\e2r_vits_mixup_saga_s2\maps_in_b07.npz,9.3464,9.3464,1.0,0.96958,-0.030232,0.30948,0.025065,0.284415,0.090035,0.02551,0.061889,0.019545,0.044689,0.036617,0.084752,0.050347,0.032711,0.026485,0.027258,0.032,0.203725,0.398988,1,0.032,0.048135,0.084752,0.009068,0.978393,0.000638,1568,0,"conditional = absolute / p_any and share = absolute / mass; all three are proportional, so rankings and Spearman correlations are identical and only the scale differs"
I1_spatial,val_diag_split,bcb2a4c5a8f5335a71f7abef3c3a5dc028acd4b96aa76177e66360422186f8a5,202a712d9392527cbf2fe99525a42a1d45d01aca,analysis/frozen_I1_spatial.py,e2r_vits_nomix_baseline_s1,vit_small,nomix,vit_small|nomix,baseline,s1,207a5e907fab6e3bf23abafce51b2bc55687b10ae70e65bf72c84b78fbe63c95,native,in_b07,mad,10000,196,14,1,MISSING,results\frozen\I1_spatial\val_diag_split\e2r_vits_nomix_baseline_s1\maps_in_b07.npz,2.9474,2.9474,0.6708,0.965817,-0.033563,0.249868,0.045476,0.204392,0.141956,0.02551,0.111627,0.010815,0.080932,0.022373,0.012639,0.011028,0.011039,0.01274,0.015333,0.02075,0.394721,0.188675,0,0.02075,-0.009734,0.018841,0.004288,0.749388,0.001276,1568,0,"conditional = absolute / p_any and share = absolute / mass; all three are proportional, so rankings and Spearman correlations are identical and only the scale differs"
I1_spatial,val_diag_split,bcb2a4c5a8f5335a71f7abef3c3a5dc028acd4b96aa76177e66360422186f8a5,202a712d9392527cbf2fe99525a42a1d45d01aca,analysis/frozen_I1_spatial.py,e2r_vits_nomix_baseline_s2,vit_small,nomix,vit_small|nomix,baseline,s2,50acc743467a51828d2bf24e84f241705e33b1cf6a68a8e7f3a46413ed95d086,native,in_b07,mad,10000,196,14,1,MISSING,results\frozen\I1_spatial\val_diag_split\e2r_vits_nomix_baseline_s2\maps_in_b07.npz,3.4576,3.4576,0.7887,0.917256,-0.082219,0.328162,0.041879,0.286284,0.252487,0.02551,0.222538,0.046651,0.074624,0.030312,0.011648,0.011403,0.012564,0.014835,0.018167,0.022975,0.455865,0.148224,0,0.022975,-0.018664,0.014768,0.003369,0.749464,0.001276,1568,0,"conditional = absolute / p_any and share = absolute / mass; all three are proportional, so rankings and Spearman correlations are identical and only the scale differs"
I1_spatial,val_diag_split,bcb2a4c5a8f5335a71f7abef3c3a5dc028acd4b96aa76177e66360422186f8a5,202a712d9392527cbf2fe99525a42a1d45d01aca,analysis/frozen_I1_spatial.py,e2r_vits_nomix_saga_s1,vit_small,nomix,vit_small|nomix,saga,s1,88f72869bae5882f6b8c0791c69ffea51ae55247276106e60d817f27e2a646ce,native,in_b07,mad,10000,196,14,1,MISSING,results\frozen\I1_spatial\val_diag_split\e2r_vits_nomix_saga_s1\maps_in_b07.npz,2.7408,2.7408,0.6793,0.974507,-0.024826,0.220413,0.047186,0.173227,0.120549,0.02551,0.090021,0.006804,0.083971,0.019656,0.011255,0.010519,0.010918,0.01312,0.016458,0.0198,0.37292,0.180677,6,0.0198,-0.008401,0.016568,0.004106,0.701113,0.002551,1568,0,"conditional = absolute / p_any and share = absolute / mass; all three are proportional, so rankings and Spearman correlations are identical and only the scale differs"
I1_spatial,val_diag_split,bcb2a4c5a8f5335a71f7abef3c3a5dc028acd4b96aa76177e66360422186f8a5,202a712d9392527cbf2fe99525a42a1d45d01aca,analysis/frozen_I1_spatial.py,e2r_vits_nomix_saga_s2,vit_small,nomix,vit_small|nomix,saga,s2,68d64007a4bcae2335cf7ead1fe698e1df73e48ef538f9727c46ddc186ffd5ab,native,in_b07,mad,10000,196,14,1,MISSING,results\frozen\I1_spatial\val_diag_split\e2r_vits_nomix_saga_s2\maps_in_b07.npz,2.8961,2.8961,0.707,0.988266,-0.011104,0.173701,0.045842,0.127859,0.075343,0.02551,0.044959,0.002447,0.081656,0.01686,0.01257,0.012258,0.013443,0.016265,0.019175,0.0233,0.302717,0.190981,6,0.0233,-0.004289,0.01778,0.00434,0.752699,0.001276,1568,0,"conditional = absolute / p_any and share = absolute / mass; all three are proportional, so rankings and Spearman correlations are identical and only the scale differs"
I1_spatial,val_diag_split,bcb2a4c5a8f5335a71f7abef3c3a5dc028acd4b96aa76177e66360422186f8a5,202a712d9392527cbf2fe99525a42a1d45d01aca,analysis/frozen_I1_spatial.py,legacy_e2_vit_base_nomixdir_baseline,vit_base,mixup,vit_base|mixup,baseline,legacy-nomixdir,2a7f8c84dc32571e95dc3745422b4960f9dd602433cd42f1e16891b6c491cac5,native,in_b07,mad,10000,196,14,1,MISSING,results\frozen\I1_spatial\val_diag_split\legacy_e2_vit_base_nomixdir_baseline\maps_in_b07.npz,7.4767,7.4767,1.0,0.937103,-0.062658,0.43821,0.028233,0.409977,0.127316,0.02551,0.09883,0.035488,0.050214,0.015981,0.081693,0.046689,0.025582,0.016575,0.019625,0.021775,0.111145,0.48076,1,0.021775,0.065712,0.081693,0.010926,0.985744,0.000638,1568,0,"conditional = absolute / p_any and share = absolute / mass; all three are proportional, so rankings and Spearman correlations are identical and only the scale differs"
I1_spatial,val_diag_split,bcb2a4c5a8f5335a71f7abef3c3a5dc028acd4b96aa76177e66360422186f8a5,202a712d9392527cbf2fe99525a42a1d45d01aca,analysis/frozen_I1_spatial.py,legacy_e2_vit_base_nomixdir_registers,vit_base,mixup,vit_base|mixup,registers,legacy-nomixdir,82365a311187250c34965c93a13ab435adf7ac2ad655115c855f7708f6f8ddb1,native,in_b07,mad,10000,196,14,5,MISSING,results\frozen\I1_spatial\val_diag_split\legacy_e2_vit_base_nomixdir_registers\maps_in_b07.npz,0.6662,0.6662,0.3419,0.98973,-0.007504,0.180607,0.095773,0.084834,0.052537,0.02551,0.016606,0.000396,0.171233,0.003025,0.00333,0.003436,0.003571,0.00368,0.003683,0.005225,0.236115,0.219904,6,0.005225,0.000305,0.009738,0.004998,0.500514,0.000638,1568,0,"conditional = absolute / p_any and share = absolute / mass; all three are proportional, so rankings and Spearman correlations are identical and only the scale differs"
I1_spatial,val_diag_split,bcb2a4c5a8f5335a71f7abef3c3a5dc028acd4b96aa76177e66360422186f8a5,202a712d9392527cbf2fe99525a42a1d45d01aca,analysis/frozen_I1_spatial.py,legacy_e2_vit_base_nomixdir_saga,vit_base,mixup,vit_base|mixup,saga,legacy-nomixdir,4a1c5a1fe54692afbffdc25f26b9491c255d826f27aefeec9b74cf775ba43ef2,native,in_b07,mad,10000,196,14,1,MISSING,results\frozen\I1_spatial\val_diag_split\legacy_e2_vit_base_nomixdir_saga\maps_in_b07.npz,10.3949,10.3949,1.0,0.976803,-0.023029,0.269283,0.023701,0.245582,0.076316,0.02551,0.048323,0.016431,0.042256,0.035523,0.088752,0.062231,0.042582,0.03363,0.034042,0.032225,0.177703,0.375675,1,0.032225,0.053229,0.088752,0.008538,0.969449,0.000638,1568,0,"conditional = absolute / p_any and share = absolute / mass; all three are proportional, so rankings and Spearman correlations are identical and only the scale differs"
I1_spatial,val_diag_split,bcb2a4c5a8f5335a71f7abef3c3a5dc028acd4b96aa76177e66360422186f8a5,202a712d9392527cbf2fe99525a42a1d45d01aca,analysis/frozen_I1_spatial.py,legacy_e2_vit_small_mixupdir_baseline,vit_small,mixup,vit_small|mixup,baseline,legacy-mixupdir,cd926200127b98cbc597ddad82d84fd823376addc0ac1075a98de73b21e7d17d,native,in_b07,mad,10000,196,14,1,MISSING,results\frozen\I1_spatial\val_diag_split\legacy_e2_vit_small_mixupdir_baseline\maps_in_b07.npz,13.4843,13.4843,1.0,0.973616,-0.026257,0.294608,0.020631,0.273977,0.07198,0.02551,0.044299,0.022814,0.036791,0.048917,0.115461,0.080403,0.058293,0.038945,0.034325,0.0357,0.188642,0.376757,1,0.0357,0.066544,0.115461,0.008563,0.987571,0.000638,1568,0,"conditional = absolute / p_any and share = absolute / mass; all three are proportional, so rankings and Spearman correlations are identical and only the scale differs"
I1_spatial,val_diag_split,bcb2a4c5a8f5335a71f7abef3c3a5dc028acd4b96aa76177e66360422186f8a5,202a712d9392527cbf2fe99525a42a1d45d01aca,analysis/frozen_I1_spatial.py,legacy_e2_vit_small_mixupdir_registers,vit_small,mixup,vit_small|mixup,registers,legacy-mixupdir,e50859f062be20cf971cefac39fde542bd3dc47fa272f3ed78abc193b71a8a77,native,in_b07,mad,10000,196,14,5,MISSING,results\frozen\I1_spatial\val_diag_split\legacy_e2_vit_small_mixupdir_registers\maps_in_b07.npz,2.476,2.476,0.6825,0.993301,-0.005961,0.148574,0.049621,0.098954,0.048102,0.02551,0.017312,0.000954,0.088408,0.01351,0.011802,0.010906,0.011579,0.01326,0.015767,0.02075,0.283724,0.209733,6,0.02075,-0.001707,0.017293,0.004767,0.759229,0.000638,1568,0,"conditional = absolute / p_any and share = absolute / mass; all three are proportional, so rankings and Spearman correlations are identical and only the scale differs"
I1_spatial,val_diag_split,bcb2a4c5a8f5335a71f7abef3c3a5dc028acd4b96aa76177e66360422186f8a5,202a712d9392527cbf2fe99525a42a1d45d01aca,analysis/frozen_I1_spatial.py,legacy_e2_vit_small_mixupdir_saga,vit_small,mixup,vit_small|mixup,saga,legacy-mixupdir,92a03a4716ce07c0460eb132720d8a816aaa2bcde49713b86c57c774fef22995,native,in_b07,mad,10000,196,14,1,MISSING,results\frozen\I1_spatial\val_diag_split\legacy_e2_vit_small_mixupdir_saga\maps_in_b07.npz,8.0926,8.0926,0.9999,0.970611,-0.02917,0.303836,0.027083,0.276752,0.086771,0.02551,0.058403,0.016307,0.048187,0.031054,0.072327,0.044797,0.029361,0.022815,0.02345,0.030725,0.19954,0.393248,1,0.030725,0.041273,0.072335,0.008937,0.975913,0.000638,1568,0,"conditional = absolute / p_any and share = absolute / mass; all three are proportional, so rankings and Spearman correlations are identical and only the scale differs"
I1_spatial,val_diag_split,bcb2a4c5a8f5335a71f7abef3c3a5dc028acd4b96aa76177e66360422186f8a5,202a712d9392527cbf2fe99525a42a1d45d01aca,analysis/frozen_I1_spatial.py,legacy_e2_vit_small_nomixdir_baseline,vit_small,mixup,vit_small|mixup,baseline,legacy-nomixdir,8d980da27a4b571a117e82451c8c9deff126e437206faee5120e069d3667e10d,native,in_b07,mad,10000,196,14,1,MISSING,results\frozen\I1_spatial\val_diag_split\legacy_e2_vit_small_nomixdir_baseline\maps_in_b07.npz,11.4418,11.4418,1.0,0.969459,-0.030389,0.314103,0.022517,0.291586,0.082889,0.02551,0.055014,0.023516,0.040162,0.04139,0.105198,0.066947,0.041343,0.02947,0.029475,0.0375,0.188109,0.404543,1,0.0375,0.063807,0.105198,0.009194,0.983763,0.000638,1568,0,"conditional = absolute / p_any and share = absolute / mass; all three are proportional, so rankings and Spearman correlations are identical and only the scale differs"
I1_spatial,val_diag_split,bcb2a4c5a8f5335a71f7abef3c3a5dc028acd4b96aa76177e66360422186f8a5,202a712d9392527cbf2fe99525a42a1d45d01aca,analysis/frozen_I1_spatial.py,legacy_e2_vit_small_nomixdir_registers,vit_small,mixup,vit_small|mixup,registers,legacy-nomixdir,7ca33ed755106aa7f0d0b02ebf6ceb003808fc5dc3f78699538de1fba820e536,native,in_b07,mad,10000,196,14,5,MISSING,results\frozen\I1_spatial\val_diag_split\legacy_e2_vit_small_nomixdir_registers\maps_in_b07.npz,2.4136,2.4136,0.7193,0.994063,-0.005182,0.140476,0.050196,0.090279,0.045119,0.02551,0.014251,0.000811,0.089558,0.012385,0.011991,0.011219,0.011682,0.012825,0.015167,0.018125,0.266821,0.218595,6,0.018125,-0.000394,0.01667,0.004968,0.772046,0.000638,1568,0,"conditional = absolute / p_any and share = absolute / mass; all three are proportional, so rankings and Spearman correlations are identical and only the scale differs"
I1_spatial,val_diag_split,bcb2a4c5a8f5335a71f7abef3c3a5dc028acd4b96aa76177e66360422186f8a5,202a712d9392527cbf2fe99525a42a1d45d01aca,analysis/frozen_I1_spatial.py,legacy_e2_vit_small_nomixdir_saga,vit_small,mixup,vit_small|mixup,saga,legacy-nomixdir,a482f5286b2c43ffa8d9f6606b1af24d06962421b808babfdd6b123a56b0f9ee,native,in_b07,mad,10000,196,14,1,MISSING,results\frozen\I1_spatial\val_diag_split\legacy_e2_vit_small_nomixdir_saga\maps_in_b07.npz,12.9118,12.9118,1.0,0.970934,-0.028932,0.3084,0.021117,0.287283,0.0782,0.02551,0.050472,0.024748,0.037656,0.049865,0.112416,0.078644,0.048896,0.034105,0.030342,0.0315,0.200824,0.383084,1,0.0315,0.062551,0.112416,0.008706,0.984751,0.000638,1568,0,"conditional = absolute / p_any and share = absolute / mass; all three are proportional, so rankings and Spearman correlations are identical and only the scale differs"
I1_spatial,val_diag_split,bcb2a4c5a8f5335a71f7abef3c3a5dc028acd4b96aa76177e66360422186f8a5,202a712d9392527cbf2fe99525a42a1d45d01aca,analysis/frozen_I1_spatial.py,e2r_vitb_mixup_baseline_s1,vit_base,mixup,vit_base|mixup,baseline,s1,316211c719c41113c1f9bffa7f500e158d727c0f0998e41869796209a3fd1339,native,in_b08,fixed_cal,10000,196,14,1,45.624474,results\frozen\I1_spatial\val_diag_split\e2r_vitb_mixup_baseline_s1\maps_in_b08.npz,10.0867,10.0867,1.0,0.939211,-0.060615,0.43635,0.024063,0.412286,0.119593,0.02551,0.091552,0.044121,0.042932,0.032515,0.110218,0.056286,0.033911,0.015125,0.015883,0.01935,0.167627,0.480792,1,0.01935,0.077703,0.110218,0.010927,0.991308,0.000638,1568,0,"conditional = absolute / p_any and share = absolute / mass; all three are proportional, so rankings and Spearman correlations are identical and only the scale differs"
I1_spatial,val_diag_split,bcb2a4c5a8f5335a71f7abef3c3a5dc028acd4b96aa76177e66360422186f8a5,202a712d9392527cbf2fe99525a42a1d45d01aca,analysis/frozen_I1_spatial.py,e2r_vitb_mixup_saga_s1,vit_base,mixup,vit_base|mixup,saga,s1,a4e0e0ccd3b4cd4d40b9f46417d602d8eed4913a29b36f5b3bce78e1dfe77229,native,in_b08,fixed_cal,10000,196,14,1,45.624474,results\frozen\I1_spatial\val_diag_split\e2r_vitb_mixup_saga_s1\maps_in_b08.npz,5.1843,5.1843,1.0,0.922197,-0.077455,0.482491,0.03414,0.44835,0.146307,0.02551,0.11719,0.031496,0.060668,0.010629,0.060891,0.030903,0.016321,0.01077,0.010408,0.01065,0.10661,0.516791,1,0.01065,0.050262,0.060891,0.011745,0.98181,0.000638,1568,0,"conditional = absolute / p_any and share = absolute / mass; all three are proportional, so rankings and Spearman correlations are identical and only the scale differs"
I1_spatial,val_diag_split,bcb2a4c5a8f5335a71f7abef3c3a5dc028acd4b96aa76177e66360422186f8a5,202a712d9392527cbf2fe99525a42a1d45d01aca,analysis/frozen_I1_spatial.py,e2r_vits_mixup_baseline_s1,vit_small,mixup,vit_small|mixup,baseline,s1,3aa41a7225b69146a419c618049d7a9f348d259d3ae750749755e0addc2759ac,native,in_b08,fixed_cal,10000,196,14,1,15.935408,results\frozen\I1_spatial\val_diag_split\e2r_vits_mixup_baseline_s1\maps_in_b08.npz,12.0714,12.0714,1.0,0.967091,-0.032766,0.324135,0.021887,0.302248,0.088283,0.02551,0.060476,0.027161,0.039034,0.04309,0.11403,0.064783,0.046136,0.0333,0.031958,0.034975,0.185621,0.415635,1,0.034975,0.070939,0.11403,0.009446,0.988105,0.000638,1568,0,"conditional = absolute / p_any and share = absolute / mass; all three are proportional, so rankings and Spearman correlations are identical and only the scale differs"
I1_spatial,val_diag_split,bcb2a4c5a8f5335a71f7abef3c3a5dc028acd4b96aa76177e66360422186f8a5,202a712d9392527cbf2fe99525a42a1d45d01aca,analysis/frozen_I1_spatial.py,e2r_vits_mixup_baseline_s2,vit_small,mixup,vit_small|mixup,baseline,s2,baeee13f1864b926489bb186587ec65152fa8a935806fdf491971899db37ca7d,native,in_b08,fixed_cal,10000,196,14,1,15.935408,results\frozen\I1_spatial\val_diag_split\e2r_vits_mixup_baseline_s2\maps_in_b08.npz,14.3234,14.3234,1.0,0.975145,-0.024736,0.285878,0.019972,0.265906,0.071247,0.02551,0.043642,0.023087,0.035614,0.056463,0.122341,0.084664,0.055596,0.039465,0.036008,0.044575,0.204986,0.375819,1,0.044575,0.065877,0.122341,0.008541,0.985545,0.000638,1568,0,"conditional = absolute / p_any and share = absolute / mass; all three are proportional, so rankings and Spearman correlations are identical and only the scale differs"
I1_spatial,val_diag_split,bcb2a4c5a8f5335a71f7abef3c3a5dc028acd4b96aa76177e66360422186f8a5,202a712d9392527cbf2fe99525a42a1d45d01aca,analysis/frozen_I1_spatial.py,e2r_vits_mixup_saga_s1,vit_small,mixup,vit_small|mixup,saga,s1,5afe5394ddb2b3b926d60d03c63462c5778fc39fa9eacb23a1d2655e80f6f5d5,native,in_b08,fixed_cal,10000,196,14,1,15.935408,results\frozen\I1_spatial\val_diag_split\e2r_vits_mixup_saga_s1\maps_in_b08.npz,8.8572,8.8572,1.0,0.952225,-0.047576,0.387677,0.025811,0.361866,0.103927,0.02551,0.075694,0.028988,0.045966,0.028419,0.089923,0.052503,0.029468,0.020235,0.018617,0.019875,0.166847,0.44671,1,0.019875,0.061503,0.089923,0.010153,0.986195,0.000638,1568,0,"conditional = absolute / p_any and share = absolute / mass; all three are proportional, so rankings and Spearman correlations are identical and only the scale differs"
I1_spatial,val_diag_split,bcb2a4c5a8f5335a71f7abef3c3a5dc028acd4b96aa76177e66360422186f8a5,202a712d9392527cbf2fe99525a42a1d45d01aca,analysis/frozen_I1_spatial.py,e2r_vits_mixup_saga_s2,vit_small,mixup,vit_small|mixup,saga,s2,624a6006447345b4fe7f9ee15cedfae3d1c36838cf2f0fe38907261f5e530daf,native,in_b08,fixed_cal,10000,196,14,1,15.935408,results\frozen\I1_spatial\val_diag_split\e2r_vits_mixup_saga_s2\maps_in_b08.npz,8.2065,8.2065,1.0,0.955998,-0.043785,0.373596,0.026884,0.346712,0.100286,0.02551,0.071942,0.024084,0.047837,0.031067,0.081134,0.045881,0.026704,0.017955,0.016158,0.017175,0.196856,0.435009,1,0.017175,0.050067,0.081134,0.009887,0.984591,0.000638,1568,0,"conditional = absolute / p_any and share = absolute / mass; all three are proportional, so rankings and Spearman correlations are identical and only the scale differs"
I1_spatial,val_diag_split,bcb2a4c5a8f5335a71f7abef3c3a5dc028acd4b96aa76177e66360422186f8a5,202a712d9392527cbf2fe99525a42a1d45d01aca,analysis/frozen_I1_spatial.py,e2r_vits_nomix_baseline_s1,vit_small,nomix,vit_small|nomix,baseline,s1,207a5e907fab6e3bf23abafce51b2bc55687b10ae70e65bf72c84b78fbe63c95,native,in_b08,fixed_cal,10000,196,14,1,20.123014,results\frozen\I1_spatial\val_diag_split\e2r_vits_nomix_baseline_s1\maps_in_b08.npz,2.503,2.503,0.5753,0.983612,-0.015659,0.221839,0.04932,0.172519,0.069756,0.02551,0.039008,0.002727,0.087924,0.018069,0.013811,0.010703,0.008764,0.0086,0.009108,0.010925,0.37539,0.242789,0,0.010925,-0.004258,0.024007,0.005518,0.839556,0.000638,1568,0,"conditional = absolute / p_any and share = absolute / mass; all three are proportional, so rankings and Spearman correlations are identical and only the scale differs"
I1_spatial,val_diag_split,bcb2a4c5a8f5335a71f7abef3c3a5dc028acd4b96aa76177e66360422186f8a5,202a712d9392527cbf2fe99525a42a1d45d01aca,analysis/frozen_I1_spatial.py,e2r_vits_nomix_baseline_s2,vit_small,nomix,vit_small|nomix,baseline,s2,50acc743467a51828d2bf24e84f241705e33b1cf6a68a8e7f3a46413ed95d086,native,in_b08,fixed_cal,10000,196,14,1,20.123014,results\frozen\I1_spatial\val_diag_split\e2r_vits_nomix_baseline_s2\maps_in_b08.npz,1.9162,1.9162,0.5264,0.955745,-0.043297,0.250048,0.056534,0.193514,0.169137,0.02551,0.137537,0.011349,0.100641,0.014719,0.008586,0.007517,0.007264,0.007625,0.008408,0.0114,0.399436,0.197161,0,0.0114,-0.006133,0.016311,0.004481,0.657733,0.000638,1568,0,"conditional = absolute / p_any and share = absolute / mass; all three are proportional, so rankings and Spearman correlations are identical and only the scale differs"
I1_spatial,val_diag_split,bcb2a4c5a8f5335a71f7abef3c3a5dc028acd4b96aa76177e66360422186f8a5,202a712d9392527cbf2fe99525a42a1d45d01aca,analysis/frozen_I1_spatial.py,e2r_vits_nomix_saga_s1,vit_small,nomix,vit_small|nomix,saga,s1,88f72869bae5882f6b8c0791c69ffea51ae55247276106e60d817f27e2a646ce,native,in_b08,fixed_cal,10000,196,14,1,20.123014,results\frozen\I1_spatial\val_diag_split\e2r_vits_nomix_saga_s1\maps_in_b08.npz,0.4628,0.4628,0.0912,0.934221,-0.061754,0.456245,0.115301,0.340943,0.105877,0.02551,0.067576,0.001996,0.20555,0.004887,0.002148,0.001139,0.000879,0.001115,0.001392,0.0024,0.549049,0.204192,0,0.0024,-0.002739,0.02355,0.004641,0.829365,0.000638,1568,0,"conditional = absolute / p_any and share = absolute / mass; all three are proportional, so rankings and Spearman correlations are identical and only the scale differs"
I1_spatial,val_diag_split,bcb2a4c5a8f5335a71f7abef3c3a5dc028acd4b96aa76177e66360422186f8a5,202a712d9392527cbf2fe99525a42a1d45d01aca,analysis/frozen_I1_spatial.py,e2r_vits_nomix_saga_s2,vit_small,nomix,vit_small|nomix,saga,s2,68d64007a4bcae2335cf7ead1fe698e1df73e48ef538f9727c46ddc186ffd5ab,native,in_b08,fixed_cal,10000,196,14,1,20.123014,results\frozen\I1_spatial\val_diag_split\e2r_vits_nomix_saga_s2\maps_in_b08.npz,0.3459,0.3459,0.0682,0.945556,-0.049032,0.41592,0.133364,0.282556,0.098294,0.02551,0.057849,0.001221,0.237831,0.003306,0.001298,0.000975,0.000957,0.001315,0.001592,0.0024,0.496964,0.165077,0,0.0024,-0.002008,0.019028,0.003752,0.719013,0.007015,1568,0,"conditional = absolute / p_any and share = absolute / mass; all three are proportional, so rankings and Spearman correlations are identical and only the scale differs"
I1_spatial,val_diag_split,bcb2a4c5a8f5335a71f7abef3c3a5dc028acd4b96aa76177e66360422186f8a5,202a712d9392527cbf2fe99525a42a1d45d01aca,analysis/frozen_I1_spatial.py,legacy_e2_vit_base_nomixdir_baseline,vit_base,mixup,vit_base|mixup,baseline,legacy-nomixdir,2a7f8c84dc32571e95dc3745422b4960f9dd602433cd42f1e16891b6c491cac5,native,in_b08,fixed_cal,10000,196,14,1,45.624474,results\frozen\I1_spatial\val_diag_split\legacy_e2_vit_base_nomixdir_baseline\maps_in_b08.npz,16.2221,16.2221,1.0,0.981826,-0.01807,0.236462,0.018661,0.217801,0.071828,0.02551,0.044362,0.020406,0.03329,0.058121,0.133039,0.093392,0.069104,0.05594,0.057417,0.060325,0.186308,0.360847,1,0.060325,0.074917,0.133039,0.008201,0.977148,0.000638,1568,0,"conditional = absolute / p_any and share = absolute / mass; all three are proportional, so rankings and Spearman correlations are identical and only the scale differs"
I1_spatial,val_diag_split,bcb2a4c5a8f5335a71f7abef3c3a5dc028acd4b96aa76177e66360422186f8a5,202a712d9392527cbf2fe99525a42a1d45d01aca,analysis/frozen_I1_spatial.py,legacy_e2_vit_base_nomixdir_registers,vit_base,mixup,vit_base|mixup,registers,legacy-nomixdir,82365a311187250c34965c93a13ab435adf7ac2ad655115c855f7708f6f8ddb1,native,in_b08,fixed_cal,10000,196,14,5,45.624474,results\frozen\I1_spatial\val_diag_split\legacy_e2_vit_base_nomixdir_registers\maps_in_b08.npz,1.6977,1.6977,0.6201,0.993131,-0.005787,0.151691,0.060066,0.091625,0.045238,0.02551,0.013246,0.000654,0.106981,0.007013,0.008814,0.009375,0.009364,0.009185,0.009725,0.011275,0.21482,0.228427,6,0.011275,0.0018,0.014213,0.005192,0.696345,0.000638,1568,0,"conditional = absolute / p_any and share = absolute / mass; all three are proportional, so rankings and Spearman correlations are identical and only the scale differs"
I1_spatial,val_diag_split,bcb2a4c5a8f5335a71f7abef3c3a5dc028acd4b96aa76177e66360422186f8a5,202a712d9392527cbf2fe99525a42a1d45d01aca,analysis/frozen_I1_spatial.py,legacy_e2_vit_base_nomixdir_saga,vit_base,mixup,vit_base|mixup,saga,legacy-nomixdir,4a1c5a1fe54692afbffdc25f26b9491c255d826f27aefeec9b74cf775ba43ef2,native,in_b08,fixed_cal,10000,196,14,1,45.624474,results\frozen\I1_spatial\val_diag_split\legacy_e2_vit_base_nomixdir_saga\maps_in_b08.npz,6.539,6.539,1.0,0.943634,-0.056092,0.421449,0.030314,0.391135,0.107983,0.02551,0.079284,0.025602,0.053828,0.01625,0.068377,0.042147,0.02295,0.01549,0.013967,0.012025,0.129225,0.460101,1,0.012025,0.052127,0.068377,0.010457,0.982525,0.000638,1568,0,"conditional = absolute / p_any and share = absolute / mass; all three are proportional, so rankings and Spearman correlations are identical and only the scale differs"
I1_spatial,val_diag_split,bcb2a4c5a8f5335a71f7abef3c3a5dc028acd4b96aa76177e66360422186f8a5,202a712d9392527cbf2fe99525a42a1d45d01aca,analysis/frozen_I1_spatial.py,legacy_e2_vit_small_mixupdir_baseline,vit_small,mixup,vit_small|mixup,baseline,legacy-mixupdir,cd926200127b98cbc597ddad82d84fd823376addc0ac1075a98de73b21e7d17d,native,in_b08,fixed_cal,10000,196,14,1,15.935408,results\frozen\I1_spatial\val_diag_split\legacy_e2_vit_small_mixupdir_baseline\maps_in_b08.npz,13.5288,13.5288,1.0,0.973963,-0.02591,0.292183,0.020591,0.271592,0.071492,0.02551,0.043818,0.022553,0.036725,0.047727,0.115034,0.081394,0.059864,0.04024,0.035717,0.036425,0.183446,0.374128,1,0.036425,0.067307,0.115034,0.008503,0.988575,0.000638,1568,0,"conditional = absolute / p_any and share = absolute / mass; all three are proportional, so rankings and Spearman correlations are identical and only the scale differs"
I1_spatial,val_diag_split,bcb2a4c5a8f5335a71f7abef3c3a5dc028acd4b96aa76177e66360422186f8a5,202a712d9392527cbf2fe99525a42a1d45d01aca,analysis/frozen_I1_spatial.py,legacy_e2_vit_small_mixupdir_registers,vit_small,mixup,vit_small|mixup,registers,legacy-mixupdir,e50859f062be20cf971cefac39fde542bd3dc47fa272f3ed78abc193b71a8a77,native,in_b08,fixed_cal,10000,196,14,5,15.935408,results\frozen\I1_spatial\val_diag_split\legacy_e2_vit_small_mixupdir_registers\maps_in_b08.npz,1.1864,1.1864,0.3894,0.994375,-0.004082,0.135694,0.071686,0.064008,0.043746,0.02551,0.010501,0.000369,0.128143,0.00591,0.005416,0.005908,0.006336,0.006595,0.006967,0.0088,0.259019,0.20086,6,0.0088,-0.000494,0.013908,0.004565,0.49338,0.001276,1568,0,"conditional = absolute / p_any and share = absolute / mass; all three are proportional, so rankings and Spearman correlations are identical and only the scale differs"
I1_spatial,val_diag_split,bcb2a4c5a8f5335a71f7abef3c3a5dc028acd4b96aa76177e66360422186f8a5,202a712d9392527cbf2fe99525a42a1d45d01aca,analysis/frozen_I1_spatial.py,legacy_e2_vit_small_mixupdir_saga,vit_small,mixup,vit_small|mixup,saga,legacy-mixupdir,92a03a4716ce07c0460eb132720d8a816aaa2bcde49713b86c57c774fef22995,native,in_b08,fixed_cal,10000,196,14,1,15.935408,results\frozen\I1_spatial\val_diag_split\legacy_e2_vit_small_mixupdir_saga\maps_in_b08.npz,7.9562,7.9562,0.9998,0.961535,-0.038241,0.350197,0.027351,0.322846,0.091589,0.02551,0.063202,0.020194,0.048616,0.02956,0.075732,0.045917,0.027646,0.018175,0.017367,0.021975,0.193195,0.418818,1,0.021975,0.046172,0.075747,0.009519,0.983291,0.000638,1568,0,"conditional = absolute / p_any and share = absolute / mass; all three are proportional, so rankings and Spearman correlations are identical and only the scale differs"
I1_spatial,val_diag_split,bcb2a4c5a8f5335a71f7abef3c3a5dc028acd4b96aa76177e66360422186f8a5,202a712d9392527cbf2fe99525a42a1d45d01aca,analysis/frozen_I1_spatial.py,legacy_e2_vit_small_nomixdir_baseline,vit_small,mixup,vit_small|mixup,baseline,legacy-nomixdir,8d980da27a4b571a117e82451c8c9deff126e437206faee5120e069d3667e10d,native,in_b08,fixed_cal,10000,196,14,1,15.935408,results\frozen\I1_spatial\val_diag_split\legacy_e2_vit_small_nomixdir_baseline\maps_in_b08.npz,11.336,11.336,1.0,0.968411,-0.031436,0.319546,0.022632,0.296914,0.082586,0.02551,0.0547,0.023715,0.040361,0.038677,0.104739,0.067808,0.042532,0.02974,0.028625,0.0365,0.177417,0.406537,1,0.0365,0.066062,0.104739,0.009239,0.983341,0.000638,1568,0,"conditional = absolute / p_any and share = absolute / mass; all three are proportional, so rankings and Spearman correlations are identical and only the scale differs"
I1_spatial,val_diag_split,bcb2a4c5a8f5335a71f7abef3c3a5dc028acd4b96aa76177e66360422186f8a5,202a712d9392527cbf2fe99525a42a1d45d01aca,analysis/frozen_I1_spatial.py,legacy_e2_vit_small_nomixdir_registers,vit_small,mixup,vit_small|mixup,registers,legacy-nomixdir,7ca33ed755106aa7f0d0b02ebf6ceb003808fc5dc3f78699538de1fba820e536,native,in_b08,fixed_cal,10000,196,14,5,15.935408,results\frozen\I1_spatial\val_diag_split\legacy_e2_vit_small_nomixdir_registers\maps_in_b08.npz,2.4304,2.4304,0.7677,0.995932,-0.003318,0.116924,0.050018,0.066906,0.037278,0.02551,0.006433,0.000532,0.089244,0.009538,0.014486,0.013364,0.012707,0.012365,0.0127,0.0151,0.204082,0.262261,6,0.0151,0.004948,0.01887,0.00596,0.684758,0.001276,1568,0,"conditional = absolute / p_any and share = absolute / mass; all three are proportional, so rankings and Spearman correlations are identical and only the scale differs"
I1_spatial,val_diag_split,bcb2a4c5a8f5335a71f7abef3c3a5dc028acd4b96aa76177e66360422186f8a5,202a712d9392527cbf2fe99525a42a1d45d01aca,analysis/frozen_I1_spatial.py,legacy_e2_vit_small_nomixdir_saga,vit_small,mixup,vit_small|mixup,saga,legacy-nomixdir,a482f5286b2c43ffa8d9f6606b1af24d06962421b808babfdd6b123a56b0f9ee,native,in_b08,fixed_cal,10000,196,14,1,15.935408,results\frozen\I1_spatial\val_diag_split\legacy_e2_vit_small_nomixdir_saga\maps_in_b08.npz,9.4601,9.4601,1.0,0.956739,-0.043076,0.373902,0.024923,0.348979,0.091574,0.02551,0.063447,0.026814,0.044406,0.032629,0.089484,0.0608,0.033846,0.02127,0.016892,0.015375,0.179353,0.416201,1,0.015375,0.056855,0.089484,0.009459,0.988774,0.000638,1568,0,"conditional = absolute / p_any and share = absolute / mass; all three are proportional, so rankings and Spearman correlations are identical and only the scale differs"
I1_spatial,val_diag_split,bcb2a4c5a8f5335a71f7abef3c3a5dc028acd4b96aa76177e66360422186f8a5,202a712d9392527cbf2fe99525a42a1d45d01aca,analysis/frozen_I1_spatial.py,e2r_vitb_mixup_baseline_s1,vit_base,mixup,vit_base|mixup,baseline,s1,316211c719c41113c1f9bffa7f500e158d727c0f0998e41869796209a3fd1339,native,in_b08,mad,10000,196,14,1,MISSING,results\frozen\I1_spatial\val_diag_split\e2r_vitb_mixup_baseline_s1\maps_in_b08.npz,10.4819,10.4819,1.0,0.94305,-0.056784,0.422584,0.02358,0.399004,0.116496,0.02551,0.088506,0.043001,0.04207,0.034312,0.112695,0.05825,0.035864,0.017085,0.017508,0.021525,0.170217,0.473063,1,0.021525,0.078384,0.112695,0.010751,0.991332,0.000638,1568,0,"conditional = absolute / p_any and share = absolute / mass; all three are proportional, so rankings and Spearman correlations are identical and only the scale differs"
I1_spatial,val_diag_split,bcb2a4c5a8f5335a71f7abef3c3a5dc028acd4b96aa76177e66360422186f8a5,202a712d9392527cbf2fe99525a42a1d45d01aca,analysis/frozen_I1_spatial.py,e2r_vitb_mixup_saga_s1,vit_base,mixup,vit_base|mixup,saga,s1,a4e0e0ccd3b4cd4d40b9f46417d602d8eed4913a29b36f5b3bce78e1dfe77229,native,in_b08,mad,10000,196,14,1,MISSING,results\frozen\I1_spatial\val_diag_split\e2r_vitb_mixup_saga_s1\maps_in_b08.npz,7.0041,7.0041,1.0,0.955247,-0.044497,0.36501,0.02923,0.33578,0.114719,0.02551,0.086129,0.023874,0.051946,0.01825,0.070568,0.040678,0.025871,0.02057,0.021158,0.024,0.135492,0.443312,1,0.024,0.052318,0.070568,0.010075,0.976356,0.000638,1568,0,"conditional = absolute / p_any and share = absolute / mass; all three are proportional, so rankings and Spearman correlations are identical and only the scale differs"
I1_spatial,val_diag_split,bcb2a4c5a8f5335a71f7abef3c3a5dc028acd4b96aa76177e66360422186f8a5,202a712d9392527cbf2fe99525a42a1d45d01aca,analysis/frozen_I1_spatial.py,e2r_vits_mixup_baseline_s1,vit_small,mixup,vit_small|mixup,baseline,s1,3aa41a7225b69146a419c618049d7a9f348d259d3ae750749755e0addc2759ac,native,in_b08,mad,10000,196,14,1,MISSING,results\frozen\I1_spatial\val_diag_split\e2r_vits_mixup_baseline_s1\maps_in_b08.npz,11.719,11.719,1.0,0.965646,-0.034206,0.331286,0.02223,0.309056,0.090067,0.02551,0.062225,0.027591,0.039655,0.042073,0.111782,0.062797,0.043936,0.031485,0.029908,0.033325,0.186688,0.419695,1,0.033325,0.069709,0.111782,0.009539,0.988307,0.000638,1568,0,"conditional = absolute / p_any and share = absolute / mass; all three are proportional, so rankings and Spearman correlations are identical and only the scale differs"
I1_spatial,val_diag_split,bcb2a4c5a8f5335a71f7abef3c3a5dc028acd4b96aa76177e66360422186f8a5,202a712d9392527cbf2fe99525a42a1d45d01aca,analysis/frozen_I1_spatial.py,e2r_vits_mixup_baseline_s2,vit_small,mixup,vit_small|mixup,baseline,s2,baeee13f1864b926489bb186587ec65152fa8a935806fdf491971899db37ca7d,native,in_b08,mad,10000,196,14,1,MISSING,results\frozen\I1_spatial\val_diag_split\e2r_vits_mixup_baseline_s2\maps_in_b08.npz,13.9269,13.9269,1.0,0.97476,-0.025117,0.287504,0.020271,0.267233,0.072651,0.02551,0.045008,0.022954,0.036157,0.055075,0.11928,0.081783,0.053643,0.038355,0.03535,0.0443,0.205638,0.376846,1,0.0443,0.064205,0.11928,0.008565,0.987378,0.000638,1568,0,"conditional = absolute / p_any and share = absolute / mass; all three are proportional, so rankings and Spearman correlations are identical and only the scale differs"
I1_spatial,val_diag_split,bcb2a4c5a8f5335a71f7abef3c3a5dc028acd4b96aa76177e66360422186f8a5,202a712d9392527cbf2fe99525a42a1d45d01aca,analysis/frozen_I1_spatial.py,e2r_vits_mixup_saga_s1,vit_small,mixup,vit_small|mixup,saga,s1,5afe5394ddb2b3b926d60d03c63462c5778fc39fa9eacb23a1d2655e80f6f5d5,native,in_b08,mad,10000,196,14,1,MISSING,results\frozen\I1_spatial\val_diag_split\e2r_vits_mixup_saga_s1\maps_in_b08.npz,13.8946,13.8946,1.0,0.974238,-0.025639,0.287458,0.020299,0.267159,0.078743,0.02551,0.0511,0.024144,0.036202,0.051246,0.122007,0.080333,0.052864,0.041605,0.040308,0.043375,0.191787,0.386359,1,0.043375,0.070761,0.122007,0.008781,0.985664,0.000638,1568,0,"conditional = absolute / p_any and share = absolute / mass; all three are proportional, so rankings and Spearman correlations are identical and only the scale differs"
I1_spatial,val_diag_split,bcb2a4c5a8f5335a71f7abef3c3a5dc028acd4b96aa76177e66360422186f8a5,202a712d9392527cbf2fe99525a42a1d45d01aca,analysis/frozen_I1_spatial.py,e2r_vits_mixup_saga_s2,vit_small,mixup,vit_small|mixup,saga,s2,624a6006447345b4fe7f9ee15cedfae3d1c36838cf2f0fe38907261f5e530daf,native,in_b08,mad,10000,196,14,1,MISSING,results\frozen\I1_spatial\val_diag_split\e2r_vits_mixup_saga_s2\maps_in_b08.npz,13.6098,13.6098,1.0,0.976174,-0.0237,0.278475,0.020512,0.257964,0.074887,0.02551,0.047225,0.021199,0.036608,0.056169,0.117236,0.075544,0.050389,0.03914,0.03745,0.041975,0.21461,0.379021,1,0.041975,0.061067,0.117236,0.008614,0.984585,0.000638,1568,0,"conditional = absolute / p_any and share = absolute / mass; all three are proportional, so rankings and Spearman correlations are identical and only the scale differs"
I1_spatial,val_diag_split,bcb2a4c5a8f5335a71f7abef3c3a5dc028acd4b96aa76177e66360422186f8a5,202a712d9392527cbf2fe99525a42a1d45d01aca,analysis/frozen_I1_spatial.py,e2r_vits_nomix_baseline_s1,vit_small,nomix,vit_small|nomix,baseline,s1,207a5e907fab6e3bf23abafce51b2bc55687b10ae70e65bf72c84b78fbe63c95,native,in_b08,mad,10000,196,14,1,MISSING,results\frozen\I1_spatial\val_diag_split\e2r_vits_nomix_baseline_s1\maps_in_b08.npz,2.2466,2.2466,0.5345,0.978072,-0.021113,0.221451,0.052118,0.169333,0.105448,0.02551,0.074359,0.004225,0.092867,0.016787,0.010559,0.008786,0.008404,0.00914,0.00995,0.013825,0.388543,0.206801,0,0.013825,-0.006227,0.019755,0.0047,0.69894,0.003827,1568,0,"conditional = absolute / p_any and share = absolute / mass; all three are proportional, so rankings and Spearman correlations are identical and only the scale differs"
I1_spatial,val_diag_split,bcb2a4c5a8f5335a71f7abef3c3a5dc028acd4b96aa76177e66360422186f8a5,202a712d9392527cbf2fe99525a42a1d45d01aca,analysis/frozen_I1_spatial.py,e2r_vits_nomix_baseline_s2,vit_small,nomix,vit_small|nomix,baseline,s2,50acc743467a51828d2bf24e84f241705e33b1cf6a68a8e7f3a46413ed95d086,native,in_b08,mad,10000,196,14,1,MISSING,results\frozen\I1_spatial\val_diag_split\e2r_vits_nomix_baseline_s2\maps_in_b08.npz,3.288,3.288,0.7176,0.957378,-0.042068,0.231806,0.043006,0.188799,0.169678,0.02551,0.139614,0.018728,0.076558,0.02359,0.013893,0.012778,0.013582,0.01529,0.0178,0.022575,0.373084,0.185918,0,0.022575,-0.009697,0.019361,0.004225,0.719366,0.001276,1568,0,"conditional = absolute / p_any and share = absolute / mass; all three are proportional, so rankings and Spearman correlations are identical and only the scale differs"
I1_spatial,val_diag_split,bcb2a4c5a8f5335a71f7abef3c3a5dc028acd4b96aa76177e66360422186f8a5,202a712d9392527cbf2fe99525a42a1d45d01aca,analysis/frozen_I1_spatial.py,e2r_vits_nomix_saga_s1,vit_small,nomix,vit_small|nomix,saga,s1,88f72869bae5882f6b8c0791c69ffea51ae55247276106e60d817f27e2a646ce,native,in_b08,mad,10000,196,14,1,MISSING,results\frozen\I1_spatial\val_diag_split\e2r_vits_nomix_saga_s1\maps_in_b08.npz,1.7512,1.7512,0.423,0.970246,-0.028706,0.280539,0.059106,0.221433,0.107412,0.02551,0.075534,0.004099,0.10532,0.015202,0.008209,0.005925,0.005232,0.006175,0.006683,0.009,0.451405,0.206259,0,0.009,-0.006993,0.019407,0.004688,0.744715,0.003189,1568,0,"conditional = absolute / p_any and share = absolute / mass; all three are proportional, so rankings and Spearman correlations are identical and only the scale differs"
I1_spatial,val_diag_split,bcb2a4c5a8f5335a71f7abef3c3a5dc028acd4b96aa76177e66360422186f8a5,202a712d9392527cbf2fe99525a42a1d45d01aca,analysis/frozen_I1_spatial.py,e2r_vits_nomix_saga_s2,vit_small,nomix,vit_small|nomix,saga,s2,68d64007a4bcae2335cf7ead1fe698e1df73e48ef538f9727c46ddc186ffd5ab,native,in_b08,mad,10000,196,14,1,MISSING,results\frozen\I1_spatial\val_diag_split\e2r_vits_nomix_saga_s2\maps_in_b08.npz,2.8504,2.8504,0.6471,0.995146,-0.004214,0.121858,0.046238,0.07562,0.04852,0.02551,0.018102,0.000827,0.082318,0.016071,0.01407,0.0128,0.013379,0.014395,0.016217,0.019425,0.293187,0.217198,6,0.019425,-0.002001,0.021744,0.004936,0.669495,0.001913,1568,0,"conditional = absolute / p_any and share = absolute / mass; all three are proportional, so rankings and Spearman correlations are identical and only the scale differs"
I1_spatial,val_diag_split,bcb2a4c5a8f5335a71f7abef3c3a5dc028acd4b96aa76177e66360422186f8a5,202a712d9392527cbf2fe99525a42a1d45d01aca,analysis/frozen_I1_spatial.py,legacy_e2_vit_base_nomixdir_baseline,vit_base,mixup,vit_base|mixup,baseline,legacy-nomixdir,2a7f8c84dc32571e95dc3745422b4960f9dd602433cd42f1e16891b6c491cac5,native,in_b08,mad,10000,196,14,1,MISSING,results\frozen\I1_spatial\val_diag_split\legacy_e2_vit_base_nomixdir_baseline\maps_in_b08.npz,12.1957,12.1957,1.0,0.971319,-0.02854,0.296561,0.021746,0.274815,0.087482,0.02551,0.059689,0.024876,0.038822,0.039285,0.110336,0.071689,0.048264,0.036675,0.039258,0.040325,0.167502,0.398075,1,0.040325,0.071052,0.110336,0.009047,0.977629,0.000638,1568,0,"conditional = absolute / p_any and share = absolute / mass; all three are proportional, so rankings and Spearman correlations are identical and only the scale differs"
I1_spatial,val_diag_split,bcb2a4c5a8f5335a71f7abef3c3a5dc028acd4b96aa76177e66360422186f8a5,202a712d9392527cbf2fe99525a42a1d45d01aca,analysis/frozen_I1_spatial.py,legacy_e2_vit_base_nomixdir_registers,vit_base,mixup,vit_base|mixup,registers,legacy-nomixdir,82365a311187250c34965c93a13ab435adf7ac2ad655115c855f7708f6f8ddb1,native,in_b08,mad,10000,196,14,5,MISSING,results\frozen\I1_spatial\val_diag_split\legacy_e2_vit_base_nomixdir_registers\maps_in_b08.npz,0.9367,0.9367,0.3954,0.993607,-0.004413,0.145632,0.081087,0.064545,0.043664,0.02551,0.009327,0.00033,0.144307,0.004096,0.004827,0.00495,0.005046,0.005075,0.005367,0.006475,0.227394,0.226753,6,0.006475,0.000731,0.012209,0.005153,0.464801,0.000638,1568,0,"conditional = absolute / p_any and share = absolute / mass; all three are proportional, so rankings and Spearman correlations are identical and only the scale differs"
I1_spatial,val_diag_split,bcb2a4c5a8f5335a71f7abef3c3a5dc028acd4b96aa76177e66360422186f8a5,202a712d9392527cbf2fe99525a42a1d45d01aca,analysis/frozen_I1_spatial.py,legacy_e2_vit_base_nomixdir_saga,vit_base,mixup,vit_base|mixup,saga,legacy-nomixdir,4a1c5a1fe54692afbffdc25f26b9491c255d826f27aefeec9b74cf775ba43ef2,native,in_b08,mad,10000,196,14,1,MISSING,results\frozen\I1_spatial\val_diag_split\legacy_e2_vit_base_nomixdir_saga\maps_in_b08.npz,9.7799,9.7799,1.0,0.97441,-0.02541,0.282815,0.024493,0.258323,0.079316,0.02551,0.051233,0.017129,0.043636,0.031913,0.085157,0.059131,0.039668,0.03149,0.031875,0.03045,0.169685,0.383123,1,0.03045,0.053243,0.085157,0.008707,0.97013,0.000638,1568,0,"conditional = absolute / p_any and share = absolute / mass; all three are proportional, so rankings and Spearman correlations are identical and only the scale differs"
I1_spatial,val_diag_split,bcb2a4c5a8f5335a71f7abef3c3a5dc028acd4b96aa76177e66360422186f8a5,202a712d9392527cbf2fe99525a42a1d45d01aca,analysis/frozen_I1_spatial.py,legacy_e2_vit_small_mixupdir_baseline,vit_small,mixup,vit_small|mixup,baseline,legacy-mixupdir,cd926200127b98cbc597ddad82d84fd823376addc0ac1075a98de73b21e7d17d,native,in_b08,mad,10000,196,14,1,MISSING,results\frozen\I1_spatial\val_diag_split\legacy_e2_vit_small_mixupdir_baseline\maps_in_b08.npz,13.3537,13.3537,1.0,0.97396,-0.025911,0.292366,0.020742,0.271624,0.072055,0.02551,0.044362,0.022357,0.036983,0.048133,0.113755,0.079747,0.058168,0.03911,0.034942,0.036125,0.187431,0.374817,1,0.036125,0.065622,0.113755,0.008519,0.988117,0.000638,1568,0,"conditional = absolute / p_any and share = absolute / mass; all three are proportional, so rankings and Spearman correlations are identical and only the scale differs"
I1_spatial,val_diag_split,bcb2a4c5a8f5335a71f7abef3c3a5dc028acd4b96aa76177e66360422186f8a5,202a712d9392527cbf2fe99525a42a1d45d01aca,analysis/frozen_I1_spatial.py,legacy_e2_vit_small_mixupdir_registers,vit_small,mixup,vit_small|mixup,registers,legacy-mixupdir,e50859f062be20cf971cefac39fde542bd3dc47fa272f3ed78abc193b71a8a77,native,in_b08,mad,10000,196,14,5,MISSING,results\frozen\I1_spatial\val_diag_split\legacy_e2_vit_small_mixupdir_registers\maps_in_b08.npz,2.7007,2.7007,0.6877,0.996802,-0.00252,0.103972,0.04755,0.056421,0.037472,0.02551,0.006893,0.000474,0.084601,0.013113,0.01395,0.012947,0.013532,0.014575,0.01595,0.019275,0.25249,0.227274,6,0.019275,0.000837,0.020285,0.005165,0.617137,0.001276,1568,0,"conditional = absolute / p_any and share = absolute / mass; all three are proportional, so rankings and Spearman correlations are identical and only the scale differs"
I1_spatial,val_diag_split,bcb2a4c5a8f5335a71f7abef3c3a5dc028acd4b96aa76177e66360422186f8a5,202a712d9392527cbf2fe99525a42a1d45d01aca,analysis/frozen_I1_spatial.py,legacy_e2_vit_small_mixupdir_saga,vit_small,mixup,vit_small|mixup,saga,legacy-mixupdir,92a03a4716ce07c0460eb132720d8a816aaa2bcde49713b86c57c774fef22995,native,in_b08,mad,10000,196,14,1,MISSING,results\frozen\I1_spatial\val_diag_split\legacy_e2_vit_small_mixupdir_saga\maps_in_b08.npz,12.9309,12.9309,0.9999,0.977819,-0.022048,0.269185,0.021101,0.248083,0.070552,0.02551,0.042823,0.018625,0.037626,0.052312,0.109877,0.073708,0.04925,0.03691,0.036233,0.04265,0.210364,0.37388,1,0.04265,0.057566,0.109888,0.008497,0.981827,0.000638,1568,0,"conditional = absolute / p_any and share = absolute / mass; all three are proportional, so rankings and Spearman correlations are identical and only the scale differs"
I1_spatial,val_diag_split,bcb2a4c5a8f5335a71f7abef3c3a5dc028acd4b96aa76177e66360422186f8a5,202a712d9392527cbf2fe99525a42a1d45d01aca,analysis/frozen_I1_spatial.py,legacy_e2_vit_small_nomixdir_baseline,vit_small,mixup,vit_small|mixup,baseline,legacy-nomixdir,8d980da27a4b571a117e82451c8c9deff126e437206faee5120e069d3667e10d,native,in_b08,mad,10000,196,14,1,MISSING,results\frozen\I1_spatial\val_diag_split\legacy_e2_vit_small_nomixdir_baseline\maps_in_b08.npz,11.8326,11.8326,1.0,0.969914,-0.02994,0.312025,0.022116,0.289909,0.081166,0.02551,0.053336,0.02364,0.039452,0.041035,0.108298,0.070464,0.044571,0.0312,0.0309,0.03855,0.180332,0.402709,1,0.03855,0.067263,0.108298,0.009152,0.984608,0.000638,1568,0,"conditional = absolute / p_any and share = absolute / mass; all three are proportional, so rankings and Spearman correlations are identical and only the scale differs"
I1_spatial,val_diag_split,bcb2a4c5a8f5335a71f7abef3c3a5dc028acd4b96aa76177e66360422186f8a5,202a712d9392527cbf2fe99525a42a1d45d01aca,analysis/frozen_I1_spatial.py,legacy_e2_vit_small_nomixdir_registers,vit_small,mixup,vit_small|mixup,registers,legacy-nomixdir,7ca33ed755106aa7f0d0b02ebf6ceb003808fc5dc3f78699538de1fba820e536,native,in_b08,mad,10000,196,14,5,MISSING,results\frozen\I1_spatial\val_diag_split\legacy_e2_vit_small_nomixdir_registers\maps_in_b08.npz,3.9381,3.9381,0.8468,0.996779,-0.002762,0.103209,0.039168,0.064041,0.0388,0.02551,0.009144,0.000703,0.069836,0.016854,0.023509,0.020342,0.019932,0.019325,0.020925,0.024825,0.222544,0.262665,6,0.024825,0.006655,0.027762,0.00597,0.7055,0.000638,1568,0,"conditional = absolute / p_any and share = absolute / mass; all three are proportional, so rankings and Spearman correlations are identical and only the scale differs"
I1_spatial,val_diag_split,bcb2a4c5a8f5335a71f7abef3c3a5dc028acd4b96aa76177e66360422186f8a5,202a712d9392527cbf2fe99525a42a1d45d01aca,analysis/frozen_I1_spatial.py,legacy_e2_vit_small_nomixdir_saga,vit_small,mixup,vit_small|mixup,saga,legacy-nomixdir,a482f5286b2c43ffa8d9f6606b1af24d06962421b808babfdd6b123a56b0f9ee,native,in_b08,mad,10000,196,14,1,MISSING,results\frozen\I1_spatial\val_diag_split\legacy_e2_vit_small_nomixdir_saga\maps_in_b08.npz,12.9699,12.9699,1.0,0.971254,-0.028613,0.306561,0.021066,0.285495,0.077826,0.02551,0.050102,0.024544,0.037566,0.049733,0.112773,0.079511,0.0497,0.034225,0.030042,0.0307,0.199392,0.382578,1,0.0307,0.06304,0.112773,0.008695,0.988061,0.000638,1568,0,"conditional = absolute / p_any and share = absolute / mass; all three are proportional, so rankings and Spearman correlations are identical and only the scale differs"
I1_spatial,val_diag_split,bcb2a4c5a8f5335a71f7abef3c3a5dc028acd4b96aa76177e66360422186f8a5,202a712d9392527cbf2fe99525a42a1d45d01aca,analysis/frozen_I1_spatial.py,e2r_vitb_mixup_baseline_s1,vit_base,mixup,vit_base|mixup,baseline,s1,316211c719c41113c1f9bffa7f500e158d727c0f0998e41869796209a3fd1339,native,hist,fixed_cal,10000,196,14,1,127.264763,results\frozen\I1_spatial\val_diag_split\e2r_vitb_mixup_baseline_s1\maps_hist.npz,11.3318,11.3318,1.0,0.96196,-0.037887,0.337077,0.022625,0.314453,0.101458,0.02551,0.07357,0.030937,0.040369,0.03031,0.108686,0.063192,0.047832,0.036025,0.038992,0.042725,0.139086,0.422016,1,0.042725,0.078377,0.108686,0.009591,0.978808,0.000638,1568,0,"conditional = absolute / p_any and share = absolute / mass; all three are proportional, so rankings and Spearman correlations are identical and only the scale differs"
I1_spatial,val_diag_split,bcb2a4c5a8f5335a71f7abef3c3a5dc028acd4b96aa76177e66360422186f8a5,202a712d9392527cbf2fe99525a42a1d45d01aca,analysis/frozen_I1_spatial.py,e2r_vitb_mixup_saga_s1,vit_base,mixup,vit_base|mixup,saga,s1,a4e0e0ccd3b4cd4d40b9f46417d602d8eed4913a29b36f5b3bce78e1dfe77229,native,hist,fixed_cal,10000,196,14,1,127.264763,results\frozen\I1_spatial\val_diag_split\e2r_vitb_mixup_saga_s1\maps_hist.npz,4.1817,4.1817,1.0,0.913545,-0.086022,0.50397,0.038032,0.465938,0.160461,0.02551,0.130923,0.029609,0.067728,0.008388,0.050552,0.024586,0.0125,0.00798,0.007867,0.008025,0.104312,0.531913,1,0.008025,0.042164,0.050552,0.012089,0.982119,0.000638,1568,0,"conditional = absolute / p_any and share = absolute / mass; all three are proportional, so rankings and Spearman correlations are identical and only the scale differs"
I1_spatial,val_diag_split,bcb2a4c5a8f5335a71f7abef3c3a5dc028acd4b96aa76177e66360422186f8a5,202a712d9392527cbf2fe99525a42a1d45d01aca,analysis/frozen_I1_spatial.py,e2r_vitb_mixup_saga_s1,vit_base,mixup,vit_base|mixup,saga,s1,a4e0e0ccd3b4cd4d40b9f46417d602d8eed4913a29b36f5b3bce78e1dfe77229,term_1.00,hist,fixed_cal,10000,196,14,1,127.264763,results\frozen\I1_spatial\val_diag_split\e2r_vitb_mixup_saga_s1\maps_hist.npz,4.2847,4.2847,1.0,0.914392,-0.085186,0.502127,0.037562,0.464564,0.158868,0.02551,0.129385,0.029826,0.066891,0.008608,0.05167,0.025242,0.012861,0.008235,0.008092,0.00825,0.104465,0.530609,1,0.00825,0.043063,0.05167,0.012059,0.982126,0.000638,1568,0,"conditional = absolute / p_any and share = absolute / mass; all three are proportional, so rankings and Spearman correlations are identical and only the scale differs"
I1_spatial,val_diag_split,bcb2a4c5a8f5335a71f7abef3c3a5dc028acd4b96aa76177e66360422186f8a5,202a712d9392527cbf2fe99525a42a1d45d01aca,analysis/frozen_I1_spatial.py,e2r_vits_mixup_baseline_s1,vit_small,mixup,vit_small|mixup,baseline,s1,3aa41a7225b69146a419c618049d7a9f348d259d3ae750749755e0addc2759ac,native,hist,fixed_cal,10000,196,14,1,20.846292,results\frozen\I1_spatial\val_diag_split\e2r_vits_mixup_baseline_s1\maps_hist.npz,19.6876,19.6876,1.0,0.980876,-0.019039,0.247614,0.016799,0.230815,0.066072,0.02551,0.038802,0.024483,0.029926,0.074044,0.163009,0.10865,0.082964,0.066185,0.068,0.0727,0.19557,0.364311,1,0.0727,0.088965,0.163009,0.00828,0.986263,0.000638,1568,0,"conditional = absolute / p_any and share = absolute / mass; all three are proportional, so rankings and Spearman correlations are identical and only the scale differs"
I1_spatial,val_diag_split,bcb2a4c5a8f5335a71f7abef3c3a5dc028acd4b96aa76177e66360422186f8a5,202a712d9392527cbf2fe99525a42a1d45d01aca,analysis/frozen_I1_spatial.py,e2r_vits_mixup_baseline_s2,vit_small,mixup,vit_small|mixup,baseline,s2,baeee13f1864b926489bb186587ec65152fa8a935806fdf491971899db37ca7d,native,hist,fixed_cal,10000,196,14,1,20.846292,results\frozen\I1_spatial\val_diag_split\e2r_vits_mixup_baseline_s2\maps_hist.npz,14.855,14.855,1.0,0.975926,-0.023959,0.277739,0.019586,0.258152,0.070098,0.02551,0.042532,0.022836,0.03492,0.054615,0.125014,0.088878,0.059864,0.045085,0.044192,0.05165,0.191181,0.370286,1,0.05165,0.070398,0.125014,0.008416,0.986162,0.000638,1568,0,"conditional = absolute / p_any and share = absolute / mass; all three are proportional, so rankings and Spearman correlations are identical and only the scale differs"
I1_spatial,val_diag_split,bcb2a4c5a8f5335a71f7abef3c3a5dc028acd4b96aa76177e66360422186f8a5,202a712d9392527cbf2fe99525a42a1d45d01aca,analysis/frozen_I1_spatial.py,e2r_vits_mixup_saga_s1,vit_small,mixup,vit_small|mixup,saga,s1,5afe5394ddb2b3b926d60d03c63462c5778fc39fa9eacb23a1d2655e80f6f5d5,native,hist,fixed_cal,10000,196,14,1,20.846292,results\frozen\I1_spatial\val_diag_split\e2r_vits_mixup_saga_s1\maps_hist.npz,10.3646,10.3646,1.0,0.959931,-0.0399,0.355792,0.023749,0.332042,0.093781,0.02551,0.065782,0.027965,0.042321,0.0338,0.10067,0.061883,0.036446,0.026305,0.024767,0.026475,0.169577,0.427368,1,0.026475,0.06687,0.10067,0.009713,0.986499,0.000638,1568,0,"conditional = absolute / p_any and share = absolute / mass; all three are proportional, so rankings and Spearman correlations are identical and only the scale differs"
I1_spatial,val_diag_split,bcb2a4c5a8f5335a71f7abef3c3a5dc028acd4b96aa76177e66360422186f8a5,202a712d9392527cbf2fe99525a42a1d45d01aca,analysis/frozen_I1_spatial.py,e2r_vits_mixup_saga_s1,vit_small,mixup,vit_small|mixup,saga,s1,5afe5394ddb2b3b926d60d03c63462c5778fc39fa9eacb23a1d2655e80f6f5d5,term_1.00,hist,fixed_cal,10000,196,14,1,20.846292,results\frozen\I1_spatial\val_diag_split\e2r_vits_mixup_saga_s1\maps_hist.npz,10.8635,10.8635,1.0,0.961311,-0.038529,0.350173,0.023138,0.327035,0.091536,0.02551,0.063593,0.028126,0.041282,0.035885,0.104618,0.065014,0.038389,0.02782,0.025917,0.027875,0.171768,0.423731,1,0.027875,0.068734,0.104618,0.00963,0.987306,0.000638,1568,0,"conditional = absolute / p_any and share = absolute / mass; all three are proportional, so rankings and Spearman correlations are identical and only the scale differs"
I1_spatial,val_diag_split,bcb2a4c5a8f5335a71f7abef3c3a5dc028acd4b96aa76177e66360422186f8a5,202a712d9392527cbf2fe99525a42a1d45d01aca,analysis/frozen_I1_spatial.py,e2r_vits_mixup_saga_s2,vit_small,mixup,vit_small|mixup,saga,s2,624a6006447345b4fe7f9ee15cedfae3d1c36838cf2f0fe38907261f5e530daf,native,hist,fixed_cal,10000,196,14,1,20.846292,results\frozen\I1_spatial\val_diag_split\e2r_vits_mixup_saga_s2\maps_hist.npz,8.1055,8.1055,1.0,0.96023,-0.039551,0.35416,0.02705,0.32711,0.097403,0.02551,0.069043,0.021566,0.048147,0.030465,0.078509,0.045083,0.027218,0.0192,0.018225,0.019775,0.195448,0.42618,1,0.019775,0.048044,0.078509,0.009686,0.982991,0.000638,1568,0,"conditional = absolute / p_any and share = absolute / mass; all three are proportional, so rankings and Spearman correlations are identical and only the scale differs"
I1_spatial,val_diag_split,bcb2a4c5a8f5335a71f7abef3c3a5dc028acd4b96aa76177e66360422186f8a5,202a712d9392527cbf2fe99525a42a1d45d01aca,analysis/frozen_I1_spatial.py,e2r_vits_mixup_saga_s2,vit_small,mixup,vit_small|mixup,saga,s2,624a6006447345b4fe7f9ee15cedfae3d1c36838cf2f0fe38907261f5e530daf,term_1.00,hist,fixed_cal,10000,196,14,1,20.846292,results\frozen\I1_spatial\val_diag_split\e2r_vits_mixup_saga_s2\maps_hist.npz,8.1069,8.1069,1.0,0.959854,-0.039927,0.35595,0.027055,0.328894,0.097719,0.02551,0.069357,0.021767,0.048142,0.030517,0.078709,0.045119,0.027021,0.0189,0.018217,0.019825,0.195747,0.427192,1,0.019825,0.048192,0.078709,0.009709,0.983274,0.000638,1568,0,"conditional = absolute / p_any and share = absolute / mass; all three are proportional, so rankings and Spearman correlations are identical and only the scale differs"
I1_spatial,val_diag_split,bcb2a4c5a8f5335a71f7abef3c3a5dc028acd4b96aa76177e66360422186f8a5,202a712d9392527cbf2fe99525a42a1d45d01aca,analysis/frozen_I1_spatial.py,e2r_vits_nomix_baseline_s1,vit_small,nomix,vit_small|nomix,baseline,s1,207a5e907fab6e3bf23abafce51b2bc55687b10ae70e65bf72c84b78fbe63c95,native,hist,fixed_cal,10000,196,14,1,22.854731,results\frozen\I1_spatial\val_diag_split\e2r_vits_nomix_baseline_s1\maps_hist.npz,3.6919,3.6919,0.7551,0.992032,-0.007477,0.164579,0.04051,0.124069,0.043744,0.02551,0.013949,0.001618,0.072173,0.016719,0.01905,0.018844,0.019239,0.02034,0.021575,0.025375,0.235489,0.227038,6,0.025375,0.002331,0.025228,0.00516,0.894912,0.000638,1568,0,"conditional = absolute / p_any and share = absolute / mass; all three are proportional, so rankings and Spearman correlations are identical and only the scale differs"
I1_spatial,val_diag_split,bcb2a4c5a8f5335a71f7abef3c3a5dc028acd4b96aa76177e66360422186f8a5,202a712d9392527cbf2fe99525a42a1d45d01aca,analysis/frozen_I1_spatial.py,e2r_vits_nomix_baseline_s2,vit_small,nomix,vit_small|nomix,baseline,s2,50acc743467a51828d2bf24e84f241705e33b1cf6a68a8e7f3a46413ed95d086,native,hist,fixed_cal,10000,196,14,1,22.854731,results\frozen\I1_spatial\val_diag_split\e2r_vits_nomix_baseline_s2\maps_hist.npz,4.4558,4.4558,0.804,0.988301,-0.011292,0.198717,0.036868,0.161849,0.047466,0.02551,0.01805,0.002935,0.065565,0.017113,0.02673,0.024006,0.022779,0.023825,0.024933,0.028025,0.199717,0.263948,6,0.028025,0.009616,0.033246,0.005999,0.916633,0.001276,1568,0,"conditional = absolute / p_any and share = absolute / mass; all three are proportional, so rankings and Spearman correlations are identical and only the scale differs"
I1_spatial,val_diag_split,bcb2a4c5a8f5335a71f7abef3c3a5dc028acd4b96aa76177e66360422186f8a5,202a712d9392527cbf2fe99525a42a1d45d01aca,analysis/frozen_I1_spatial.py,e2r_vits_nomix_saga_s1,vit_small,nomix,vit_small|nomix,saga,s1,88f72869bae5882f6b8c0791c69ffea51ae55247276106e60d817f27e2a646ce,native,hist,fixed_cal,10000,196,14,1,22.854731,results\frozen\I1_spatial\val_diag_split\e2r_vits_nomix_saga_s1\maps_hist.npz,1.1874,1.1874,0.4,0.989226,-0.009231,0.192181,0.071667,0.120514,0.042867,0.02551,0.009624,0.000686,0.128088,0.00606,0.00608,0.005997,0.005968,0.00604,0.006092,0.006975,0.26537,0.225282,6,0.006975,2e-05,0.015199,0.00512,0.791754,0.000638,1568,0,"conditional = absolute / p_any and share = absolute / mass; all three are proportional, so rankings and Spearman correlations are identical and only the scale differs"
I1_spatial,val_diag_split,bcb2a4c5a8f5335a71f7abef3c3a5dc028acd4b96aa76177e66360422186f8a5,202a712d9392527cbf2fe99525a42a1d45d01aca,analysis/frozen_I1_spatial.py,e2r_vits_nomix_saga_s1,vit_small,nomix,vit_small|nomix,saga,s1,88f72869bae5882f6b8c0791c69ffea51ae55247276106e60d817f27e2a646ce,term_1.00,hist,fixed_cal,10000,196,14,1,22.854731,results\frozen\I1_spatial\val_diag_split\e2r_vits_nomix_saga_s1\maps_hist.npz,0.9998,0.9998,0.3723,0.986982,-0.011185,0.210654,0.078074,0.132581,0.044409,0.02551,0.010422,0.000695,0.139656,0.005002,0.005048,0.005128,0.005114,0.00515,0.0053,0.0058,0.260152,0.222144,6,0.0058,4.6e-05,0.013558,0.005049,0.769112,0.000638,1568,0,"conditional = absolute / p_any and share = absolute / mass; all three are proportional, so rankings and Spearman correlations are identical and only the scale differs"
I1_spatial,val_diag_split,bcb2a4c5a8f5335a71f7abef3c3a5dc028acd4b96aa76177e66360422186f8a5,202a712d9392527cbf2fe99525a42a1d45d01aca,analysis/frozen_I1_spatial.py,e2r_vits_nomix_saga_s2,vit_small,nomix,vit_small|nomix,saga,s2,68d64007a4bcae2335cf7ead1fe698e1df73e48ef538f9727c46ddc186ffd5ab,native,hist,fixed_cal,10000,196,14,1,22.854731,results\frozen\I1_spatial\val_diag_split\e2r_vits_nomix_saga_s2\maps_hist.npz,1.6965,1.6965,0.5152,0.98768,-0.011237,0.199825,0.060109,0.139715,0.043207,0.02551,0.011212,0.001064,0.10702,0.006013,0.009402,0.009486,0.009193,0.00965,0.01065,0.0126,0.184321,0.243855,6,0.0126,0.003389,0.01825,0.005542,0.869885,0.000638,1568,0,"conditional = absolute / p_any and share = absolute / mass; all three are proportional, so rankings and Spearman correlations are identical and only the scale differs"
I1_spatial,val_diag_split,bcb2a4c5a8f5335a71f7abef3c3a5dc028acd4b96aa76177e66360422186f8a5,202a712d9392527cbf2fe99525a42a1d45d01aca,analysis/frozen_I1_spatial.py,e2r_vits_nomix_saga_s2,vit_small,nomix,vit_small|nomix,saga,s2,68d64007a4bcae2335cf7ead1fe698e1df73e48ef538f9727c46ddc186ffd5ab,term_1.00,hist,fixed_cal,10000,196,14,1,22.854731,results\frozen\I1_spatial\val_diag_split\e2r_vits_nomix_saga_s2\maps_hist.npz,1.2414,1.2414,0.4267,0.98581,-0.012712,0.216611,0.070137,0.146475,0.043258,0.02551,0.01017,0.000906,0.125254,0.004285,0.006827,0.006925,0.006882,0.007105,0.007983,0.009575,0.179475,0.241985,6,0.009575,0.002543,0.016,0.0055,0.85031,0.001276,1568,0,"conditional = absolute / p_any and share = absolute / mass; all three are proportional, so rankings and Spearman correlations are identical and only the scale differs"
I1_spatial,val_diag_split,bcb2a4c5a8f5335a71f7abef3c3a5dc028acd4b96aa76177e66360422186f8a5,202a712d9392527cbf2fe99525a42a1d45d01aca,analysis/frozen_I1_spatial.py,legacy_e2_vit_base_nomixdir_baseline,vit_base,mixup,vit_base|mixup,baseline,legacy-nomixdir,2a7f8c84dc32571e95dc3745422b4960f9dd602433cd42f1e16891b6c491cac5,native,hist,fixed_cal,10000,196,14,1,127.264763,results\frozen\I1_spatial\val_diag_split\legacy_e2_vit_base_nomixdir_baseline\maps_hist.npz,5.522,5.522,1.0,0.911288,-0.088386,0.51617,0.033023,0.483147,0.151213,0.02551,0.12222,0.037601,0.058732,0.009579,0.066286,0.035442,0.016786,0.00898,0.011525,0.010875,0.090203,0.528178,1,0.010875,0.056708,0.066286,0.012004,0.985595,0.000638,1568,0,"conditional = absolute / p_any and share = absolute / mass; all three are proportional, so rankings and Spearman correlations are identical and only the scale differs"
I1_spatial,val_diag_split,bcb2a4c5a8f5335a71f7abef3c3a5dc028acd4b96aa76177e66360422186f8a5,202a712d9392527cbf2fe99525a42a1d45d01aca,analysis/frozen_I1_spatial.py,legacy_e2_vit_base_nomixdir_registers,vit_base,mixup,vit_base|mixup,registers,legacy-nomixdir,82365a311187250c34965c93a13ab435adf7ac2ad655115c855f7708f6f8ddb1,native,hist,fixed_cal,10000,196,14,5,127.264763,results\frozen\I1_spatial\val_diag_split\legacy_e2_vit_base_nomixdir_registers\maps_hist.npz,0.0244,0.0244,0.0102,0.858911,-0.052257,0.606474,0.477488,0.128986,0.17623,0.02551,0.08543,0.000233,0.896202,0.000192,0.000148,8.3e-05,8.9e-05,5.5e-05,0.0001,2.5e-05,0.409836,0.266393,0,2.5e-05,-4.5e-05,0.014483,0.006054,0.235399,0.001913,1568,0,"conditional = absolute / p_any and share = absolute / mass; all three are proportional, so rankings and Spearman correlations are identical and only the scale differs"
I1_spatial,val_diag_split,bcb2a4c5a8f5335a71f7abef3c3a5dc028acd4b96aa76177e66360422186f8a5,202a712d9392527cbf2fe99525a42a1d45d01aca,analysis/frozen_I1_spatial.py,legacy_e2_vit_base_nomixdir_saga,vit_base,mixup,vit_base|mixup,saga,legacy-nomixdir,4a1c5a1fe54692afbffdc25f26b9491c255d826f27aefeec9b74cf775ba43ef2,native,hist,fixed_cal,10000,196,14,1,127.264763,results\frozen\I1_spatial\val_diag_split\legacy_e2_vit_base_nomixdir_saga\maps_hist.npz,4.8863,4.8863,1.0,0.919019,-0.080611,0.499198,0.035196,0.464001,0.128338,0.02551,0.099102,0.027778,0.06254,0.0105,0.056282,0.03185,0.015407,0.008655,0.007717,0.00505,0.111741,0.506805,1,0.00505,0.045782,0.056282,0.011518,0.985047,0.000638,1568,0,"conditional = absolute / p_any and share = absolute / mass; all three are proportional, so rankings and Spearman correlations are identical and only the scale differs"
I1_spatial,val_diag_split,bcb2a4c5a8f5335a71f7abef3c3a5dc028acd4b96aa76177e66360422186f8a5,202a712d9392527cbf2fe99525a42a1d45d01aca,analysis/frozen_I1_spatial.py,legacy_e2_vit_base_nomixdir_saga,vit_base,mixup,vit_base|mixup,saga,legacy-nomixdir,4a1c5a1fe54692afbffdc25f26b9491c255d826f27aefeec9b74cf775ba43ef2,term_1.00,hist,fixed_cal,10000,196,14,1,127.264763,results\frozen\I1_spatial\val_diag_split\legacy_e2_vit_base_nomixdir_saga\maps_hist.npz,4.9311,4.9311,1.0,0.919186,-0.080446,0.498826,0.035034,0.463791,0.127963,0.02551,0.098747,0.02794,0.062248,0.010621,0.056748,0.032169,0.015554,0.00871,0.007825,0.00505,0.112003,0.506358,1,0.00505,0.046127,0.056748,0.011508,0.985164,0.000638,1568,0,"conditional = absolute / p_any and share = absolute / mass; all three are proportional, so rankings and Spearman correlations are identical and only the scale differs"
I1_spatial,val_diag_split,bcb2a4c5a8f5335a71f7abef3c3a5dc028acd4b96aa76177e66360422186f8a5,202a712d9392527cbf2fe99525a42a1d45d01aca,analysis/frozen_I1_spatial.py,legacy_e2_vit_small_mixupdir_baseline,vit_small,mixup,vit_small|mixup,baseline,legacy-mixupdir,cd926200127b98cbc597ddad82d84fd823376addc0ac1075a98de73b21e7d17d,native,hist,fixed_cal,10000,196,14,1,20.846292,results\frozen\I1_spatial\val_diag_split\legacy_e2_vit_small_mixupdir_baseline\maps_hist.npz,15.4022,15.4022,1.0,0.978783,-0.021107,0.261423,0.019194,0.242229,0.066036,0.02551,0.03851,0.020702,0.034242,0.054002,0.126168,0.091156,0.069386,0.05152,0.049025,0.0499,0.182318,0.360429,1,0.0499,0.072166,0.126168,0.008192,0.981653,0.000638,1568,0,"conditional = absolute / p_any and share = absolute / mass; all three are proportional, so rankings and Spearman correlations are identical and only the scale differs"
I1_spatial,val_diag_split,bcb2a4c5a8f5335a71f7abef3c3a5dc028acd4b96aa76177e66360422186f8a5,202a712d9392527cbf2fe99525a42a1d45d01aca,analysis/frozen_I1_spatial.py,legacy_e2_vit_small_mixupdir_registers,vit_small,mixup,vit_small|mixup,registers,legacy-mixupdir,e50859f062be20cf971cefac39fde542bd3dc47fa272f3ed78abc193b71a8a77,native,hist,fixed_cal,10000,196,14,5,20.846292,results\frozen\I1_spatial\val_diag_split\legacy_e2_vit_small_mixupdir_registers\maps_hist.npz,2.5451,2.5451,0.7632,0.990804,-0.008478,0.16507,0.048933,0.116137,0.045931,0.02551,0.015222,0.001189,0.087184,0.008063,0.015661,0.013994,0.013814,0.014365,0.015525,0.018125,0.164748,0.270756,6,0.018125,0.007598,0.020521,0.006154,0.795789,0.000638,1568,0,"conditional = absolute / p_any and share = absolute / mass; all three are proportional, so rankings and Spearman correlations are identical and only the scale differs"
I1_spatial,val_diag_split,bcb2a4c5a8f5335a71f7abef3c3a5dc028acd4b96aa76177e66360422186f8a5,202a712d9392527cbf2fe99525a42a1d45d01aca,analysis/frozen_I1_spatial.py,legacy_e2_vit_small_mixupdir_saga,vit_small,mixup,vit_small|mixup,saga,legacy-mixupdir,92a03a4716ce07c0460eb132720d8a816aaa2bcde49713b86c57c774fef22995,native,hist,fixed_cal,10000,196,14,1,20.846292,results\frozen\I1_spatial\val_diag_split\legacy_e2_vit_small_mixupdir_saga\maps_hist.npz,5.4693,5.4693,0.9998,0.950703,-0.048968,0.391748,0.033154,0.358594,0.107601,0.02551,0.0786,0.018693,0.059022,0.019179,0.055218,0.0312,0.017846,0.011355,0.010933,0.0153,0.182345,0.444225,1,0.0153,0.036039,0.055229,0.010096,0.978334,0.000638,1568,0,"conditional = absolute / p_any and share = absolute / mass; all three are proportional, so rankings and Spearman correlations are identical and only the scale differs"
I1_spatial,val_diag_split,bcb2a4c5a8f5335a71f7abef3c3a5dc028acd4b96aa76177e66360422186f8a5,202a712d9392527cbf2fe99525a42a1d45d01aca,analysis/frozen_I1_spatial.py,legacy_e2_vit_small_mixupdir_saga,vit_small,mixup,vit_small|mixup,saga,legacy-mixupdir,92a03a4716ce07c0460eb132720d8a816aaa2bcde49713b86c57c774fef22995,term_1.00,hist,fixed_cal,10000,196,14,1,20.846292,results\frozen\I1_spatial\val_diag_split\legacy_e2_vit_small_mixupdir_saga\maps_hist.npz,5.5308,5.5308,0.9998,0.95077,-0.048904,0.391759,0.032988,0.358771,0.107399,0.02551,0.078416,0.01883,0.058684,0.019515,0.055743,0.031619,0.018061,0.011375,0.01095,0.0151,0.183482,0.443462,1,0.0151,0.036228,0.055754,0.010079,0.978376,0.000638,1568,0,"conditional = absolute / p_any and share = absolute / mass; all three are proportional, so rankings and Spearman correlations are identical and only the scale differs"
I1_spatial,val_diag_split,bcb2a4c5a8f5335a71f7abef3c3a5dc028acd4b96aa76177e66360422186f8a5,202a712d9392527cbf2fe99525a42a1d45d01aca,analysis/frozen_I1_spatial.py,legacy_e2_vit_small_nomixdir_baseline,vit_small,mixup,vit_small|mixup,baseline,legacy-nomixdir,8d980da27a4b571a117e82451c8c9deff126e437206faee5120e069d3667e10d,native,hist,fixed_cal,10000,196,14,1,20.846292,results\frozen\I1_spatial\val_diag_split\legacy_e2_vit_small_nomixdir_baseline\maps_hist.npz,16.0159,16.0159,1.0,0.97748,-0.022415,0.268417,0.018802,0.249615,0.068757,0.02551,0.041273,0.02299,0.033523,0.053694,0.136645,0.095331,0.065893,0.051485,0.054417,0.06295,0.174333,0.375402,1,0.06295,0.082951,0.136645,0.008532,0.986474,0.000638,1568,0,"conditional = absolute / p_any and share = absolute / mass; all three are proportional, so rankings and Spearman correlations are identical and only the scale differs"
I1_spatial,val_diag_split,bcb2a4c5a8f5335a71f7abef3c3a5dc028acd4b96aa76177e66360422186f8a5,202a712d9392527cbf2fe99525a42a1d45d01aca,analysis/frozen_I1_spatial.py,legacy_e2_vit_small_nomixdir_registers,vit_small,mixup,vit_small|mixup,registers,legacy-nomixdir,7ca33ed755106aa7f0d0b02ebf6ceb003808fc5dc3f78699538de1fba820e536,native,hist,fixed_cal,10000,196,14,5,20.846292,results\frozen\I1_spatial\val_diag_split\legacy_e2_vit_small_nomixdir_registers\maps_hist.npz,3.544,3.544,0.8681,0.9947,-0.004786,0.125637,0.041439,0.084198,0.042156,0.02551,0.012255,0.000996,0.073692,0.013485,0.022541,0.018756,0.017632,0.01777,0.019908,0.02195,0.197856,0.279853,1,0.02195,0.009056,0.025966,0.00636,0.737325,0.000638,1568,0,"conditional = absolute / p_any and share = absolute / mass; all three are proportional, so rankings and Spearman correlations are identical and only the scale differs"
I1_spatial,val_diag_split,bcb2a4c5a8f5335a71f7abef3c3a5dc028acd4b96aa76177e66360422186f8a5,202a712d9392527cbf2fe99525a42a1d45d01aca,analysis/frozen_I1_spatial.py,legacy_e2_vit_small_nomixdir_saga,vit_small,mixup,vit_small|mixup,saga,legacy-nomixdir,a482f5286b2c43ffa8d9f6606b1af24d06962421b808babfdd6b123a56b0f9ee,native,hist,fixed_cal,10000,196,14,1,20.846292,results\frozen\I1_spatial\val_diag_split\legacy_e2_vit_small_nomixdir_saga\maps_hist.npz,9.6833,9.6833,1.0,0.959132,-0.040687,0.362719,0.024602,0.338117,0.08935,0.02551,0.061252,0.025767,0.043865,0.033192,0.09043,0.062086,0.035354,0.022855,0.0187,0.017975,0.178245,0.410903,1,0.017975,0.057237,0.09043,0.009339,0.988653,0.000638,1568,0,"conditional = absolute / p_any and share = absolute / mass; all three are proportional, so rankings and Spearman correlations are identical and only the scale differs"
I1_spatial,val_diag_split,bcb2a4c5a8f5335a71f7abef3c3a5dc028acd4b96aa76177e66360422186f8a5,202a712d9392527cbf2fe99525a42a1d45d01aca,analysis/frozen_I1_spatial.py,legacy_e2_vit_small_nomixdir_saga,vit_small,mixup,vit_small|mixup,saga,legacy-nomixdir,a482f5286b2c43ffa8d9f6606b1af24d06962421b808babfdd6b123a56b0f9ee,term_1.00,hist,fixed_cal,10000,196,14,1,20.846292,results\frozen\I1_spatial\val_diag_split\legacy_e2_vit_small_nomixdir_saga\maps_hist.npz,11.9093,11.9093,1.0,0.964689,-0.035166,0.338621,0.022051,0.31657,0.082137,0.02551,0.054312,0.027142,0.039316,0.042937,0.108334,0.074783,0.044575,0.029245,0.024075,0.02395,0.187475,0.40025,1,0.02395,0.065398,0.108334,0.009097,0.987578,0.000638,1568,0,"conditional = absolute / p_any and share = absolute / mass; all three are proportional, so rankings and Spearman correlations are identical and only the scale differs"
I1_spatial,val_diag_split,bcb2a4c5a8f5335a71f7abef3c3a5dc028acd4b96aa76177e66360422186f8a5,202a712d9392527cbf2fe99525a42a1d45d01aca,analysis/frozen_I1_spatial.py,e2r_vitb_mixup_baseline_s1,vit_base,mixup,vit_base|mixup,baseline,s1,316211c719c41113c1f9bffa7f500e158d727c0f0998e41869796209a3fd1339,native,hist,mad,10000,196,14,1,MISSING,results\frozen\I1_spatial\val_diag_split\e2r_vitb_mixup_baseline_s1\maps_hist.npz,9.5308,9.5308,1.0,0.940464,-0.059352,0.429372,0.024806,0.404566,0.120787,0.02551,0.092671,0.041417,0.044232,0.027854,0.104093,0.053375,0.03345,0.016835,0.018292,0.022,0.15197,0.480558,1,0.022,0.076239,0.104093,0.010922,0.988455,0.000638,1568,0,"conditional = absolute / p_any and share = absolute / mass; all three are proportional, so rankings and Spearman correlations are identical and only the scale differs"
I1_spatial,val_diag_split,bcb2a4c5a8f5335a71f7abef3c3a5dc028acd4b96aa76177e66360422186f8a5,202a712d9392527cbf2fe99525a42a1d45d01aca,analysis/frozen_I1_spatial.py,e2r_vitb_mixup_saga_s1,vit_base,mixup,vit_base|mixup,saga,s1,a4e0e0ccd3b4cd4d40b9f46417d602d8eed4913a29b36f5b3bce78e1dfe77229,native,hist,mad,10000,196,14,1,MISSING,results\frozen\I1_spatial\val_diag_split\e2r_vitb_mixup_saga_s1\maps_hist.npz,18.6731,18.6731,1.0,0.990911,-0.008999,0.162557,0.017297,0.14526,0.056697,0.02551,0.029373,0.010942,0.030816,0.068702,0.133505,0.104386,0.08665,0.082005,0.086083,0.0923,0.191318,0.314581,1,0.0923,0.064803,0.133505,0.00715,0.958844,0.000638,1568,0,"conditional = absolute / p_any and share = absolute / mass; all three are proportional, so rankings and Spearman correlations are identical and only the scale differs"
I1_spatial,val_diag_split,bcb2a4c5a8f5335a71f7abef3c3a5dc028acd4b96aa76177e66360422186f8a5,202a712d9392527cbf2fe99525a42a1d45d01aca,analysis/frozen_I1_spatial.py,e2r_vitb_mixup_saga_s1,vit_base,mixup,vit_base|mixup,saga,s1,a4e0e0ccd3b4cd4d40b9f46417d602d8eed4913a29b36f5b3bce78e1dfe77229,term_1.00,hist,mad,10000,196,14,1,MISSING,results\frozen\I1_spatial\val_diag_split\e2r_vitb_mixup_saga_s1\maps_hist.npz,18.6986,18.6986,1.0,0.990994,-0.008917,0.160477,0.017289,0.143188,0.056603,0.02551,0.029279,0.010773,0.030793,0.066975,0.132177,0.103439,0.088129,0.08543,0.091992,0.09905,0.186255,0.311029,1,0.09905,0.065202,0.132177,0.007069,0.962699,0.000638,1568,0,"conditional = absolute / p_any and share = absolute / mass; all three are proportional, so rankings and Spearman correlations are identical and only the scale differs"
I1_spatial,val_diag_split,bcb2a4c5a8f5335a71f7abef3c3a5dc028acd4b96aa76177e66360422186f8a5,202a712d9392527cbf2fe99525a42a1d45d01aca,analysis/frozen_I1_spatial.py,e2r_vits_mixup_baseline_s1,vit_small,mixup,vit_small|mixup,baseline,s1,3aa41a7225b69146a419c618049d7a9f348d259d3ae750749755e0addc2759ac,native,hist,mad,10000,196,14,1,MISSING,results\frozen\I1_spatial\val_diag_split\e2r_vits_mixup_baseline_s1\maps_hist.npz,18.2419,18.2419,1.0,0.978073,-0.021835,0.265902,0.017507,0.248395,0.069921,0.02551,0.042578,0.026193,0.031216,0.069465,0.155998,0.099931,0.074354,0.057045,0.057783,0.063025,0.198017,0.376271,1,0.063025,0.086532,0.155998,0.008552,0.987373,0.000638,1568,0,"conditional = absolute / p_any and share = absolute / mass; all three are proportional, so rankings and Spearman correlations are identical and only the scale differs"
I1_spatial,val_diag_split,bcb2a4c5a8f5335a71f7abef3c3a5dc028acd4b96aa76177e66360422186f8a5,202a712d9392527cbf2fe99525a42a1d45d01aca,analysis/frozen_I1_spatial.py,e2r_vits_mixup_baseline_s2,vit_small,mixup,vit_small|mixup,baseline,s2,baeee13f1864b926489bb186587ec65152fa8a935806fdf491971899db37ca7d,native,hist,mad,10000,196,14,1,MISSING,results\frozen\I1_spatial\val_diag_split\e2r_vits_mixup_baseline_s2\maps_hist.npz,16.3018,16.3018,1.0,0.979727,-0.02017,0.254584,0.018608,0.235976,0.066244,0.02551,0.038781,0.021171,0.033201,0.061092,0.132575,0.096031,0.0675,0.052885,0.052917,0.062975,0.194874,0.357832,1,0.062975,0.071483,0.132575,0.008133,0.987399,0.000638,1568,0,"conditional = absolute / p_any and share = absolute / mass; all three are proportional, so rankings and Spearman correlations are identical and only the scale differs"
I1_spatial,val_diag_split,bcb2a4c5a8f5335a71f7abef3c3a5dc028acd4b96aa76177e66360422186f8a5,202a712d9392527cbf2fe99525a42a1d45d01aca,analysis/frozen_I1_spatial.py,e2r_vits_mixup_saga_s1,vit_small,mixup,vit_small|mixup,saga,s1,5afe5394ddb2b3b926d60d03c63462c5778fc39fa9eacb23a1d2655e80f6f5d5,native,hist,mad,10000,196,14,1,MISSING,results\frozen\I1_spatial\val_diag_split\e2r_vits_mixup_saga_s1\maps_hist.npz,16.2175,16.2175,1.0,0.979593,-0.020303,0.253933,0.018666,0.235267,0.071041,0.02551,0.043574,0.022083,0.033295,0.058985,0.135286,0.093878,0.065343,0.054735,0.054692,0.059375,0.189129,0.367048,1,0.059375,0.076302,0.135286,0.008342,0.982567,0.000638,1568,0,"conditional = absolute / p_any and share = absolute / mass; all three are proportional, so rankings and Spearman correlations are identical and only the scale differs"
I1_spatial,val_diag_split,bcb2a4c5a8f5335a71f7abef3c3a5dc028acd4b96aa76177e66360422186f8a5,202a712d9392527cbf2fe99525a42a1d45d01aca,analysis/frozen_I1_spatial.py,e2r_vits_mixup_saga_s1,vit_small,mixup,vit_small|mixup,saga,s1,5afe5394ddb2b3b926d60d03c63462c5778fc39fa9eacb23a1d2655e80f6f5d5,term_1.00,hist,mad,10000,196,14,1,MISSING,results\frozen\I1_spatial\val_diag_split\e2r_vits_mixup_saga_s1\maps_hist.npz,15.8788,15.8788,1.0,0.978229,-0.021665,0.263514,0.018869,0.244644,0.072493,0.02551,0.045003,0.023103,0.03368,0.058423,0.134411,0.092236,0.062761,0.051145,0.050675,0.054475,0.191324,0.372453,1,0.054475,0.075988,0.134411,0.008465,0.984263,0.000638,1568,0,"conditional = absolute / p_any and share = absolute / mass; all three are proportional, so rankings and Spearman correlations are identical and only the scale differs"
I1_spatial,val_diag_split,bcb2a4c5a8f5335a71f7abef3c3a5dc028acd4b96aa76177e66360422186f8a5,202a712d9392527cbf2fe99525a42a1d45d01aca,analysis/frozen_I1_spatial.py,e2r_vits_mixup_saga_s2,vit_small,mixup,vit_small|mixup,saga,s2,624a6006447345b4fe7f9ee15cedfae3d1c36838cf2f0fe38907261f5e530daf,native,hist,mad,10000,196,14,1,MISSING,results\frozen\I1_spatial\val_diag_split\e2r_vits_mixup_saga_s2\maps_hist.npz,14.2059,14.2059,1.0,0.978534,-0.021346,0.262714,0.020062,0.242652,0.072399,0.02551,0.044783,0.01977,0.035773,0.057156,0.120334,0.0796,0.054579,0.043015,0.041833,0.04575,0.209216,0.372711,1,0.04575,0.063178,0.120334,0.008471,0.982109,0.000638,1568,0,"conditional = absolute / p_any and share = absolute / mass; all three are proportional, so rankings and Spearman correlations are identical and only the scale differs"
I1_spatial,val_diag_split,bcb2a4c5a8f5335a71f7abef3c3a5dc028acd4b96aa76177e66360422186f8a5,202a712d9392527cbf2fe99525a42a1d45d01aca,analysis/frozen_I1_spatial.py,e2r_vits_mixup_saga_s2,vit_small,mixup,vit_small|mixup,saga,s2,624a6006447345b4fe7f9ee15cedfae3d1c36838cf2f0fe38907261f5e530daf,term_1.00,hist,mad,10000,196,14,1,MISSING,results\frozen\I1_spatial\val_diag_split\e2r_vits_mixup_saga_s2\maps_hist.npz,14.3028,14.3028,1.0,0.97816,-0.021721,0.265692,0.019986,0.245707,0.072531,0.02551,0.044924,0.020278,0.035642,0.057975,0.121598,0.080222,0.054314,0.04265,0.041308,0.045075,0.210777,0.374074,1,0.045075,0.063623,0.121598,0.008502,0.983802,0.000638,1568,0,"conditional = absolute / p_any and share = absolute / mass; all three are proportional, so rankings and Spearman correlations are identical and only the scale differs"
I1_spatial,val_diag_split,bcb2a4c5a8f5335a71f7abef3c3a5dc028acd4b96aa76177e66360422186f8a5,202a712d9392527cbf2fe99525a42a1d45d01aca,analysis/frozen_I1_spatial.py,e2r_vits_nomix_baseline_s1,vit_small,nomix,vit_small|nomix,baseline,s1,207a5e907fab6e3bf23abafce51b2bc55687b10ae70e65bf72c84b78fbe63c95,native,hist,mad,10000,196,14,1,MISSING,results\frozen\I1_spatial\val_diag_split\e2r_vits_nomix_baseline_s1\maps_hist.npz,3.2744,3.2744,0.7578,0.990778,-0.008665,0.176138,0.043116,0.133022,0.044466,0.02551,0.01438,0.001666,0.076719,0.014058,0.015655,0.016267,0.017857,0.01962,0.022367,0.02705,0.223247,0.210359,6,0.02705,0.001597,0.020658,0.004781,0.868997,0.000638,1568,0,"conditional = absolute / p_any and share = absolute / mass; all three are proportional, so rankings and Spearman correlations are identical and only the scale differs"
I1_spatial,val_diag_split,bcb2a4c5a8f5335a71f7abef3c3a5dc028acd4b96aa76177e66360422186f8a5,202a712d9392527cbf2fe99525a42a1d45d01aca,analysis/frozen_I1_spatial.py,e2r_vits_nomix_baseline_s2,vit_small,nomix,vit_small|nomix,baseline,s2,50acc743467a51828d2bf24e84f241705e33b1cf6a68a8e7f3a46413ed95d086,native,hist,mad,10000,196,14,1,MISSING,results\frozen\I1_spatial\val_diag_split\e2r_vits_nomix_baseline_s2\maps_hist.npz,2.9139,2.9139,0.7317,0.989952,-0.009422,0.185322,0.045736,0.139586,0.042761,0.02551,0.012399,0.001579,0.081403,0.0104,0.016268,0.015747,0.015607,0.01717,0.018717,0.02135,0.185593,0.24565,6,0.02135,0.005868,0.022233,0.005583,0.899353,0.000638,1568,0,"conditional = absolute / p_any and share = absolute / mass; all three are proportional, so rankings and Spearman correlations are identical and only the scale differs"
I1_spatial,val_diag_split,bcb2a4c5a8f5335a71f7abef3c3a5dc028acd4b96aa76177e66360422186f8a5,202a712d9392527cbf2fe99525a42a1d45d01aca,analysis/frozen_I1_spatial.py,e2r_vits_nomix_saga_s1,vit_small,nomix,vit_small|nomix,saga,s1,88f72869bae5882f6b8c0791c69ffea51ae55247276106e60d817f27e2a646ce,native,hist,mad,10000,196,14,1,MISSING,results\frozen\I1_spatial\val_diag_split\e2r_vits_nomix_saga_s1\maps_hist.npz,3.299,3.299,0.761,0.994544,-0.004902,0.134042,0.042962,0.091079,0.036981,0.02551,0.006907,0.00095,0.076428,0.014035,0.01678,0.017042,0.017511,0.01933,0.020525,0.02355,0.221219,0.223795,6,0.02355,0.002745,0.022049,0.005086,0.81474,0.001276,1568,0,"conditional = absolute / p_any and share = absolute / mass; all three are proportional, so rankings and Spearman correlations are identical and only the scale differs"
I1_spatial,val_diag_split,bcb2a4c5a8f5335a71f7abef3c3a5dc028acd4b96aa76177e66360422186f8a5,202a712d9392527cbf2fe99525a42a1d45d01aca,analysis/frozen_I1_spatial.py,e2r_vits_nomix_saga_s1,vit_small,nomix,vit_small|nomix,saga,s1,88f72869bae5882f6b8c0791c69ffea51ae55247276106e60d817f27e2a646ce,term_1.00,hist,mad,10000,196,14,1,MISSING,results\frozen\I1_spatial\val_diag_split\e2r_vits_nomix_saga_s1\maps_hist.npz,3.5527,3.5527,0.7941,0.994496,-0.004992,0.134927,0.041357,0.093569,0.038253,0.02551,0.008355,0.001042,0.0736,0.014998,0.017677,0.018314,0.019121,0.02119,0.0225,0.026625,0.219523,0.218932,6,0.026625,0.002679,0.022261,0.004976,0.81611,0.001913,1568,0,"conditional = absolute / p_any and share = absolute / mass; all three are proportional, so rankings and Spearman correlations are identical and only the scale differs"
I1_spatial,val_diag_split,bcb2a4c5a8f5335a71f7abef3c3a5dc028acd4b96aa76177e66360422186f8a5,202a712d9392527cbf2fe99525a42a1d45d01aca,analysis/frozen_I1_spatial.py,e2r_vits_nomix_saga_s2,vit_small,nomix,vit_small|nomix,saga,s2,68d64007a4bcae2335cf7ead1fe698e1df73e48ef538f9727c46ddc186ffd5ab,native,hist,mad,10000,196,14,1,MISSING,results\frozen\I1_spatial\val_diag_split\e2r_vits_nomix_saga_s2\maps_hist.npz,2.3451,2.3451,0.6689,0.988584,-0.010639,0.192398,0.050914,0.141484,0.041917,0.02551,0.010973,0.001364,0.090873,0.007731,0.01278,0.012914,0.013368,0.01387,0.015858,0.018475,0.171421,0.239777,6,0.018475,0.005049,0.019105,0.005449,0.884191,0.000638,1568,0,"conditional = absolute / p_any and share = absolute / mass; all three are proportional, so rankings and Spearman correlations are identical and only the scale differs"
I1_spatial,val_diag_split,bcb2a4c5a8f5335a71f7abef3c3a5dc028acd4b96aa76177e66360422186f8a5,202a712d9392527cbf2fe99525a42a1d45d01aca,analysis/frozen_I1_spatial.py,e2r_vits_nomix_saga_s2,vit_small,nomix,vit_small|nomix,saga,s2,68d64007a4bcae2335cf7ead1fe698e1df73e48ef538f9727c46ddc186ffd5ab,term_1.00,hist,mad,10000,196,14,1,MISSING,results\frozen\I1_spatial\val_diag_split\e2r_vits_nomix_saga_s2\maps_hist.npz,2.8833,2.8833,0.7366,0.989839,-0.009527,0.182215,0.045992,0.136223,0.04096,0.02551,0.010568,0.001508,0.08184,0.009579,0.015232,0.015808,0.016604,0.017465,0.020133,0.022525,0.172753,0.232442,6,0.022525,0.005653,0.020679,0.005283,0.887489,0.000638,1568,0,"conditional = absolute / p_any and share = absolute / mass; all three are proportional, so rankings and Spearman correlations are identical and only the scale differs"
I1_spatial,val_diag_split,bcb2a4c5a8f5335a71f7abef3c3a5dc028acd4b96aa76177e66360422186f8a5,202a712d9392527cbf2fe99525a42a1d45d01aca,analysis/frozen_I1_spatial.py,legacy_e2_vit_base_nomixdir_baseline,vit_base,mixup,vit_base|mixup,baseline,legacy-nomixdir,2a7f8c84dc32571e95dc3745422b4960f9dd602433cd42f1e16891b6c491cac5,native,hist,mad,10000,196,14,1,MISSING,results\frozen\I1_spatial\val_diag_split\legacy_e2_vit_base_nomixdir_baseline\maps_hist.npz,10.3115,10.3115,1.0,0.963007,-0.036824,0.334809,0.023802,0.311008,0.098385,0.02551,0.070374,0.027276,0.042436,0.027969,0.097759,0.061542,0.039393,0.03138,0.036908,0.041675,0.141046,0.417146,1,0.041675,0.06979,0.097759,0.009481,0.980465,0.000638,1568,0,"conditional = absolute / p_any and share = absolute / mass; all three are proportional, so rankings and Spearman correlations are identical and only the scale differs"
I1_spatial,val_diag_split,bcb2a4c5a8f5335a71f7abef3c3a5dc028acd4b96aa76177e66360422186f8a5,202a712d9392527cbf2fe99525a42a1d45d01aca,analysis/frozen_I1_spatial.py,legacy_e2_vit_base_nomixdir_registers,vit_base,mixup,vit_base|mixup,registers,legacy-nomixdir,82365a311187250c34965c93a13ab435adf7ac2ad655115c855f7708f6f8ddb1,native,hist,mad,10000,196,14,5,MISSING,results\frozen\I1_spatial\val_diag_split\legacy_e2_vit_base_nomixdir_registers\maps_hist.npz,1.331,1.331,0.1661,0.99176,-0.006853,0.165809,0.067949,0.09786,0.047258,0.02551,0.014423,0.000623,0.120937,0.006915,0.008864,0.006847,0.005586,0.005045,0.00485,0.00485,0.270173,0.293013,1,0.00485,0.001948,0.053363,0.006659,0.711592,0.000638,1568,0,"conditional = absolute / p_any and share = absolute / mass; all three are proportional, so rankings and Spearman correlations are identical and only the scale differs"
I1_spatial,val_diag_split,bcb2a4c5a8f5335a71f7abef3c3a5dc028acd4b96aa76177e66360422186f8a5,202a712d9392527cbf2fe99525a42a1d45d01aca,analysis/frozen_I1_spatial.py,legacy_e2_vit_base_nomixdir_saga,vit_base,mixup,vit_base|mixup,saga,legacy-nomixdir,4a1c5a1fe54692afbffdc25f26b9491c255d826f27aefeec9b74cf775ba43ef2,native,hist,mad,10000,196,14,1,MISSING,results\frozen\I1_spatial\val_diag_split\legacy_e2_vit_base_nomixdir_saga\maps_hist.npz,15.1858,15.1858,1.0,0.986073,-0.013815,0.208633,0.019345,0.189288,0.060576,0.02551,0.033035,0.013616,0.034506,0.055488,0.1171,0.090033,0.067104,0.056445,0.056142,0.056325,0.190006,0.339291,1,0.056325,0.061612,0.1171,0.007711,0.968297,0.000638,1568,0,"conditional = absolute / p_any and share = absolute / mass; all three are proportional, so rankings and Spearman correlations are identical and only the scale differs"
I1_spatial,val_diag_split,bcb2a4c5a8f5335a71f7abef3c3a5dc028acd4b96aa76177e66360422186f8a5,202a712d9392527cbf2fe99525a42a1d45d01aca,analysis/frozen_I1_spatial.py,legacy_e2_vit_base_nomixdir_saga,vit_base,mixup,vit_base|mixup,saga,legacy-nomixdir,4a1c5a1fe54692afbffdc25f26b9491c255d826f27aefeec9b74cf775ba43ef2,term_1.00,hist,mad,10000,196,14,1,MISSING,results\frozen\I1_spatial\val_diag_split\legacy_e2_vit_base_nomixdir_saga\maps_hist.npz,12.6505,12.6505,1.0,0.981616,-0.018248,0.239651,0.021356,0.218295,0.06761,0.02551,0.039859,0.015137,0.03807,0.043188,0.102591,0.075894,0.054746,0.04506,0.0454,0.0449,0.177527,0.356824,1,0.0449,0.059402,0.102591,0.00811,0.972674,0.000638,1568,0,"conditional = absolute / p_any and share = absolute / mass; all three are proportional, so rankings and Spearman correlations are identical and only the scale differs"
I1_spatial,val_diag_split,bcb2a4c5a8f5335a71f7abef3c3a5dc028acd4b96aa76177e66360422186f8a5,202a712d9392527cbf2fe99525a42a1d45d01aca,analysis/frozen_I1_spatial.py,legacy_e2_vit_small_mixupdir_baseline,vit_small,mixup,vit_small|mixup,baseline,legacy-mixupdir,cd926200127b98cbc597ddad82d84fd823376addc0ac1075a98de73b21e7d17d,native,hist,mad,10000,196,14,1,MISSING,results\frozen\I1_spatial\val_diag_split\legacy_e2_vit_small_mixupdir_baseline\maps_hist.npz,13.9036,13.9036,1.0,0.975123,-0.024754,0.284099,0.020289,0.263809,0.070457,0.02551,0.042817,0.022026,0.03619,0.049498,0.117693,0.082517,0.060736,0.042195,0.039467,0.040625,0.185125,0.372457,1,0.040625,0.068195,0.117693,0.008465,0.983041,0.000638,1568,0,"conditional = absolute / p_any and share = absolute / mass; all three are proportional, so rankings and Spearman correlations are identical and only the scale differs"
I1_spatial,val_diag_split,bcb2a4c5a8f5335a71f7abef3c3a5dc028acd4b96aa76177e66360422186f8a5,202a712d9392527cbf2fe99525a42a1d45d01aca,analysis/frozen_I1_spatial.py,legacy_e2_vit_small_mixupdir_registers,vit_small,mixup,vit_small|mixup,registers,legacy-mixupdir,e50859f062be20cf971cefac39fde542bd3dc47fa272f3ed78abc193b71a8a77,native,hist,mad,10000,196,14,5,MISSING,results\frozen\I1_spatial\val_diag_split\legacy_e2_vit_small_mixupdir_registers\maps_hist.npz,3.8842,3.8842,0.7683,0.992722,-0.006812,0.149349,0.03947,0.109879,0.044874,0.02551,0.015194,0.001488,0.070328,0.013092,0.023568,0.020761,0.0207,0.02175,0.024667,0.0271,0.175274,0.266979,6,0.0271,0.010476,0.030676,0.006068,0.835427,0.000638,1568,0,"conditional = absolute / p_any and share = absolute / mass; all three are proportional, so rankings and Spearman correlations are identical and only the scale differs"
I1_spatial,val_diag_split,bcb2a4c5a8f5335a71f7abef3c3a5dc028acd4b96aa76177e66360422186f8a5,202a712d9392527cbf2fe99525a42a1d45d01aca,analysis/frozen_I1_spatial.py,legacy_e2_vit_small_mixupdir_saga,vit_small,mixup,vit_small|mixup,saga,legacy-mixupdir,92a03a4716ce07c0460eb132720d8a816aaa2bcde49713b86c57c774fef22995,native,hist,mad,10000,196,14,1,MISSING,results\frozen\I1_spatial\val_diag_split\legacy_e2_vit_small_mixupdir_saga\maps_hist.npz,11.5365,11.5365,0.9999,0.977629,-0.022221,0.268228,0.022418,0.24581,0.072128,0.02551,0.04426,0.016733,0.039987,0.045396,0.09757,0.066042,0.045032,0.0341,0.033683,0.03955,0.20462,0.372132,1,0.03955,0.052174,0.09758,0.008458,0.981258,0.000638,1568,0,"conditional = absolute / p_any and share = absolute / mass; all three are proportional, so rankings and Spearman correlations are identical and only the scale differs"
I1_spatial,val_diag_split,bcb2a4c5a8f5335a71f7abef3c3a5dc028acd4b96aa76177e66360422186f8a5,202a712d9392527cbf2fe99525a42a1d45d01aca,analysis/frozen_I1_spatial.py,legacy_e2_vit_small_mixupdir_saga,vit_small,mixup,vit_small|mixup,saga,legacy-mixupdir,92a03a4716ce07c0460eb132720d8a816aaa2bcde49713b86c57c774fef22995,term_1.00,hist,mad,10000,196,14,1,MISSING,results\frozen\I1_spatial\val_diag_split\legacy_e2_vit_small_mixupdir_saga\maps_hist.npz,10.8031,10.8031,0.9999,0.976176,-0.023663,0.27679,0.023193,0.253597,0.074729,0.02551,0.046782,0.016788,0.041404,0.043008,0.092377,0.061622,0.041429,0.030775,0.030133,0.03665,0.207015,0.376244,1,0.03665,0.04937,0.092387,0.008551,0.982211,0.000638,1568,0,"conditional = absolute / p_any and share = absolute / mass; all three are proportional, so rankings and Spearman correlations are identical and only the scale differs"
I1_spatial,val_diag_split,bcb2a4c5a8f5335a71f7abef3c3a5dc028acd4b96aa76177e66360422186f8a5,202a712d9392527cbf2fe99525a42a1d45d01aca,analysis/frozen_I1_spatial.py,legacy_e2_vit_small_nomixdir_baseline,vit_small,mixup,vit_small|mixup,baseline,legacy-nomixdir,8d980da27a4b571a117e82451c8c9deff126e437206faee5120e069d3667e10d,native,hist,mad,10000,196,14,1,MISSING,results\frozen\I1_spatial\val_diag_split\legacy_e2_vit_small_nomixdir_baseline\maps_hist.npz,16.6573,16.6573,1.0,0.979255,-0.020644,0.257643,0.018395,0.239248,0.067046,0.02551,0.039606,0.022105,0.032813,0.057002,0.139582,0.098425,0.069371,0.054735,0.058425,0.067525,0.177946,0.368703,1,0.067525,0.08258,0.139582,0.00838,0.984488,0.000638,1568,0,"conditional = absolute / p_any and share = absolute / mass; all three are proportional, so rankings and Spearman correlations are identical and only the scale differs"
I1_spatial,val_diag_split,bcb2a4c5a8f5335a71f7abef3c3a5dc028acd4b96aa76177e66360422186f8a5,202a712d9392527cbf2fe99525a42a1d45d01aca,analysis/frozen_I1_spatial.py,legacy_e2_vit_small_nomixdir_registers,vit_small,mixup,vit_small|mixup,registers,legacy-nomixdir,7ca33ed755106aa7f0d0b02ebf6ceb003808fc5dc3f78699538de1fba820e536,native,hist,mad,10000,196,14,5,MISSING,results\frozen\I1_spatial\val_diag_split\legacy_e2_vit_small_nomixdir_registers\maps_hist.npz,4.0394,4.0394,0.8126,0.994453,-0.0051,0.131602,0.038673,0.092929,0.040278,0.02551,0.010685,0.001184,0.068936,0.014844,0.024445,0.021078,0.020539,0.0218,0.025725,0.028325,0.191093,0.266277,6,0.028325,0.009601,0.030083,0.006052,0.791676,0.000638,1568,0,"conditional = absolute / p_any and share = absolute / mass; all three are proportional, so rankings and Spearman correlations are identical and only the scale differs"
I1_spatial,val_diag_split,bcb2a4c5a8f5335a71f7abef3c3a5dc028acd4b96aa76177e66360422186f8a5,202a712d9392527cbf2fe99525a42a1d45d01aca,analysis/frozen_I1_spatial.py,legacy_e2_vit_small_nomixdir_saga,vit_small,mixup,vit_small|mixup,saga,legacy-nomixdir,a482f5286b2c43ffa8d9f6606b1af24d06962421b808babfdd6b123a56b0f9ee,native,hist,mad,10000,196,14,1,MISSING,results\frozen\I1_spatial\val_diag_split\legacy_e2_vit_small_nomixdir_saga\maps_hist.npz,15.7782,15.7782,1.0,0.978329,-0.021564,0.26432,0.018965,0.245355,0.069298,0.02551,0.041798,0.022326,0.033797,0.059123,0.129802,0.095842,0.064521,0.04942,0.045917,0.04905,0.194851,0.361974,1,0.04905,0.070679,0.129802,0.008227,0.982164,0.000638,1568,0,"conditional = absolute / p_any and share = absolute / mass; all three are proportional, so rankings and Spearman correlations are identical and only the scale differs"
I1_spatial,val_diag_split,bcb2a4c5a8f5335a71f7abef3c3a5dc028acd4b96aa76177e66360422186f8a5,202a712d9392527cbf2fe99525a42a1d45d01aca,analysis/frozen_I1_spatial.py,legacy_e2_vit_small_nomixdir_saga,vit_small,mixup,vit_small|mixup,saga,legacy-nomixdir,a482f5286b2c43ffa8d9f6606b1af24d06962421b808babfdd6b123a56b0f9ee,term_1.00,hist,mad,10000,196,14,1,MISSING,results\frozen\I1_spatial\val_diag_split\legacy_e2_vit_small_nomixdir_saga\maps_hist.npz,17.1665,17.1665,1.0,0.979336,-0.020566,0.258931,0.018094,0.240837,0.067131,0.02551,0.039723,0.023126,0.032276,0.065535,0.140141,0.103522,0.070596,0.0538,0.050092,0.052975,0.198515,0.3592,1,0.052975,0.074606,0.140141,0.008164,0.982042,0.000638,1568,0,"conditional = absolute / p_any and share = absolute / mass; all three are proportional, so rankings and Spearman correlations are identical and only the scale differs"
