work_package,split_name,split_sha256,git_sha,generated_by,question,arch,recipe_group,stage,basis,subject,comparator,statistic,value,ci_lo,ci_hi,n,reference,note
I1_spatial,val_diag_split,bcb2a4c5a8f5335a71f7abef3c3a5dc028acd4b96aa76177e66360422186f8a5,202a712d9392527cbf2fe99525a42a1d45d01aca,analysis/frozen_I1_spatial.py,cross_recipe_map_correlation,vit_small,mixup|nomix,s11_out,fixed_cal,e2r_vits_mixup_baseline_s1,e2r_vits_nomix_baseline_s1,rho,0.423782,MISSING,MISSING,1568,within-recipe mean rho=0.9166,"residual map correlation; exact permutation p=0.0198, null sd=0.1890"
I1_spatial,val_diag_split,bcb2a4c5a8f5335a71f7abef3c3a5dc028acd4b96aa76177e66360422186f8a5,202a712d9392527cbf2fe99525a42a1d45d01aca,analysis/frozen_I1_spatial.py,cross_recipe_map_correlation,vit_small,mixup|nomix,s11_out,fixed_cal,e2r_vits_mixup_baseline_s1,e2r_vits_nomix_baseline_s2,rho,0.447773,MISSING,MISSING,1568,within-recipe mean rho=0.9166,"residual map correlation; exact permutation p=0.0089, null sd=0.1918"
I1_spatial,val_diag_split,bcb2a4c5a8f5335a71f7abef3c3a5dc028acd4b96aa76177e66360422186f8a5,202a712d9392527cbf2fe99525a42a1d45d01aca,analysis/frozen_I1_spatial.py,cross_recipe_map_correlation,vit_small,mixup|nomix,s11_out,fixed_cal,e2r_vits_mixup_baseline_s2,e2r_vits_nomix_baseline_s1,rho,0.476225,MISSING,MISSING,1568,within-recipe mean rho=0.9166,"residual map correlation; exact permutation p=0.0364, null sd=0.2210"
I1_spatial,val_diag_split,bcb2a4c5a8f5335a71f7abef3c3a5dc028acd4b96aa76177e66360422186f8a5,202a712d9392527cbf2fe99525a42a1d45d01aca,analysis/frozen_I1_spatial.py,cross_recipe_map_correlation,vit_small,mixup|nomix,s11_out,fixed_cal,e2r_vits_mixup_baseline_s2,e2r_vits_nomix_baseline_s2,rho,0.502567,MISSING,MISSING,1568,within-recipe mean rho=0.9166,"residual map correlation; exact permutation p=0.0166, null sd=0.2284"
I1_spatial,val_diag_split,bcb2a4c5a8f5335a71f7abef3c3a5dc028acd4b96aa76177e66360422186f8a5,202a712d9392527cbf2fe99525a42a1d45d01aca,analysis/frozen_I1_spatial.py,cross_recipe_map_correlation,vit_small,mixup|nomix,s11_out,fixed_cal,legacy_e2_vit_small_mixupdir_baseline,e2r_vits_nomix_baseline_s1,rho,0.421444,MISSING,MISSING,1568,within-recipe mean rho=0.9166,"residual map correlation; exact permutation p=0.0389, null sd=0.2040"
I1_spatial,val_diag_split,bcb2a4c5a8f5335a71f7abef3c3a5dc028acd4b96aa76177e66360422186f8a5,202a712d9392527cbf2fe99525a42a1d45d01aca,analysis/frozen_I1_spatial.py,cross_recipe_map_correlation,vit_small,mixup|nomix,s11_out,fixed_cal,legacy_e2_vit_small_mixupdir_baseline,e2r_vits_nomix_baseline_s2,rho,0.447845,MISSING,MISSING,1568,within-recipe mean rho=0.9166,"residual map correlation; exact permutation p=0.0147, null sd=0.2073"
I1_spatial,val_diag_split,bcb2a4c5a8f5335a71f7abef3c3a5dc028acd4b96aa76177e66360422186f8a5,202a712d9392527cbf2fe99525a42a1d45d01aca,analysis/frozen_I1_spatial.py,cross_recipe_map_correlation,vit_small,mixup|nomix,s11_out,fixed_cal,legacy_e2_vit_small_nomixdir_baseline,e2r_vits_nomix_baseline_s1,rho,0.34744,MISSING,MISSING,1568,within-recipe mean rho=0.9166,"residual map correlation; exact permutation p=0.0434, null sd=0.1705"
I1_spatial,val_diag_split,bcb2a4c5a8f5335a71f7abef3c3a5dc028acd4b96aa76177e66360422186f8a5,202a712d9392527cbf2fe99525a42a1d45d01aca,analysis/frozen_I1_spatial.py,cross_recipe_map_correlation,vit_small,mixup|nomix,s11_out,fixed_cal,legacy_e2_vit_small_nomixdir_baseline,e2r_vits_nomix_baseline_s2,rho,0.394753,MISSING,MISSING,1568,within-recipe mean rho=0.9166,"residual map correlation; exact permutation p=0.0096, null sd=0.1694"
I1_spatial,val_diag_split,bcb2a4c5a8f5335a71f7abef3c3a5dc028acd4b96aa76177e66360422186f8a5,202a712d9392527cbf2fe99525a42a1d45d01aca,analysis/frozen_I1_spatial.py,cross_recipe_map_correlation,vit_small,mixup|nomix,s11_out,fixed_cal,MEAN,all-cross-pairs,rho_mean,0.432729,MISSING,MISSING,8,within-recipe mean is the comparator,mean over all cross-recipe baseline pairs
I1_spatial,val_diag_split,bcb2a4c5a8f5335a71f7abef3c3a5dc028acd4b96aa76177e66360422186f8a5,202a712d9392527cbf2fe99525a42a1d45d01aca,analysis/frozen_I1_spatial.py,within_recipe_map_correlation,vit_small,mixup,s11_out,fixed_cal,MEAN,all-within-pairs,rho_mean,0.916618,MISSING,MISSING,6,zero = no shared spatial structure,mean over all within-recipe mixup baseline pairs
I1_spatial,val_diag_split,bcb2a4c5a8f5335a71f7abef3c3a5dc028acd4b96aa76177e66360422186f8a5,202a712d9392527cbf2fe99525a42a1d45d01aca,analysis/frozen_I1_spatial.py,ring_profile,vit_small,mixup,s11_out,fixed_cal,e2r_vits_mixup_baseline_s1,border-ring,ring0_freq,0.075781,0.074706,0.076902,10000,uniform=0.103521 at this map's own mass,"image-level bootstrap, 10,000 resamples, seed 0 (D6)"
I1_spatial,val_diag_split,bcb2a4c5a8f5335a71f7abef3c3a5dc028acd4b96aa76177e66360422186f8a5,202a712d9392527cbf2fe99525a42a1d45d01aca,analysis/frozen_I1_spatial.py,ring_profile,vit_small,mixup,s11_out,fixed_cal,e2r_vits_mixup_baseline_s1,border-ring,ring1_freq,0.164861,0.163084,0.166582,10000,uniform=0.103521 at this map's own mass,"image-level bootstrap, 10,000 resamples, seed 0 (D6)"
I1_spatial,val_diag_split,bcb2a4c5a8f5335a71f7abef3c3a5dc028acd4b96aa76177e66360422186f8a5,202a712d9392527cbf2fe99525a42a1d45d01aca,analysis/frozen_I1_spatial.py,ring_profile,vit_small,mixup,s11_out,fixed_cal,e2r_vits_mixup_baseline_s1,border-ring,ring2_freq,0.111739,0.110181,0.113278,10000,uniform=0.103521 at this map's own mass,"image-level bootstrap, 10,000 resamples, seed 0 (D6)"
I1_spatial,val_diag_split,bcb2a4c5a8f5335a71f7abef3c3a5dc028acd4b96aa76177e66360422186f8a5,202a712d9392527cbf2fe99525a42a1d45d01aca,analysis/frozen_I1_spatial.py,ring_profile,vit_small,mixup,s11_out,fixed_cal,e2r_vits_mixup_baseline_s1,border-ring,ring3_freq,0.087607,0.085957,0.089232,10000,uniform=0.103521 at this map's own mass,"image-level bootstrap, 10,000 resamples, seed 0 (D6)"
I1_spatial,val_diag_split,bcb2a4c5a8f5335a71f7abef3c3a5dc028acd4b96aa76177e66360422186f8a5,202a712d9392527cbf2fe99525a42a1d45d01aca,analysis/frozen_I1_spatial.py,ring_profile,vit_small,mixup,s11_out,fixed_cal,e2r_vits_mixup_baseline_s1,border-ring,ring4_freq,0.071565,0.069755,0.073405,10000,uniform=0.103521 at this map's own mass,"image-level bootstrap, 10,000 resamples, seed 0 (D6)"
I1_spatial,val_diag_split,bcb2a4c5a8f5335a71f7abef3c3a5dc028acd4b96aa76177e66360422186f8a5,202a712d9392527cbf2fe99525a42a1d45d01aca,analysis/frozen_I1_spatial.py,ring_profile,vit_small,mixup,s11_out,fixed_cal,e2r_vits_mixup_baseline_s1,border-ring,ring5_freq,0.073317,0.071042,0.075575,10000,uniform=0.103521 at this map's own mass,"image-level bootstrap, 10,000 resamples, seed 0 (D6)"
I1_spatial,val_diag_split,bcb2a4c5a8f5335a71f7abef3c3a5dc028acd4b96aa76177e66360422186f8a5,202a712d9392527cbf2fe99525a42a1d45d01aca,analysis/frozen_I1_spatial.py,ring_profile,vit_small,mixup,s11_out,fixed_cal,e2r_vits_mixup_baseline_s1,border-ring,ring6_freq,0.077225,0.07395,0.080575,10000,uniform=0.103521 at this map's own mass,"image-level bootstrap, 10,000 resamples, seed 0 (D6)"
I1_spatial,val_diag_split,bcb2a4c5a8f5335a71f7abef3c3a5dc028acd4b96aa76177e66360422186f8a5,202a712d9392527cbf2fe99525a42a1d45d01aca,analysis/frozen_I1_spatial.py,ring_ordering,vit_small,mixup,s11_out,fixed_cal,e2r_vits_mixup_baseline_s1,ring0_vs_ring1,ring1_minus_ring0,0.089081,0.08718,0.091008,10000,>0 = ring 1 carries more mass per position than ring 0,"the ring CIs and this contrast come from ONE resample of images, so they are mutually consistent"
I1_spatial,val_diag_split,bcb2a4c5a8f5335a71f7abef3c3a5dc028acd4b96aa76177e66360422186f8a5,202a712d9392527cbf2fe99525a42a1d45d01aca,analysis/frozen_I1_spatial.py,concentration_excess,vit_small,mixup,s11_out,fixed_cal,e2r_vits_mixup_baseline_s1,finite-sample-null,gini_excess,0.219148,MISSING,MISSING,196,"null gini=0.016524 at mass=20.2901, 400 sims, seed 0",observed minus the finite-sample null — the only cross-member comparable form
I1_spatial,val_diag_split,bcb2a4c5a8f5335a71f7abef3c3a5dc028acd4b96aa76177e66360422186f8a5,202a712d9392527cbf2fe99525a42a1d45d01aca,analysis/frozen_I1_spatial.py,ring_profile,vit_small,mixup,s11_out,fixed_cal,e2r_vits_mixup_baseline_s2,border-ring,ring0_freq,0.0679,0.066994,0.068827,10000,uniform=0.090394 at this map's own mass,"image-level bootstrap, 10,000 resamples, seed 0 (D6)"
I1_spatial,val_diag_split,bcb2a4c5a8f5335a71f7abef3c3a5dc028acd4b96aa76177e66360422186f8a5,202a712d9392527cbf2fe99525a42a1d45d01aca,analysis/frozen_I1_spatial.py,ring_profile,vit_small,mixup,s11_out,fixed_cal,e2r_vits_mixup_baseline_s2,border-ring,ring1_freq,0.14303,0.141482,0.144541,10000,uniform=0.090394 at this map's own mass,"image-level bootstrap, 10,000 resamples, seed 0 (D6)"
I1_spatial,val_diag_split,bcb2a4c5a8f5335a71f7abef3c3a5dc028acd4b96aa76177e66360422186f8a5,202a712d9392527cbf2fe99525a42a1d45d01aca,analysis/frozen_I1_spatial.py,ring_profile,vit_small,mixup,s11_out,fixed_cal,e2r_vits_mixup_baseline_s2,border-ring,ring2_freq,0.104961,0.103522,0.106408,10000,uniform=0.090394 at this map's own mass,"image-level bootstrap, 10,000 resamples, seed 0 (D6)"
I1_spatial,val_diag_split,bcb2a4c5a8f5335a71f7abef3c3a5dc028acd4b96aa76177e66360422186f8a5,202a712d9392527cbf2fe99525a42a1d45d01aca,analysis/frozen_I1_spatial.py,ring_profile,vit_small,mixup,s11_out,fixed_cal,e2r_vits_mixup_baseline_s2,border-ring,ring3_freq,0.073804,0.072425,0.075193,10000,uniform=0.090394 at this map's own mass,"image-level bootstrap, 10,000 resamples, seed 0 (D6)"
I1_spatial,val_diag_split,bcb2a4c5a8f5335a71f7abef3c3a5dc028acd4b96aa76177e66360422186f8a5,202a712d9392527cbf2fe99525a42a1d45d01aca,analysis/frozen_I1_spatial.py,ring_profile,vit_small,mixup,s11_out,fixed_cal,e2r_vits_mixup_baseline_s2,border-ring,ring4_freq,0.05728,0.055785,0.0588,10000,uniform=0.090394 at this map's own mass,"image-level bootstrap, 10,000 resamples, seed 0 (D6)"
I1_spatial,val_diag_split,bcb2a4c5a8f5335a71f7abef3c3a5dc028acd4b96aa76177e66360422186f8a5,202a712d9392527cbf2fe99525a42a1d45d01aca,analysis/frozen_I1_spatial.py,ring_profile,vit_small,mixup,s11_out,fixed_cal,e2r_vits_mixup_baseline_s2,border-ring,ring5_freq,0.054692,0.0529,0.056617,10000,uniform=0.090394 at this map's own mass,"image-level bootstrap, 10,000 resamples, seed 0 (D6)"
I1_spatial,val_diag_split,bcb2a4c5a8f5335a71f7abef3c3a5dc028acd4b96aa76177e66360422186f8a5,202a712d9392527cbf2fe99525a42a1d45d01aca,analysis/frozen_I1_spatial.py,ring_profile,vit_small,mixup,s11_out,fixed_cal,e2r_vits_mixup_baseline_s2,border-ring,ring6_freq,0.06155,0.05875,0.06445,10000,uniform=0.090394 at this map's own mass,"image-level bootstrap, 10,000 resamples, seed 0 (D6)"
I1_spatial,val_diag_split,bcb2a4c5a8f5335a71f7abef3c3a5dc028acd4b96aa76177e66360422186f8a5,202a712d9392527cbf2fe99525a42a1d45d01aca,analysis/frozen_I1_spatial.py,ring_ordering,vit_small,mixup,s11_out,fixed_cal,e2r_vits_mixup_baseline_s2,ring0_vs_ring1,ring1_minus_ring0,0.07513,0.073357,0.076857,10000,>0 = ring 1 carries more mass per position than ring 0,"the ring CIs and this contrast come from ONE resample of images, so they are mutually consistent"
I1_spatial,val_diag_split,bcb2a4c5a8f5335a71f7abef3c3a5dc028acd4b96aa76177e66360422186f8a5,202a712d9392527cbf2fe99525a42a1d45d01aca,analysis/frozen_I1_spatial.py,concentration_excess,vit_small,mixup,s11_out,fixed_cal,e2r_vits_mixup_baseline_s2,finite-sample-null,gini_excess,0.232651,MISSING,MISSING,196,"null gini=0.017795 at mass=17.7173, 400 sims, seed 0",observed minus the finite-sample null — the only cross-member comparable form
I1_spatial,val_diag_split,bcb2a4c5a8f5335a71f7abef3c3a5dc028acd4b96aa76177e66360422186f8a5,202a712d9392527cbf2fe99525a42a1d45d01aca,analysis/frozen_I1_spatial.py,ring_profile,vit_small,mixup,s11_out,fixed_cal,legacy_e2_vit_small_mixupdir_baseline,border-ring,ring0_freq,0.06476,0.06376,0.065794,10000,uniform=0.090237 at this map's own mass,"image-level bootstrap, 10,000 resamples, seed 0 (D6)"
I1_spatial,val_diag_split,bcb2a4c5a8f5335a71f7abef3c3a5dc028acd4b96aa76177e66360422186f8a5,202a712d9392527cbf2fe99525a42a1d45d01aca,analysis/frozen_I1_spatial.py,ring_profile,vit_small,mixup,s11_out,fixed_cal,legacy_e2_vit_small_mixupdir_baseline,border-ring,ring1_freq,0.139145,0.137568,0.140686,10000,uniform=0.090237 at this map's own mass,"image-level bootstrap, 10,000 resamples, seed 0 (D6)"
I1_spatial,val_diag_split,bcb2a4c5a8f5335a71f7abef3c3a5dc028acd4b96aa76177e66360422186f8a5,202a712d9392527cbf2fe99525a42a1d45d01aca,analysis/frozen_I1_spatial.py,ring_profile,vit_small,mixup,s11_out,fixed_cal,legacy_e2_vit_small_mixupdir_baseline,border-ring,ring2_freq,0.103314,0.101883,0.104795,10000,uniform=0.090237 at this map's own mass,"image-level bootstrap, 10,000 resamples, seed 0 (D6)"
I1_spatial,val_diag_split,bcb2a4c5a8f5335a71f7abef3c3a5dc028acd4b96aa76177e66360422186f8a5,202a712d9392527cbf2fe99525a42a1d45d01aca,analysis/frozen_I1_spatial.py,ring_profile,vit_small,mixup,s11_out,fixed_cal,legacy_e2_vit_small_mixupdir_baseline,border-ring,ring3_freq,0.081196,0.079596,0.082761,10000,uniform=0.090237 at this map's own mass,"image-level bootstrap, 10,000 resamples, seed 0 (D6)"
I1_spatial,val_diag_split,bcb2a4c5a8f5335a71f7abef3c3a5dc028acd4b96aa76177e66360422186f8a5,202a712d9392527cbf2fe99525a42a1d45d01aca,analysis/frozen_I1_spatial.py,ring_profile,vit_small,mixup,s11_out,fixed_cal,legacy_e2_vit_small_mixupdir_baseline,border-ring,ring4_freq,0.062665,0.06102,0.06433,10000,uniform=0.090237 at this map's own mass,"image-level bootstrap, 10,000 resamples, seed 0 (D6)"
I1_spatial,val_diag_split,bcb2a4c5a8f5335a71f7abef3c3a5dc028acd4b96aa76177e66360422186f8a5,202a712d9392527cbf2fe99525a42a1d45d01aca,analysis/frozen_I1_spatial.py,ring_profile,vit_small,mixup,s11_out,fixed_cal,legacy_e2_vit_small_mixupdir_baseline,border-ring,ring5_freq,0.059,0.056992,0.061067,10000,uniform=0.090237 at this map's own mass,"image-level bootstrap, 10,000 resamples, seed 0 (D6)"
I1_spatial,val_diag_split,bcb2a4c5a8f5335a71f7abef3c3a5dc028acd4b96aa76177e66360422186f8a5,202a712d9392527cbf2fe99525a42a1d45d01aca,analysis/frozen_I1_spatial.py,ring_profile,vit_small,mixup,s11_out,fixed_cal,legacy_e2_vit_small_mixupdir_baseline,border-ring,ring6_freq,0.0606,0.057675,0.063525,10000,uniform=0.090237 at this map's own mass,"image-level bootstrap, 10,000 resamples, seed 0 (D6)"
I1_spatial,val_diag_split,bcb2a4c5a8f5335a71f7abef3c3a5dc028acd4b96aa76177e66360422186f8a5,202a712d9392527cbf2fe99525a42a1d45d01aca,analysis/frozen_I1_spatial.py,ring_ordering,vit_small,mixup,s11_out,fixed_cal,legacy_e2_vit_small_mixupdir_baseline,ring0_vs_ring1,ring1_minus_ring0,0.074386,0.072643,0.0761,10000,>0 = ring 1 carries more mass per position than ring 0,"the ring CIs and this contrast come from ONE resample of images, so they are mutually consistent"
I1_spatial,val_diag_split,bcb2a4c5a8f5335a71f7abef3c3a5dc028acd4b96aa76177e66360422186f8a5,202a712d9392527cbf2fe99525a42a1d45d01aca,analysis/frozen_I1_spatial.py,concentration_excess,vit_small,mixup,s11_out,fixed_cal,legacy_e2_vit_small_mixupdir_baseline,finite-sample-null,gini_excess,0.21725,MISSING,MISSING,196,"null gini=0.017802 at mass=17.6864, 400 sims, seed 0",observed minus the finite-sample null — the only cross-member comparable form
I1_spatial,val_diag_split,bcb2a4c5a8f5335a71f7abef3c3a5dc028acd4b96aa76177e66360422186f8a5,202a712d9392527cbf2fe99525a42a1d45d01aca,analysis/frozen_I1_spatial.py,ring_profile,vit_small,mixup,s11_out,fixed_cal,legacy_e2_vit_small_nomixdir_baseline,border-ring,ring0_freq,0.056779,0.055933,0.057638,10000,uniform=0.084090 at this map's own mass,"image-level bootstrap, 10,000 resamples, seed 0 (D6)"
I1_spatial,val_diag_split,bcb2a4c5a8f5335a71f7abef3c3a5dc028acd4b96aa76177e66360422186f8a5,202a712d9392527cbf2fe99525a42a1d45d01aca,analysis/frozen_I1_spatial.py,ring_profile,vit_small,mixup,s11_out,fixed_cal,legacy_e2_vit_small_nomixdir_baseline,border-ring,ring1_freq,0.139511,0.137966,0.14105,10000,uniform=0.084090 at this map's own mass,"image-level bootstrap, 10,000 resamples, seed 0 (D6)"
I1_spatial,val_diag_split,bcb2a4c5a8f5335a71f7abef3c3a5dc028acd4b96aa76177e66360422186f8a5,202a712d9392527cbf2fe99525a42a1d45d01aca,analysis/frozen_I1_spatial.py,ring_profile,vit_small,mixup,s11_out,fixed_cal,legacy_e2_vit_small_nomixdir_baseline,border-ring,ring2_freq,0.098369,0.097011,0.0997,10000,uniform=0.084090 at this map's own mass,"image-level bootstrap, 10,000 resamples, seed 0 (D6)"
I1_spatial,val_diag_split,bcb2a4c5a8f5335a71f7abef3c3a5dc028acd4b96aa76177e66360422186f8a5,202a712d9392527cbf2fe99525a42a1d45d01aca,analysis/frozen_I1_spatial.py,ring_profile,vit_small,mixup,s11_out,fixed_cal,legacy_e2_vit_small_nomixdir_baseline,border-ring,ring3_freq,0.068139,0.066778,0.069454,10000,uniform=0.084090 at this map's own mass,"image-level bootstrap, 10,000 resamples, seed 0 (D6)"
I1_spatial,val_diag_split,bcb2a4c5a8f5335a71f7abef3c3a5dc028acd4b96aa76177e66360422186f8a5,202a712d9392527cbf2fe99525a42a1d45d01aca,analysis/frozen_I1_spatial.py,ring_profile,vit_small,mixup,s11_out,fixed_cal,legacy_e2_vit_small_nomixdir_baseline,border-ring,ring4_freq,0.052525,0.051015,0.054055,10000,uniform=0.084090 at this map's own mass,"image-level bootstrap, 10,000 resamples, seed 0 (D6)"
I1_spatial,val_diag_split,bcb2a4c5a8f5335a71f7abef3c3a5dc028acd4b96aa76177e66360422186f8a5,202a712d9392527cbf2fe99525a42a1d45d01aca,analysis/frozen_I1_spatial.py,ring_profile,vit_small,mixup,s11_out,fixed_cal,legacy_e2_vit_small_nomixdir_baseline,border-ring,ring5_freq,0.054017,0.052158,0.055933,10000,uniform=0.084090 at this map's own mass,"image-level bootstrap, 10,000 resamples, seed 0 (D6)"
I1_spatial,val_diag_split,bcb2a4c5a8f5335a71f7abef3c3a5dc028acd4b96aa76177e66360422186f8a5,202a712d9392527cbf2fe99525a42a1d45d01aca,analysis/frozen_I1_spatial.py,ring_profile,vit_small,mixup,s11_out,fixed_cal,legacy_e2_vit_small_nomixdir_baseline,border-ring,ring6_freq,0.0607,0.057875,0.063675,10000,uniform=0.084090 at this map's own mass,"image-level bootstrap, 10,000 resamples, seed 0 (D6)"
I1_spatial,val_diag_split,bcb2a4c5a8f5335a71f7abef3c3a5dc028acd4b96aa76177e66360422186f8a5,202a712d9392527cbf2fe99525a42a1d45d01aca,analysis/frozen_I1_spatial.py,ring_ordering,vit_small,mixup,s11_out,fixed_cal,legacy_e2_vit_small_nomixdir_baseline,ring0_vs_ring1,ring1_minus_ring0,0.082733,0.080951,0.084484,10000,>0 = ring 1 carries more mass per position than ring 0,"the ring CIs and this contrast come from ONE resample of images, so they are mutually consistent"
I1_spatial,val_diag_split,bcb2a4c5a8f5335a71f7abef3c3a5dc028acd4b96aa76177e66360422186f8a5,202a712d9392527cbf2fe99525a42a1d45d01aca,analysis/frozen_I1_spatial.py,concentration_excess,vit_small,mixup,s11_out,fixed_cal,legacy_e2_vit_small_nomixdir_baseline,finite-sample-null,gini_excess,0.245629,MISSING,MISSING,196,"null gini=0.018498 at mass=16.4817, 400 sims, seed 0",observed minus the finite-sample null — the only cross-member comparable form
I1_spatial,val_diag_split,bcb2a4c5a8f5335a71f7abef3c3a5dc028acd4b96aa76177e66360422186f8a5,202a712d9392527cbf2fe99525a42a1d45d01aca,analysis/frozen_I1_spatial.py,ring_profile,vit_small,nomix,s11_out,fixed_cal,e2r_vits_nomix_baseline_s1,border-ring,ring0_freq,0.018223,0.017136,0.019358,10000,uniform=0.014951 at this map's own mass,"image-level bootstrap, 10,000 resamples, seed 0 (D6)"
I1_spatial,val_diag_split,bcb2a4c5a8f5335a71f7abef3c3a5dc028acd4b96aa76177e66360422186f8a5,202a712d9392527cbf2fe99525a42a1d45d01aca,analysis/frozen_I1_spatial.py,ring_profile,vit_small,nomix,s11_out,fixed_cal,e2r_vits_nomix_baseline_s1,border-ring,ring1_freq,0.016561,0.015834,0.017286,10000,uniform=0.014951 at this map's own mass,"image-level bootstrap, 10,000 resamples, seed 0 (D6)"
I1_spatial,val_diag_split,bcb2a4c5a8f5335a71f7abef3c3a5dc028acd4b96aa76177e66360422186f8a5,202a712d9392527cbf2fe99525a42a1d45d01aca,analysis/frozen_I1_spatial.py,ring_profile,vit_small,nomix,s11_out,fixed_cal,e2r_vits_nomix_baseline_s1,border-ring,ring2_freq,0.014,0.013405,0.014603,10000,uniform=0.014951 at this map's own mass,"image-level bootstrap, 10,000 resamples, seed 0 (D6)"
I1_spatial,val_diag_split,bcb2a4c5a8f5335a71f7abef3c3a5dc028acd4b96aa76177e66360422186f8a5,202a712d9392527cbf2fe99525a42a1d45d01aca,analysis/frozen_I1_spatial.py,ring_profile,vit_small,nomix,s11_out,fixed_cal,e2r_vits_nomix_baseline_s1,border-ring,ring3_freq,0.012129,0.01155,0.012718,10000,uniform=0.014951 at this map's own mass,"image-level bootstrap, 10,000 resamples, seed 0 (D6)"
I1_spatial,val_diag_split,bcb2a4c5a8f5335a71f7abef3c3a5dc028acd4b96aa76177e66360422186f8a5,202a712d9392527cbf2fe99525a42a1d45d01aca,analysis/frozen_I1_spatial.py,ring_profile,vit_small,nomix,s11_out,fixed_cal,e2r_vits_nomix_baseline_s1,border-ring,ring4_freq,0.01121,0.01057,0.01186,10000,uniform=0.014951 at this map's own mass,"image-level bootstrap, 10,000 resamples, seed 0 (D6)"
I1_spatial,val_diag_split,bcb2a4c5a8f5335a71f7abef3c3a5dc028acd4b96aa76177e66360422186f8a5,202a712d9392527cbf2fe99525a42a1d45d01aca,analysis/frozen_I1_spatial.py,ring_profile,vit_small,nomix,s11_out,fixed_cal,e2r_vits_nomix_baseline_s1,border-ring,ring5_freq,0.011025,0.01025,0.011858,10000,uniform=0.014951 at this map's own mass,"image-level bootstrap, 10,000 resamples, seed 0 (D6)"
I1_spatial,val_diag_split,bcb2a4c5a8f5335a71f7abef3c3a5dc028acd4b96aa76177e66360422186f8a5,202a712d9392527cbf2fe99525a42a1d45d01aca,analysis/frozen_I1_spatial.py,ring_profile,vit_small,nomix,s11_out,fixed_cal,e2r_vits_nomix_baseline_s1,border-ring,ring6_freq,0.0135,0.012,0.015025,10000,uniform=0.014951 at this map's own mass,"image-level bootstrap, 10,000 resamples, seed 0 (D6)"
I1_spatial,val_diag_split,bcb2a4c5a8f5335a71f7abef3c3a5dc028acd4b96aa76177e66360422186f8a5,202a712d9392527cbf2fe99525a42a1d45d01aca,analysis/frozen_I1_spatial.py,ring_ordering,vit_small,nomix,s11_out,fixed_cal,e2r_vits_nomix_baseline_s1,ring0_vs_ring1,ring1_minus_ring0,-0.001662,-0.002693,-0.000663,10000,>0 = ring 1 carries more mass per position than ring 0,"the ring CIs and this contrast come from ONE resample of images, so they are mutually consistent"
I1_spatial,val_diag_split,bcb2a4c5a8f5335a71f7abef3c3a5dc028acd4b96aa76177e66360422186f8a5,202a712d9392527cbf2fe99525a42a1d45d01aca,analysis/frozen_I1_spatial.py,concentration_excess,vit_small,nomix,s11_out,fixed_cal,e2r_vits_nomix_baseline_s1,finite-sample-null,gini_excess,0.136618,MISSING,MISSING,196,"null gini=0.045614 at mass=2.9304, 400 sims, seed 0",observed minus the finite-sample null — the only cross-member comparable form
I1_spatial,val_diag_split,bcb2a4c5a8f5335a71f7abef3c3a5dc028acd4b96aa76177e66360422186f8a5,202a712d9392527cbf2fe99525a42a1d45d01aca,analysis/frozen_I1_spatial.py,ring_profile,vit_small,nomix,s11_out,fixed_cal,e2r_vits_nomix_baseline_s2,border-ring,ring0_freq,0.026583,0.025429,0.027787,10000,uniform=0.018561 at this map's own mass,"image-level bootstrap, 10,000 resamples, seed 0 (D6)"
I1_spatial,val_diag_split,bcb2a4c5a8f5335a71f7abef3c3a5dc028acd4b96aa76177e66360422186f8a5,202a712d9392527cbf2fe99525a42a1d45d01aca,analysis/frozen_I1_spatial.py,ring_profile,vit_small,nomix,s11_out,fixed_cal,e2r_vits_nomix_baseline_s2,border-ring,ring1_freq,0.021439,0.020557,0.022341,10000,uniform=0.018561 at this map's own mass,"image-level bootstrap, 10,000 resamples, seed 0 (D6)"
I1_spatial,val_diag_split,bcb2a4c5a8f5335a71f7abef3c3a5dc028acd4b96aa76177e66360422186f8a5,202a712d9392527cbf2fe99525a42a1d45d01aca,analysis/frozen_I1_spatial.py,ring_profile,vit_small,nomix,s11_out,fixed_cal,e2r_vits_nomix_baseline_s2,border-ring,ring2_freq,0.015867,0.015181,0.016556,10000,uniform=0.018561 at this map's own mass,"image-level bootstrap, 10,000 resamples, seed 0 (D6)"
I1_spatial,val_diag_split,bcb2a4c5a8f5335a71f7abef3c3a5dc028acd4b96aa76177e66360422186f8a5,202a712d9392527cbf2fe99525a42a1d45d01aca,analysis/frozen_I1_spatial.py,ring_profile,vit_small,nomix,s11_out,fixed_cal,e2r_vits_nomix_baseline_s2,border-ring,ring3_freq,0.01245,0.011839,0.013071,10000,uniform=0.018561 at this map's own mass,"image-level bootstrap, 10,000 resamples, seed 0 (D6)"
I1_spatial,val_diag_split,bcb2a4c5a8f5335a71f7abef3c3a5dc028acd4b96aa76177e66360422186f8a5,202a712d9392527cbf2fe99525a42a1d45d01aca,analysis/frozen_I1_spatial.py,ring_profile,vit_small,nomix,s11_out,fixed_cal,e2r_vits_nomix_baseline_s2,border-ring,ring4_freq,0.011015,0.010365,0.011665,10000,uniform=0.018561 at this map's own mass,"image-level bootstrap, 10,000 resamples, seed 0 (D6)"
I1_spatial,val_diag_split,bcb2a4c5a8f5335a71f7abef3c3a5dc028acd4b96aa76177e66360422186f8a5,202a712d9392527cbf2fe99525a42a1d45d01aca,analysis/frozen_I1_spatial.py,ring_profile,vit_small,nomix,s11_out,fixed_cal,e2r_vits_nomix_baseline_s2,border-ring,ring5_freq,0.010192,0.009408,0.010967,10000,uniform=0.018561 at this map's own mass,"image-level bootstrap, 10,000 resamples, seed 0 (D6)"
I1_spatial,val_diag_split,bcb2a4c5a8f5335a71f7abef3c3a5dc028acd4b96aa76177e66360422186f8a5,202a712d9392527cbf2fe99525a42a1d45d01aca,analysis/frozen_I1_spatial.py,ring_profile,vit_small,nomix,s11_out,fixed_cal,e2r_vits_nomix_baseline_s2,border-ring,ring6_freq,0.0125,0.011075,0.013975,10000,uniform=0.018561 at this map's own mass,"image-level bootstrap, 10,000 resamples, seed 0 (D6)"
I1_spatial,val_diag_split,bcb2a4c5a8f5335a71f7abef3c3a5dc028acd4b96aa76177e66360422186f8a5,202a712d9392527cbf2fe99525a42a1d45d01aca,analysis/frozen_I1_spatial.py,ring_ordering,vit_small,nomix,s11_out,fixed_cal,e2r_vits_nomix_baseline_s2,ring0_vs_ring1,ring1_minus_ring0,-0.005144,-0.006224,-0.004118,10000,>0 = ring 1 carries more mass per position than ring 0,"the ring CIs and this contrast come from ONE resample of images, so they are mutually consistent"
I1_spatial,val_diag_split,bcb2a4c5a8f5335a71f7abef3c3a5dc028acd4b96aa76177e66360422186f8a5,202a712d9392527cbf2fe99525a42a1d45d01aca,analysis/frozen_I1_spatial.py,concentration_excess,vit_small,nomix,s11_out,fixed_cal,e2r_vits_nomix_baseline_s2,finite-sample-null,gini_excess,0.24716,MISSING,MISSING,196,"null gini=0.040820 at mass=3.6380, 400 sims, seed 0",observed minus the finite-sample null — the only cross-member comparable form
I1_spatial,val_diag_split,bcb2a4c5a8f5335a71f7abef3c3a5dc028acd4b96aa76177e66360422186f8a5,202a712d9392527cbf2fe99525a42a1d45d01aca,analysis/frozen_I1_spatial.py,cross_recipe_map_correlation,vit_small,mixup|nomix,s11_out,mad,e2r_vits_mixup_baseline_s1,e2r_vits_nomix_baseline_s1,rho,0.29037,MISSING,MISSING,1568,within-recipe mean rho=0.9201,"residual map correlation; exact permutation p=0.1492, null sd=0.1991"
I1_spatial,val_diag_split,bcb2a4c5a8f5335a71f7abef3c3a5dc028acd4b96aa76177e66360422186f8a5,202a712d9392527cbf2fe99525a42a1d45d01aca,analysis/frozen_I1_spatial.py,cross_recipe_map_correlation,vit_small,mixup|nomix,s11_out,mad,e2r_vits_mixup_baseline_s1,e2r_vits_nomix_baseline_s2,rho,0.310175,MISSING,MISSING,1568,within-recipe mean rho=0.9201,"residual map correlation; exact permutation p=0.1403, null sd=0.2017"
I1_spatial,val_diag_split,bcb2a4c5a8f5335a71f7abef3c3a5dc028acd4b96aa76177e66360422186f8a5,202a712d9392527cbf2fe99525a42a1d45d01aca,analysis/frozen_I1_spatial.py,cross_recipe_map_correlation,vit_small,mixup|nomix,s11_out,mad,e2r_vits_mixup_baseline_s2,e2r_vits_nomix_baseline_s1,rho,0.315463,MISSING,MISSING,1568,within-recipe mean rho=0.9201,"residual map correlation; exact permutation p=0.1460, null sd=0.2149"
I1_spatial,val_diag_split,bcb2a4c5a8f5335a71f7abef3c3a5dc028acd4b96aa76177e66360422186f8a5,202a712d9392527cbf2fe99525a42a1d45d01aca,analysis/frozen_I1_spatial.py,cross_recipe_map_correlation,vit_small,mixup|nomix,s11_out,mad,e2r_vits_mixup_baseline_s2,e2r_vits_nomix_baseline_s2,rho,0.312912,MISSING,MISSING,1568,within-recipe mean rho=0.9201,"residual map correlation; exact permutation p=0.1977, null sd=0.2191"
I1_spatial,val_diag_split,bcb2a4c5a8f5335a71f7abef3c3a5dc028acd4b96aa76177e66360422186f8a5,202a712d9392527cbf2fe99525a42a1d45d01aca,analysis/frozen_I1_spatial.py,cross_recipe_map_correlation,vit_small,mixup|nomix,s11_out,mad,legacy_e2_vit_small_mixupdir_baseline,e2r_vits_nomix_baseline_s1,rho,0.265417,MISSING,MISSING,1568,within-recipe mean rho=0.9201,"residual map correlation; exact permutation p=0.2768, null sd=0.2236"
I1_spatial,val_diag_split,bcb2a4c5a8f5335a71f7abef3c3a5dc028acd4b96aa76177e66360422186f8a5,202a712d9392527cbf2fe99525a42a1d45d01aca,analysis/frozen_I1_spatial.py,cross_recipe_map_correlation,vit_small,mixup|nomix,s11_out,mad,legacy_e2_vit_small_mixupdir_baseline,e2r_vits_nomix_baseline_s2,rho,0.272157,MISSING,MISSING,1568,within-recipe mean rho=0.9201,"residual map correlation; exact permutation p=0.2628, null sd=0.2293"
I1_spatial,val_diag_split,bcb2a4c5a8f5335a71f7abef3c3a5dc028acd4b96aa76177e66360422186f8a5,202a712d9392527cbf2fe99525a42a1d45d01aca,analysis/frozen_I1_spatial.py,cross_recipe_map_correlation,vit_small,mixup|nomix,s11_out,mad,legacy_e2_vit_small_nomixdir_baseline,e2r_vits_nomix_baseline_s1,rho,0.224945,MISSING,MISSING,1568,within-recipe mean rho=0.9201,"residual map correlation; exact permutation p=0.2054, null sd=0.1732"
I1_spatial,val_diag_split,bcb2a4c5a8f5335a71f7abef3c3a5dc028acd4b96aa76177e66360422186f8a5,202a712d9392527cbf2fe99525a42a1d45d01aca,analysis/frozen_I1_spatial.py,cross_recipe_map_correlation,vit_small,mixup|nomix,s11_out,mad,legacy_e2_vit_small_nomixdir_baseline,e2r_vits_nomix_baseline_s2,rho,0.24443,MISSING,MISSING,1568,within-recipe mean rho=0.9201,"residual map correlation; exact permutation p=0.1671, null sd=0.1710"
I1_spatial,val_diag_split,bcb2a4c5a8f5335a71f7abef3c3a5dc028acd4b96aa76177e66360422186f8a5,202a712d9392527cbf2fe99525a42a1d45d01aca,analysis/frozen_I1_spatial.py,cross_recipe_map_correlation,vit_small,mixup|nomix,s11_out,mad,MEAN,all-cross-pairs,rho_mean,0.279484,MISSING,MISSING,8,within-recipe mean is the comparator,mean over all cross-recipe baseline pairs
I1_spatial,val_diag_split,bcb2a4c5a8f5335a71f7abef3c3a5dc028acd4b96aa76177e66360422186f8a5,202a712d9392527cbf2fe99525a42a1d45d01aca,analysis/frozen_I1_spatial.py,within_recipe_map_correlation,vit_small,mixup,s11_out,mad,MEAN,all-within-pairs,rho_mean,0.920074,MISSING,MISSING,6,zero = no shared spatial structure,mean over all within-recipe mixup baseline pairs
I1_spatial,val_diag_split,bcb2a4c5a8f5335a71f7abef3c3a5dc028acd4b96aa76177e66360422186f8a5,202a712d9392527cbf2fe99525a42a1d45d01aca,analysis/frozen_I1_spatial.py,ring_profile,vit_small,mixup,s11_out,mad,e2r_vits_mixup_baseline_s1,border-ring,ring0_freq,0.066615,0.065688,0.067554,10000,uniform=0.089887 at this map's own mass,"image-level bootstrap, 10,000 resamples, seed 0 (D6)"
I1_spatial,val_diag_split,bcb2a4c5a8f5335a71f7abef3c3a5dc028acd4b96aa76177e66360422186f8a5,202a712d9392527cbf2fe99525a42a1d45d01aca,analysis/frozen_I1_spatial.py,ring_profile,vit_small,mixup,s11_out,mad,e2r_vits_mixup_baseline_s1,border-ring,ring1_freq,0.151164,0.149595,0.152714,10000,uniform=0.089887 at this map's own mass,"image-level bootstrap, 10,000 resamples, seed 0 (D6)"
I1_spatial,val_diag_split,bcb2a4c5a8f5335a71f7abef3c3a5dc028acd4b96aa76177e66360422186f8a5,202a712d9392527cbf2fe99525a42a1d45d01aca,analysis/frozen_I1_spatial.py,ring_profile,vit_small,mixup,s11_out,mad,e2r_vits_mixup_baseline_s1,border-ring,ring2_freq,0.096328,0.09505,0.097592,10000,uniform=0.089887 at this map's own mass,"image-level bootstrap, 10,000 resamples, seed 0 (D6)"
I1_spatial,val_diag_split,bcb2a4c5a8f5335a71f7abef3c3a5dc028acd4b96aa76177e66360422186f8a5,202a712d9392527cbf2fe99525a42a1d45d01aca,analysis/frozen_I1_spatial.py,ring_profile,vit_small,mixup,s11_out,mad,e2r_vits_mixup_baseline_s1,border-ring,ring3_freq,0.071932,0.070675,0.073193,10000,uniform=0.089887 at this map's own mass,"image-level bootstrap, 10,000 resamples, seed 0 (D6)"
I1_spatial,val_diag_split,bcb2a4c5a8f5335a71f7abef3c3a5dc028acd4b96aa76177e66360422186f8a5,202a712d9392527cbf2fe99525a42a1d45d01aca,analysis/frozen_I1_spatial.py,ring_profile,vit_small,mixup,s11_out,mad,e2r_vits_mixup_baseline_s1,border-ring,ring4_freq,0.05556,0.054245,0.05688,10000,uniform=0.089887 at this map's own mass,"image-level bootstrap, 10,000 resamples, seed 0 (D6)"
I1_spatial,val_diag_split,bcb2a4c5a8f5335a71f7abef3c3a5dc028acd4b96aa76177e66360422186f8a5,202a712d9392527cbf2fe99525a42a1d45d01aca,analysis/frozen_I1_spatial.py,ring_profile,vit_small,mixup,s11_out,mad,e2r_vits_mixup_baseline_s1,border-ring,ring5_freq,0.055408,0.053725,0.057142,10000,uniform=0.089887 at this map's own mass,"image-level bootstrap, 10,000 resamples, seed 0 (D6)"
I1_spatial,val_diag_split,bcb2a4c5a8f5335a71f7abef3c3a5dc028acd4b96aa76177e66360422186f8a5,202a712d9392527cbf2fe99525a42a1d45d01aca,analysis/frozen_I1_spatial.py,ring_profile,vit_small,mixup,s11_out,mad,e2r_vits_mixup_baseline_s1,border-ring,ring6_freq,0.06115,0.058375,0.0641,10000,uniform=0.089887 at this map's own mass,"image-level bootstrap, 10,000 resamples, seed 0 (D6)"
I1_spatial,val_diag_split,bcb2a4c5a8f5335a71f7abef3c3a5dc028acd4b96aa76177e66360422186f8a5,202a712d9392527cbf2fe99525a42a1d45d01aca,analysis/frozen_I1_spatial.py,ring_ordering,vit_small,mixup,s11_out,mad,e2r_vits_mixup_baseline_s1,ring0_vs_ring1,ring1_minus_ring0,0.084548,0.082727,0.086393,10000,>0 = ring 1 carries more mass per position than ring 0,"the ring CIs and this contrast come from ONE resample of images, so they are mutually consistent"
I1_spatial,val_diag_split,bcb2a4c5a8f5335a71f7abef3c3a5dc028acd4b96aa76177e66360422186f8a5,202a712d9392527cbf2fe99525a42a1d45d01aca,analysis/frozen_I1_spatial.py,concentration_excess,vit_small,mixup,s11_out,mad,e2r_vits_mixup_baseline_s1,finite-sample-null,gini_excess,0.249083,MISSING,MISSING,196,"null gini=0.017837 at mass=17.6178, 400 sims, seed 0",observed minus the finite-sample null — the only cross-member comparable form
I1_spatial,val_diag_split,bcb2a4c5a8f5335a71f7abef3c3a5dc028acd4b96aa76177e66360422186f8a5,202a712d9392527cbf2fe99525a42a1d45d01aca,analysis/frozen_I1_spatial.py,ring_profile,vit_small,mixup,s11_out,mad,e2r_vits_mixup_baseline_s2,border-ring,ring0_freq,0.06791,0.067042,0.068823,10000,uniform=0.088046 at this map's own mass,"image-level bootstrap, 10,000 resamples, seed 0 (D6)"
I1_spatial,val_diag_split,bcb2a4c5a8f5335a71f7abef3c3a5dc028acd4b96aa76177e66360422186f8a5,202a712d9392527cbf2fe99525a42a1d45d01aca,analysis/frozen_I1_spatial.py,ring_profile,vit_small,mixup,s11_out,mad,e2r_vits_mixup_baseline_s2,border-ring,ring1_freq,0.140343,0.138864,0.141821,10000,uniform=0.088046 at this map's own mass,"image-level bootstrap, 10,000 resamples, seed 0 (D6)"
I1_spatial,val_diag_split,bcb2a4c5a8f5335a71f7abef3c3a5dc028acd4b96aa76177e66360422186f8a5,202a712d9392527cbf2fe99525a42a1d45d01aca,analysis/frozen_I1_spatial.py,ring_profile,vit_small,mixup,s11_out,mad,e2r_vits_mixup_baseline_s2,border-ring,ring2_freq,0.101553,0.100211,0.102919,10000,uniform=0.088046 at this map's own mass,"image-level bootstrap, 10,000 resamples, seed 0 (D6)"
I1_spatial,val_diag_split,bcb2a4c5a8f5335a71f7abef3c3a5dc028acd4b96aa76177e66360422186f8a5,202a712d9392527cbf2fe99525a42a1d45d01aca,analysis/frozen_I1_spatial.py,ring_profile,vit_small,mixup,s11_out,mad,e2r_vits_mixup_baseline_s2,border-ring,ring3_freq,0.070389,0.069139,0.071654,10000,uniform=0.088046 at this map's own mass,"image-level bootstrap, 10,000 resamples, seed 0 (D6)"
I1_spatial,val_diag_split,bcb2a4c5a8f5335a71f7abef3c3a5dc028acd4b96aa76177e66360422186f8a5,202a712d9392527cbf2fe99525a42a1d45d01aca,analysis/frozen_I1_spatial.py,ring_profile,vit_small,mixup,s11_out,mad,e2r_vits_mixup_baseline_s2,border-ring,ring4_freq,0.053365,0.052105,0.05463,10000,uniform=0.088046 at this map's own mass,"image-level bootstrap, 10,000 resamples, seed 0 (D6)"
I1_spatial,val_diag_split,bcb2a4c5a8f5335a71f7abef3c3a5dc028acd4b96aa76177e66360422186f8a5,202a712d9392527cbf2fe99525a42a1d45d01aca,analysis/frozen_I1_spatial.py,ring_profile,vit_small,mixup,s11_out,mad,e2r_vits_mixup_baseline_s2,border-ring,ring5_freq,0.051208,0.049625,0.052875,10000,uniform=0.088046 at this map's own mass,"image-level bootstrap, 10,000 resamples, seed 0 (D6)"
I1_spatial,val_diag_split,bcb2a4c5a8f5335a71f7abef3c3a5dc028acd4b96aa76177e66360422186f8a5,202a712d9392527cbf2fe99525a42a1d45d01aca,analysis/frozen_I1_spatial.py,ring_profile,vit_small,mixup,s11_out,mad,e2r_vits_mixup_baseline_s2,border-ring,ring6_freq,0.060525,0.0578,0.0634,10000,uniform=0.088046 at this map's own mass,"image-level bootstrap, 10,000 resamples, seed 0 (D6)"
I1_spatial,val_diag_split,bcb2a4c5a8f5335a71f7abef3c3a5dc028acd4b96aa76177e66360422186f8a5,202a712d9392527cbf2fe99525a42a1d45d01aca,analysis/frozen_I1_spatial.py,ring_ordering,vit_small,mixup,s11_out,mad,e2r_vits_mixup_baseline_s2,ring0_vs_ring1,ring1_minus_ring0,0.072434,0.070702,0.07414,10000,>0 = ring 1 carries more mass per position than ring 0,"the ring CIs and this contrast come from ONE resample of images, so they are mutually consistent"
I1_spatial,val_diag_split,bcb2a4c5a8f5335a71f7abef3c3a5dc028acd4b96aa76177e66360422186f8a5,202a712d9392527cbf2fe99525a42a1d45d01aca,analysis/frozen_I1_spatial.py,concentration_excess,vit_small,mixup,s11_out,mad,e2r_vits_mixup_baseline_s2,finite-sample-null,gini_excess,0.236911,MISSING,MISSING,196,"null gini=0.018067 at mass=17.2571, 400 sims, seed 0",observed minus the finite-sample null — the only cross-member comparable form
I1_spatial,val_diag_split,bcb2a4c5a8f5335a71f7abef3c3a5dc028acd4b96aa76177e66360422186f8a5,202a712d9392527cbf2fe99525a42a1d45d01aca,analysis/frozen_I1_spatial.py,ring_profile,vit_small,mixup,s11_out,mad,legacy_e2_vit_small_mixupdir_baseline,border-ring,ring0_freq,0.05296,0.052142,0.053823,10000,uniform=0.073316 at this map's own mass,"image-level bootstrap, 10,000 resamples, seed 0 (D6)"
I1_spatial,val_diag_split,bcb2a4c5a8f5335a71f7abef3c3a5dc028acd4b96aa76177e66360422186f8a5,202a712d9392527cbf2fe99525a42a1d45d01aca,analysis/frozen_I1_spatial.py,ring_profile,vit_small,mixup,s11_out,mad,legacy_e2_vit_small_mixupdir_baseline,border-ring,ring1_freq,0.120466,0.119148,0.121782,10000,uniform=0.073316 at this map's own mass,"image-level bootstrap, 10,000 resamples, seed 0 (D6)"
I1_spatial,val_diag_split,bcb2a4c5a8f5335a71f7abef3c3a5dc028acd4b96aa76177e66360422186f8a5,202a712d9392527cbf2fe99525a42a1d45d01aca,analysis/frozen_I1_spatial.py,ring_profile,vit_small,mixup,s11_out,mad,legacy_e2_vit_small_mixupdir_baseline,border-ring,ring2_freq,0.084994,0.083842,0.08615,10000,uniform=0.073316 at this map's own mass,"image-level bootstrap, 10,000 resamples, seed 0 (D6)"
I1_spatial,val_diag_split,bcb2a4c5a8f5335a71f7abef3c3a5dc028acd4b96aa76177e66360422186f8a5,202a712d9392527cbf2fe99525a42a1d45d01aca,analysis/frozen_I1_spatial.py,ring_profile,vit_small,mixup,s11_out,mad,legacy_e2_vit_small_mixupdir_baseline,border-ring,ring3_freq,0.062586,0.061425,0.0638,10000,uniform=0.073316 at this map's own mass,"image-level bootstrap, 10,000 resamples, seed 0 (D6)"
I1_spatial,val_diag_split,bcb2a4c5a8f5335a71f7abef3c3a5dc028acd4b96aa76177e66360422186f8a5,202a712d9392527cbf2fe99525a42a1d45d01aca,analysis/frozen_I1_spatial.py,ring_profile,vit_small,mixup,s11_out,mad,legacy_e2_vit_small_mixupdir_baseline,border-ring,ring4_freq,0.04319,0.04207,0.04429,10000,uniform=0.073316 at this map's own mass,"image-level bootstrap, 10,000 resamples, seed 0 (D6)"
I1_spatial,val_diag_split,bcb2a4c5a8f5335a71f7abef3c3a5dc028acd4b96aa76177e66360422186f8a5,202a712d9392527cbf2fe99525a42a1d45d01aca,analysis/frozen_I1_spatial.py,ring_profile,vit_small,mixup,s11_out,mad,legacy_e2_vit_small_mixupdir_baseline,border-ring,ring5_freq,0.0397,0.038267,0.041125,10000,uniform=0.073316 at this map's own mass,"image-level bootstrap, 10,000 resamples, seed 0 (D6)"
I1_spatial,val_diag_split,bcb2a4c5a8f5335a71f7abef3c3a5dc028acd4b96aa76177e66360422186f8a5,202a712d9392527cbf2fe99525a42a1d45d01aca,analysis/frozen_I1_spatial.py,ring_profile,vit_small,mixup,s11_out,mad,legacy_e2_vit_small_mixupdir_baseline,border-ring,ring6_freq,0.040775,0.038525,0.043075,10000,uniform=0.073316 at this map's own mass,"image-level bootstrap, 10,000 resamples, seed 0 (D6)"
I1_spatial,val_diag_split,bcb2a4c5a8f5335a71f7abef3c3a5dc028acd4b96aa76177e66360422186f8a5,202a712d9392527cbf2fe99525a42a1d45d01aca,analysis/frozen_I1_spatial.py,ring_ordering,vit_small,mixup,s11_out,mad,legacy_e2_vit_small_mixupdir_baseline,ring0_vs_ring1,ring1_minus_ring0,0.067506,0.06592,0.069096,10000,>0 = ring 1 carries more mass per position than ring 0,"the ring CIs and this contrast come from ONE resample of images, so they are mutually consistent"
I1_spatial,val_diag_split,bcb2a4c5a8f5335a71f7abef3c3a5dc028acd4b96aa76177e66360422186f8a5,202a712d9392527cbf2fe99525a42a1d45d01aca,analysis/frozen_I1_spatial.py,concentration_excess,vit_small,mixup,s11_out,mad,legacy_e2_vit_small_mixupdir_baseline,finite-sample-null,gini_excess,0.258018,MISSING,MISSING,196,"null gini=0.019940 at mass=14.3699, 400 sims, seed 0",observed minus the finite-sample null — the only cross-member comparable form
I1_spatial,val_diag_split,bcb2a4c5a8f5335a71f7abef3c3a5dc028acd4b96aa76177e66360422186f8a5,202a712d9392527cbf2fe99525a42a1d45d01aca,analysis/frozen_I1_spatial.py,ring_profile,vit_small,mixup,s11_out,mad,legacy_e2_vit_small_nomixdir_baseline,border-ring,ring0_freq,0.066137,0.06525,0.067054,10000,uniform=0.092932 at this map's own mass,"image-level bootstrap, 10,000 resamples, seed 0 (D6)"
I1_spatial,val_diag_split,bcb2a4c5a8f5335a71f7abef3c3a5dc028acd4b96aa76177e66360422186f8a5,202a712d9392527cbf2fe99525a42a1d45d01aca,analysis/frozen_I1_spatial.py,ring_profile,vit_small,mixup,s11_out,mad,legacy_e2_vit_small_nomixdir_baseline,border-ring,ring1_freq,0.14932,0.147766,0.150827,10000,uniform=0.092932 at this map's own mass,"image-level bootstrap, 10,000 resamples, seed 0 (D6)"
I1_spatial,val_diag_split,bcb2a4c5a8f5335a71f7abef3c3a5dc028acd4b96aa76177e66360422186f8a5,202a712d9392527cbf2fe99525a42a1d45d01aca,analysis/frozen_I1_spatial.py,ring_profile,vit_small,mixup,s11_out,mad,legacy_e2_vit_small_nomixdir_baseline,border-ring,ring2_freq,0.106781,0.105447,0.108106,10000,uniform=0.092932 at this map's own mass,"image-level bootstrap, 10,000 resamples, seed 0 (D6)"
I1_spatial,val_diag_split,bcb2a4c5a8f5335a71f7abef3c3a5dc028acd4b96aa76177e66360422186f8a5,202a712d9392527cbf2fe99525a42a1d45d01aca,analysis/frozen_I1_spatial.py,ring_profile,vit_small,mixup,s11_out,mad,legacy_e2_vit_small_nomixdir_baseline,border-ring,ring3_freq,0.075939,0.07465,0.077225,10000,uniform=0.092932 at this map's own mass,"image-level bootstrap, 10,000 resamples, seed 0 (D6)"
I1_spatial,val_diag_split,bcb2a4c5a8f5335a71f7abef3c3a5dc028acd4b96aa76177e66360422186f8a5,202a712d9392527cbf2fe99525a42a1d45d01aca,analysis/frozen_I1_spatial.py,ring_profile,vit_small,mixup,s11_out,mad,legacy_e2_vit_small_nomixdir_baseline,border-ring,ring4_freq,0.0598,0.05842,0.061175,10000,uniform=0.092932 at this map's own mass,"image-level bootstrap, 10,000 resamples, seed 0 (D6)"
I1_spatial,val_diag_split,bcb2a4c5a8f5335a71f7abef3c3a5dc028acd4b96aa76177e66360422186f8a5,202a712d9392527cbf2fe99525a42a1d45d01aca,analysis/frozen_I1_spatial.py,ring_profile,vit_small,mixup,s11_out,mad,legacy_e2_vit_small_nomixdir_baseline,border-ring,ring5_freq,0.062583,0.0607,0.06445,10000,uniform=0.092932 at this map's own mass,"image-level bootstrap, 10,000 resamples, seed 0 (D6)"
I1_spatial,val_diag_split,bcb2a4c5a8f5335a71f7abef3c3a5dc028acd4b96aa76177e66360422186f8a5,202a712d9392527cbf2fe99525a42a1d45d01aca,analysis/frozen_I1_spatial.py,ring_profile,vit_small,mixup,s11_out,mad,legacy_e2_vit_small_nomixdir_baseline,border-ring,ring6_freq,0.072025,0.069,0.075176,10000,uniform=0.092932 at this map's own mass,"image-level bootstrap, 10,000 resamples, seed 0 (D6)"
I1_spatial,val_diag_split,bcb2a4c5a8f5335a71f7abef3c3a5dc028acd4b96aa76177e66360422186f8a5,202a712d9392527cbf2fe99525a42a1d45d01aca,analysis/frozen_I1_spatial.py,ring_ordering,vit_small,mixup,s11_out,mad,legacy_e2_vit_small_nomixdir_baseline,ring0_vs_ring1,ring1_minus_ring0,0.083184,0.081366,0.084956,10000,>0 = ring 1 carries more mass per position than ring 0,"the ring CIs and this contrast come from ONE resample of images, so they are mutually consistent"
I1_spatial,val_diag_split,bcb2a4c5a8f5335a71f7abef3c3a5dc028acd4b96aa76177e66360422186f8a5,202a712d9392527cbf2fe99525a42a1d45d01aca,analysis/frozen_I1_spatial.py,concentration_excess,vit_small,mixup,s11_out,mad,legacy_e2_vit_small_nomixdir_baseline,finite-sample-null,gini_excess,0.226202,MISSING,MISSING,196,"null gini=0.017532 at mass=18.2147, 400 sims, seed 0",observed minus the finite-sample null — the only cross-member comparable form
I1_spatial,val_diag_split,bcb2a4c5a8f5335a71f7abef3c3a5dc028acd4b96aa76177e66360422186f8a5,202a712d9392527cbf2fe99525a42a1d45d01aca,analysis/frozen_I1_spatial.py,ring_profile,vit_small,nomix,s11_out,mad,e2r_vits_nomix_baseline_s1,border-ring,ring0_freq,0.017477,0.016544,0.018429,10000,uniform=0.014006 at this map's own mass,"image-level bootstrap, 10,000 resamples, seed 0 (D6)"
I1_spatial,val_diag_split,bcb2a4c5a8f5335a71f7abef3c3a5dc028acd4b96aa76177e66360422186f8a5,202a712d9392527cbf2fe99525a42a1d45d01aca,analysis/frozen_I1_spatial.py,ring_profile,vit_small,nomix,s11_out,mad,e2r_vits_nomix_baseline_s1,border-ring,ring1_freq,0.013709,0.013161,0.014266,10000,uniform=0.014006 at this map's own mass,"image-level bootstrap, 10,000 resamples, seed 0 (D6)"
I1_spatial,val_diag_split,bcb2a4c5a8f5335a71f7abef3c3a5dc028acd4b96aa76177e66360422186f8a5,202a712d9392527cbf2fe99525a42a1d45d01aca,analysis/frozen_I1_spatial.py,ring_profile,vit_small,nomix,s11_out,mad,e2r_vits_nomix_baseline_s1,border-ring,ring2_freq,0.012464,0.011972,0.012983,10000,uniform=0.014006 at this map's own mass,"image-level bootstrap, 10,000 resamples, seed 0 (D6)"
I1_spatial,val_diag_split,bcb2a4c5a8f5335a71f7abef3c3a5dc028acd4b96aa76177e66360422186f8a5,202a712d9392527cbf2fe99525a42a1d45d01aca,analysis/frozen_I1_spatial.py,ring_profile,vit_small,nomix,s11_out,mad,e2r_vits_nomix_baseline_s1,border-ring,ring3_freq,0.011964,0.011393,0.012525,10000,uniform=0.014006 at this map's own mass,"image-level bootstrap, 10,000 resamples, seed 0 (D6)"
I1_spatial,val_diag_split,bcb2a4c5a8f5335a71f7abef3c3a5dc028acd4b96aa76177e66360422186f8a5,202a712d9392527cbf2fe99525a42a1d45d01aca,analysis/frozen_I1_spatial.py,ring_profile,vit_small,nomix,s11_out,mad,e2r_vits_nomix_baseline_s1,border-ring,ring4_freq,0.01197,0.01131,0.012635,10000,uniform=0.014006 at this map's own mass,"image-level bootstrap, 10,000 resamples, seed 0 (D6)"
I1_spatial,val_diag_split,bcb2a4c5a8f5335a71f7abef3c3a5dc028acd4b96aa76177e66360422186f8a5,202a712d9392527cbf2fe99525a42a1d45d01aca,analysis/frozen_I1_spatial.py,ring_profile,vit_small,nomix,s11_out,mad,e2r_vits_nomix_baseline_s1,border-ring,ring5_freq,0.012475,0.0116,0.013375,10000,uniform=0.014006 at this map's own mass,"image-level bootstrap, 10,000 resamples, seed 0 (D6)"
I1_spatial,val_diag_split,bcb2a4c5a8f5335a71f7abef3c3a5dc028acd4b96aa76177e66360422186f8a5,202a712d9392527cbf2fe99525a42a1d45d01aca,analysis/frozen_I1_spatial.py,ring_profile,vit_small,nomix,s11_out,mad,e2r_vits_nomix_baseline_s1,border-ring,ring6_freq,0.0151,0.013575,0.01665,10000,uniform=0.014006 at this map's own mass,"image-level bootstrap, 10,000 resamples, seed 0 (D6)"
I1_spatial,val_diag_split,bcb2a4c5a8f5335a71f7abef3c3a5dc028acd4b96aa76177e66360422186f8a5,202a712d9392527cbf2fe99525a42a1d45d01aca,analysis/frozen_I1_spatial.py,ring_ordering,vit_small,nomix,s11_out,mad,e2r_vits_nomix_baseline_s1,ring0_vs_ring1,ring1_minus_ring0,-0.003768,-0.004716,-0.002861,10000,>0 = ring 1 carries more mass per position than ring 0,"the ring CIs and this contrast come from ONE resample of images, so they are mutually consistent"
I1_spatial,val_diag_split,bcb2a4c5a8f5335a71f7abef3c3a5dc028acd4b96aa76177e66360422186f8a5,202a712d9392527cbf2fe99525a42a1d45d01aca,analysis/frozen_I1_spatial.py,concentration_excess,vit_small,nomix,s11_out,mad,e2r_vits_nomix_baseline_s1,finite-sample-null,gini_excess,0.12976,MISSING,MISSING,196,"null gini=0.047123 at mass=2.7452, 400 sims, seed 0",observed minus the finite-sample null — the only cross-member comparable form
I1_spatial,val_diag_split,bcb2a4c5a8f5335a71f7abef3c3a5dc028acd4b96aa76177e66360422186f8a5,202a712d9392527cbf2fe99525a42a1d45d01aca,analysis/frozen_I1_spatial.py,ring_profile,vit_small,nomix,s11_out,mad,e2r_vits_nomix_baseline_s2,border-ring,ring0_freq,0.016773,0.016,0.017567,10000,uniform=0.011151 at this map's own mass,"image-level bootstrap, 10,000 resamples, seed 0 (D6)"
I1_spatial,val_diag_split,bcb2a4c5a8f5335a71f7abef3c3a5dc028acd4b96aa76177e66360422186f8a5,202a712d9392527cbf2fe99525a42a1d45d01aca,analysis/frozen_I1_spatial.py,ring_profile,vit_small,nomix,s11_out,mad,e2r_vits_nomix_baseline_s2,border-ring,ring1_freq,0.010755,0.010273,0.011245,10000,uniform=0.011151 at this map's own mass,"image-level bootstrap, 10,000 resamples, seed 0 (D6)"
I1_spatial,val_diag_split,bcb2a4c5a8f5335a71f7abef3c3a5dc028acd4b96aa76177e66360422186f8a5,202a712d9392527cbf2fe99525a42a1d45d01aca,analysis/frozen_I1_spatial.py,ring_profile,vit_small,nomix,s11_out,mad,e2r_vits_nomix_baseline_s2,border-ring,ring2_freq,0.008536,0.008117,0.008958,10000,uniform=0.011151 at this map's own mass,"image-level bootstrap, 10,000 resamples, seed 0 (D6)"
I1_spatial,val_diag_split,bcb2a4c5a8f5335a71f7abef3c3a5dc028acd4b96aa76177e66360422186f8a5,202a712d9392527cbf2fe99525a42a1d45d01aca,analysis/frozen_I1_spatial.py,ring_profile,vit_small,nomix,s11_out,mad,e2r_vits_nomix_baseline_s2,border-ring,ring3_freq,0.007932,0.007482,0.008386,10000,uniform=0.011151 at this map's own mass,"image-level bootstrap, 10,000 resamples, seed 0 (D6)"
I1_spatial,val_diag_split,bcb2a4c5a8f5335a71f7abef3c3a5dc028acd4b96aa76177e66360422186f8a5,202a712d9392527cbf2fe99525a42a1d45d01aca,analysis/frozen_I1_spatial.py,ring_profile,vit_small,nomix,s11_out,mad,e2r_vits_nomix_baseline_s2,border-ring,ring4_freq,0.00805,0.0075,0.008615,10000,uniform=0.011151 at this map's own mass,"image-level bootstrap, 10,000 resamples, seed 0 (D6)"
I1_spatial,val_diag_split,bcb2a4c5a8f5335a71f7abef3c3a5dc028acd4b96aa76177e66360422186f8a5,202a712d9392527cbf2fe99525a42a1d45d01aca,analysis/frozen_I1_spatial.py,ring_profile,vit_small,nomix,s11_out,mad,e2r_vits_nomix_baseline_s2,border-ring,ring5_freq,0.008692,0.007992,0.009417,10000,uniform=0.011151 at this map's own mass,"image-level bootstrap, 10,000 resamples, seed 0 (D6)"
I1_spatial,val_diag_split,bcb2a4c5a8f5335a71f7abef3c3a5dc028acd4b96aa76177e66360422186f8a5,202a712d9392527cbf2fe99525a42a1d45d01aca,analysis/frozen_I1_spatial.py,ring_profile,vit_small,nomix,s11_out,mad,e2r_vits_nomix_baseline_s2,border-ring,ring6_freq,0.011375,0.010025,0.012775,10000,uniform=0.011151 at this map's own mass,"image-level bootstrap, 10,000 resamples, seed 0 (D6)"
I1_spatial,val_diag_split,bcb2a4c5a8f5335a71f7abef3c3a5dc028acd4b96aa76177e66360422186f8a5,202a712d9392527cbf2fe99525a42a1d45d01aca,analysis/frozen_I1_spatial.py,ring_ordering,vit_small,nomix,s11_out,mad,e2r_vits_nomix_baseline_s2,ring0_vs_ring1,ring1_minus_ring0,-0.006019,-0.006813,-0.005244,10000,>0 = ring 1 carries more mass per position than ring 0,"the ring CIs and this contrast come from ONE resample of images, so they are mutually consistent"
I1_spatial,val_diag_split,bcb2a4c5a8f5335a71f7abef3c3a5dc028acd4b96aa76177e66360422186f8a5,202a712d9392527cbf2fe99525a42a1d45d01aca,analysis/frozen_I1_spatial.py,concentration_excess,vit_small,nomix,s11_out,mad,e2r_vits_nomix_baseline_s2,finite-sample-null,gini_excess,0.218337,MISSING,MISSING,196,"null gini=0.052826 at mass=2.1856, 400 sims, seed 0",observed minus the finite-sample null — the only cross-member comparable form
I1_spatial,val_diag_split,bcb2a4c5a8f5335a71f7abef3c3a5dc028acd4b96aa76177e66360422186f8a5,202a712d9392527cbf2fe99525a42a1d45d01aca,analysis/frozen_I1_spatial.py,cross_recipe_map_correlation,vit_small,mixup|nomix,in_b07,fixed_cal,e2r_vits_mixup_baseline_s1,e2r_vits_nomix_baseline_s1,rho,0.319311,MISSING,MISSING,1568,within-recipe mean rho=0.9020,"residual map correlation; exact permutation p=0.0912, null sd=0.1858"
I1_spatial,val_diag_split,bcb2a4c5a8f5335a71f7abef3c3a5dc028acd4b96aa76177e66360422186f8a5,202a712d9392527cbf2fe99525a42a1d45d01aca,analysis/frozen_I1_spatial.py,cross_recipe_map_correlation,vit_small,mixup|nomix,in_b07,fixed_cal,e2r_vits_mixup_baseline_s1,e2r_vits_nomix_baseline_s2,rho,-0.041461,MISSING,MISSING,1568,within-recipe mean rho=0.9020,"residual map correlation; exact permutation p=0.8278, null sd=0.1524"
I1_spatial,val_diag_split,bcb2a4c5a8f5335a71f7abef3c3a5dc028acd4b96aa76177e66360422186f8a5,202a712d9392527cbf2fe99525a42a1d45d01aca,analysis/frozen_I1_spatial.py,cross_recipe_map_correlation,vit_small,mixup|nomix,in_b07,fixed_cal,e2r_vits_mixup_baseline_s2,e2r_vits_nomix_baseline_s1,rho,0.434802,MISSING,MISSING,1568,within-recipe mean rho=0.9020,"residual map correlation; exact permutation p=0.0651, null sd=0.2288"
I1_spatial,val_diag_split,bcb2a4c5a8f5335a71f7abef3c3a5dc028acd4b96aa76177e66360422186f8a5,202a712d9392527cbf2fe99525a42a1d45d01aca,analysis/frozen_I1_spatial.py,cross_recipe_map_correlation,vit_small,mixup|nomix,in_b07,fixed_cal,e2r_vits_mixup_baseline_s2,e2r_vits_nomix_baseline_s2,rho,0.008049,MISSING,MISSING,1568,within-recipe mean rho=0.9020,"residual map correlation; exact permutation p=0.9656, null sd=0.1612"
I1_spatial,val_diag_split,bcb2a4c5a8f5335a71f7abef3c3a5dc028acd4b96aa76177e66360422186f8a5,202a712d9392527cbf2fe99525a42a1d45d01aca,analysis/frozen_I1_spatial.py,cross_recipe_map_correlation,vit_small,mixup|nomix,in_b07,fixed_cal,legacy_e2_vit_small_mixupdir_baseline,e2r_vits_nomix_baseline_s1,rho,0.308972,MISSING,MISSING,1568,within-recipe mean rho=0.9020,"residual map correlation; exact permutation p=0.2047, null sd=0.2325"
I1_spatial,val_diag_split,bcb2a4c5a8f5335a71f7abef3c3a5dc028acd4b96aa76177e66360422186f8a5,202a712d9392527cbf2fe99525a42a1d45d01aca,analysis/frozen_I1_spatial.py,cross_recipe_map_correlation,vit_small,mixup|nomix,in_b07,fixed_cal,legacy_e2_vit_small_mixupdir_baseline,e2r_vits_nomix_baseline_s2,rho,-0.118918,MISSING,MISSING,1568,within-recipe mean rho=0.9020,"residual map correlation; exact permutation p=0.6065, null sd=0.2046"
I1_spatial,val_diag_split,bcb2a4c5a8f5335a71f7abef3c3a5dc028acd4b96aa76177e66360422186f8a5,202a712d9392527cbf2fe99525a42a1d45d01aca,analysis/frozen_I1_spatial.py,cross_recipe_map_correlation,vit_small,mixup|nomix,in_b07,fixed_cal,legacy_e2_vit_small_nomixdir_baseline,e2r_vits_nomix_baseline_s1,rho,0.277489,MISSING,MISSING,1568,within-recipe mean rho=0.9020,"residual map correlation; exact permutation p=0.2232, null sd=0.2110"
I1_spatial,val_diag_split,bcb2a4c5a8f5335a71f7abef3c3a5dc028acd4b96aa76177e66360422186f8a5,202a712d9392527cbf2fe99525a42a1d45d01aca,analysis/frozen_I1_spatial.py,cross_recipe_map_correlation,vit_small,mixup|nomix,in_b07,fixed_cal,legacy_e2_vit_small_nomixdir_baseline,e2r_vits_nomix_baseline_s2,rho,-0.099163,MISSING,MISSING,1568,within-recipe mean rho=0.9020,"residual map correlation; exact permutation p=0.5721, null sd=0.1513"
I1_spatial,val_diag_split,bcb2a4c5a8f5335a71f7abef3c3a5dc028acd4b96aa76177e66360422186f8a5,202a712d9392527cbf2fe99525a42a1d45d01aca,analysis/frozen_I1_spatial.py,cross_recipe_map_correlation,vit_small,mixup|nomix,in_b07,fixed_cal,MEAN,all-cross-pairs,rho_mean,0.136135,MISSING,MISSING,8,within-recipe mean is the comparator,mean over all cross-recipe baseline pairs
I1_spatial,val_diag_split,bcb2a4c5a8f5335a71f7abef3c3a5dc028acd4b96aa76177e66360422186f8a5,202a712d9392527cbf2fe99525a42a1d45d01aca,analysis/frozen_I1_spatial.py,within_recipe_map_correlation,vit_small,mixup,in_b07,fixed_cal,MEAN,all-within-pairs,rho_mean,0.902027,MISSING,MISSING,6,zero = no shared spatial structure,mean over all within-recipe mixup baseline pairs
I1_spatial,val_diag_split,bcb2a4c5a8f5335a71f7abef3c3a5dc028acd4b96aa76177e66360422186f8a5,202a712d9392527cbf2fe99525a42a1d45d01aca,analysis/frozen_I1_spatial.py,ring_profile,vit_small,mixup,in_b07,fixed_cal,e2r_vits_mixup_baseline_s1,border-ring,ring0_freq,0.03984,0.039037,0.040681,10000,uniform=0.058197 at this map's own mass,"image-level bootstrap, 10,000 resamples, seed 0 (D6)"
I1_spatial,val_diag_split,bcb2a4c5a8f5335a71f7abef3c3a5dc028acd4b96aa76177e66360422186f8a5,202a712d9392527cbf2fe99525a42a1d45d01aca,analysis/frozen_I1_spatial.py,ring_profile,vit_small,mixup,in_b07,fixed_cal,e2r_vits_mixup_baseline_s1,border-ring,ring1_freq,0.108341,0.107155,0.109525,10000,uniform=0.058197 at this map's own mass,"image-level bootstrap, 10,000 resamples, seed 0 (D6)"
I1_spatial,val_diag_split,bcb2a4c5a8f5335a71f7abef3c3a5dc028acd4b96aa76177e66360422186f8a5,202a712d9392527cbf2fe99525a42a1d45d01aca,analysis/frozen_I1_spatial.py,ring_profile,vit_small,mixup,in_b07,fixed_cal,e2r_vits_mixup_baseline_s1,border-ring,ring2_freq,0.060211,0.059303,0.061125,10000,uniform=0.058197 at this map's own mass,"image-level bootstrap, 10,000 resamples, seed 0 (D6)"
I1_spatial,val_diag_split,bcb2a4c5a8f5335a71f7abef3c3a5dc028acd4b96aa76177e66360422186f8a5,202a712d9392527cbf2fe99525a42a1d45d01aca,analysis/frozen_I1_spatial.py,ring_profile,vit_small,mixup,in_b07,fixed_cal,e2r_vits_mixup_baseline_s1,border-ring,ring3_freq,0.042886,0.041932,0.043839,10000,uniform=0.058197 at this map's own mass,"image-level bootstrap, 10,000 resamples, seed 0 (D6)"
I1_spatial,val_diag_split,bcb2a4c5a8f5335a71f7abef3c3a5dc028acd4b96aa76177e66360422186f8a5,202a712d9392527cbf2fe99525a42a1d45d01aca,analysis/frozen_I1_spatial.py,ring_profile,vit_small,mixup,in_b07,fixed_cal,e2r_vits_mixup_baseline_s1,border-ring,ring4_freq,0.03269,0.031665,0.033715,10000,uniform=0.058197 at this map's own mass,"image-level bootstrap, 10,000 resamples, seed 0 (D6)"
I1_spatial,val_diag_split,bcb2a4c5a8f5335a71f7abef3c3a5dc028acd4b96aa76177e66360422186f8a5,202a712d9392527cbf2fe99525a42a1d45d01aca,analysis/frozen_I1_spatial.py,ring_profile,vit_small,mixup,in_b07,fixed_cal,e2r_vits_mixup_baseline_s1,border-ring,ring5_freq,0.032642,0.03135,0.03395,10000,uniform=0.058197 at this map's own mass,"image-level bootstrap, 10,000 resamples, seed 0 (D6)"
I1_spatial,val_diag_split,bcb2a4c5a8f5335a71f7abef3c3a5dc028acd4b96aa76177e66360422186f8a5,202a712d9392527cbf2fe99525a42a1d45d01aca,analysis/frozen_I1_spatial.py,ring_profile,vit_small,mixup,in_b07,fixed_cal,e2r_vits_mixup_baseline_s1,border-ring,ring6_freq,0.038525,0.036225,0.040875,10000,uniform=0.058197 at this map's own mass,"image-level bootstrap, 10,000 resamples, seed 0 (D6)"
I1_spatial,val_diag_split,bcb2a4c5a8f5335a71f7abef3c3a5dc028acd4b96aa76177e66360422186f8a5,202a712d9392527cbf2fe99525a42a1d45d01aca,analysis/frozen_I1_spatial.py,ring_ordering,vit_small,mixup,in_b07,fixed_cal,e2r_vits_mixup_baseline_s1,ring0_vs_ring1,ring1_minus_ring0,0.068501,0.067023,0.069943,10000,>0 = ring 1 carries more mass per position than ring 0,"the ring CIs and this contrast come from ONE resample of images, so they are mutually consistent"
I1_spatial,val_diag_split,bcb2a4c5a8f5335a71f7abef3c3a5dc028acd4b96aa76177e66360422186f8a5,202a712d9392527cbf2fe99525a42a1d45d01aca,analysis/frozen_I1_spatial.py,concentration_excess,vit_small,mixup,in_b07,fixed_cal,e2r_vits_mixup_baseline_s1,finite-sample-null,gini_excess,0.304593,MISSING,MISSING,196,"null gini=0.022536 at mass=11.4067, 400 sims, seed 0",observed minus the finite-sample null — the only cross-member comparable form
I1_spatial,val_diag_split,bcb2a4c5a8f5335a71f7abef3c3a5dc028acd4b96aa76177e66360422186f8a5,202a712d9392527cbf2fe99525a42a1d45d01aca,analysis/frozen_I1_spatial.py,ring_profile,vit_small,mixup,in_b07,fixed_cal,e2r_vits_mixup_baseline_s2,border-ring,ring0_freq,0.039365,0.038573,0.040188,10000,uniform=0.052843 at this map's own mass,"image-level bootstrap, 10,000 resamples, seed 0 (D6)"
I1_spatial,val_diag_split,bcb2a4c5a8f5335a71f7abef3c3a5dc028acd4b96aa76177e66360422186f8a5,202a712d9392527cbf2fe99525a42a1d45d01aca,analysis/frozen_I1_spatial.py,ring_profile,vit_small,mixup,in_b07,fixed_cal,e2r_vits_mixup_baseline_s2,border-ring,ring1_freq,0.092143,0.091109,0.093141,10000,uniform=0.052843 at this map's own mass,"image-level bootstrap, 10,000 resamples, seed 0 (D6)"
I1_spatial,val_diag_split,bcb2a4c5a8f5335a71f7abef3c3a5dc028acd4b96aa76177e66360422186f8a5,202a712d9392527cbf2fe99525a42a1d45d01aca,analysis/frozen_I1_spatial.py,ring_profile,vit_small,mixup,in_b07,fixed_cal,e2r_vits_mixup_baseline_s2,border-ring,ring2_freq,0.060169,0.059258,0.061081,10000,uniform=0.052843 at this map's own mass,"image-level bootstrap, 10,000 resamples, seed 0 (D6)"
I1_spatial,val_diag_split,bcb2a4c5a8f5335a71f7abef3c3a5dc028acd4b96aa76177e66360422186f8a5,202a712d9392527cbf2fe99525a42a1d45d01aca,analysis/frozen_I1_spatial.py,ring_profile,vit_small,mixup,in_b07,fixed_cal,e2r_vits_mixup_baseline_s2,border-ring,ring3_freq,0.038218,0.037371,0.039071,10000,uniform=0.052843 at this map's own mass,"image-level bootstrap, 10,000 resamples, seed 0 (D6)"
I1_spatial,val_diag_split,bcb2a4c5a8f5335a71f7abef3c3a5dc028acd4b96aa76177e66360422186f8a5,202a712d9392527cbf2fe99525a42a1d45d01aca,analysis/frozen_I1_spatial.py,ring_profile,vit_small,mixup,in_b07,fixed_cal,e2r_vits_mixup_baseline_s2,border-ring,ring4_freq,0.028215,0.027295,0.02912,10000,uniform=0.052843 at this map's own mass,"image-level bootstrap, 10,000 resamples, seed 0 (D6)"
I1_spatial,val_diag_split,bcb2a4c5a8f5335a71f7abef3c3a5dc028acd4b96aa76177e66360422186f8a5,202a712d9392527cbf2fe99525a42a1d45d01aca,analysis/frozen_I1_spatial.py,ring_profile,vit_small,mixup,in_b07,fixed_cal,e2r_vits_mixup_baseline_s2,border-ring,ring5_freq,0.026483,0.025358,0.027592,10000,uniform=0.052843 at this map's own mass,"image-level bootstrap, 10,000 resamples, seed 0 (D6)"
I1_spatial,val_diag_split,bcb2a4c5a8f5335a71f7abef3c3a5dc028acd4b96aa76177e66360422186f8a5,202a712d9392527cbf2fe99525a42a1d45d01aca,analysis/frozen_I1_spatial.py,ring_profile,vit_small,mixup,in_b07,fixed_cal,e2r_vits_mixup_baseline_s2,border-ring,ring6_freq,0.034425,0.03235,0.036575,10000,uniform=0.052843 at this map's own mass,"image-level bootstrap, 10,000 resamples, seed 0 (D6)"
I1_spatial,val_diag_split,bcb2a4c5a8f5335a71f7abef3c3a5dc028acd4b96aa76177e66360422186f8a5,202a712d9392527cbf2fe99525a42a1d45d01aca,analysis/frozen_I1_spatial.py,ring_ordering,vit_small,mixup,in_b07,fixed_cal,e2r_vits_mixup_baseline_s2,ring0_vs_ring1,ring1_minus_ring0,0.052778,0.051442,0.054081,10000,>0 = ring 1 carries more mass per position than ring 0,"the ring CIs and this contrast come from ONE resample of images, so they are mutually consistent"
I1_spatial,val_diag_split,bcb2a4c5a8f5335a71f7abef3c3a5dc028acd4b96aa76177e66360422186f8a5,202a712d9392527cbf2fe99525a42a1d45d01aca,analysis/frozen_I1_spatial.py,concentration_excess,vit_small,mixup,in_b07,fixed_cal,e2r_vits_mixup_baseline_s2,finite-sample-null,gini_excess,0.28978,MISSING,MISSING,196,"null gini=0.023756 at mass=10.3573, 400 sims, seed 0",observed minus the finite-sample null — the only cross-member comparable form
I1_spatial,val_diag_split,bcb2a4c5a8f5335a71f7abef3c3a5dc028acd4b96aa76177e66360422186f8a5,202a712d9392527cbf2fe99525a42a1d45d01aca,analysis/frozen_I1_spatial.py,ring_profile,vit_small,mixup,in_b07,fixed_cal,legacy_e2_vit_small_mixupdir_baseline,border-ring,ring0_freq,0.047765,0.046985,0.04859,10000,uniform=0.068391 at this map's own mass,"image-level bootstrap, 10,000 resamples, seed 0 (D6)"
I1_spatial,val_diag_split,bcb2a4c5a8f5335a71f7abef3c3a5dc028acd4b96aa76177e66360422186f8a5,202a712d9392527cbf2fe99525a42a1d45d01aca,analysis/frozen_I1_spatial.py,ring_profile,vit_small,mixup,in_b07,fixed_cal,legacy_e2_vit_small_mixupdir_baseline,border-ring,ring1_freq,0.115539,0.114239,0.116807,10000,uniform=0.068391 at this map's own mass,"image-level bootstrap, 10,000 resamples, seed 0 (D6)"
I1_spatial,val_diag_split,bcb2a4c5a8f5335a71f7abef3c3a5dc028acd4b96aa76177e66360422186f8a5,202a712d9392527cbf2fe99525a42a1d45d01aca,analysis/frozen_I1_spatial.py,ring_profile,vit_small,mixup,in_b07,fixed_cal,legacy_e2_vit_small_mixupdir_baseline,border-ring,ring2_freq,0.080431,0.079342,0.081511,10000,uniform=0.068391 at this map's own mass,"image-level bootstrap, 10,000 resamples, seed 0 (D6)"
I1_spatial,val_diag_split,bcb2a4c5a8f5335a71f7abef3c3a5dc028acd4b96aa76177e66360422186f8a5,202a712d9392527cbf2fe99525a42a1d45d01aca,analysis/frozen_I1_spatial.py,ring_profile,vit_small,mixup,in_b07,fixed_cal,legacy_e2_vit_small_mixupdir_baseline,border-ring,ring3_freq,0.057861,0.056782,0.058975,10000,uniform=0.068391 at this map's own mass,"image-level bootstrap, 10,000 resamples, seed 0 (D6)"
I1_spatial,val_diag_split,bcb2a4c5a8f5335a71f7abef3c3a5dc028acd4b96aa76177e66360422186f8a5,202a712d9392527cbf2fe99525a42a1d45d01aca,analysis/frozen_I1_spatial.py,ring_profile,vit_small,mixup,in_b07,fixed_cal,legacy_e2_vit_small_mixupdir_baseline,border-ring,ring4_freq,0.03881,0.03781,0.039835,10000,uniform=0.068391 at this map's own mass,"image-level bootstrap, 10,000 resamples, seed 0 (D6)"
I1_spatial,val_diag_split,bcb2a4c5a8f5335a71f7abef3c3a5dc028acd4b96aa76177e66360422186f8a5,202a712d9392527cbf2fe99525a42a1d45d01aca,analysis/frozen_I1_spatial.py,ring_profile,vit_small,mixup,in_b07,fixed_cal,legacy_e2_vit_small_mixupdir_baseline,border-ring,ring5_freq,0.033817,0.032592,0.035075,10000,uniform=0.068391 at this map's own mass,"image-level bootstrap, 10,000 resamples, seed 0 (D6)"
I1_spatial,val_diag_split,bcb2a4c5a8f5335a71f7abef3c3a5dc028acd4b96aa76177e66360422186f8a5,202a712d9392527cbf2fe99525a42a1d45d01aca,analysis/frozen_I1_spatial.py,ring_profile,vit_small,mixup,in_b07,fixed_cal,legacy_e2_vit_small_mixupdir_baseline,border-ring,ring6_freq,0.034875,0.032825,0.036925,10000,uniform=0.068391 at this map's own mass,"image-level bootstrap, 10,000 resamples, seed 0 (D6)"
I1_spatial,val_diag_split,bcb2a4c5a8f5335a71f7abef3c3a5dc028acd4b96aa76177e66360422186f8a5,202a712d9392527cbf2fe99525a42a1d45d01aca,analysis/frozen_I1_spatial.py,ring_ordering,vit_small,mixup,in_b07,fixed_cal,legacy_e2_vit_small_mixupdir_baseline,ring0_vs_ring1,ring1_minus_ring0,0.067773,0.066223,0.069289,10000,>0 = ring 1 carries more mass per position than ring 0,"the ring CIs and this contrast come from ONE resample of images, so they are mutually consistent"
I1_spatial,val_diag_split,bcb2a4c5a8f5335a71f7abef3c3a5dc028acd4b96aa76177e66360422186f8a5,202a712d9392527cbf2fe99525a42a1d45d01aca,analysis/frozen_I1_spatial.py,concentration_excess,vit_small,mixup,in_b07,fixed_cal,legacy_e2_vit_small_mixupdir_baseline,finite-sample-null,gini_excess,0.278744,MISSING,MISSING,196,"null gini=0.020686 at mass=13.4046, 400 sims, seed 0",observed minus the finite-sample null — the only cross-member comparable form
I1_spatial,val_diag_split,bcb2a4c5a8f5335a71f7abef3c3a5dc028acd4b96aa76177e66360422186f8a5,202a712d9392527cbf2fe99525a42a1d45d01aca,analysis/frozen_I1_spatial.py,ring_profile,vit_small,mixup,in_b07,fixed_cal,legacy_e2_vit_small_nomixdir_baseline,border-ring,ring0_freq,0.036221,0.035452,0.03701,10000,uniform=0.052592 at this map's own mass,"image-level bootstrap, 10,000 resamples, seed 0 (D6)"
I1_spatial,val_diag_split,bcb2a4c5a8f5335a71f7abef3c3a5dc028acd4b96aa76177e66360422186f8a5,202a712d9392527cbf2fe99525a42a1d45d01aca,analysis/frozen_I1_spatial.py,ring_profile,vit_small,mixup,in_b07,fixed_cal,legacy_e2_vit_small_nomixdir_baseline,border-ring,ring1_freq,0.09913,0.098023,0.100218,10000,uniform=0.052592 at this map's own mass,"image-level bootstrap, 10,000 resamples, seed 0 (D6)"
I1_spatial,val_diag_split,bcb2a4c5a8f5335a71f7abef3c3a5dc028acd4b96aa76177e66360422186f8a5,202a712d9392527cbf2fe99525a42a1d45d01aca,analysis/frozen_I1_spatial.py,ring_profile,vit_small,mixup,in_b07,fixed_cal,legacy_e2_vit_small_nomixdir_baseline,border-ring,ring2_freq,0.060875,0.059994,0.061758,10000,uniform=0.052592 at this map's own mass,"image-level bootstrap, 10,000 resamples, seed 0 (D6)"
I1_spatial,val_diag_split,bcb2a4c5a8f5335a71f7abef3c3a5dc028acd4b96aa76177e66360422186f8a5,202a712d9392527cbf2fe99525a42a1d45d01aca,analysis/frozen_I1_spatial.py,ring_profile,vit_small,mixup,in_b07,fixed_cal,legacy_e2_vit_small_nomixdir_baseline,border-ring,ring3_freq,0.035896,0.035125,0.036704,10000,uniform=0.052592 at this map's own mass,"image-level bootstrap, 10,000 resamples, seed 0 (D6)"
I1_spatial,val_diag_split,bcb2a4c5a8f5335a71f7abef3c3a5dc028acd4b96aa76177e66360422186f8a5,202a712d9392527cbf2fe99525a42a1d45d01aca,analysis/frozen_I1_spatial.py,ring_profile,vit_small,mixup,in_b07,fixed_cal,legacy_e2_vit_small_nomixdir_baseline,border-ring,ring4_freq,0.023685,0.022885,0.024475,10000,uniform=0.052592 at this map's own mass,"image-level bootstrap, 10,000 resamples, seed 0 (D6)"
I1_spatial,val_diag_split,bcb2a4c5a8f5335a71f7abef3c3a5dc028acd4b96aa76177e66360422186f8a5,202a712d9392527cbf2fe99525a42a1d45d01aca,analysis/frozen_I1_spatial.py,ring_profile,vit_small,mixup,in_b07,fixed_cal,legacy_e2_vit_small_nomixdir_baseline,border-ring,ring5_freq,0.0228,0.021808,0.023792,10000,uniform=0.052592 at this map's own mass,"image-level bootstrap, 10,000 resamples, seed 0 (D6)"
I1_spatial,val_diag_split,bcb2a4c5a8f5335a71f7abef3c3a5dc028acd4b96aa76177e66360422186f8a5,202a712d9392527cbf2fe99525a42a1d45d01aca,analysis/frozen_I1_spatial.py,ring_profile,vit_small,mixup,in_b07,fixed_cal,legacy_e2_vit_small_nomixdir_baseline,border-ring,ring6_freq,0.02975,0.027824,0.0317,10000,uniform=0.052592 at this map's own mass,"image-level bootstrap, 10,000 resamples, seed 0 (D6)"
I1_spatial,val_diag_split,bcb2a4c5a8f5335a71f7abef3c3a5dc028acd4b96aa76177e66360422186f8a5,202a712d9392527cbf2fe99525a42a1d45d01aca,analysis/frozen_I1_spatial.py,ring_ordering,vit_small,mixup,in_b07,fixed_cal,legacy_e2_vit_small_nomixdir_baseline,ring0_vs_ring1,ring1_minus_ring0,0.062908,0.061491,0.064266,10000,>0 = ring 1 carries more mass per position than ring 0,"the ring CIs and this contrast come from ONE resample of images, so they are mutually consistent"
I1_spatial,val_diag_split,bcb2a4c5a8f5335a71f7abef3c3a5dc028acd4b96aa76177e66360422186f8a5,202a712d9392527cbf2fe99525a42a1d45d01aca,analysis/frozen_I1_spatial.py,concentration_excess,vit_small,mixup,in_b07,fixed_cal,legacy_e2_vit_small_nomixdir_baseline,finite-sample-null,gini_excess,0.320613,MISSING,MISSING,196,"null gini=0.023816 at mass=10.3081, 400 sims, seed 0",observed minus the finite-sample null — the only cross-member comparable form
I1_spatial,val_diag_split,bcb2a4c5a8f5335a71f7abef3c3a5dc028acd4b96aa76177e66360422186f8a5,202a712d9392527cbf2fe99525a42a1d45d01aca,analysis/frozen_I1_spatial.py,ring_profile,vit_small,nomix,in_b07,fixed_cal,e2r_vits_nomix_baseline_s1,border-ring,ring0_freq,0.02911,0.027765,0.030485,10000,uniform=0.020927 at this map's own mass,"image-level bootstrap, 10,000 resamples, seed 0 (D6)"
I1_spatial,val_diag_split,bcb2a4c5a8f5335a71f7abef3c3a5dc028acd4b96aa76177e66360422186f8a5,202a712d9392527cbf2fe99525a42a1d45d01aca,analysis/frozen_I1_spatial.py,ring_profile,vit_small,nomix,in_b07,fixed_cal,e2r_vits_nomix_baseline_s1,border-ring,ring1_freq,0.020945,0.020011,0.021911,10000,uniform=0.020927 at this map's own mass,"image-level bootstrap, 10,000 resamples, seed 0 (D6)"
I1_spatial,val_diag_split,bcb2a4c5a8f5335a71f7abef3c3a5dc028acd4b96aa76177e66360422186f8a5,202a712d9392527cbf2fe99525a42a1d45d01aca,analysis/frozen_I1_spatial.py,ring_profile,vit_small,nomix,in_b07,fixed_cal,e2r_vits_nomix_baseline_s1,border-ring,ring2_freq,0.017167,0.016394,0.017961,10000,uniform=0.020927 at this map's own mass,"image-level bootstrap, 10,000 resamples, seed 0 (D6)"
I1_spatial,val_diag_split,bcb2a4c5a8f5335a71f7abef3c3a5dc028acd4b96aa76177e66360422186f8a5,202a712d9392527cbf2fe99525a42a1d45d01aca,analysis/frozen_I1_spatial.py,ring_profile,vit_small,nomix,in_b07,fixed_cal,e2r_vits_nomix_baseline_s1,border-ring,ring3_freq,0.015775,0.015007,0.016539,10000,uniform=0.020927 at this map's own mass,"image-level bootstrap, 10,000 resamples, seed 0 (D6)"
I1_spatial,val_diag_split,bcb2a4c5a8f5335a71f7abef3c3a5dc028acd4b96aa76177e66360422186f8a5,202a712d9392527cbf2fe99525a42a1d45d01aca,analysis/frozen_I1_spatial.py,ring_profile,vit_small,nomix,in_b07,fixed_cal,e2r_vits_nomix_baseline_s1,border-ring,ring4_freq,0.01576,0.014895,0.01665,10000,uniform=0.020927 at this map's own mass,"image-level bootstrap, 10,000 resamples, seed 0 (D6)"
I1_spatial,val_diag_split,bcb2a4c5a8f5335a71f7abef3c3a5dc028acd4b96aa76177e66360422186f8a5,202a712d9392527cbf2fe99525a42a1d45d01aca,analysis/frozen_I1_spatial.py,ring_profile,vit_small,nomix,in_b07,fixed_cal,e2r_vits_nomix_baseline_s1,border-ring,ring5_freq,0.017183,0.016092,0.018283,10000,uniform=0.020927 at this map's own mass,"image-level bootstrap, 10,000 resamples, seed 0 (D6)"
I1_spatial,val_diag_split,bcb2a4c5a8f5335a71f7abef3c3a5dc028acd4b96aa76177e66360422186f8a5,202a712d9392527cbf2fe99525a42a1d45d01aca,analysis/frozen_I1_spatial.py,ring_profile,vit_small,nomix,in_b07,fixed_cal,e2r_vits_nomix_baseline_s1,border-ring,ring6_freq,0.021325,0.01945,0.02325,10000,uniform=0.020927 at this map's own mass,"image-level bootstrap, 10,000 resamples, seed 0 (D6)"
I1_spatial,val_diag_split,bcb2a4c5a8f5335a71f7abef3c3a5dc028acd4b96aa76177e66360422186f8a5,202a712d9392527cbf2fe99525a42a1d45d01aca,analysis/frozen_I1_spatial.py,ring_ordering,vit_small,nomix,in_b07,fixed_cal,e2r_vits_nomix_baseline_s1,ring0_vs_ring1,ring1_minus_ring0,-0.008164,-0.009359,-0.007003,10000,>0 = ring 1 carries more mass per position than ring 0,"the ring CIs and this contrast come from ONE resample of images, so they are mutually consistent"
I1_spatial,val_diag_split,bcb2a4c5a8f5335a71f7abef3c3a5dc028acd4b96aa76177e66360422186f8a5,202a712d9392527cbf2fe99525a42a1d45d01aca,analysis/frozen_I1_spatial.py,concentration_excess,vit_small,nomix,in_b07,fixed_cal,e2r_vits_nomix_baseline_s1,finite-sample-null,gini_excess,0.178437,MISSING,MISSING,196,"null gini=0.038382 at mass=4.1017, 400 sims, seed 0",observed minus the finite-sample null — the only cross-member comparable form
I1_spatial,val_diag_split,bcb2a4c5a8f5335a71f7abef3c3a5dc028acd4b96aa76177e66360422186f8a5,202a712d9392527cbf2fe99525a42a1d45d01aca,analysis/frozen_I1_spatial.py,ring_profile,vit_small,nomix,in_b07,fixed_cal,e2r_vits_nomix_baseline_s2,border-ring,ring0_freq,0.025787,0.024623,0.026952,10000,uniform=0.014458 at this map's own mass,"image-level bootstrap, 10,000 resamples, seed 0 (D6)"
I1_spatial,val_diag_split,bcb2a4c5a8f5335a71f7abef3c3a5dc028acd4b96aa76177e66360422186f8a5,202a712d9392527cbf2fe99525a42a1d45d01aca,analysis/frozen_I1_spatial.py,ring_profile,vit_small,nomix,in_b07,fixed_cal,e2r_vits_nomix_baseline_s2,border-ring,ring1_freq,0.010345,0.009652,0.011052,10000,uniform=0.014458 at this map's own mass,"image-level bootstrap, 10,000 resamples, seed 0 (D6)"
I1_spatial,val_diag_split,bcb2a4c5a8f5335a71f7abef3c3a5dc028acd4b96aa76177e66360422186f8a5,202a712d9392527cbf2fe99525a42a1d45d01aca,analysis/frozen_I1_spatial.py,ring_profile,vit_small,nomix,in_b07,fixed_cal,e2r_vits_nomix_baseline_s2,border-ring,ring2_freq,0.009503,0.008947,0.010086,10000,uniform=0.014458 at this map's own mass,"image-level bootstrap, 10,000 resamples, seed 0 (D6)"
I1_spatial,val_diag_split,bcb2a4c5a8f5335a71f7abef3c3a5dc028acd4b96aa76177e66360422186f8a5,202a712d9392527cbf2fe99525a42a1d45d01aca,analysis/frozen_I1_spatial.py,ring_profile,vit_small,nomix,in_b07,fixed_cal,e2r_vits_nomix_baseline_s2,border-ring,ring3_freq,0.009414,0.008814,0.010032,10000,uniform=0.014458 at this map's own mass,"image-level bootstrap, 10,000 resamples, seed 0 (D6)"
I1_spatial,val_diag_split,bcb2a4c5a8f5335a71f7abef3c3a5dc028acd4b96aa76177e66360422186f8a5,202a712d9392527cbf2fe99525a42a1d45d01aca,analysis/frozen_I1_spatial.py,ring_profile,vit_small,nomix,in_b07,fixed_cal,e2r_vits_nomix_baseline_s2,border-ring,ring4_freq,0.010895,0.010185,0.01161,10000,uniform=0.014458 at this map's own mass,"image-level bootstrap, 10,000 resamples, seed 0 (D6)"
I1_spatial,val_diag_split,bcb2a4c5a8f5335a71f7abef3c3a5dc028acd4b96aa76177e66360422186f8a5,202a712d9392527cbf2fe99525a42a1d45d01aca,analysis/frozen_I1_spatial.py,ring_profile,vit_small,nomix,in_b07,fixed_cal,e2r_vits_nomix_baseline_s2,border-ring,ring5_freq,0.0124,0.011517,0.013308,10000,uniform=0.014458 at this map's own mass,"image-level bootstrap, 10,000 resamples, seed 0 (D6)"
I1_spatial,val_diag_split,bcb2a4c5a8f5335a71f7abef3c3a5dc028acd4b96aa76177e66360422186f8a5,202a712d9392527cbf2fe99525a42a1d45d01aca,analysis/frozen_I1_spatial.py,ring_profile,vit_small,nomix,in_b07,fixed_cal,e2r_vits_nomix_baseline_s2,border-ring,ring6_freq,0.0163,0.01465,0.018025,10000,uniform=0.014458 at this map's own mass,"image-level bootstrap, 10,000 resamples, seed 0 (D6)"
I1_spatial,val_diag_split,bcb2a4c5a8f5335a71f7abef3c3a5dc028acd4b96aa76177e66360422186f8a5,202a712d9392527cbf2fe99525a42a1d45d01aca,analysis/frozen_I1_spatial.py,ring_ordering,vit_small,nomix,in_b07,fixed_cal,e2r_vits_nomix_baseline_s2,ring0_vs_ring1,ring1_minus_ring0,-0.015441,-0.016468,-0.014446,10000,>0 = ring 1 carries more mass per position than ring 0,"the ring CIs and this contrast come from ONE resample of images, so they are mutually consistent"
I1_spatial,val_diag_split,bcb2a4c5a8f5335a71f7abef3c3a5dc028acd4b96aa76177e66360422186f8a5,202a712d9392527cbf2fe99525a42a1d45d01aca,analysis/frozen_I1_spatial.py,concentration_excess,vit_small,nomix,in_b07,fixed_cal,e2r_vits_nomix_baseline_s2,finite-sample-null,gini_excess,0.285067,MISSING,MISSING,196,"null gini=0.046395 at mass=2.8337, 400 sims, seed 0",observed minus the finite-sample null — the only cross-member comparable form
I1_spatial,val_diag_split,bcb2a4c5a8f5335a71f7abef3c3a5dc028acd4b96aa76177e66360422186f8a5,202a712d9392527cbf2fe99525a42a1d45d01aca,analysis/frozen_I1_spatial.py,cross_recipe_map_correlation,vit_small,mixup|nomix,in_b07,mad,e2r_vits_mixup_baseline_s1,e2r_vits_nomix_baseline_s1,rho,-0.017832,MISSING,MISSING,1568,within-recipe mean rho=0.9048,"residual map correlation; exact permutation p=0.9133, null sd=0.1621"
I1_spatial,val_diag_split,bcb2a4c5a8f5335a71f7abef3c3a5dc028acd4b96aa76177e66360422186f8a5,202a712d9392527cbf2fe99525a42a1d45d01aca,analysis/frozen_I1_spatial.py,cross_recipe_map_correlation,vit_small,mixup|nomix,in_b07,mad,e2r_vits_mixup_baseline_s1,e2r_vits_nomix_baseline_s2,rho,-0.314145,MISSING,MISSING,1568,within-recipe mean rho=0.9048,"residual map correlation; exact permutation p=0.0230, null sd=0.1419"
I1_spatial,val_diag_split,bcb2a4c5a8f5335a71f7abef3c3a5dc028acd4b96aa76177e66360422186f8a5,202a712d9392527cbf2fe99525a42a1d45d01aca,analysis/frozen_I1_spatial.py,cross_recipe_map_correlation,vit_small,mixup|nomix,in_b07,mad,e2r_vits_mixup_baseline_s2,e2r_vits_nomix_baseline_s1,rho,0.06548,MISSING,MISSING,1568,within-recipe mean rho=0.9048,"residual map correlation; exact permutation p=0.7564, null sd=0.1728"
I1_spatial,val_diag_split,bcb2a4c5a8f5335a71f7abef3c3a5dc028acd4b96aa76177e66360422186f8a5,202a712d9392527cbf2fe99525a42a1d45d01aca,analysis/frozen_I1_spatial.py,cross_recipe_map_correlation,vit_small,mixup|nomix,in_b07,mad,e2r_vits_mixup_baseline_s2,e2r_vits_nomix_baseline_s2,rho,-0.28487,MISSING,MISSING,1568,within-recipe mean rho=0.9048,"residual map correlation; exact permutation p=0.0453, null sd=0.1462"
I1_spatial,val_diag_split,bcb2a4c5a8f5335a71f7abef3c3a5dc028acd4b96aa76177e66360422186f8a5,202a712d9392527cbf2fe99525a42a1d45d01aca,analysis/frozen_I1_spatial.py,cross_recipe_map_correlation,vit_small,mixup|nomix,in_b07,mad,legacy_e2_vit_small_mixupdir_baseline,e2r_vits_nomix_baseline_s1,rho,-0.110612,MISSING,MISSING,1568,within-recipe mean rho=0.9048,"residual map correlation; exact permutation p=0.6307, null sd=0.2122"
I1_spatial,val_diag_split,bcb2a4c5a8f5335a71f7abef3c3a5dc028acd4b96aa76177e66360422186f8a5,202a712d9392527cbf2fe99525a42a1d45d01aca,analysis/frozen_I1_spatial.py,cross_recipe_map_correlation,vit_small,mixup|nomix,in_b07,mad,legacy_e2_vit_small_mixupdir_baseline,e2r_vits_nomix_baseline_s2,rho,-0.404529,MISSING,MISSING,1568,within-recipe mean rho=0.9048,"residual map correlation; exact permutation p=0.0268, null sd=0.1869"
I1_spatial,val_diag_split,bcb2a4c5a8f5335a71f7abef3c3a5dc028acd4b96aa76177e66360422186f8a5,202a712d9392527cbf2fe99525a42a1d45d01aca,analysis/frozen_I1_spatial.py,cross_recipe_map_correlation,vit_small,mixup|nomix,in_b07,mad,legacy_e2_vit_small_nomixdir_baseline,e2r_vits_nomix_baseline_s1,rho,-0.041886,MISSING,MISSING,1568,within-recipe mean rho=0.9048,"residual map correlation; exact permutation p=0.8233, null sd=0.1602"
I1_spatial,val_diag_split,bcb2a4c5a8f5335a71f7abef3c3a5dc028acd4b96aa76177e66360422186f8a5,202a712d9392527cbf2fe99525a42a1d45d01aca,analysis/frozen_I1_spatial.py,cross_recipe_map_correlation,vit_small,mixup|nomix,in_b07,mad,legacy_e2_vit_small_nomixdir_baseline,e2r_vits_nomix_baseline_s2,rho,-0.343814,MISSING,MISSING,1568,within-recipe mean rho=0.9048,"residual map correlation; exact permutation p=0.0166, null sd=0.1372"
I1_spatial,val_diag_split,bcb2a4c5a8f5335a71f7abef3c3a5dc028acd4b96aa76177e66360422186f8a5,202a712d9392527cbf2fe99525a42a1d45d01aca,analysis/frozen_I1_spatial.py,cross_recipe_map_correlation,vit_small,mixup|nomix,in_b07,mad,MEAN,all-cross-pairs,rho_mean,-0.181526,MISSING,MISSING,8,within-recipe mean is the comparator,mean over all cross-recipe baseline pairs
I1_spatial,val_diag_split,bcb2a4c5a8f5335a71f7abef3c3a5dc028acd4b96aa76177e66360422186f8a5,202a712d9392527cbf2fe99525a42a1d45d01aca,analysis/frozen_I1_spatial.py,within_recipe_map_correlation,vit_small,mixup,in_b07,mad,MEAN,all-within-pairs,rho_mean,0.904834,MISSING,MISSING,6,zero = no shared spatial structure,mean over all within-recipe mixup baseline pairs
I1_spatial,val_diag_split,bcb2a4c5a8f5335a71f7abef3c3a5dc028acd4b96aa76177e66360422186f8a5,202a712d9392527cbf2fe99525a42a1d45d01aca,analysis/frozen_I1_spatial.py,ring_profile,vit_small,mixup,in_b07,mad,e2r_vits_mixup_baseline_s1,border-ring,ring0_freq,0.038338,0.037637,0.03906,10000,uniform=0.056190 at this map's own mass,"image-level bootstrap, 10,000 resamples, seed 0 (D6)"
I1_spatial,val_diag_split,bcb2a4c5a8f5335a71f7abef3c3a5dc028acd4b96aa76177e66360422186f8a5,202a712d9392527cbf2fe99525a42a1d45d01aca,analysis/frozen_I1_spatial.py,ring_profile,vit_small,mixup,in_b07,mad,e2r_vits_mixup_baseline_s1,border-ring,ring1_freq,0.106645,0.105493,0.107782,10000,uniform=0.056190 at this map's own mass,"image-level bootstrap, 10,000 resamples, seed 0 (D6)"
I1_spatial,val_diag_split,bcb2a4c5a8f5335a71f7abef3c3a5dc028acd4b96aa76177e66360422186f8a5,202a712d9392527cbf2fe99525a42a1d45d01aca,analysis/frozen_I1_spatial.py,ring_profile,vit_small,mixup,in_b07,mad,e2r_vits_mixup_baseline_s1,border-ring,ring2_freq,0.058267,0.057433,0.05915,10000,uniform=0.056190 at this map's own mass,"image-level bootstrap, 10,000 resamples, seed 0 (D6)"
I1_spatial,val_diag_split,bcb2a4c5a8f5335a71f7abef3c3a5dc028acd4b96aa76177e66360422186f8a5,202a712d9392527cbf2fe99525a42a1d45d01aca,analysis/frozen_I1_spatial.py,ring_profile,vit_small,mixup,in_b07,mad,e2r_vits_mixup_baseline_s1,border-ring,ring3_freq,0.040346,0.039496,0.041207,10000,uniform=0.056190 at this map's own mass,"image-level bootstrap, 10,000 resamples, seed 0 (D6)"
I1_spatial,val_diag_split,bcb2a4c5a8f5335a71f7abef3c3a5dc028acd4b96aa76177e66360422186f8a5,202a712d9392527cbf2fe99525a42a1d45d01aca,analysis/frozen_I1_spatial.py,ring_profile,vit_small,mixup,in_b07,mad,e2r_vits_mixup_baseline_s1,border-ring,ring4_freq,0.03,0.029075,0.03091,10000,uniform=0.056190 at this map's own mass,"image-level bootstrap, 10,000 resamples, seed 0 (D6)"
I1_spatial,val_diag_split,bcb2a4c5a8f5335a71f7abef3c3a5dc028acd4b96aa76177e66360422186f8a5,202a712d9392527cbf2fe99525a42a1d45d01aca,analysis/frozen_I1_spatial.py,ring_profile,vit_small,mixup,in_b07,mad,e2r_vits_mixup_baseline_s1,border-ring,ring5_freq,0.029867,0.0287,0.031042,10000,uniform=0.056190 at this map's own mass,"image-level bootstrap, 10,000 resamples, seed 0 (D6)"
I1_spatial,val_diag_split,bcb2a4c5a8f5335a71f7abef3c3a5dc028acd4b96aa76177e66360422186f8a5,202a712d9392527cbf2fe99525a42a1d45d01aca,analysis/frozen_I1_spatial.py,ring_profile,vit_small,mixup,in_b07,mad,e2r_vits_mixup_baseline_s1,border-ring,ring6_freq,0.035375,0.03325,0.0376,10000,uniform=0.056190 at this map's own mass,"image-level bootstrap, 10,000 resamples, seed 0 (D6)"
I1_spatial,val_diag_split,bcb2a4c5a8f5335a71f7abef3c3a5dc028acd4b96aa76177e66360422186f8a5,202a712d9392527cbf2fe99525a42a1d45d01aca,analysis/frozen_I1_spatial.py,ring_ordering,vit_small,mixup,in_b07,mad,e2r_vits_mixup_baseline_s1,ring0_vs_ring1,ring1_minus_ring0,0.068307,0.066864,0.069726,10000,>0 = ring 1 carries more mass per position than ring 0,"the ring CIs and this contrast come from ONE resample of images, so they are mutually consistent"
I1_spatial,val_diag_split,bcb2a4c5a8f5335a71f7abef3c3a5dc028acd4b96aa76177e66360422186f8a5,202a712d9392527cbf2fe99525a42a1d45d01aca,analysis/frozen_I1_spatial.py,concentration_excess,vit_small,mixup,in_b07,mad,e2r_vits_mixup_baseline_s1,finite-sample-null,gini_excess,0.316589,MISSING,MISSING,196,"null gini=0.022974 at mass=11.0132, 400 sims, seed 0",observed minus the finite-sample null — the only cross-member comparable form
I1_spatial,val_diag_split,bcb2a4c5a8f5335a71f7abef3c3a5dc028acd4b96aa76177e66360422186f8a5,202a712d9392527cbf2fe99525a42a1d45d01aca,analysis/frozen_I1_spatial.py,ring_profile,vit_small,mixup,in_b07,mad,e2r_vits_mixup_baseline_s2,border-ring,ring0_freq,0.040898,0.04016,0.041669,10000,uniform=0.054746 at this map's own mass,"image-level bootstrap, 10,000 resamples, seed 0 (D6)"
I1_spatial,val_diag_split,bcb2a4c5a8f5335a71f7abef3c3a5dc028acd4b96aa76177e66360422186f8a5,202a712d9392527cbf2fe99525a42a1d45d01aca,analysis/frozen_I1_spatial.py,ring_profile,vit_small,mixup,in_b07,mad,e2r_vits_mixup_baseline_s2,border-ring,ring1_freq,0.094341,0.09332,0.095332,10000,uniform=0.054746 at this map's own mass,"image-level bootstrap, 10,000 resamples, seed 0 (D6)"
I1_spatial,val_diag_split,bcb2a4c5a8f5335a71f7abef3c3a5dc028acd4b96aa76177e66360422186f8a5,202a712d9392527cbf2fe99525a42a1d45d01aca,analysis/frozen_I1_spatial.py,ring_profile,vit_small,mixup,in_b07,mad,e2r_vits_mixup_baseline_s2,border-ring,ring2_freq,0.061986,0.061056,0.062903,10000,uniform=0.054746 at this map's own mass,"image-level bootstrap, 10,000 resamples, seed 0 (D6)"
I1_spatial,val_diag_split,bcb2a4c5a8f5335a71f7abef3c3a5dc028acd4b96aa76177e66360422186f8a5,202a712d9392527cbf2fe99525a42a1d45d01aca,analysis/frozen_I1_spatial.py,ring_profile,vit_small,mixup,in_b07,mad,e2r_vits_mixup_baseline_s2,border-ring,ring3_freq,0.039875,0.039018,0.040743,10000,uniform=0.054746 at this map's own mass,"image-level bootstrap, 10,000 resamples, seed 0 (D6)"
I1_spatial,val_diag_split,bcb2a4c5a8f5335a71f7abef3c3a5dc028acd4b96aa76177e66360422186f8a5,202a712d9392527cbf2fe99525a42a1d45d01aca,analysis/frozen_I1_spatial.py,ring_profile,vit_small,mixup,in_b07,mad,e2r_vits_mixup_baseline_s2,border-ring,ring4_freq,0.030305,0.02938,0.031215,10000,uniform=0.054746 at this map's own mass,"image-level bootstrap, 10,000 resamples, seed 0 (D6)"
I1_spatial,val_diag_split,bcb2a4c5a8f5335a71f7abef3c3a5dc028acd4b96aa76177e66360422186f8a5,202a712d9392527cbf2fe99525a42a1d45d01aca,analysis/frozen_I1_spatial.py,ring_profile,vit_small,mixup,in_b07,mad,e2r_vits_mixup_baseline_s2,border-ring,ring5_freq,0.02905,0.027925,0.030192,10000,uniform=0.054746 at this map's own mass,"image-level bootstrap, 10,000 resamples, seed 0 (D6)"
I1_spatial,val_diag_split,bcb2a4c5a8f5335a71f7abef3c3a5dc028acd4b96aa76177e66360422186f8a5,202a712d9392527cbf2fe99525a42a1d45d01aca,analysis/frozen_I1_spatial.py,ring_profile,vit_small,mixup,in_b07,mad,e2r_vits_mixup_baseline_s2,border-ring,ring6_freq,0.037475,0.035325,0.039626,10000,uniform=0.054746 at this map's own mass,"image-level bootstrap, 10,000 resamples, seed 0 (D6)"
I1_spatial,val_diag_split,bcb2a4c5a8f5335a71f7abef3c3a5dc028acd4b96aa76177e66360422186f8a5,202a712d9392527cbf2fe99525a42a1d45d01aca,analysis/frozen_I1_spatial.py,ring_ordering,vit_small,mixup,in_b07,mad,e2r_vits_mixup_baseline_s2,ring0_vs_ring1,ring1_minus_ring0,0.053443,0.052092,0.054769,10000,>0 = ring 1 carries more mass per position than ring 0,"the ring CIs and this contrast come from ONE resample of images, so they are mutually consistent"
I1_spatial,val_diag_split,bcb2a4c5a8f5335a71f7abef3c3a5dc028acd4b96aa76177e66360422186f8a5,202a712d9392527cbf2fe99525a42a1d45d01aca,analysis/frozen_I1_spatial.py,concentration_excess,vit_small,mixup,in_b07,mad,e2r_vits_mixup_baseline_s2,finite-sample-null,gini_excess,0.281665,MISSING,MISSING,196,"null gini=0.023281 at mass=10.7303, 400 sims, seed 0",observed minus the finite-sample null — the only cross-member comparable form
I1_spatial,val_diag_split,bcb2a4c5a8f5335a71f7abef3c3a5dc028acd4b96aa76177e66360422186f8a5,202a712d9392527cbf2fe99525a42a1d45d01aca,analysis/frozen_I1_spatial.py,ring_profile,vit_small,mixup,in_b07,mad,legacy_e2_vit_small_mixupdir_baseline,border-ring,ring0_freq,0.048917,0.048181,0.0497,10000,uniform=0.068797 at this map's own mass,"image-level bootstrap, 10,000 resamples, seed 0 (D6)"
I1_spatial,val_diag_split,bcb2a4c5a8f5335a71f7abef3c3a5dc028acd4b96aa76177e66360422186f8a5,202a712d9392527cbf2fe99525a42a1d45d01aca,analysis/frozen_I1_spatial.py,ring_profile,vit_small,mixup,in_b07,mad,legacy_e2_vit_small_mixupdir_baseline,border-ring,ring1_freq,0.115461,0.11422,0.116707,10000,uniform=0.068797 at this map's own mass,"image-level bootstrap, 10,000 resamples, seed 0 (D6)"
I1_spatial,val_diag_split,bcb2a4c5a8f5335a71f7abef3c3a5dc028acd4b96aa76177e66360422186f8a5,202a712d9392527cbf2fe99525a42a1d45d01aca,analysis/frozen_I1_spatial.py,ring_profile,vit_small,mixup,in_b07,mad,legacy_e2_vit_small_mixupdir_baseline,border-ring,ring2_freq,0.080403,0.079336,0.081456,10000,uniform=0.068797 at this map's own mass,"image-level bootstrap, 10,000 resamples, seed 0 (D6)"
I1_spatial,val_diag_split,bcb2a4c5a8f5335a71f7abef3c3a5dc028acd4b96aa76177e66360422186f8a5,202a712d9392527cbf2fe99525a42a1d45d01aca,analysis/frozen_I1_spatial.py,ring_profile,vit_small,mixup,in_b07,mad,legacy_e2_vit_small_mixupdir_baseline,border-ring,ring3_freq,0.058293,0.057207,0.059429,10000,uniform=0.068797 at this map's own mass,"image-level bootstrap, 10,000 resamples, seed 0 (D6)"
I1_spatial,val_diag_split,bcb2a4c5a8f5335a71f7abef3c3a5dc028acd4b96aa76177e66360422186f8a5,202a712d9392527cbf2fe99525a42a1d45d01aca,analysis/frozen_I1_spatial.py,ring_profile,vit_small,mixup,in_b07,mad,legacy_e2_vit_small_mixupdir_baseline,border-ring,ring4_freq,0.038945,0.03796,0.03994,10000,uniform=0.068797 at this map's own mass,"image-level bootstrap, 10,000 resamples, seed 0 (D6)"
I1_spatial,val_diag_split,bcb2a4c5a8f5335a71f7abef3c3a5dc028acd4b96aa76177e66360422186f8a5,202a712d9392527cbf2fe99525a42a1d45d01aca,analysis/frozen_I1_spatial.py,ring_profile,vit_small,mixup,in_b07,mad,legacy_e2_vit_small_mixupdir_baseline,border-ring,ring5_freq,0.034325,0.033092,0.035558,10000,uniform=0.068797 at this map's own mass,"image-level bootstrap, 10,000 resamples, seed 0 (D6)"
I1_spatial,val_diag_split,bcb2a4c5a8f5335a71f7abef3c3a5dc028acd4b96aa76177e66360422186f8a5,202a712d9392527cbf2fe99525a42a1d45d01aca,analysis/frozen_I1_spatial.py,ring_profile,vit_small,mixup,in_b07,mad,legacy_e2_vit_small_mixupdir_baseline,border-ring,ring6_freq,0.0357,0.033624,0.037825,10000,uniform=0.068797 at this map's own mass,"image-level bootstrap, 10,000 resamples, seed 0 (D6)"
I1_spatial,val_diag_split,bcb2a4c5a8f5335a71f7abef3c3a5dc028acd4b96aa76177e66360422186f8a5,202a712d9392527cbf2fe99525a42a1d45d01aca,analysis/frozen_I1_spatial.py,ring_ordering,vit_small,mixup,in_b07,mad,legacy_e2_vit_small_mixupdir_baseline,ring0_vs_ring1,ring1_minus_ring0,0.066544,0.064995,0.06805,10000,>0 = ring 1 carries more mass per position than ring 0,"the ring CIs and this contrast come from ONE resample of images, so they are mutually consistent"
I1_spatial,val_diag_split,bcb2a4c5a8f5335a71f7abef3c3a5dc028acd4b96aa76177e66360422186f8a5,202a712d9392527cbf2fe99525a42a1d45d01aca,analysis/frozen_I1_spatial.py,concentration_excess,vit_small,mixup,in_b07,mad,legacy_e2_vit_small_mixupdir_baseline,finite-sample-null,gini_excess,0.273977,MISSING,MISSING,196,"null gini=0.020631 at mass=13.4843, 400 sims, seed 0",observed minus the finite-sample null — the only cross-member comparable form
I1_spatial,val_diag_split,bcb2a4c5a8f5335a71f7abef3c3a5dc028acd4b96aa76177e66360422186f8a5,202a712d9392527cbf2fe99525a42a1d45d01aca,analysis/frozen_I1_spatial.py,ring_profile,vit_small,mixup,in_b07,mad,legacy_e2_vit_small_nomixdir_baseline,border-ring,ring0_freq,0.04139,0.04059,0.042235,10000,uniform=0.058377 at this map's own mass,"image-level bootstrap, 10,000 resamples, seed 0 (D6)"
I1_spatial,val_diag_split,bcb2a4c5a8f5335a71f7abef3c3a5dc028acd4b96aa76177e66360422186f8a5,202a712d9392527cbf2fe99525a42a1d45d01aca,analysis/frozen_I1_spatial.py,ring_profile,vit_small,mixup,in_b07,mad,legacy_e2_vit_small_nomixdir_baseline,border-ring,ring1_freq,0.105198,0.104093,0.106305,10000,uniform=0.058377 at this map's own mass,"image-level bootstrap, 10,000 resamples, seed 0 (D6)"
I1_spatial,val_diag_split,bcb2a4c5a8f5335a71f7abef3c3a5dc028acd4b96aa76177e66360422186f8a5,202a712d9392527cbf2fe99525a42a1d45d01aca,analysis/frozen_I1_spatial.py,ring_profile,vit_small,mixup,in_b07,mad,legacy_e2_vit_small_nomixdir_baseline,border-ring,ring2_freq,0.066947,0.066022,0.067864,10000,uniform=0.058377 at this map's own mass,"image-level bootstrap, 10,000 resamples, seed 0 (D6)"
I1_spatial,val_diag_split,bcb2a4c5a8f5335a71f7abef3c3a5dc028acd4b96aa76177e66360422186f8a5,202a712d9392527cbf2fe99525a42a1d45d01aca,analysis/frozen_I1_spatial.py,ring_profile,vit_small,mixup,in_b07,mad,legacy_e2_vit_small_nomixdir_baseline,border-ring,ring3_freq,0.041343,0.040521,0.042182,10000,uniform=0.058377 at this map's own mass,"image-level bootstrap, 10,000 resamples, seed 0 (D6)"
I1_spatial,val_diag_split,bcb2a4c5a8f5335a71f7abef3c3a5dc028acd4b96aa76177e66360422186f8a5,202a712d9392527cbf2fe99525a42a1d45d01aca,analysis/frozen_I1_spatial.py,ring_profile,vit_small,mixup,in_b07,mad,legacy_e2_vit_small_nomixdir_baseline,border-ring,ring4_freq,0.02947,0.028565,0.03038,10000,uniform=0.058377 at this map's own mass,"image-level bootstrap, 10,000 resamples, seed 0 (D6)"
I1_spatial,val_diag_split,bcb2a4c5a8f5335a71f7abef3c3a5dc028acd4b96aa76177e66360422186f8a5,202a712d9392527cbf2fe99525a42a1d45d01aca,analysis/frozen_I1_spatial.py,ring_profile,vit_small,mixup,in_b07,mad,legacy_e2_vit_small_nomixdir_baseline,border-ring,ring5_freq,0.029475,0.028333,0.030617,10000,uniform=0.058377 at this map's own mass,"image-level bootstrap, 10,000 resamples, seed 0 (D6)"
I1_spatial,val_diag_split,bcb2a4c5a8f5335a71f7abef3c3a5dc028acd4b96aa76177e66360422186f8a5,202a712d9392527cbf2fe99525a42a1d45d01aca,analysis/frozen_I1_spatial.py,ring_profile,vit_small,mixup,in_b07,mad,legacy_e2_vit_small_nomixdir_baseline,border-ring,ring6_freq,0.0375,0.035375,0.039725,10000,uniform=0.058377 at this map's own mass,"image-level bootstrap, 10,000 resamples, seed 0 (D6)"
I1_spatial,val_diag_split,bcb2a4c5a8f5335a71f7abef3c3a5dc028acd4b96aa76177e66360422186f8a5,202a712d9392527cbf2fe99525a42a1d45d01aca,analysis/frozen_I1_spatial.py,ring_ordering,vit_small,mixup,in_b07,mad,legacy_e2_vit_small_nomixdir_baseline,ring0_vs_ring1,ring1_minus_ring0,0.063807,0.062322,0.065239,10000,>0 = ring 1 carries more mass per position than ring 0,"the ring CIs and this contrast come from ONE resample of images, so they are mutually consistent"
I1_spatial,val_diag_split,bcb2a4c5a8f5335a71f7abef3c3a5dc028acd4b96aa76177e66360422186f8a5,202a712d9392527cbf2fe99525a42a1d45d01aca,analysis/frozen_I1_spatial.py,concentration_excess,vit_small,mixup,in_b07,mad,legacy_e2_vit_small_nomixdir_baseline,finite-sample-null,gini_excess,0.291586,MISSING,MISSING,196,"null gini=0.022517 at mass=11.4418, 400 sims, seed 0",observed minus the finite-sample null — the only cross-member comparable form
I1_spatial,val_diag_split,bcb2a4c5a8f5335a71f7abef3c3a5dc028acd4b96aa76177e66360422186f8a5,202a712d9392527cbf2fe99525a42a1d45d01aca,analysis/frozen_I1_spatial.py,ring_profile,vit_small,nomix,in_b07,mad,e2r_vits_nomix_baseline_s1,border-ring,ring0_freq,0.022373,0.021323,0.023423,10000,uniform=0.015038 at this map's own mass,"image-level bootstrap, 10,000 resamples, seed 0 (D6)"
I1_spatial,val_diag_split,bcb2a4c5a8f5335a71f7abef3c3a5dc028acd4b96aa76177e66360422186f8a5,202a712d9392527cbf2fe99525a42a1d45d01aca,analysis/frozen_I1_spatial.py,ring_profile,vit_small,nomix,in_b07,mad,e2r_vits_nomix_baseline_s1,border-ring,ring1_freq,0.012639,0.012077,0.013216,10000,uniform=0.015038 at this map's own mass,"image-level bootstrap, 10,000 resamples, seed 0 (D6)"
I1_spatial,val_diag_split,bcb2a4c5a8f5335a71f7abef3c3a5dc028acd4b96aa76177e66360422186f8a5,202a712d9392527cbf2fe99525a42a1d45d01aca,analysis/frozen_I1_spatial.py,ring_profile,vit_small,nomix,in_b07,mad,e2r_vits_nomix_baseline_s1,border-ring,ring2_freq,0.011028,0.010533,0.011522,10000,uniform=0.015038 at this map's own mass,"image-level bootstrap, 10,000 resamples, seed 0 (D6)"
I1_spatial,val_diag_split,bcb2a4c5a8f5335a71f7abef3c3a5dc028acd4b96aa76177e66360422186f8a5,202a712d9392527cbf2fe99525a42a1d45d01aca,analysis/frozen_I1_spatial.py,ring_profile,vit_small,nomix,in_b07,mad,e2r_vits_nomix_baseline_s1,border-ring,ring3_freq,0.011039,0.010503,0.011586,10000,uniform=0.015038 at this map's own mass,"image-level bootstrap, 10,000 resamples, seed 0 (D6)"
I1_spatial,val_diag_split,bcb2a4c5a8f5335a71f7abef3c3a5dc028acd4b96aa76177e66360422186f8a5,202a712d9392527cbf2fe99525a42a1d45d01aca,analysis/frozen_I1_spatial.py,ring_profile,vit_small,nomix,in_b07,mad,e2r_vits_nomix_baseline_s1,border-ring,ring4_freq,0.01274,0.012025,0.013455,10000,uniform=0.015038 at this map's own mass,"image-level bootstrap, 10,000 resamples, seed 0 (D6)"
I1_spatial,val_diag_split,bcb2a4c5a8f5335a71f7abef3c3a5dc028acd4b96aa76177e66360422186f8a5,202a712d9392527cbf2fe99525a42a1d45d01aca,analysis/frozen_I1_spatial.py,ring_profile,vit_small,nomix,in_b07,mad,e2r_vits_nomix_baseline_s1,border-ring,ring5_freq,0.015333,0.014367,0.016325,10000,uniform=0.015038 at this map's own mass,"image-level bootstrap, 10,000 resamples, seed 0 (D6)"
I1_spatial,val_diag_split,bcb2a4c5a8f5335a71f7abef3c3a5dc028acd4b96aa76177e66360422186f8a5,202a712d9392527cbf2fe99525a42a1d45d01aca,analysis/frozen_I1_spatial.py,ring_profile,vit_small,nomix,in_b07,mad,e2r_vits_nomix_baseline_s1,border-ring,ring6_freq,0.02075,0.018925,0.022575,10000,uniform=0.015038 at this map's own mass,"image-level bootstrap, 10,000 resamples, seed 0 (D6)"
I1_spatial,val_diag_split,bcb2a4c5a8f5335a71f7abef3c3a5dc028acd4b96aa76177e66360422186f8a5,202a712d9392527cbf2fe99525a42a1d45d01aca,analysis/frozen_I1_spatial.py,ring_ordering,vit_small,nomix,in_b07,mad,e2r_vits_nomix_baseline_s1,ring0_vs_ring1,ring1_minus_ring0,-0.009734,-0.010761,-0.008729,10000,>0 = ring 1 carries more mass per position than ring 0,"the ring CIs and this contrast come from ONE resample of images, so they are mutually consistent"
I1_spatial,val_diag_split,bcb2a4c5a8f5335a71f7abef3c3a5dc028acd4b96aa76177e66360422186f8a5,202a712d9392527cbf2fe99525a42a1d45d01aca,analysis/frozen_I1_spatial.py,concentration_excess,vit_small,nomix,in_b07,mad,e2r_vits_nomix_baseline_s1,finite-sample-null,gini_excess,0.204392,MISSING,MISSING,196,"null gini=0.045476 at mass=2.9474, 400 sims, seed 0",observed minus the finite-sample null — the only cross-member comparable form
I1_spatial,val_diag_split,bcb2a4c5a8f5335a71f7abef3c3a5dc028acd4b96aa76177e66360422186f8a5,202a712d9392527cbf2fe99525a42a1d45d01aca,analysis/frozen_I1_spatial.py,ring_profile,vit_small,nomix,in_b07,mad,e2r_vits_nomix_baseline_s2,border-ring,ring0_freq,0.030312,0.029263,0.031344,10000,uniform=0.017641 at this map's own mass,"image-level bootstrap, 10,000 resamples, seed 0 (D6)"
I1_spatial,val_diag_split,bcb2a4c5a8f5335a71f7abef3c3a5dc028acd4b96aa76177e66360422186f8a5,202a712d9392527cbf2fe99525a42a1d45d01aca,analysis/frozen_I1_spatial.py,ring_profile,vit_small,nomix,in_b07,mad,e2r_vits_nomix_baseline_s2,border-ring,ring1_freq,0.011648,0.011107,0.012198,10000,uniform=0.017641 at this map's own mass,"image-level bootstrap, 10,000 resamples, seed 0 (D6)"
I1_spatial,val_diag_split,bcb2a4c5a8f5335a71f7abef3c3a5dc028acd4b96aa76177e66360422186f8a5,202a712d9392527cbf2fe99525a42a1d45d01aca,analysis/frozen_I1_spatial.py,ring_profile,vit_small,nomix,in_b07,mad,e2r_vits_nomix_baseline_s2,border-ring,ring2_freq,0.011403,0.010925,0.011878,10000,uniform=0.017641 at this map's own mass,"image-level bootstrap, 10,000 resamples, seed 0 (D6)"
I1_spatial,val_diag_split,bcb2a4c5a8f5335a71f7abef3c3a5dc028acd4b96aa76177e66360422186f8a5,202a712d9392527cbf2fe99525a42a1d45d01aca,analysis/frozen_I1_spatial.py,ring_profile,vit_small,nomix,in_b07,mad,e2r_vits_nomix_baseline_s2,border-ring,ring3_freq,0.012564,0.011989,0.013143,10000,uniform=0.017641 at this map's own mass,"image-level bootstrap, 10,000 resamples, seed 0 (D6)"
I1_spatial,val_diag_split,bcb2a4c5a8f5335a71f7abef3c3a5dc028acd4b96aa76177e66360422186f8a5,202a712d9392527cbf2fe99525a42a1d45d01aca,analysis/frozen_I1_spatial.py,ring_profile,vit_small,nomix,in_b07,mad,e2r_vits_nomix_baseline_s2,border-ring,ring4_freq,0.014835,0.014085,0.015575,10000,uniform=0.017641 at this map's own mass,"image-level bootstrap, 10,000 resamples, seed 0 (D6)"
I1_spatial,val_diag_split,bcb2a4c5a8f5335a71f7abef3c3a5dc028acd4b96aa76177e66360422186f8a5,202a712d9392527cbf2fe99525a42a1d45d01aca,analysis/frozen_I1_spatial.py,ring_profile,vit_small,nomix,in_b07,mad,e2r_vits_nomix_baseline_s2,border-ring,ring5_freq,0.018167,0.017142,0.019233,10000,uniform=0.017641 at this map's own mass,"image-level bootstrap, 10,000 resamples, seed 0 (D6)"
I1_spatial,val_diag_split,bcb2a4c5a8f5335a71f7abef3c3a5dc028acd4b96aa76177e66360422186f8a5,202a712d9392527cbf2fe99525a42a1d45d01aca,analysis/frozen_I1_spatial.py,ring_profile,vit_small,nomix,in_b07,mad,e2r_vits_nomix_baseline_s2,border-ring,ring6_freq,0.022975,0.021075,0.0249,10000,uniform=0.017641 at this map's own mass,"image-level bootstrap, 10,000 resamples, seed 0 (D6)"
I1_spatial,val_diag_split,bcb2a4c5a8f5335a71f7abef3c3a5dc028acd4b96aa76177e66360422186f8a5,202a712d9392527cbf2fe99525a42a1d45d01aca,analysis/frozen_I1_spatial.py,ring_ordering,vit_small,nomix,in_b07,mad,e2r_vits_nomix_baseline_s2,ring0_vs_ring1,ring1_minus_ring0,-0.018664,-0.019666,-0.017662,10000,>0 = ring 1 carries more mass per position than ring 0,"the ring CIs and this contrast come from ONE resample of images, so they are mutually consistent"
I1_spatial,val_diag_split,bcb2a4c5a8f5335a71f7abef3c3a5dc028acd4b96aa76177e66360422186f8a5,202a712d9392527cbf2fe99525a42a1d45d01aca,analysis/frozen_I1_spatial.py,concentration_excess,vit_small,nomix,in_b07,mad,e2r_vits_nomix_baseline_s2,finite-sample-null,gini_excess,0.286284,MISSING,MISSING,196,"null gini=0.041879 at mass=3.4576, 400 sims, seed 0",observed minus the finite-sample null — the only cross-member comparable form
I1_spatial,val_diag_split,bcb2a4c5a8f5335a71f7abef3c3a5dc028acd4b96aa76177e66360422186f8a5,202a712d9392527cbf2fe99525a42a1d45d01aca,analysis/frozen_I1_spatial.py,cross_recipe_map_correlation,vit_small,mixup|nomix,in_b08,fixed_cal,e2r_vits_mixup_baseline_s1,e2r_vits_nomix_baseline_s1,rho,0.341762,MISSING,MISSING,1568,within-recipe mean rho=0.9125,"residual map correlation; exact permutation p=0.1116, null sd=0.2036"
I1_spatial,val_diag_split,bcb2a4c5a8f5335a71f7abef3c3a5dc028acd4b96aa76177e66360422186f8a5,202a712d9392527cbf2fe99525a42a1d45d01aca,analysis/frozen_I1_spatial.py,cross_recipe_map_correlation,vit_small,mixup|nomix,in_b08,fixed_cal,e2r_vits_mixup_baseline_s1,e2r_vits_nomix_baseline_s2,rho,0.19772,MISSING,MISSING,1568,within-recipe mean rho=0.9125,"residual map correlation; exact permutation p=0.2793, null sd=0.1785"
I1_spatial,val_diag_split,bcb2a4c5a8f5335a71f7abef3c3a5dc028acd4b96aa76177e66360422186f8a5,202a712d9392527cbf2fe99525a42a1d45d01aca,analysis/frozen_I1_spatial.py,cross_recipe_map_correlation,vit_small,mixup|nomix,in_b08,fixed_cal,e2r_vits_mixup_baseline_s2,e2r_vits_nomix_baseline_s1,rho,0.454632,MISSING,MISSING,1568,within-recipe mean rho=0.9125,"residual map correlation; exact permutation p=0.0561, null sd=0.2340"
I1_spatial,val_diag_split,bcb2a4c5a8f5335a71f7abef3c3a5dc028acd4b96aa76177e66360422186f8a5,202a712d9392527cbf2fe99525a42a1d45d01aca,analysis/frozen_I1_spatial.py,cross_recipe_map_correlation,vit_small,mixup|nomix,in_b08,fixed_cal,e2r_vits_mixup_baseline_s2,e2r_vits_nomix_baseline_s2,rho,0.224763,MISSING,MISSING,1568,within-recipe mean rho=0.9125,"residual map correlation; exact permutation p=0.2506, null sd=0.1862"
I1_spatial,val_diag_split,bcb2a4c5a8f5335a71f7abef3c3a5dc028acd4b96aa76177e66360422186f8a5,202a712d9392527cbf2fe99525a42a1d45d01aca,analysis/frozen_I1_spatial.py,cross_recipe_map_correlation,vit_small,mixup|nomix,in_b08,fixed_cal,legacy_e2_vit_small_mixupdir_baseline,e2r_vits_nomix_baseline_s1,rho,0.33229,MISSING,MISSING,1568,within-recipe mean rho=0.9125,"residual map correlation; exact permutation p=0.1645, null sd=0.2276"
I1_spatial,val_diag_split,bcb2a4c5a8f5335a71f7abef3c3a5dc028acd4b96aa76177e66360422186f8a5,202a712d9392527cbf2fe99525a42a1d45d01aca,analysis/frozen_I1_spatial.py,cross_recipe_map_correlation,vit_small,mixup|nomix,in_b08,fixed_cal,legacy_e2_vit_small_mixupdir_baseline,e2r_vits_nomix_baseline_s2,rho,0.138066,MISSING,MISSING,1568,within-recipe mean rho=0.9125,"residual map correlation; exact permutation p=0.5389, null sd=0.2051"
I1_spatial,val_diag_split,bcb2a4c5a8f5335a71f7abef3c3a5dc028acd4b96aa76177e66360422186f8a5,202a712d9392527cbf2fe99525a42a1d45d01aca,analysis/frozen_I1_spatial.py,cross_recipe_map_correlation,vit_small,mixup|nomix,in_b08,fixed_cal,legacy_e2_vit_small_nomixdir_baseline,e2r_vits_nomix_baseline_s1,rho,0.3108,MISSING,MISSING,1568,within-recipe mean rho=0.9125,"residual map correlation; exact permutation p=0.1212, null sd=0.1922"
I1_spatial,val_diag_split,bcb2a4c5a8f5335a71f7abef3c3a5dc028acd4b96aa76177e66360422186f8a5,202a712d9392527cbf2fe99525a42a1d45d01aca,analysis/frozen_I1_spatial.py,cross_recipe_map_correlation,vit_small,mixup|nomix,in_b08,fixed_cal,legacy_e2_vit_small_nomixdir_baseline,e2r_vits_nomix_baseline_s2,rho,0.152628,MISSING,MISSING,1568,within-recipe mean rho=0.9125,"residual map correlation; exact permutation p=0.3654, null sd=0.1690"
I1_spatial,val_diag_split,bcb2a4c5a8f5335a71f7abef3c3a5dc028acd4b96aa76177e66360422186f8a5,202a712d9392527cbf2fe99525a42a1d45d01aca,analysis/frozen_I1_spatial.py,cross_recipe_map_correlation,vit_small,mixup|nomix,in_b08,fixed_cal,MEAN,all-cross-pairs,rho_mean,0.269083,MISSING,MISSING,8,within-recipe mean is the comparator,mean over all cross-recipe baseline pairs
I1_spatial,val_diag_split,bcb2a4c5a8f5335a71f7abef3c3a5dc028acd4b96aa76177e66360422186f8a5,202a712d9392527cbf2fe99525a42a1d45d01aca,analysis/frozen_I1_spatial.py,within_recipe_map_correlation,vit_small,mixup,in_b08,fixed_cal,MEAN,all-within-pairs,rho_mean,0.9125,MISSING,MISSING,6,zero = no shared spatial structure,mean over all within-recipe mixup baseline pairs
I1_spatial,val_diag_split,bcb2a4c5a8f5335a71f7abef3c3a5dc028acd4b96aa76177e66360422186f8a5,202a712d9392527cbf2fe99525a42a1d45d01aca,analysis/frozen_I1_spatial.py,ring_profile,vit_small,mixup,in_b08,fixed_cal,e2r_vits_mixup_baseline_s1,border-ring,ring0_freq,0.04309,0.042306,0.043908,10000,uniform=0.061589 at this map's own mass,"image-level bootstrap, 10,000 resamples, seed 0 (D6)"
I1_spatial,val_diag_split,bcb2a4c5a8f5335a71f7abef3c3a5dc028acd4b96aa76177e66360422186f8a5,202a712d9392527cbf2fe99525a42a1d45d01aca,analysis/frozen_I1_spatial.py,ring_profile,vit_small,mixup,in_b08,fixed_cal,e2r_vits_mixup_baseline_s1,border-ring,ring1_freq,0.11403,0.112818,0.115207,10000,uniform=0.061589 at this map's own mass,"image-level bootstrap, 10,000 resamples, seed 0 (D6)"
I1_spatial,val_diag_split,bcb2a4c5a8f5335a71f7abef3c3a5dc028acd4b96aa76177e66360422186f8a5,202a712d9392527cbf2fe99525a42a1d45d01aca,analysis/frozen_I1_spatial.py,ring_profile,vit_small,mixup,in_b08,fixed_cal,e2r_vits_mixup_baseline_s1,border-ring,ring2_freq,0.064783,0.063833,0.065719,10000,uniform=0.061589 at this map's own mass,"image-level bootstrap, 10,000 resamples, seed 0 (D6)"
I1_spatial,val_diag_split,bcb2a4c5a8f5335a71f7abef3c3a5dc028acd4b96aa76177e66360422186f8a5,202a712d9392527cbf2fe99525a42a1d45d01aca,analysis/frozen_I1_spatial.py,ring_profile,vit_small,mixup,in_b08,fixed_cal,e2r_vits_mixup_baseline_s1,border-ring,ring3_freq,0.046136,0.045207,0.047054,10000,uniform=0.061589 at this map's own mass,"image-level bootstrap, 10,000 resamples, seed 0 (D6)"
I1_spatial,val_diag_split,bcb2a4c5a8f5335a71f7abef3c3a5dc028acd4b96aa76177e66360422186f8a5,202a712d9392527cbf2fe99525a42a1d45d01aca,analysis/frozen_I1_spatial.py,ring_profile,vit_small,mixup,in_b08,fixed_cal,e2r_vits_mixup_baseline_s1,border-ring,ring4_freq,0.0333,0.03234,0.03427,10000,uniform=0.061589 at this map's own mass,"image-level bootstrap, 10,000 resamples, seed 0 (D6)"
I1_spatial,val_diag_split,bcb2a4c5a8f5335a71f7abef3c3a5dc028acd4b96aa76177e66360422186f8a5,202a712d9392527cbf2fe99525a42a1d45d01aca,analysis/frozen_I1_spatial.py,ring_profile,vit_small,mixup,in_b08,fixed_cal,e2r_vits_mixup_baseline_s1,border-ring,ring5_freq,0.031958,0.03075,0.033167,10000,uniform=0.061589 at this map's own mass,"image-level bootstrap, 10,000 resamples, seed 0 (D6)"
I1_spatial,val_diag_split,bcb2a4c5a8f5335a71f7abef3c3a5dc028acd4b96aa76177e66360422186f8a5,202a712d9392527cbf2fe99525a42a1d45d01aca,analysis/frozen_I1_spatial.py,ring_profile,vit_small,mixup,in_b08,fixed_cal,e2r_vits_mixup_baseline_s1,border-ring,ring6_freq,0.034975,0.032875,0.037125,10000,uniform=0.061589 at this map's own mass,"image-level bootstrap, 10,000 resamples, seed 0 (D6)"
I1_spatial,val_diag_split,bcb2a4c5a8f5335a71f7abef3c3a5dc028acd4b96aa76177e66360422186f8a5,202a712d9392527cbf2fe99525a42a1d45d01aca,analysis/frozen_I1_spatial.py,ring_ordering,vit_small,mixup,in_b08,fixed_cal,e2r_vits_mixup_baseline_s1,ring0_vs_ring1,ring1_minus_ring0,0.070939,0.069447,0.072408,10000,>0 = ring 1 carries more mass per position than ring 0,"the ring CIs and this contrast come from ONE resample of images, so they are mutually consistent"
I1_spatial,val_diag_split,bcb2a4c5a8f5335a71f7abef3c3a5dc028acd4b96aa76177e66360422186f8a5,202a712d9392527cbf2fe99525a42a1d45d01aca,analysis/frozen_I1_spatial.py,concentration_excess,vit_small,mixup,in_b08,fixed_cal,e2r_vits_mixup_baseline_s1,finite-sample-null,gini_excess,0.302248,MISSING,MISSING,196,"null gini=0.021887 at mass=12.0714, 400 sims, seed 0",observed minus the finite-sample null — the only cross-member comparable form
I1_spatial,val_diag_split,bcb2a4c5a8f5335a71f7abef3c3a5dc028acd4b96aa76177e66360422186f8a5,202a712d9392527cbf2fe99525a42a1d45d01aca,analysis/frozen_I1_spatial.py,ring_profile,vit_small,mixup,in_b08,fixed_cal,e2r_vits_mixup_baseline_s2,border-ring,ring0_freq,0.056463,0.055577,0.057387,10000,uniform=0.073079 at this map's own mass,"image-level bootstrap, 10,000 resamples, seed 0 (D6)"
I1_spatial,val_diag_split,bcb2a4c5a8f5335a71f7abef3c3a5dc028acd4b96aa76177e66360422186f8a5,202a712d9392527cbf2fe99525a42a1d45d01aca,analysis/frozen_I1_spatial.py,ring_profile,vit_small,mixup,in_b08,fixed_cal,e2r_vits_mixup_baseline_s2,border-ring,ring1_freq,0.122341,0.121014,0.123652,10000,uniform=0.073079 at this map's own mass,"image-level bootstrap, 10,000 resamples, seed 0 (D6)"
I1_spatial,val_diag_split,bcb2a4c5a8f5335a71f7abef3c3a5dc028acd4b96aa76177e66360422186f8a5,202a712d9392527cbf2fe99525a42a1d45d01aca,analysis/frozen_I1_spatial.py,ring_profile,vit_small,mixup,in_b08,fixed_cal,e2r_vits_mixup_baseline_s2,border-ring,ring2_freq,0.084664,0.083489,0.085844,10000,uniform=0.073079 at this map's own mass,"image-level bootstrap, 10,000 resamples, seed 0 (D6)"
I1_spatial,val_diag_split,bcb2a4c5a8f5335a71f7abef3c3a5dc028acd4b96aa76177e66360422186f8a5,202a712d9392527cbf2fe99525a42a1d45d01aca,analysis/frozen_I1_spatial.py,ring_profile,vit_small,mixup,in_b08,fixed_cal,e2r_vits_mixup_baseline_s2,border-ring,ring3_freq,0.055596,0.054511,0.056679,10000,uniform=0.073079 at this map's own mass,"image-level bootstrap, 10,000 resamples, seed 0 (D6)"
I1_spatial,val_diag_split,bcb2a4c5a8f5335a71f7abef3c3a5dc028acd4b96aa76177e66360422186f8a5,202a712d9392527cbf2fe99525a42a1d45d01aca,analysis/frozen_I1_spatial.py,ring_profile,vit_small,mixup,in_b08,fixed_cal,e2r_vits_mixup_baseline_s2,border-ring,ring4_freq,0.039465,0.0384,0.040535,10000,uniform=0.073079 at this map's own mass,"image-level bootstrap, 10,000 resamples, seed 0 (D6)"
I1_spatial,val_diag_split,bcb2a4c5a8f5335a71f7abef3c3a5dc028acd4b96aa76177e66360422186f8a5,202a712d9392527cbf2fe99525a42a1d45d01aca,analysis/frozen_I1_spatial.py,ring_profile,vit_small,mixup,in_b08,fixed_cal,e2r_vits_mixup_baseline_s2,border-ring,ring5_freq,0.036008,0.034725,0.037308,10000,uniform=0.073079 at this map's own mass,"image-level bootstrap, 10,000 resamples, seed 0 (D6)"
I1_spatial,val_diag_split,bcb2a4c5a8f5335a71f7abef3c3a5dc028acd4b96aa76177e66360422186f8a5,202a712d9392527cbf2fe99525a42a1d45d01aca,analysis/frozen_I1_spatial.py,ring_profile,vit_small,mixup,in_b08,fixed_cal,e2r_vits_mixup_baseline_s2,border-ring,ring6_freq,0.044575,0.042275,0.0469,10000,uniform=0.073079 at this map's own mass,"image-level bootstrap, 10,000 resamples, seed 0 (D6)"
I1_spatial,val_diag_split,bcb2a4c5a8f5335a71f7abef3c3a5dc028acd4b96aa76177e66360422186f8a5,202a712d9392527cbf2fe99525a42a1d45d01aca,analysis/frozen_I1_spatial.py,ring_ordering,vit_small,mixup,in_b08,fixed_cal,e2r_vits_mixup_baseline_s2,ring0_vs_ring1,ring1_minus_ring0,0.065877,0.064245,0.067459,10000,>0 = ring 1 carries more mass per position than ring 0,"the ring CIs and this contrast come from ONE resample of images, so they are mutually consistent"
I1_spatial,val_diag_split,bcb2a4c5a8f5335a71f7abef3c3a5dc028acd4b96aa76177e66360422186f8a5,202a712d9392527cbf2fe99525a42a1d45d01aca,analysis/frozen_I1_spatial.py,concentration_excess,vit_small,mixup,in_b08,fixed_cal,e2r_vits_mixup_baseline_s2,finite-sample-null,gini_excess,0.265906,MISSING,MISSING,196,"null gini=0.019972 at mass=14.3234, 400 sims, seed 0",observed minus the finite-sample null — the only cross-member comparable form
I1_spatial,val_diag_split,bcb2a4c5a8f5335a71f7abef3c3a5dc028acd4b96aa76177e66360422186f8a5,202a712d9392527cbf2fe99525a42a1d45d01aca,analysis/frozen_I1_spatial.py,ring_profile,vit_small,mixup,in_b08,fixed_cal,legacy_e2_vit_small_mixupdir_baseline,border-ring,ring0_freq,0.047727,0.046998,0.0485,10000,uniform=0.069024 at this map's own mass,"image-level bootstrap, 10,000 resamples, seed 0 (D6)"
I1_spatial,val_diag_split,bcb2a4c5a8f5335a71f7abef3c3a5dc028acd4b96aa76177e66360422186f8a5,202a712d9392527cbf2fe99525a42a1d45d01aca,analysis/frozen_I1_spatial.py,ring_profile,vit_small,mixup,in_b08,fixed_cal,legacy_e2_vit_small_mixupdir_baseline,border-ring,ring1_freq,0.115034,0.113759,0.116248,10000,uniform=0.069024 at this map's own mass,"image-level bootstrap, 10,000 resamples, seed 0 (D6)"
I1_spatial,val_diag_split,bcb2a4c5a8f5335a71f7abef3c3a5dc028acd4b96aa76177e66360422186f8a5,202a712d9392527cbf2fe99525a42a1d45d01aca,analysis/frozen_I1_spatial.py,ring_profile,vit_small,mixup,in_b08,fixed_cal,legacy_e2_vit_small_mixupdir_baseline,border-ring,ring2_freq,0.081394,0.080286,0.082494,10000,uniform=0.069024 at this map's own mass,"image-level bootstrap, 10,000 resamples, seed 0 (D6)"
I1_spatial,val_diag_split,bcb2a4c5a8f5335a71f7abef3c3a5dc028acd4b96aa76177e66360422186f8a5,202a712d9392527cbf2fe99525a42a1d45d01aca,analysis/frozen_I1_spatial.py,ring_profile,vit_small,mixup,in_b08,fixed_cal,legacy_e2_vit_small_mixupdir_baseline,border-ring,ring3_freq,0.059864,0.058739,0.061011,10000,uniform=0.069024 at this map's own mass,"image-level bootstrap, 10,000 resamples, seed 0 (D6)"
I1_spatial,val_diag_split,bcb2a4c5a8f5335a71f7abef3c3a5dc028acd4b96aa76177e66360422186f8a5,202a712d9392527cbf2fe99525a42a1d45d01aca,analysis/frozen_I1_spatial.py,ring_profile,vit_small,mixup,in_b08,fixed_cal,legacy_e2_vit_small_mixupdir_baseline,border-ring,ring4_freq,0.04024,0.039195,0.041295,10000,uniform=0.069024 at this map's own mass,"image-level bootstrap, 10,000 resamples, seed 0 (D6)"
I1_spatial,val_diag_split,bcb2a4c5a8f5335a71f7abef3c3a5dc028acd4b96aa76177e66360422186f8a5,202a712d9392527cbf2fe99525a42a1d45d01aca,analysis/frozen_I1_spatial.py,ring_profile,vit_small,mixup,in_b08,fixed_cal,legacy_e2_vit_small_mixupdir_baseline,border-ring,ring5_freq,0.035717,0.034408,0.037017,10000,uniform=0.069024 at this map's own mass,"image-level bootstrap, 10,000 resamples, seed 0 (D6)"
I1_spatial,val_diag_split,bcb2a4c5a8f5335a71f7abef3c3a5dc028acd4b96aa76177e66360422186f8a5,202a712d9392527cbf2fe99525a42a1d45d01aca,analysis/frozen_I1_spatial.py,ring_profile,vit_small,mixup,in_b08,fixed_cal,legacy_e2_vit_small_mixupdir_baseline,border-ring,ring6_freq,0.036425,0.03435,0.03855,10000,uniform=0.069024 at this map's own mass,"image-level bootstrap, 10,000 resamples, seed 0 (D6)"
I1_spatial,val_diag_split,bcb2a4c5a8f5335a71f7abef3c3a5dc028acd4b96aa76177e66360422186f8a5,202a712d9392527cbf2fe99525a42a1d45d01aca,analysis/frozen_I1_spatial.py,ring_ordering,vit_small,mixup,in_b08,fixed_cal,legacy_e2_vit_small_mixupdir_baseline,ring0_vs_ring1,ring1_minus_ring0,0.067307,0.065802,0.068773,10000,>0 = ring 1 carries more mass per position than ring 0,"the ring CIs and this contrast come from ONE resample of images, so they are mutually consistent"
I1_spatial,val_diag_split,bcb2a4c5a8f5335a71f7abef3c3a5dc028acd4b96aa76177e66360422186f8a5,202a712d9392527cbf2fe99525a42a1d45d01aca,analysis/frozen_I1_spatial.py,concentration_excess,vit_small,mixup,in_b08,fixed_cal,legacy_e2_vit_small_mixupdir_baseline,finite-sample-null,gini_excess,0.271592,MISSING,MISSING,196,"null gini=0.020591 at mass=13.5288, 400 sims, seed 0",observed minus the finite-sample null — the only cross-member comparable form
I1_spatial,val_diag_split,bcb2a4c5a8f5335a71f7abef3c3a5dc028acd4b96aa76177e66360422186f8a5,202a712d9392527cbf2fe99525a42a1d45d01aca,analysis/frozen_I1_spatial.py,ring_profile,vit_small,mixup,in_b08,fixed_cal,legacy_e2_vit_small_nomixdir_baseline,border-ring,ring0_freq,0.038677,0.03796,0.039415,10000,uniform=0.057837 at this map's own mass,"image-level bootstrap, 10,000 resamples, seed 0 (D6)"
I1_spatial,val_diag_split,bcb2a4c5a8f5335a71f7abef3c3a5dc028acd4b96aa76177e66360422186f8a5,202a712d9392527cbf2fe99525a42a1d45d01aca,analysis/frozen_I1_spatial.py,ring_profile,vit_small,mixup,in_b08,fixed_cal,legacy_e2_vit_small_nomixdir_baseline,border-ring,ring1_freq,0.104739,0.103593,0.105868,10000,uniform=0.057837 at this map's own mass,"image-level bootstrap, 10,000 resamples, seed 0 (D6)"
I1_spatial,val_diag_split,bcb2a4c5a8f5335a71f7abef3c3a5dc028acd4b96aa76177e66360422186f8a5,202a712d9392527cbf2fe99525a42a1d45d01aca,analysis/frozen_I1_spatial.py,ring_profile,vit_small,mixup,in_b08,fixed_cal,legacy_e2_vit_small_nomixdir_baseline,border-ring,ring2_freq,0.067808,0.066839,0.068767,10000,uniform=0.057837 at this map's own mass,"image-level bootstrap, 10,000 resamples, seed 0 (D6)"
I1_spatial,val_diag_split,bcb2a4c5a8f5335a71f7abef3c3a5dc028acd4b96aa76177e66360422186f8a5,202a712d9392527cbf2fe99525a42a1d45d01aca,analysis/frozen_I1_spatial.py,ring_profile,vit_small,mixup,in_b08,fixed_cal,legacy_e2_vit_small_nomixdir_baseline,border-ring,ring3_freq,0.042532,0.04165,0.043446,10000,uniform=0.057837 at this map's own mass,"image-level bootstrap, 10,000 resamples, seed 0 (D6)"
I1_spatial,val_diag_split,bcb2a4c5a8f5335a71f7abef3c3a5dc028acd4b96aa76177e66360422186f8a5,202a712d9392527cbf2fe99525a42a1d45d01aca,analysis/frozen_I1_spatial.py,ring_profile,vit_small,mixup,in_b08,fixed_cal,legacy_e2_vit_small_nomixdir_baseline,border-ring,ring4_freq,0.02974,0.028795,0.030665,10000,uniform=0.057837 at this map's own mass,"image-level bootstrap, 10,000 resamples, seed 0 (D6)"
I1_spatial,val_diag_split,bcb2a4c5a8f5335a71f7abef3c3a5dc028acd4b96aa76177e66360422186f8a5,202a712d9392527cbf2fe99525a42a1d45d01aca,analysis/frozen_I1_spatial.py,ring_profile,vit_small,mixup,in_b08,fixed_cal,legacy_e2_vit_small_nomixdir_baseline,border-ring,ring5_freq,0.028625,0.0275,0.029767,10000,uniform=0.057837 at this map's own mass,"image-level bootstrap, 10,000 resamples, seed 0 (D6)"
I1_spatial,val_diag_split,bcb2a4c5a8f5335a71f7abef3c3a5dc028acd4b96aa76177e66360422186f8a5,202a712d9392527cbf2fe99525a42a1d45d01aca,analysis/frozen_I1_spatial.py,ring_profile,vit_small,mixup,in_b08,fixed_cal,legacy_e2_vit_small_nomixdir_baseline,border-ring,ring6_freq,0.0365,0.034425,0.0387,10000,uniform=0.057837 at this map's own mass,"image-level bootstrap, 10,000 resamples, seed 0 (D6)"
I1_spatial,val_diag_split,bcb2a4c5a8f5335a71f7abef3c3a5dc028acd4b96aa76177e66360422186f8a5,202a712d9392527cbf2fe99525a42a1d45d01aca,analysis/frozen_I1_spatial.py,ring_ordering,vit_small,mixup,in_b08,fixed_cal,legacy_e2_vit_small_nomixdir_baseline,ring0_vs_ring1,ring1_minus_ring0,0.066062,0.064663,0.067431,10000,>0 = ring 1 carries more mass per position than ring 0,"the ring CIs and this contrast come from ONE resample of images, so they are mutually consistent"
I1_spatial,val_diag_split,bcb2a4c5a8f5335a71f7abef3c3a5dc028acd4b96aa76177e66360422186f8a5,202a712d9392527cbf2fe99525a42a1d45d01aca,analysis/frozen_I1_spatial.py,concentration_excess,vit_small,mixup,in_b08,fixed_cal,legacy_e2_vit_small_nomixdir_baseline,finite-sample-null,gini_excess,0.296914,MISSING,MISSING,196,"null gini=0.022632 at mass=11.3360, 400 sims, seed 0",observed minus the finite-sample null — the only cross-member comparable form
I1_spatial,val_diag_split,bcb2a4c5a8f5335a71f7abef3c3a5dc028acd4b96aa76177e66360422186f8a5,202a712d9392527cbf2fe99525a42a1d45d01aca,analysis/frozen_I1_spatial.py,ring_profile,vit_small,nomix,in_b08,fixed_cal,e2r_vits_nomix_baseline_s1,border-ring,ring0_freq,0.018069,0.016948,0.01924,10000,uniform=0.012770 at this map's own mass,"image-level bootstrap, 10,000 resamples, seed 0 (D6)"
I1_spatial,val_diag_split,bcb2a4c5a8f5335a71f7abef3c3a5dc028acd4b96aa76177e66360422186f8a5,202a712d9392527cbf2fe99525a42a1d45d01aca,analysis/frozen_I1_spatial.py,ring_profile,vit_small,nomix,in_b08,fixed_cal,e2r_vits_nomix_baseline_s1,border-ring,ring1_freq,0.013811,0.013093,0.014534,10000,uniform=0.012770 at this map's own mass,"image-level bootstrap, 10,000 resamples, seed 0 (D6)"
I1_spatial,val_diag_split,bcb2a4c5a8f5335a71f7abef3c3a5dc028acd4b96aa76177e66360422186f8a5,202a712d9392527cbf2fe99525a42a1d45d01aca,analysis/frozen_I1_spatial.py,ring_profile,vit_small,nomix,in_b08,fixed_cal,e2r_vits_nomix_baseline_s1,border-ring,ring2_freq,0.010703,0.010128,0.011292,10000,uniform=0.012770 at this map's own mass,"image-level bootstrap, 10,000 resamples, seed 0 (D6)"
I1_spatial,val_diag_split,bcb2a4c5a8f5335a71f7abef3c3a5dc028acd4b96aa76177e66360422186f8a5,202a712d9392527cbf2fe99525a42a1d45d01aca,analysis/frozen_I1_spatial.py,ring_profile,vit_small,nomix,in_b08,fixed_cal,e2r_vits_nomix_baseline_s1,border-ring,ring3_freq,0.008764,0.008225,0.009304,10000,uniform=0.012770 at this map's own mass,"image-level bootstrap, 10,000 resamples, seed 0 (D6)"
I1_spatial,val_diag_split,bcb2a4c5a8f5335a71f7abef3c3a5dc028acd4b96aa76177e66360422186f8a5,202a712d9392527cbf2fe99525a42a1d45d01aca,analysis/frozen_I1_spatial.py,ring_profile,vit_small,nomix,in_b08,fixed_cal,e2r_vits_nomix_baseline_s1,border-ring,ring4_freq,0.0086,0.00799,0.009215,10000,uniform=0.012770 at this map's own mass,"image-level bootstrap, 10,000 resamples, seed 0 (D6)"
I1_spatial,val_diag_split,bcb2a4c5a8f5335a71f7abef3c3a5dc028acd4b96aa76177e66360422186f8a5,202a712d9392527cbf2fe99525a42a1d45d01aca,analysis/frozen_I1_spatial.py,ring_profile,vit_small,nomix,in_b08,fixed_cal,e2r_vits_nomix_baseline_s1,border-ring,ring5_freq,0.009108,0.00835,0.009925,10000,uniform=0.012770 at this map's own mass,"image-level bootstrap, 10,000 resamples, seed 0 (D6)"
I1_spatial,val_diag_split,bcb2a4c5a8f5335a71f7abef3c3a5dc028acd4b96aa76177e66360422186f8a5,202a712d9392527cbf2fe99525a42a1d45d01aca,analysis/frozen_I1_spatial.py,ring_profile,vit_small,nomix,in_b08,fixed_cal,e2r_vits_nomix_baseline_s1,border-ring,ring6_freq,0.010925,0.009575,0.012325,10000,uniform=0.012770 at this map's own mass,"image-level bootstrap, 10,000 resamples, seed 0 (D6)"
I1_spatial,val_diag_split,bcb2a4c5a8f5335a71f7abef3c3a5dc028acd4b96aa76177e66360422186f8a5,202a712d9392527cbf2fe99525a42a1d45d01aca,analysis/frozen_I1_spatial.py,ring_ordering,vit_small,nomix,in_b08,fixed_cal,e2r_vits_nomix_baseline_s1,ring0_vs_ring1,ring1_minus_ring0,-0.004258,-0.005291,-0.003283,10000,>0 = ring 1 carries more mass per position than ring 0,"the ring CIs and this contrast come from ONE resample of images, so they are mutually consistent"
I1_spatial,val_diag_split,bcb2a4c5a8f5335a71f7abef3c3a5dc028acd4b96aa76177e66360422186f8a5,202a712d9392527cbf2fe99525a42a1d45d01aca,analysis/frozen_I1_spatial.py,concentration_excess,vit_small,nomix,in_b08,fixed_cal,e2r_vits_nomix_baseline_s1,finite-sample-null,gini_excess,0.172519,MISSING,MISSING,196,"null gini=0.049320 at mass=2.5030, 400 sims, seed 0",observed minus the finite-sample null — the only cross-member comparable form
I1_spatial,val_diag_split,bcb2a4c5a8f5335a71f7abef3c3a5dc028acd4b96aa76177e66360422186f8a5,202a712d9392527cbf2fe99525a42a1d45d01aca,analysis/frozen_I1_spatial.py,ring_profile,vit_small,nomix,in_b08,fixed_cal,e2r_vits_nomix_baseline_s2,border-ring,ring0_freq,0.014719,0.01374,0.015723,10000,uniform=0.009777 at this map's own mass,"image-level bootstrap, 10,000 resamples, seed 0 (D6)"
I1_spatial,val_diag_split,bcb2a4c5a8f5335a71f7abef3c3a5dc028acd4b96aa76177e66360422186f8a5,202a712d9392527cbf2fe99525a42a1d45d01aca,analysis/frozen_I1_spatial.py,ring_profile,vit_small,nomix,in_b08,fixed_cal,e2r_vits_nomix_baseline_s2,border-ring,ring1_freq,0.008586,0.007975,0.009225,10000,uniform=0.009777 at this map's own mass,"image-level bootstrap, 10,000 resamples, seed 0 (D6)"
I1_spatial,val_diag_split,bcb2a4c5a8f5335a71f7abef3c3a5dc028acd4b96aa76177e66360422186f8a5,202a712d9392527cbf2fe99525a42a1d45d01aca,analysis/frozen_I1_spatial.py,ring_profile,vit_small,nomix,in_b08,fixed_cal,e2r_vits_nomix_baseline_s2,border-ring,ring2_freq,0.007517,0.007036,0.008014,10000,uniform=0.009777 at this map's own mass,"image-level bootstrap, 10,000 resamples, seed 0 (D6)"
I1_spatial,val_diag_split,bcb2a4c5a8f5335a71f7abef3c3a5dc028acd4b96aa76177e66360422186f8a5,202a712d9392527cbf2fe99525a42a1d45d01aca,analysis/frozen_I1_spatial.py,ring_profile,vit_small,nomix,in_b08,fixed_cal,e2r_vits_nomix_baseline_s2,border-ring,ring3_freq,0.007264,0.006754,0.007786,10000,uniform=0.009777 at this map's own mass,"image-level bootstrap, 10,000 resamples, seed 0 (D6)"
I1_spatial,val_diag_split,bcb2a4c5a8f5335a71f7abef3c3a5dc028acd4b96aa76177e66360422186f8a5,202a712d9392527cbf2fe99525a42a1d45d01aca,analysis/frozen_I1_spatial.py,ring_profile,vit_small,nomix,in_b08,fixed_cal,e2r_vits_nomix_baseline_s2,border-ring,ring4_freq,0.007625,0.007055,0.0082,10000,uniform=0.009777 at this map's own mass,"image-level bootstrap, 10,000 resamples, seed 0 (D6)"
I1_spatial,val_diag_split,bcb2a4c5a8f5335a71f7abef3c3a5dc028acd4b96aa76177e66360422186f8a5,202a712d9392527cbf2fe99525a42a1d45d01aca,analysis/frozen_I1_spatial.py,ring_profile,vit_small,nomix,in_b08,fixed_cal,e2r_vits_nomix_baseline_s2,border-ring,ring5_freq,0.008408,0.007675,0.009158,10000,uniform=0.009777 at this map's own mass,"image-level bootstrap, 10,000 resamples, seed 0 (D6)"
I1_spatial,val_diag_split,bcb2a4c5a8f5335a71f7abef3c3a5dc028acd4b96aa76177e66360422186f8a5,202a712d9392527cbf2fe99525a42a1d45d01aca,analysis/frozen_I1_spatial.py,ring_profile,vit_small,nomix,in_b08,fixed_cal,e2r_vits_nomix_baseline_s2,border-ring,ring6_freq,0.0114,0.01,0.012825,10000,uniform=0.009777 at this map's own mass,"image-level bootstrap, 10,000 resamples, seed 0 (D6)"
I1_spatial,val_diag_split,bcb2a4c5a8f5335a71f7abef3c3a5dc028acd4b96aa76177e66360422186f8a5,202a712d9392527cbf2fe99525a42a1d45d01aca,analysis/frozen_I1_spatial.py,ring_ordering,vit_small,nomix,in_b08,fixed_cal,e2r_vits_nomix_baseline_s2,ring0_vs_ring1,ring1_minus_ring0,-0.006133,-0.007,-0.005274,10000,>0 = ring 1 carries more mass per position than ring 0,"the ring CIs and this contrast come from ONE resample of images, so they are mutually consistent"
I1_spatial,val_diag_split,bcb2a4c5a8f5335a71f7abef3c3a5dc028acd4b96aa76177e66360422186f8a5,202a712d9392527cbf2fe99525a42a1d45d01aca,analysis/frozen_I1_spatial.py,concentration_excess,vit_small,nomix,in_b08,fixed_cal,e2r_vits_nomix_baseline_s2,finite-sample-null,gini_excess,0.193514,MISSING,MISSING,196,"null gini=0.056534 at mass=1.9162, 400 sims, seed 0",observed minus the finite-sample null — the only cross-member comparable form
I1_spatial,val_diag_split,bcb2a4c5a8f5335a71f7abef3c3a5dc028acd4b96aa76177e66360422186f8a5,202a712d9392527cbf2fe99525a42a1d45d01aca,analysis/frozen_I1_spatial.py,cross_recipe_map_correlation,vit_small,mixup|nomix,in_b08,mad,e2r_vits_mixup_baseline_s1,e2r_vits_nomix_baseline_s1,rho,0.109418,MISSING,MISSING,1568,within-recipe mean rho=0.9128,"residual map correlation; exact permutation p=0.5670, null sd=0.1823"
I1_spatial,val_diag_split,bcb2a4c5a8f5335a71f7abef3c3a5dc028acd4b96aa76177e66360422186f8a5,202a712d9392527cbf2fe99525a42a1d45d01aca,analysis/frozen_I1_spatial.py,cross_recipe_map_correlation,vit_small,mixup|nomix,in_b08,mad,e2r_vits_mixup_baseline_s1,e2r_vits_nomix_baseline_s2,rho,-0.055583,MISSING,MISSING,1568,within-recipe mean rho=0.9128,"residual map correlation; exact permutation p=0.7519, null sd=0.1661"
I1_spatial,val_diag_split,bcb2a4c5a8f5335a71f7abef3c3a5dc028acd4b96aa76177e66360422186f8a5,202a712d9392527cbf2fe99525a42a1d45d01aca,analysis/frozen_I1_spatial.py,cross_recipe_map_correlation,vit_small,mixup|nomix,in_b08,mad,e2r_vits_mixup_baseline_s2,e2r_vits_nomix_baseline_s1,rho,0.177423,MISSING,MISSING,1568,within-recipe mean rho=0.9128,"residual map correlation; exact permutation p=0.3642, null sd=0.1949"
I1_spatial,val_diag_split,bcb2a4c5a8f5335a71f7abef3c3a5dc028acd4b96aa76177e66360422186f8a5,202a712d9392527cbf2fe99525a42a1d45d01aca,analysis/frozen_I1_spatial.py,cross_recipe_map_correlation,vit_small,mixup|nomix,in_b08,mad,e2r_vits_mixup_baseline_s2,e2r_vits_nomix_baseline_s2,rho,-0.067744,MISSING,MISSING,1568,within-recipe mean rho=0.9128,"residual map correlation; exact permutation p=0.7698, null sd=0.1785"
I1_spatial,val_diag_split,bcb2a4c5a8f5335a71f7abef3c3a5dc028acd4b96aa76177e66360422186f8a5,202a712d9392527cbf2fe99525a42a1d45d01aca,analysis/frozen_I1_spatial.py,cross_recipe_map_correlation,vit_small,mixup|nomix,in_b08,mad,legacy_e2_vit_small_mixupdir_baseline,e2r_vits_nomix_baseline_s1,rho,0.055771,MISSING,MISSING,1568,within-recipe mean rho=0.9128,"residual map correlation; exact permutation p=0.8240, null sd=0.2174"
I1_spatial,val_diag_split,bcb2a4c5a8f5335a71f7abef3c3a5dc028acd4b96aa76177e66360422186f8a5,202a712d9392527cbf2fe99525a42a1d45d01aca,analysis/frozen_I1_spatial.py,cross_recipe_map_correlation,vit_small,mixup|nomix,in_b08,mad,legacy_e2_vit_small_mixupdir_baseline,e2r_vits_nomix_baseline_s2,rho,-0.131667,MISSING,MISSING,1568,within-recipe mean rho=0.9128,"residual map correlation; exact permutation p=0.5325, null sd=0.1964"
I1_spatial,val_diag_split,bcb2a4c5a8f5335a71f7abef3c3a5dc028acd4b96aa76177e66360422186f8a5,202a712d9392527cbf2fe99525a42a1d45d01aca,analysis/frozen_I1_spatial.py,cross_recipe_map_correlation,vit_small,mixup|nomix,in_b08,mad,legacy_e2_vit_small_nomixdir_baseline,e2r_vits_nomix_baseline_s1,rho,0.059814,MISSING,MISSING,1568,within-recipe mean rho=0.9128,"residual map correlation; exact permutation p=0.7194, null sd=0.1676"
I1_spatial,val_diag_split,bcb2a4c5a8f5335a71f7abef3c3a5dc028acd4b96aa76177e66360422186f8a5,202a712d9392527cbf2fe99525a42a1d45d01aca,analysis/frozen_I1_spatial.py,cross_recipe_map_correlation,vit_small,mixup|nomix,in_b08,mad,legacy_e2_vit_small_nomixdir_baseline,e2r_vits_nomix_baseline_s2,rho,-0.104993,MISSING,MISSING,1568,within-recipe mean rho=0.9128,"residual map correlation; exact permutation p=0.5357, null sd=0.1545"
I1_spatial,val_diag_split,bcb2a4c5a8f5335a71f7abef3c3a5dc028acd4b96aa76177e66360422186f8a5,202a712d9392527cbf2fe99525a42a1d45d01aca,analysis/frozen_I1_spatial.py,cross_recipe_map_correlation,vit_small,mixup|nomix,in_b08,mad,MEAN,all-cross-pairs,rho_mean,0.005305,MISSING,MISSING,8,within-recipe mean is the comparator,mean over all cross-recipe baseline pairs
I1_spatial,val_diag_split,bcb2a4c5a8f5335a71f7abef3c3a5dc028acd4b96aa76177e66360422186f8a5,202a712d9392527cbf2fe99525a42a1d45d01aca,analysis/frozen_I1_spatial.py,within_recipe_map_correlation,vit_small,mixup,in_b08,mad,MEAN,all-within-pairs,rho_mean,0.912824,MISSING,MISSING,6,zero = no shared spatial structure,mean over all within-recipe mixup baseline pairs
I1_spatial,val_diag_split,bcb2a4c5a8f5335a71f7abef3c3a5dc028acd4b96aa76177e66360422186f8a5,202a712d9392527cbf2fe99525a42a1d45d01aca,analysis/frozen_I1_spatial.py,ring_profile,vit_small,mixup,in_b08,mad,e2r_vits_mixup_baseline_s1,border-ring,ring0_freq,0.042073,0.041352,0.042817,10000,uniform=0.059791 at this map's own mass,"image-level bootstrap, 10,000 resamples, seed 0 (D6)"
I1_spatial,val_diag_split,bcb2a4c5a8f5335a71f7abef3c3a5dc028acd4b96aa76177e66360422186f8a5,202a712d9392527cbf2fe99525a42a1d45d01aca,analysis/frozen_I1_spatial.py,ring_profile,vit_small,mixup,in_b08,mad,e2r_vits_mixup_baseline_s1,border-ring,ring1_freq,0.111782,0.110595,0.112952,10000,uniform=0.059791 at this map's own mass,"image-level bootstrap, 10,000 resamples, seed 0 (D6)"
I1_spatial,val_diag_split,bcb2a4c5a8f5335a71f7abef3c3a5dc028acd4b96aa76177e66360422186f8a5,202a712d9392527cbf2fe99525a42a1d45d01aca,analysis/frozen_I1_spatial.py,ring_profile,vit_small,mixup,in_b08,mad,e2r_vits_mixup_baseline_s1,border-ring,ring2_freq,0.062797,0.0619,0.063717,10000,uniform=0.059791 at this map's own mass,"image-level bootstrap, 10,000 resamples, seed 0 (D6)"
I1_spatial,val_diag_split,bcb2a4c5a8f5335a71f7abef3c3a5dc028acd4b96aa76177e66360422186f8a5,202a712d9392527cbf2fe99525a42a1d45d01aca,analysis/frozen_I1_spatial.py,ring_profile,vit_small,mixup,in_b08,mad,e2r_vits_mixup_baseline_s1,border-ring,ring3_freq,0.043936,0.043025,0.044843,10000,uniform=0.059791 at this map's own mass,"image-level bootstrap, 10,000 resamples, seed 0 (D6)"
I1_spatial,val_diag_split,bcb2a4c5a8f5335a71f7abef3c3a5dc028acd4b96aa76177e66360422186f8a5,202a712d9392527cbf2fe99525a42a1d45d01aca,analysis/frozen_I1_spatial.py,ring_profile,vit_small,mixup,in_b08,mad,e2r_vits_mixup_baseline_s1,border-ring,ring4_freq,0.031485,0.030575,0.032405,10000,uniform=0.059791 at this map's own mass,"image-level bootstrap, 10,000 resamples, seed 0 (D6)"
I1_spatial,val_diag_split,bcb2a4c5a8f5335a71f7abef3c3a5dc028acd4b96aa76177e66360422186f8a5,202a712d9392527cbf2fe99525a42a1d45d01aca,analysis/frozen_I1_spatial.py,ring_profile,vit_small,mixup,in_b08,mad,e2r_vits_mixup_baseline_s1,border-ring,ring5_freq,0.029908,0.028767,0.031083,10000,uniform=0.059791 at this map's own mass,"image-level bootstrap, 10,000 resamples, seed 0 (D6)"
I1_spatial,val_diag_split,bcb2a4c5a8f5335a71f7abef3c3a5dc028acd4b96aa76177e66360422186f8a5,202a712d9392527cbf2fe99525a42a1d45d01aca,analysis/frozen_I1_spatial.py,ring_profile,vit_small,mixup,in_b08,mad,e2r_vits_mixup_baseline_s1,border-ring,ring6_freq,0.033325,0.031325,0.035375,10000,uniform=0.059791 at this map's own mass,"image-level bootstrap, 10,000 resamples, seed 0 (D6)"
I1_spatial,val_diag_split,bcb2a4c5a8f5335a71f7abef3c3a5dc028acd4b96aa76177e66360422186f8a5,202a712d9392527cbf2fe99525a42a1d45d01aca,analysis/frozen_I1_spatial.py,ring_ordering,vit_small,mixup,in_b08,mad,e2r_vits_mixup_baseline_s1,ring0_vs_ring1,ring1_minus_ring0,0.069709,0.068232,0.071162,10000,>0 = ring 1 carries more mass per position than ring 0,"the ring CIs and this contrast come from ONE resample of images, so they are mutually consistent"
I1_spatial,val_diag_split,bcb2a4c5a8f5335a71f7abef3c3a5dc028acd4b96aa76177e66360422186f8a5,202a712d9392527cbf2fe99525a42a1d45d01aca,analysis/frozen_I1_spatial.py,concentration_excess,vit_small,mixup,in_b08,mad,e2r_vits_mixup_baseline_s1,finite-sample-null,gini_excess,0.309056,MISSING,MISSING,196,"null gini=0.022230 at mass=11.7190, 400 sims, seed 0",observed minus the finite-sample null — the only cross-member comparable form
I1_spatial,val_diag_split,bcb2a4c5a8f5335a71f7abef3c3a5dc028acd4b96aa76177e66360422186f8a5,202a712d9392527cbf2fe99525a42a1d45d01aca,analysis/frozen_I1_spatial.py,ring_profile,vit_small,mixup,in_b08,mad,e2r_vits_mixup_baseline_s2,border-ring,ring0_freq,0.055075,0.054275,0.055915,10000,uniform=0.071056 at this map's own mass,"image-level bootstrap, 10,000 resamples, seed 0 (D6)"
I1_spatial,val_diag_split,bcb2a4c5a8f5335a71f7abef3c3a5dc028acd4b96aa76177e66360422186f8a5,202a712d9392527cbf2fe99525a42a1d45d01aca,analysis/frozen_I1_spatial.py,ring_profile,vit_small,mixup,in_b08,mad,e2r_vits_mixup_baseline_s2,border-ring,ring1_freq,0.11928,0.118041,0.1205,10000,uniform=0.071056 at this map's own mass,"image-level bootstrap, 10,000 resamples, seed 0 (D6)"
I1_spatial,val_diag_split,bcb2a4c5a8f5335a71f7abef3c3a5dc028acd4b96aa76177e66360422186f8a5,202a712d9392527cbf2fe99525a42a1d45d01aca,analysis/frozen_I1_spatial.py,ring_profile,vit_small,mixup,in_b08,mad,e2r_vits_mixup_baseline_s2,border-ring,ring2_freq,0.081783,0.080664,0.082903,10000,uniform=0.071056 at this map's own mass,"image-level bootstrap, 10,000 resamples, seed 0 (D6)"
I1_spatial,val_diag_split,bcb2a4c5a8f5335a71f7abef3c3a5dc028acd4b96aa76177e66360422186f8a5,202a712d9392527cbf2fe99525a42a1d45d01aca,analysis/frozen_I1_spatial.py,ring_profile,vit_small,mixup,in_b08,mad,e2r_vits_mixup_baseline_s2,border-ring,ring3_freq,0.053643,0.052621,0.054711,10000,uniform=0.071056 at this map's own mass,"image-level bootstrap, 10,000 resamples, seed 0 (D6)"
I1_spatial,val_diag_split,bcb2a4c5a8f5335a71f7abef3c3a5dc028acd4b96aa76177e66360422186f8a5,202a712d9392527cbf2fe99525a42a1d45d01aca,analysis/frozen_I1_spatial.py,ring_profile,vit_small,mixup,in_b08,mad,e2r_vits_mixup_baseline_s2,border-ring,ring4_freq,0.038355,0.037315,0.03938,10000,uniform=0.071056 at this map's own mass,"image-level bootstrap, 10,000 resamples, seed 0 (D6)"
I1_spatial,val_diag_split,bcb2a4c5a8f5335a71f7abef3c3a5dc028acd4b96aa76177e66360422186f8a5,202a712d9392527cbf2fe99525a42a1d45d01aca,analysis/frozen_I1_spatial.py,ring_profile,vit_small,mixup,in_b08,mad,e2r_vits_mixup_baseline_s2,border-ring,ring5_freq,0.03535,0.034142,0.036575,10000,uniform=0.071056 at this map's own mass,"image-level bootstrap, 10,000 resamples, seed 0 (D6)"
I1_spatial,val_diag_split,bcb2a4c5a8f5335a71f7abef3c3a5dc028acd4b96aa76177e66360422186f8a5,202a712d9392527cbf2fe99525a42a1d45d01aca,analysis/frozen_I1_spatial.py,ring_profile,vit_small,mixup,in_b08,mad,e2r_vits_mixup_baseline_s2,border-ring,ring6_freq,0.0443,0.04205,0.046625,10000,uniform=0.071056 at this map's own mass,"image-level bootstrap, 10,000 resamples, seed 0 (D6)"
I1_spatial,val_diag_split,bcb2a4c5a8f5335a71f7abef3c3a5dc028acd4b96aa76177e66360422186f8a5,202a712d9392527cbf2fe99525a42a1d45d01aca,analysis/frozen_I1_spatial.py,ring_ordering,vit_small,mixup,in_b08,mad,e2r_vits_mixup_baseline_s2,ring0_vs_ring1,ring1_minus_ring0,0.064205,0.062645,0.065719,10000,>0 = ring 1 carries more mass per position than ring 0,"the ring CIs and this contrast come from ONE resample of images, so they are mutually consistent"
I1_spatial,val_diag_split,bcb2a4c5a8f5335a71f7abef3c3a5dc028acd4b96aa76177e66360422186f8a5,202a712d9392527cbf2fe99525a42a1d45d01aca,analysis/frozen_I1_spatial.py,concentration_excess,vit_small,mixup,in_b08,mad,e2r_vits_mixup_baseline_s2,finite-sample-null,gini_excess,0.267233,MISSING,MISSING,196,"null gini=0.020271 at mass=13.9269, 400 sims, seed 0",observed minus the finite-sample null — the only cross-member comparable form
I1_spatial,val_diag_split,bcb2a4c5a8f5335a71f7abef3c3a5dc028acd4b96aa76177e66360422186f8a5,202a712d9392527cbf2fe99525a42a1d45d01aca,analysis/frozen_I1_spatial.py,ring_profile,vit_small,mixup,in_b08,mad,legacy_e2_vit_small_mixupdir_baseline,border-ring,ring0_freq,0.048133,0.047392,0.048912,10000,uniform=0.068131 at this map's own mass,"image-level bootstrap, 10,000 resamples, seed 0 (D6)"
I1_spatial,val_diag_split,bcb2a4c5a8f5335a71f7abef3c3a5dc028acd4b96aa76177e66360422186f8a5,202a712d9392527cbf2fe99525a42a1d45d01aca,analysis/frozen_I1_spatial.py,ring_profile,vit_small,mixup,in_b08,mad,legacy_e2_vit_small_mixupdir_baseline,border-ring,ring1_freq,0.113755,0.11248,0.114982,10000,uniform=0.068131 at this map's own mass,"image-level bootstrap, 10,000 resamples, seed 0 (D6)"
I1_spatial,val_diag_split,bcb2a4c5a8f5335a71f7abef3c3a5dc028acd4b96aa76177e66360422186f8a5,202a712d9392527cbf2fe99525a42a1d45d01aca,analysis/frozen_I1_spatial.py,ring_profile,vit_small,mixup,in_b08,mad,legacy_e2_vit_small_mixupdir_baseline,border-ring,ring2_freq,0.079747,0.078683,0.080825,10000,uniform=0.068131 at this map's own mass,"image-level bootstrap, 10,000 resamples, seed 0 (D6)"
I1_spatial,val_diag_split,bcb2a4c5a8f5335a71f7abef3c3a5dc028acd4b96aa76177e66360422186f8a5,202a712d9392527cbf2fe99525a42a1d45d01aca,analysis/frozen_I1_spatial.py,ring_profile,vit_small,mixup,in_b08,mad,legacy_e2_vit_small_mixupdir_baseline,border-ring,ring3_freq,0.058168,0.057111,0.059289,10000,uniform=0.068131 at this map's own mass,"image-level bootstrap, 10,000 resamples, seed 0 (D6)"
I1_spatial,val_diag_split,bcb2a4c5a8f5335a71f7abef3c3a5dc028acd4b96aa76177e66360422186f8a5,202a712d9392527cbf2fe99525a42a1d45d01aca,analysis/frozen_I1_spatial.py,ring_profile,vit_small,mixup,in_b08,mad,legacy_e2_vit_small_mixupdir_baseline,border-ring,ring4_freq,0.03911,0.0381,0.04012,10000,uniform=0.068131 at this map's own mass,"image-level bootstrap, 10,000 resamples, seed 0 (D6)"
I1_spatial,val_diag_split,bcb2a4c5a8f5335a71f7abef3c3a5dc028acd4b96aa76177e66360422186f8a5,202a712d9392527cbf2fe99525a42a1d45d01aca,analysis/frozen_I1_spatial.py,ring_profile,vit_small,mixup,in_b08,mad,legacy_e2_vit_small_mixupdir_baseline,border-ring,ring5_freq,0.034942,0.0337,0.036192,10000,uniform=0.068131 at this map's own mass,"image-level bootstrap, 10,000 resamples, seed 0 (D6)"
I1_spatial,val_diag_split,bcb2a4c5a8f5335a71f7abef3c3a5dc028acd4b96aa76177e66360422186f8a5,202a712d9392527cbf2fe99525a42a1d45d01aca,analysis/frozen_I1_spatial.py,ring_profile,vit_small,mixup,in_b08,mad,legacy_e2_vit_small_mixupdir_baseline,border-ring,ring6_freq,0.036125,0.034075,0.038225,10000,uniform=0.068131 at this map's own mass,"image-level bootstrap, 10,000 resamples, seed 0 (D6)"
I1_spatial,val_diag_split,bcb2a4c5a8f5335a71f7abef3c3a5dc028acd4b96aa76177e66360422186f8a5,202a712d9392527cbf2fe99525a42a1d45d01aca,analysis/frozen_I1_spatial.py,ring_ordering,vit_small,mixup,in_b08,mad,legacy_e2_vit_small_mixupdir_baseline,ring0_vs_ring1,ring1_minus_ring0,0.065622,0.064115,0.067085,10000,>0 = ring 1 carries more mass per position than ring 0,"the ring CIs and this contrast come from ONE resample of images, so they are mutually consistent"
I1_spatial,val_diag_split,bcb2a4c5a8f5335a71f7abef3c3a5dc028acd4b96aa76177e66360422186f8a5,202a712d9392527cbf2fe99525a42a1d45d01aca,analysis/frozen_I1_spatial.py,concentration_excess,vit_small,mixup,in_b08,mad,legacy_e2_vit_small_mixupdir_baseline,finite-sample-null,gini_excess,0.271624,MISSING,MISSING,196,"null gini=0.020742 at mass=13.3537, 400 sims, seed 0",observed minus the finite-sample null — the only cross-member comparable form
I1_spatial,val_diag_split,bcb2a4c5a8f5335a71f7abef3c3a5dc028acd4b96aa76177e66360422186f8a5,202a712d9392527cbf2fe99525a42a1d45d01aca,analysis/frozen_I1_spatial.py,ring_profile,vit_small,mixup,in_b08,mad,legacy_e2_vit_small_nomixdir_baseline,border-ring,ring0_freq,0.041035,0.040319,0.041783,10000,uniform=0.060370 at this map's own mass,"image-level bootstrap, 10,000 resamples, seed 0 (D6)"
I1_spatial,val_diag_split,bcb2a4c5a8f5335a71f7abef3c3a5dc028acd4b96aa76177e66360422186f8a5,202a712d9392527cbf2fe99525a42a1d45d01aca,analysis/frozen_I1_spatial.py,ring_profile,vit_small,mixup,in_b08,mad,legacy_e2_vit_small_nomixdir_baseline,border-ring,ring1_freq,0.108298,0.107175,0.109439,10000,uniform=0.060370 at this map's own mass,"image-level bootstrap, 10,000 resamples, seed 0 (D6)"
I1_spatial,val_diag_split,bcb2a4c5a8f5335a71f7abef3c3a5dc028acd4b96aa76177e66360422186f8a5,202a712d9392527cbf2fe99525a42a1d45d01aca,analysis/frozen_I1_spatial.py,ring_profile,vit_small,mixup,in_b08,mad,legacy_e2_vit_small_nomixdir_baseline,border-ring,ring2_freq,0.070464,0.069494,0.071428,10000,uniform=0.060370 at this map's own mass,"image-level bootstrap, 10,000 resamples, seed 0 (D6)"
I1_spatial,val_diag_split,bcb2a4c5a8f5335a71f7abef3c3a5dc028acd4b96aa76177e66360422186f8a5,202a712d9392527cbf2fe99525a42a1d45d01aca,analysis/frozen_I1_spatial.py,ring_profile,vit_small,mixup,in_b08,mad,legacy_e2_vit_small_nomixdir_baseline,border-ring,ring3_freq,0.044571,0.043696,0.045479,10000,uniform=0.060370 at this map's own mass,"image-level bootstrap, 10,000 resamples, seed 0 (D6)"
I1_spatial,val_diag_split,bcb2a4c5a8f5335a71f7abef3c3a5dc028acd4b96aa76177e66360422186f8a5,202a712d9392527cbf2fe99525a42a1d45d01aca,analysis/frozen_I1_spatial.py,ring_profile,vit_small,mixup,in_b08,mad,legacy_e2_vit_small_nomixdir_baseline,border-ring,ring4_freq,0.0312,0.030275,0.03213,10000,uniform=0.060370 at this map's own mass,"image-level bootstrap, 10,000 resamples, seed 0 (D6)"
I1_spatial,val_diag_split,bcb2a4c5a8f5335a71f7abef3c3a5dc028acd4b96aa76177e66360422186f8a5,202a712d9392527cbf2fe99525a42a1d45d01aca,analysis/frozen_I1_spatial.py,ring_profile,vit_small,mixup,in_b08,mad,legacy_e2_vit_small_nomixdir_baseline,border-ring,ring5_freq,0.0309,0.02975,0.032067,10000,uniform=0.060370 at this map's own mass,"image-level bootstrap, 10,000 resamples, seed 0 (D6)"
I1_spatial,val_diag_split,bcb2a4c5a8f5335a71f7abef3c3a5dc028acd4b96aa76177e66360422186f8a5,202a712d9392527cbf2fe99525a42a1d45d01aca,analysis/frozen_I1_spatial.py,ring_profile,vit_small,mixup,in_b08,mad,legacy_e2_vit_small_nomixdir_baseline,border-ring,ring6_freq,0.03855,0.03635,0.0408,10000,uniform=0.060370 at this map's own mass,"image-level bootstrap, 10,000 resamples, seed 0 (D6)"
I1_spatial,val_diag_split,bcb2a4c5a8f5335a71f7abef3c3a5dc028acd4b96aa76177e66360422186f8a5,202a712d9392527cbf2fe99525a42a1d45d01aca,analysis/frozen_I1_spatial.py,ring_ordering,vit_small,mixup,in_b08,mad,legacy_e2_vit_small_nomixdir_baseline,ring0_vs_ring1,ring1_minus_ring0,0.067263,0.065813,0.068659,10000,>0 = ring 1 carries more mass per position than ring 0,"the ring CIs and this contrast come from ONE resample of images, so they are mutually consistent"
I1_spatial,val_diag_split,bcb2a4c5a8f5335a71f7abef3c3a5dc028acd4b96aa76177e66360422186f8a5,202a712d9392527cbf2fe99525a42a1d45d01aca,analysis/frozen_I1_spatial.py,concentration_excess,vit_small,mixup,in_b08,mad,legacy_e2_vit_small_nomixdir_baseline,finite-sample-null,gini_excess,0.289909,MISSING,MISSING,196,"null gini=0.022116 at mass=11.8326, 400 sims, seed 0",observed minus the finite-sample null — the only cross-member comparable form
I1_spatial,val_diag_split,bcb2a4c5a8f5335a71f7abef3c3a5dc028acd4b96aa76177e66360422186f8a5,202a712d9392527cbf2fe99525a42a1d45d01aca,analysis/frozen_I1_spatial.py,ring_profile,vit_small,nomix,in_b08,mad,e2r_vits_nomix_baseline_s1,border-ring,ring0_freq,0.016787,0.015848,0.017752,10000,uniform=0.011462 at this map's own mass,"image-level bootstrap, 10,000 resamples, seed 0 (D6)"
I1_spatial,val_diag_split,bcb2a4c5a8f5335a71f7abef3c3a5dc028acd4b96aa76177e66360422186f8a5,202a712d9392527cbf2fe99525a42a1d45d01aca,analysis/frozen_I1_spatial.py,ring_profile,vit_small,nomix,in_b08,mad,e2r_vits_nomix_baseline_s1,border-ring,ring1_freq,0.010559,0.010048,0.011075,10000,uniform=0.011462 at this map's own mass,"image-level bootstrap, 10,000 resamples, seed 0 (D6)"
I1_spatial,val_diag_split,bcb2a4c5a8f5335a71f7abef3c3a5dc028acd4b96aa76177e66360422186f8a5,202a712d9392527cbf2fe99525a42a1d45d01aca,analysis/frozen_I1_spatial.py,ring_profile,vit_small,nomix,in_b08,mad,e2r_vits_nomix_baseline_s1,border-ring,ring2_freq,0.008786,0.00835,0.009236,10000,uniform=0.011462 at this map's own mass,"image-level bootstrap, 10,000 resamples, seed 0 (D6)"
I1_spatial,val_diag_split,bcb2a4c5a8f5335a71f7abef3c3a5dc028acd4b96aa76177e66360422186f8a5,202a712d9392527cbf2fe99525a42a1d45d01aca,analysis/frozen_I1_spatial.py,ring_profile,vit_small,nomix,in_b08,mad,e2r_vits_nomix_baseline_s1,border-ring,ring3_freq,0.008404,0.007932,0.008889,10000,uniform=0.011462 at this map's own mass,"image-level bootstrap, 10,000 resamples, seed 0 (D6)"
I1_spatial,val_diag_split,bcb2a4c5a8f5335a71f7abef3c3a5dc028acd4b96aa76177e66360422186f8a5,202a712d9392527cbf2fe99525a42a1d45d01aca,analysis/frozen_I1_spatial.py,ring_profile,vit_small,nomix,in_b08,mad,e2r_vits_nomix_baseline_s1,border-ring,ring4_freq,0.00914,0.00853,0.009745,10000,uniform=0.011462 at this map's own mass,"image-level bootstrap, 10,000 resamples, seed 0 (D6)"
I1_spatial,val_diag_split,bcb2a4c5a8f5335a71f7abef3c3a5dc028acd4b96aa76177e66360422186f8a5,202a712d9392527cbf2fe99525a42a1d45d01aca,analysis/frozen_I1_spatial.py,ring_profile,vit_small,nomix,in_b08,mad,e2r_vits_nomix_baseline_s1,border-ring,ring5_freq,0.00995,0.009158,0.010767,10000,uniform=0.011462 at this map's own mass,"image-level bootstrap, 10,000 resamples, seed 0 (D6)"
I1_spatial,val_diag_split,bcb2a4c5a8f5335a71f7abef3c3a5dc028acd4b96aa76177e66360422186f8a5,202a712d9392527cbf2fe99525a42a1d45d01aca,analysis/frozen_I1_spatial.py,ring_profile,vit_small,nomix,in_b08,mad,e2r_vits_nomix_baseline_s1,border-ring,ring6_freq,0.013825,0.01235,0.0154,10000,uniform=0.011462 at this map's own mass,"image-level bootstrap, 10,000 resamples, seed 0 (D6)"
I1_spatial,val_diag_split,bcb2a4c5a8f5335a71f7abef3c3a5dc028acd4b96aa76177e66360422186f8a5,202a712d9392527cbf2fe99525a42a1d45d01aca,analysis/frozen_I1_spatial.py,ring_ordering,vit_small,nomix,in_b08,mad,e2r_vits_nomix_baseline_s1,ring0_vs_ring1,ring1_minus_ring0,-0.006227,-0.007155,-0.005324,10000,>0 = ring 1 carries more mass per position than ring 0,"the ring CIs and this contrast come from ONE resample of images, so they are mutually consistent"
I1_spatial,val_diag_split,bcb2a4c5a8f5335a71f7abef3c3a5dc028acd4b96aa76177e66360422186f8a5,202a712d9392527cbf2fe99525a42a1d45d01aca,analysis/frozen_I1_spatial.py,concentration_excess,vit_small,nomix,in_b08,mad,e2r_vits_nomix_baseline_s1,finite-sample-null,gini_excess,0.169333,MISSING,MISSING,196,"null gini=0.052118 at mass=2.2466, 400 sims, seed 0",observed minus the finite-sample null — the only cross-member comparable form
I1_spatial,val_diag_split,bcb2a4c5a8f5335a71f7abef3c3a5dc028acd4b96aa76177e66360422186f8a5,202a712d9392527cbf2fe99525a42a1d45d01aca,analysis/frozen_I1_spatial.py,ring_profile,vit_small,nomix,in_b08,mad,e2r_vits_nomix_baseline_s2,border-ring,ring0_freq,0.02359,0.022631,0.024538,10000,uniform=0.016776 at this map's own mass,"image-level bootstrap, 10,000 resamples, seed 0 (D6)"
I1_spatial,val_diag_split,bcb2a4c5a8f5335a71f7abef3c3a5dc028acd4b96aa76177e66360422186f8a5,202a712d9392527cbf2fe99525a42a1d45d01aca,analysis/frozen_I1_spatial.py,ring_profile,vit_small,nomix,in_b08,mad,e2r_vits_nomix_baseline_s2,border-ring,ring1_freq,0.013893,0.013325,0.014464,10000,uniform=0.016776 at this map's own mass,"image-level bootstrap, 10,000 resamples, seed 0 (D6)"
I1_spatial,val_diag_split,bcb2a4c5a8f5335a71f7abef3c3a5dc028acd4b96aa76177e66360422186f8a5,202a712d9392527cbf2fe99525a42a1d45d01aca,analysis/frozen_I1_spatial.py,ring_profile,vit_small,nomix,in_b08,mad,e2r_vits_nomix_baseline_s2,border-ring,ring2_freq,0.012778,0.012247,0.013297,10000,uniform=0.016776 at this map's own mass,"image-level bootstrap, 10,000 resamples, seed 0 (D6)"
I1_spatial,val_diag_split,bcb2a4c5a8f5335a71f7abef3c3a5dc028acd4b96aa76177e66360422186f8a5,202a712d9392527cbf2fe99525a42a1d45d01aca,analysis/frozen_I1_spatial.py,ring_profile,vit_small,nomix,in_b08,mad,e2r_vits_nomix_baseline_s2,border-ring,ring3_freq,0.013582,0.012979,0.014189,10000,uniform=0.016776 at this map's own mass,"image-level bootstrap, 10,000 resamples, seed 0 (D6)"
I1_spatial,val_diag_split,bcb2a4c5a8f5335a71f7abef3c3a5dc028acd4b96aa76177e66360422186f8a5,202a712d9392527cbf2fe99525a42a1d45d01aca,analysis/frozen_I1_spatial.py,ring_profile,vit_small,nomix,in_b08,mad,e2r_vits_nomix_baseline_s2,border-ring,ring4_freq,0.01529,0.014525,0.016065,10000,uniform=0.016776 at this map's own mass,"image-level bootstrap, 10,000 resamples, seed 0 (D6)"
I1_spatial,val_diag_split,bcb2a4c5a8f5335a71f7abef3c3a5dc028acd4b96aa76177e66360422186f8a5,202a712d9392527cbf2fe99525a42a1d45d01aca,analysis/frozen_I1_spatial.py,ring_profile,vit_small,nomix,in_b08,mad,e2r_vits_nomix_baseline_s2,border-ring,ring5_freq,0.0178,0.016775,0.018867,10000,uniform=0.016776 at this map's own mass,"image-level bootstrap, 10,000 resamples, seed 0 (D6)"
I1_spatial,val_diag_split,bcb2a4c5a8f5335a71f7abef3c3a5dc028acd4b96aa76177e66360422186f8a5,202a712d9392527cbf2fe99525a42a1d45d01aca,analysis/frozen_I1_spatial.py,ring_profile,vit_small,nomix,in_b08,mad,e2r_vits_nomix_baseline_s2,border-ring,ring6_freq,0.022575,0.0207,0.0245,10000,uniform=0.016776 at this map's own mass,"image-level bootstrap, 10,000 resamples, seed 0 (D6)"
I1_spatial,val_diag_split,bcb2a4c5a8f5335a71f7abef3c3a5dc028acd4b96aa76177e66360422186f8a5,202a712d9392527cbf2fe99525a42a1d45d01aca,analysis/frozen_I1_spatial.py,ring_ordering,vit_small,nomix,in_b08,mad,e2r_vits_nomix_baseline_s2,ring0_vs_ring1,ring1_minus_ring0,-0.009697,-0.010624,-0.008793,10000,>0 = ring 1 carries more mass per position than ring 0,"the ring CIs and this contrast come from ONE resample of images, so they are mutually consistent"
I1_spatial,val_diag_split,bcb2a4c5a8f5335a71f7abef3c3a5dc028acd4b96aa76177e66360422186f8a5,202a712d9392527cbf2fe99525a42a1d45d01aca,analysis/frozen_I1_spatial.py,concentration_excess,vit_small,nomix,in_b08,mad,e2r_vits_nomix_baseline_s2,finite-sample-null,gini_excess,0.188799,MISSING,MISSING,196,"null gini=0.043006 at mass=3.2880, 400 sims, seed 0",observed minus the finite-sample null — the only cross-member comparable form
I1_spatial,val_diag_split,bcb2a4c5a8f5335a71f7abef3c3a5dc028acd4b96aa76177e66360422186f8a5,202a712d9392527cbf2fe99525a42a1d45d01aca,analysis/frozen_I1_spatial.py,cross_recipe_map_correlation,vit_small,mixup|nomix,hist,fixed_cal,e2r_vits_mixup_baseline_s1,e2r_vits_nomix_baseline_s1,rho,0.259464,MISSING,MISSING,1568,within-recipe mean rho=0.9120,"residual map correlation; exact permutation p=0.2334, null sd=0.2007"
I1_spatial,val_diag_split,bcb2a4c5a8f5335a71f7abef3c3a5dc028acd4b96aa76177e66360422186f8a5,202a712d9392527cbf2fe99525a42a1d45d01aca,analysis/frozen_I1_spatial.py,cross_recipe_map_correlation,vit_small,mixup|nomix,hist,fixed_cal,e2r_vits_mixup_baseline_s1,e2r_vits_nomix_baseline_s2,rho,0.399895,MISSING,MISSING,1568,within-recipe mean rho=0.9120,"residual map correlation; exact permutation p=0.0389, null sd=0.2044"
I1_spatial,val_diag_split,bcb2a4c5a8f5335a71f7abef3c3a5dc028acd4b96aa76177e66360422186f8a5,202a712d9392527cbf2fe99525a42a1d45d01aca,analysis/frozen_I1_spatial.py,cross_recipe_map_correlation,vit_small,mixup|nomix,hist,fixed_cal,e2r_vits_mixup_baseline_s2,e2r_vits_nomix_baseline_s1,rho,0.25716,MISSING,MISSING,1568,within-recipe mean rho=0.9120,"residual map correlation; exact permutation p=0.3093, null sd=0.2194"
I1_spatial,val_diag_split,bcb2a4c5a8f5335a71f7abef3c3a5dc028acd4b96aa76177e66360422186f8a5,202a712d9392527cbf2fe99525a42a1d45d01aca,analysis/frozen_I1_spatial.py,cross_recipe_map_correlation,vit_small,mixup|nomix,hist,fixed_cal,e2r_vits_mixup_baseline_s2,e2r_vits_nomix_baseline_s2,rho,0.357129,MISSING,MISSING,1568,within-recipe mean rho=0.9120,"residual map correlation; exact permutation p=0.0816, null sd=0.2175"
I1_spatial,val_diag_split,bcb2a4c5a8f5335a71f7abef3c3a5dc028acd4b96aa76177e66360422186f8a5,202a712d9392527cbf2fe99525a42a1d45d01aca,analysis/frozen_I1_spatial.py,cross_recipe_map_correlation,vit_small,mixup|nomix,hist,fixed_cal,legacy_e2_vit_small_mixupdir_baseline,e2r_vits_nomix_baseline_s1,rho,0.229463,MISSING,MISSING,1568,within-recipe mean rho=0.9120,"residual map correlation; exact permutation p=0.3259, null sd=0.1988"
I1_spatial,val_diag_split,bcb2a4c5a8f5335a71f7abef3c3a5dc028acd4b96aa76177e66360422186f8a5,202a712d9392527cbf2fe99525a42a1d45d01aca,analysis/frozen_I1_spatial.py,cross_recipe_map_correlation,vit_small,mixup|nomix,hist,fixed_cal,legacy_e2_vit_small_mixupdir_baseline,e2r_vits_nomix_baseline_s2,rho,0.361264,MISSING,MISSING,1568,within-recipe mean rho=0.9120,"residual map correlation; exact permutation p=0.0529, null sd=0.2036"
I1_spatial,val_diag_split,bcb2a4c5a8f5335a71f7abef3c3a5dc028acd4b96aa76177e66360422186f8a5,202a712d9392527cbf2fe99525a42a1d45d01aca,analysis/frozen_I1_spatial.py,cross_recipe_map_correlation,vit_small,mixup|nomix,hist,fixed_cal,legacy_e2_vit_small_nomixdir_baseline,e2r_vits_nomix_baseline_s1,rho,0.193577,MISSING,MISSING,1568,within-recipe mean rho=0.9120,"residual map correlation; exact permutation p=0.2526, null sd=0.1573"
I1_spatial,val_diag_split,bcb2a4c5a8f5335a71f7abef3c3a5dc028acd4b96aa76177e66360422186f8a5,202a712d9392527cbf2fe99525a42a1d45d01aca,analysis/frozen_I1_spatial.py,cross_recipe_map_correlation,vit_small,mixup|nomix,hist,fixed_cal,legacy_e2_vit_small_nomixdir_baseline,e2r_vits_nomix_baseline_s2,rho,0.39412,MISSING,MISSING,1568,within-recipe mean rho=0.9120,"residual map correlation; exact permutation p=0.0261, null sd=0.1780"
I1_spatial,val_diag_split,bcb2a4c5a8f5335a71f7abef3c3a5dc028acd4b96aa76177e66360422186f8a5,202a712d9392527cbf2fe99525a42a1d45d01aca,analysis/frozen_I1_spatial.py,cross_recipe_map_correlation,vit_small,mixup|nomix,hist,fixed_cal,MEAN,all-cross-pairs,rho_mean,0.306509,MISSING,MISSING,8,within-recipe mean is the comparator,mean over all cross-recipe baseline pairs
I1_spatial,val_diag_split,bcb2a4c5a8f5335a71f7abef3c3a5dc028acd4b96aa76177e66360422186f8a5,202a712d9392527cbf2fe99525a42a1d45d01aca,analysis/frozen_I1_spatial.py,within_recipe_map_correlation,vit_small,mixup,hist,fixed_cal,MEAN,all-within-pairs,rho_mean,0.912005,MISSING,MISSING,6,zero = no shared spatial structure,mean over all within-recipe mixup baseline pairs
I1_spatial,val_diag_split,bcb2a4c5a8f5335a71f7abef3c3a5dc028acd4b96aa76177e66360422186f8a5,202a712d9392527cbf2fe99525a42a1d45d01aca,analysis/frozen_I1_spatial.py,ring_profile,vit_small,mixup,hist,fixed_cal,e2r_vits_mixup_baseline_s1,border-ring,ring0_freq,0.074044,0.073038,0.075087,10000,uniform=0.100447 at this map's own mass,"image-level bootstrap, 10,000 resamples, seed 0 (D6)"
I1_spatial,val_diag_split,bcb2a4c5a8f5335a71f7abef3c3a5dc028acd4b96aa76177e66360422186f8a5,202a712d9392527cbf2fe99525a42a1d45d01aca,analysis/frozen_I1_spatial.py,ring_profile,vit_small,mixup,hist,fixed_cal,e2r_vits_mixup_baseline_s1,border-ring,ring1_freq,0.163009,0.161259,0.164727,10000,uniform=0.100447 at this map's own mass,"image-level bootstrap, 10,000 resamples, seed 0 (D6)"
I1_spatial,val_diag_split,bcb2a4c5a8f5335a71f7abef3c3a5dc028acd4b96aa76177e66360422186f8a5,202a712d9392527cbf2fe99525a42a1d45d01aca,analysis/frozen_I1_spatial.py,ring_profile,vit_small,mixup,hist,fixed_cal,e2r_vits_mixup_baseline_s1,border-ring,ring2_freq,0.10865,0.107175,0.110094,10000,uniform=0.100447 at this map's own mass,"image-level bootstrap, 10,000 resamples, seed 0 (D6)"
I1_spatial,val_diag_split,bcb2a4c5a8f5335a71f7abef3c3a5dc028acd4b96aa76177e66360422186f8a5,202a712d9392527cbf2fe99525a42a1d45d01aca,analysis/frozen_I1_spatial.py,ring_profile,vit_small,mixup,hist,fixed_cal,e2r_vits_mixup_baseline_s1,border-ring,ring3_freq,0.082964,0.081496,0.084432,10000,uniform=0.100447 at this map's own mass,"image-level bootstrap, 10,000 resamples, seed 0 (D6)"
I1_spatial,val_diag_split,bcb2a4c5a8f5335a71f7abef3c3a5dc028acd4b96aa76177e66360422186f8a5,202a712d9392527cbf2fe99525a42a1d45d01aca,analysis/frozen_I1_spatial.py,ring_profile,vit_small,mixup,hist,fixed_cal,e2r_vits_mixup_baseline_s1,border-ring,ring4_freq,0.066185,0.064615,0.06777,10000,uniform=0.100447 at this map's own mass,"image-level bootstrap, 10,000 resamples, seed 0 (D6)"
I1_spatial,val_diag_split,bcb2a4c5a8f5335a71f7abef3c3a5dc028acd4b96aa76177e66360422186f8a5,202a712d9392527cbf2fe99525a42a1d45d01aca,analysis/frozen_I1_spatial.py,ring_profile,vit_small,mixup,hist,fixed_cal,e2r_vits_mixup_baseline_s1,border-ring,ring5_freq,0.068,0.065992,0.070017,10000,uniform=0.100447 at this map's own mass,"image-level bootstrap, 10,000 resamples, seed 0 (D6)"
I1_spatial,val_diag_split,bcb2a4c5a8f5335a71f7abef3c3a5dc028acd4b96aa76177e66360422186f8a5,202a712d9392527cbf2fe99525a42a1d45d01aca,analysis/frozen_I1_spatial.py,ring_profile,vit_small,mixup,hist,fixed_cal,e2r_vits_mixup_baseline_s1,border-ring,ring6_freq,0.0727,0.0696,0.075925,10000,uniform=0.100447 at this map's own mass,"image-level bootstrap, 10,000 resamples, seed 0 (D6)"
I1_spatial,val_diag_split,bcb2a4c5a8f5335a71f7abef3c3a5dc028acd4b96aa76177e66360422186f8a5,202a712d9392527cbf2fe99525a42a1d45d01aca,analysis/frozen_I1_spatial.py,ring_ordering,vit_small,mixup,hist,fixed_cal,e2r_vits_mixup_baseline_s1,ring0_vs_ring1,ring1_minus_ring0,0.088965,0.087061,0.090893,10000,>0 = ring 1 carries more mass per position than ring 0,"the ring CIs and this contrast come from ONE resample of images, so they are mutually consistent"
I1_spatial,val_diag_split,bcb2a4c5a8f5335a71f7abef3c3a5dc028acd4b96aa76177e66360422186f8a5,202a712d9392527cbf2fe99525a42a1d45d01aca,analysis/frozen_I1_spatial.py,concentration_excess,vit_small,mixup,hist,fixed_cal,e2r_vits_mixup_baseline_s1,finite-sample-null,gini_excess,0.230815,MISSING,MISSING,196,"null gini=0.016799 at mass=19.6876, 400 sims, seed 0",observed minus the finite-sample null — the only cross-member comparable form
I1_spatial,val_diag_split,bcb2a4c5a8f5335a71f7abef3c3a5dc028acd4b96aa76177e66360422186f8a5,202a712d9392527cbf2fe99525a42a1d45d01aca,analysis/frozen_I1_spatial.py,ring_profile,vit_small,mixup,hist,fixed_cal,e2r_vits_mixup_baseline_s2,border-ring,ring0_freq,0.054615,0.053838,0.055385,10000,uniform=0.075791 at this map's own mass,"image-level bootstrap, 10,000 resamples, seed 0 (D6)"
I1_spatial,val_diag_split,bcb2a4c5a8f5335a71f7abef3c3a5dc028acd4b96aa76177e66360422186f8a5,202a712d9392527cbf2fe99525a42a1d45d01aca,analysis/frozen_I1_spatial.py,ring_profile,vit_small,mixup,hist,fixed_cal,e2r_vits_mixup_baseline_s2,border-ring,ring1_freq,0.125014,0.123641,0.126377,10000,uniform=0.075791 at this map's own mass,"image-level bootstrap, 10,000 resamples, seed 0 (D6)"
I1_spatial,val_diag_split,bcb2a4c5a8f5335a71f7abef3c3a5dc028acd4b96aa76177e66360422186f8a5,202a712d9392527cbf2fe99525a42a1d45d01aca,analysis/frozen_I1_spatial.py,ring_profile,vit_small,mixup,hist,fixed_cal,e2r_vits_mixup_baseline_s2,border-ring,ring2_freq,0.088878,0.087636,0.090153,10000,uniform=0.075791 at this map's own mass,"image-level bootstrap, 10,000 resamples, seed 0 (D6)"
I1_spatial,val_diag_split,bcb2a4c5a8f5335a71f7abef3c3a5dc028acd4b96aa76177e66360422186f8a5,202a712d9392527cbf2fe99525a42a1d45d01aca,analysis/frozen_I1_spatial.py,ring_profile,vit_small,mixup,hist,fixed_cal,e2r_vits_mixup_baseline_s2,border-ring,ring3_freq,0.059864,0.058689,0.061022,10000,uniform=0.075791 at this map's own mass,"image-level bootstrap, 10,000 resamples, seed 0 (D6)"
I1_spatial,val_diag_split,bcb2a4c5a8f5335a71f7abef3c3a5dc028acd4b96aa76177e66360422186f8a5,202a712d9392527cbf2fe99525a42a1d45d01aca,analysis/frozen_I1_spatial.py,ring_profile,vit_small,mixup,hist,fixed_cal,e2r_vits_mixup_baseline_s2,border-ring,ring4_freq,0.045085,0.043875,0.04631,10000,uniform=0.075791 at this map's own mass,"image-level bootstrap, 10,000 resamples, seed 0 (D6)"
I1_spatial,val_diag_split,bcb2a4c5a8f5335a71f7abef3c3a5dc028acd4b96aa76177e66360422186f8a5,202a712d9392527cbf2fe99525a42a1d45d01aca,analysis/frozen_I1_spatial.py,ring_profile,vit_small,mixup,hist,fixed_cal,e2r_vits_mixup_baseline_s2,border-ring,ring5_freq,0.044192,0.04265,0.045767,10000,uniform=0.075791 at this map's own mass,"image-level bootstrap, 10,000 resamples, seed 0 (D6)"
I1_spatial,val_diag_split,bcb2a4c5a8f5335a71f7abef3c3a5dc028acd4b96aa76177e66360422186f8a5,202a712d9392527cbf2fe99525a42a1d45d01aca,analysis/frozen_I1_spatial.py,ring_profile,vit_small,mixup,hist,fixed_cal,e2r_vits_mixup_baseline_s2,border-ring,ring6_freq,0.05165,0.049075,0.054225,10000,uniform=0.075791 at this map's own mass,"image-level bootstrap, 10,000 resamples, seed 0 (D6)"
I1_spatial,val_diag_split,bcb2a4c5a8f5335a71f7abef3c3a5dc028acd4b96aa76177e66360422186f8a5,202a712d9392527cbf2fe99525a42a1d45d01aca,analysis/frozen_I1_spatial.py,ring_ordering,vit_small,mixup,hist,fixed_cal,e2r_vits_mixup_baseline_s2,ring0_vs_ring1,ring1_minus_ring0,0.070398,0.068782,0.071986,10000,>0 = ring 1 carries more mass per position than ring 0,"the ring CIs and this contrast come from ONE resample of images, so they are mutually consistent"
I1_spatial,val_diag_split,bcb2a4c5a8f5335a71f7abef3c3a5dc028acd4b96aa76177e66360422186f8a5,202a712d9392527cbf2fe99525a42a1d45d01aca,analysis/frozen_I1_spatial.py,concentration_excess,vit_small,mixup,hist,fixed_cal,e2r_vits_mixup_baseline_s2,finite-sample-null,gini_excess,0.258152,MISSING,MISSING,196,"null gini=0.019586 at mass=14.8550, 400 sims, seed 0",observed minus the finite-sample null — the only cross-member comparable form
I1_spatial,val_diag_split,bcb2a4c5a8f5335a71f7abef3c3a5dc028acd4b96aa76177e66360422186f8a5,202a712d9392527cbf2fe99525a42a1d45d01aca,analysis/frozen_I1_spatial.py,ring_profile,vit_small,mixup,hist,fixed_cal,legacy_e2_vit_small_mixupdir_baseline,border-ring,ring0_freq,0.054002,0.053181,0.054858,10000,uniform=0.078583 at this map's own mass,"image-level bootstrap, 10,000 resamples, seed 0 (D6)"
I1_spatial,val_diag_split,bcb2a4c5a8f5335a71f7abef3c3a5dc028acd4b96aa76177e66360422186f8a5,202a712d9392527cbf2fe99525a42a1d45d01aca,analysis/frozen_I1_spatial.py,ring_profile,vit_small,mixup,hist,fixed_cal,legacy_e2_vit_small_mixupdir_baseline,border-ring,ring1_freq,0.126168,0.12472,0.127543,10000,uniform=0.078583 at this map's own mass,"image-level bootstrap, 10,000 resamples, seed 0 (D6)"
I1_spatial,val_diag_split,bcb2a4c5a8f5335a71f7abef3c3a5dc028acd4b96aa76177e66360422186f8a5,202a712d9392527cbf2fe99525a42a1d45d01aca,analysis/frozen_I1_spatial.py,ring_profile,vit_small,mixup,hist,fixed_cal,legacy_e2_vit_small_mixupdir_baseline,border-ring,ring2_freq,0.091156,0.089897,0.092417,10000,uniform=0.078583 at this map's own mass,"image-level bootstrap, 10,000 resamples, seed 0 (D6)"
I1_spatial,val_diag_split,bcb2a4c5a8f5335a71f7abef3c3a5dc028acd4b96aa76177e66360422186f8a5,202a712d9392527cbf2fe99525a42a1d45d01aca,analysis/frozen_I1_spatial.py,ring_profile,vit_small,mixup,hist,fixed_cal,legacy_e2_vit_small_mixupdir_baseline,border-ring,ring3_freq,0.069386,0.068068,0.070711,10000,uniform=0.078583 at this map's own mass,"image-level bootstrap, 10,000 resamples, seed 0 (D6)"
I1_spatial,val_diag_split,bcb2a4c5a8f5335a71f7abef3c3a5dc028acd4b96aa76177e66360422186f8a5,202a712d9392527cbf2fe99525a42a1d45d01aca,analysis/frozen_I1_spatial.py,ring_profile,vit_small,mixup,hist,fixed_cal,legacy_e2_vit_small_mixupdir_baseline,border-ring,ring4_freq,0.05152,0.050175,0.05287,10000,uniform=0.078583 at this map's own mass,"image-level bootstrap, 10,000 resamples, seed 0 (D6)"
I1_spatial,val_diag_split,bcb2a4c5a8f5335a71f7abef3c3a5dc028acd4b96aa76177e66360422186f8a5,202a712d9392527cbf2fe99525a42a1d45d01aca,analysis/frozen_I1_spatial.py,ring_profile,vit_small,mixup,hist,fixed_cal,legacy_e2_vit_small_mixupdir_baseline,border-ring,ring5_freq,0.049025,0.047325,0.050725,10000,uniform=0.078583 at this map's own mass,"image-level bootstrap, 10,000 resamples, seed 0 (D6)"
I1_spatial,val_diag_split,bcb2a4c5a8f5335a71f7abef3c3a5dc028acd4b96aa76177e66360422186f8a5,202a712d9392527cbf2fe99525a42a1d45d01aca,analysis/frozen_I1_spatial.py,ring_profile,vit_small,mixup,hist,fixed_cal,legacy_e2_vit_small_mixupdir_baseline,border-ring,ring6_freq,0.0499,0.04735,0.052426,10000,uniform=0.078583 at this map's own mass,"image-level bootstrap, 10,000 resamples, seed 0 (D6)"
I1_spatial,val_diag_split,bcb2a4c5a8f5335a71f7abef3c3a5dc028acd4b96aa76177e66360422186f8a5,202a712d9392527cbf2fe99525a42a1d45d01aca,analysis/frozen_I1_spatial.py,ring_ordering,vit_small,mixup,hist,fixed_cal,legacy_e2_vit_small_mixupdir_baseline,ring0_vs_ring1,ring1_minus_ring0,0.072166,0.070534,0.073805,10000,>0 = ring 1 carries more mass per position than ring 0,"the ring CIs and this contrast come from ONE resample of images, so they are mutually consistent"
I1_spatial,val_diag_split,bcb2a4c5a8f5335a71f7abef3c3a5dc028acd4b96aa76177e66360422186f8a5,202a712d9392527cbf2fe99525a42a1d45d01aca,analysis/frozen_I1_spatial.py,concentration_excess,vit_small,mixup,hist,fixed_cal,legacy_e2_vit_small_mixupdir_baseline,finite-sample-null,gini_excess,0.242229,MISSING,MISSING,196,"null gini=0.019194 at mass=15.4022, 400 sims, seed 0",observed minus the finite-sample null — the only cross-member comparable form
I1_spatial,val_diag_split,bcb2a4c5a8f5335a71f7abef3c3a5dc028acd4b96aa76177e66360422186f8a5,202a712d9392527cbf2fe99525a42a1d45d01aca,analysis/frozen_I1_spatial.py,ring_profile,vit_small,mixup,hist,fixed_cal,legacy_e2_vit_small_nomixdir_baseline,border-ring,ring0_freq,0.053694,0.052887,0.054512,10000,uniform=0.081714 at this map's own mass,"image-level bootstrap, 10,000 resamples, seed 0 (D6)"
I1_spatial,val_diag_split,bcb2a4c5a8f5335a71f7abef3c3a5dc028acd4b96aa76177e66360422186f8a5,202a712d9392527cbf2fe99525a42a1d45d01aca,analysis/frozen_I1_spatial.py,ring_profile,vit_small,mixup,hist,fixed_cal,legacy_e2_vit_small_nomixdir_baseline,border-ring,ring1_freq,0.136645,0.135109,0.138168,10000,uniform=0.081714 at this map's own mass,"image-level bootstrap, 10,000 resamples, seed 0 (D6)"
I1_spatial,val_diag_split,bcb2a4c5a8f5335a71f7abef3c3a5dc028acd4b96aa76177e66360422186f8a5,202a712d9392527cbf2fe99525a42a1d45d01aca,analysis/frozen_I1_spatial.py,ring_profile,vit_small,mixup,hist,fixed_cal,legacy_e2_vit_small_nomixdir_baseline,border-ring,ring2_freq,0.095331,0.094022,0.096597,10000,uniform=0.081714 at this map's own mass,"image-level bootstrap, 10,000 resamples, seed 0 (D6)"
I1_spatial,val_diag_split,bcb2a4c5a8f5335a71f7abef3c3a5dc028acd4b96aa76177e66360422186f8a5,202a712d9392527cbf2fe99525a42a1d45d01aca,analysis/frozen_I1_spatial.py,ring_profile,vit_small,mixup,hist,fixed_cal,legacy_e2_vit_small_nomixdir_baseline,border-ring,ring3_freq,0.065893,0.064589,0.067136,10000,uniform=0.081714 at this map's own mass,"image-level bootstrap, 10,000 resamples, seed 0 (D6)"
I1_spatial,val_diag_split,bcb2a4c5a8f5335a71f7abef3c3a5dc028acd4b96aa76177e66360422186f8a5,202a712d9392527cbf2fe99525a42a1d45d01aca,analysis/frozen_I1_spatial.py,ring_profile,vit_small,mixup,hist,fixed_cal,legacy_e2_vit_small_nomixdir_baseline,border-ring,ring4_freq,0.051485,0.05008,0.052895,10000,uniform=0.081714 at this map's own mass,"image-level bootstrap, 10,000 resamples, seed 0 (D6)"
I1_spatial,val_diag_split,bcb2a4c5a8f5335a71f7abef3c3a5dc028acd4b96aa76177e66360422186f8a5,202a712d9392527cbf2fe99525a42a1d45d01aca,analysis/frozen_I1_spatial.py,ring_profile,vit_small,mixup,hist,fixed_cal,legacy_e2_vit_small_nomixdir_baseline,border-ring,ring5_freq,0.054417,0.0526,0.056233,10000,uniform=0.081714 at this map's own mass,"image-level bootstrap, 10,000 resamples, seed 0 (D6)"
I1_spatial,val_diag_split,bcb2a4c5a8f5335a71f7abef3c3a5dc028acd4b96aa76177e66360422186f8a5,202a712d9392527cbf2fe99525a42a1d45d01aca,analysis/frozen_I1_spatial.py,ring_profile,vit_small,mixup,hist,fixed_cal,legacy_e2_vit_small_nomixdir_baseline,border-ring,ring6_freq,0.06295,0.060075,0.0659,10000,uniform=0.081714 at this map's own mass,"image-level bootstrap, 10,000 resamples, seed 0 (D6)"
I1_spatial,val_diag_split,bcb2a4c5a8f5335a71f7abef3c3a5dc028acd4b96aa76177e66360422186f8a5,202a712d9392527cbf2fe99525a42a1d45d01aca,analysis/frozen_I1_spatial.py,ring_ordering,vit_small,mixup,hist,fixed_cal,legacy_e2_vit_small_nomixdir_baseline,ring0_vs_ring1,ring1_minus_ring0,0.082951,0.081211,0.084696,10000,>0 = ring 1 carries more mass per position than ring 0,"the ring CIs and this contrast come from ONE resample of images, so they are mutually consistent"
I1_spatial,val_diag_split,bcb2a4c5a8f5335a71f7abef3c3a5dc028acd4b96aa76177e66360422186f8a5,202a712d9392527cbf2fe99525a42a1d45d01aca,analysis/frozen_I1_spatial.py,concentration_excess,vit_small,mixup,hist,fixed_cal,legacy_e2_vit_small_nomixdir_baseline,finite-sample-null,gini_excess,0.249615,MISSING,MISSING,196,"null gini=0.018802 at mass=16.0159, 400 sims, seed 0",observed minus the finite-sample null — the only cross-member comparable form
I1_spatial,val_diag_split,bcb2a4c5a8f5335a71f7abef3c3a5dc028acd4b96aa76177e66360422186f8a5,202a712d9392527cbf2fe99525a42a1d45d01aca,analysis/frozen_I1_spatial.py,ring_profile,vit_small,nomix,hist,fixed_cal,e2r_vits_nomix_baseline_s1,border-ring,ring0_freq,0.016719,0.015721,0.017781,10000,uniform=0.018836 at this map's own mass,"image-level bootstrap, 10,000 resamples, seed 0 (D6)"
I1_spatial,val_diag_split,bcb2a4c5a8f5335a71f7abef3c3a5dc028acd4b96aa76177e66360422186f8a5,202a712d9392527cbf2fe99525a42a1d45d01aca,analysis/frozen_I1_spatial.py,ring_profile,vit_small,nomix,hist,fixed_cal,e2r_vits_nomix_baseline_s1,border-ring,ring1_freq,0.01905,0.018318,0.019796,10000,uniform=0.018836 at this map's own mass,"image-level bootstrap, 10,000 resamples, seed 0 (D6)"
I1_spatial,val_diag_split,bcb2a4c5a8f5335a71f7abef3c3a5dc028acd4b96aa76177e66360422186f8a5,202a712d9392527cbf2fe99525a42a1d45d01aca,analysis/frozen_I1_spatial.py,ring_profile,vit_small,nomix,hist,fixed_cal,e2r_vits_nomix_baseline_s1,border-ring,ring2_freq,0.018844,0.018183,0.019503,10000,uniform=0.018836 at this map's own mass,"image-level bootstrap, 10,000 resamples, seed 0 (D6)"
I1_spatial,val_diag_split,bcb2a4c5a8f5335a71f7abef3c3a5dc028acd4b96aa76177e66360422186f8a5,202a712d9392527cbf2fe99525a42a1d45d01aca,analysis/frozen_I1_spatial.py,ring_profile,vit_small,nomix,hist,fixed_cal,e2r_vits_nomix_baseline_s1,border-ring,ring3_freq,0.019239,0.018554,0.019943,10000,uniform=0.018836 at this map's own mass,"image-level bootstrap, 10,000 resamples, seed 0 (D6)"
I1_spatial,val_diag_split,bcb2a4c5a8f5335a71f7abef3c3a5dc028acd4b96aa76177e66360422186f8a5,202a712d9392527cbf2fe99525a42a1d45d01aca,analysis/frozen_I1_spatial.py,ring_profile,vit_small,nomix,hist,fixed_cal,e2r_vits_nomix_baseline_s1,border-ring,ring4_freq,0.02034,0.019465,0.021215,10000,uniform=0.018836 at this map's own mass,"image-level bootstrap, 10,000 resamples, seed 0 (D6)"
I1_spatial,val_diag_split,bcb2a4c5a8f5335a71f7abef3c3a5dc028acd4b96aa76177e66360422186f8a5,202a712d9392527cbf2fe99525a42a1d45d01aca,analysis/frozen_I1_spatial.py,ring_profile,vit_small,nomix,hist,fixed_cal,e2r_vits_nomix_baseline_s1,border-ring,ring5_freq,0.021575,0.020483,0.0227,10000,uniform=0.018836 at this map's own mass,"image-level bootstrap, 10,000 resamples, seed 0 (D6)"
I1_spatial,val_diag_split,bcb2a4c5a8f5335a71f7abef3c3a5dc028acd4b96aa76177e66360422186f8a5,202a712d9392527cbf2fe99525a42a1d45d01aca,analysis/frozen_I1_spatial.py,ring_profile,vit_small,nomix,hist,fixed_cal,e2r_vits_nomix_baseline_s1,border-ring,ring6_freq,0.025375,0.02345,0.02735,10000,uniform=0.018836 at this map's own mass,"image-level bootstrap, 10,000 resamples, seed 0 (D6)"
I1_spatial,val_diag_split,bcb2a4c5a8f5335a71f7abef3c3a5dc028acd4b96aa76177e66360422186f8a5,202a712d9392527cbf2fe99525a42a1d45d01aca,analysis/frozen_I1_spatial.py,ring_ordering,vit_small,nomix,hist,fixed_cal,e2r_vits_nomix_baseline_s1,ring0_vs_ring1,ring1_minus_ring0,0.002331,0.001304,0.00333,10000,>0 = ring 1 carries more mass per position than ring 0,"the ring CIs and this contrast come from ONE resample of images, so they are mutually consistent"
I1_spatial,val_diag_split,bcb2a4c5a8f5335a71f7abef3c3a5dc028acd4b96aa76177e66360422186f8a5,202a712d9392527cbf2fe99525a42a1d45d01aca,analysis/frozen_I1_spatial.py,concentration_excess,vit_small,nomix,hist,fixed_cal,e2r_vits_nomix_baseline_s1,finite-sample-null,gini_excess,0.124069,MISSING,MISSING,196,"null gini=0.040510 at mass=3.6919, 400 sims, seed 0",observed minus the finite-sample null — the only cross-member comparable form
I1_spatial,val_diag_split,bcb2a4c5a8f5335a71f7abef3c3a5dc028acd4b96aa76177e66360422186f8a5,202a712d9392527cbf2fe99525a42a1d45d01aca,analysis/frozen_I1_spatial.py,ring_profile,vit_small,nomix,hist,fixed_cal,e2r_vits_nomix_baseline_s2,border-ring,ring0_freq,0.017113,0.016344,0.017877,10000,uniform=0.022734 at this map's own mass,"image-level bootstrap, 10,000 resamples, seed 0 (D6)"
I1_spatial,val_diag_split,bcb2a4c5a8f5335a71f7abef3c3a5dc028acd4b96aa76177e66360422186f8a5,202a712d9392527cbf2fe99525a42a1d45d01aca,analysis/frozen_I1_spatial.py,ring_profile,vit_small,nomix,hist,fixed_cal,e2r_vits_nomix_baseline_s2,border-ring,ring1_freq,0.02673,0.025914,0.027568,10000,uniform=0.022734 at this map's own mass,"image-level bootstrap, 10,000 resamples, seed 0 (D6)"
I1_spatial,val_diag_split,bcb2a4c5a8f5335a71f7abef3c3a5dc028acd4b96aa76177e66360422186f8a5,202a712d9392527cbf2fe99525a42a1d45d01aca,analysis/frozen_I1_spatial.py,ring_profile,vit_small,nomix,hist,fixed_cal,e2r_vits_nomix_baseline_s2,border-ring,ring2_freq,0.024006,0.023253,0.024775,10000,uniform=0.022734 at this map's own mass,"image-level bootstrap, 10,000 resamples, seed 0 (D6)"
I1_spatial,val_diag_split,bcb2a4c5a8f5335a71f7abef3c3a5dc028acd4b96aa76177e66360422186f8a5,202a712d9392527cbf2fe99525a42a1d45d01aca,analysis/frozen_I1_spatial.py,ring_profile,vit_small,nomix,hist,fixed_cal,e2r_vits_nomix_baseline_s2,border-ring,ring3_freq,0.022779,0.021975,0.023579,10000,uniform=0.022734 at this map's own mass,"image-level bootstrap, 10,000 resamples, seed 0 (D6)"
I1_spatial,val_diag_split,bcb2a4c5a8f5335a71f7abef3c3a5dc028acd4b96aa76177e66360422186f8a5,202a712d9392527cbf2fe99525a42a1d45d01aca,analysis/frozen_I1_spatial.py,ring_profile,vit_small,nomix,hist,fixed_cal,e2r_vits_nomix_baseline_s2,border-ring,ring4_freq,0.023825,0.02286,0.024795,10000,uniform=0.022734 at this map's own mass,"image-level bootstrap, 10,000 resamples, seed 0 (D6)"
I1_spatial,val_diag_split,bcb2a4c5a8f5335a71f7abef3c3a5dc028acd4b96aa76177e66360422186f8a5,202a712d9392527cbf2fe99525a42a1d45d01aca,analysis/frozen_I1_spatial.py,ring_profile,vit_small,nomix,hist,fixed_cal,e2r_vits_nomix_baseline_s2,border-ring,ring5_freq,0.024933,0.023683,0.026209,10000,uniform=0.022734 at this map's own mass,"image-level bootstrap, 10,000 resamples, seed 0 (D6)"
I1_spatial,val_diag_split,bcb2a4c5a8f5335a71f7abef3c3a5dc028acd4b96aa76177e66360422186f8a5,202a712d9392527cbf2fe99525a42a1d45d01aca,analysis/frozen_I1_spatial.py,ring_profile,vit_small,nomix,hist,fixed_cal,e2r_vits_nomix_baseline_s2,border-ring,ring6_freq,0.028025,0.025925,0.030175,10000,uniform=0.022734 at this map's own mass,"image-level bootstrap, 10,000 resamples, seed 0 (D6)"
I1_spatial,val_diag_split,bcb2a4c5a8f5335a71f7abef3c3a5dc028acd4b96aa76177e66360422186f8a5,202a712d9392527cbf2fe99525a42a1d45d01aca,analysis/frozen_I1_spatial.py,ring_ordering,vit_small,nomix,hist,fixed_cal,e2r_vits_nomix_baseline_s2,ring0_vs_ring1,ring1_minus_ring0,0.009616,0.008741,0.0105,10000,>0 = ring 1 carries more mass per position than ring 0,"the ring CIs and this contrast come from ONE resample of images, so they are mutually consistent"
I1_spatial,val_diag_split,bcb2a4c5a8f5335a71f7abef3c3a5dc028acd4b96aa76177e66360422186f8a5,202a712d9392527cbf2fe99525a42a1d45d01aca,analysis/frozen_I1_spatial.py,concentration_excess,vit_small,nomix,hist,fixed_cal,e2r_vits_nomix_baseline_s2,finite-sample-null,gini_excess,0.161849,MISSING,MISSING,196,"null gini=0.036868 at mass=4.4558, 400 sims, seed 0",observed minus the finite-sample null — the only cross-member comparable form
I1_spatial,val_diag_split,bcb2a4c5a8f5335a71f7abef3c3a5dc028acd4b96aa76177e66360422186f8a5,202a712d9392527cbf2fe99525a42a1d45d01aca,analysis/frozen_I1_spatial.py,cross_recipe_map_correlation,vit_small,mixup|nomix,hist,mad,e2r_vits_mixup_baseline_s1,e2r_vits_nomix_baseline_s1,rho,0.01718,MISSING,MISSING,1568,within-recipe mean rho=0.9130,"residual map correlation; exact permutation p=0.9528, null sd=0.2078"
I1_spatial,val_diag_split,bcb2a4c5a8f5335a71f7abef3c3a5dc028acd4b96aa76177e66360422186f8a5,202a712d9392527cbf2fe99525a42a1d45d01aca,analysis/frozen_I1_spatial.py,cross_recipe_map_correlation,vit_small,mixup|nomix,hist,mad,e2r_vits_mixup_baseline_s1,e2r_vits_nomix_baseline_s2,rho,0.231998,MISSING,MISSING,1568,within-recipe mean rho=0.9130,"residual map correlation; exact permutation p=0.3112, null sd=0.2135"
I1_spatial,val_diag_split,bcb2a4c5a8f5335a71f7abef3c3a5dc028acd4b96aa76177e66360422186f8a5,202a712d9392527cbf2fe99525a42a1d45d01aca,analysis/frozen_I1_spatial.py,cross_recipe_map_correlation,vit_small,mixup|nomix,hist,mad,e2r_vits_mixup_baseline_s2,e2r_vits_nomix_baseline_s1,rho,0.051735,MISSING,MISSING,1568,within-recipe mean rho=0.9130,"residual map correlation; exact permutation p=0.8654, null sd=0.2092"
I1_spatial,val_diag_split,bcb2a4c5a8f5335a71f7abef3c3a5dc028acd4b96aa76177e66360422186f8a5,202a712d9392527cbf2fe99525a42a1d45d01aca,analysis/frozen_I1_spatial.py,cross_recipe_map_correlation,vit_small,mixup|nomix,hist,mad,e2r_vits_mixup_baseline_s2,e2r_vits_nomix_baseline_s2,rho,0.262326,MISSING,MISSING,1568,within-recipe mean rho=0.9130,"residual map correlation; exact permutation p=0.2526, null sd=0.2156"
I1_spatial,val_diag_split,bcb2a4c5a8f5335a71f7abef3c3a5dc028acd4b96aa76177e66360422186f8a5,202a712d9392527cbf2fe99525a42a1d45d01aca,analysis/frozen_I1_spatial.py,cross_recipe_map_correlation,vit_small,mixup|nomix,hist,mad,legacy_e2_vit_small_mixupdir_baseline,e2r_vits_nomix_baseline_s1,rho,-0.018266,MISSING,MISSING,1568,within-recipe mean rho=0.9130,"residual map correlation; exact permutation p=0.9477, null sd=0.2184"
I1_spatial,val_diag_split,bcb2a4c5a8f5335a71f7abef3c3a5dc028acd4b96aa76177e66360422186f8a5,202a712d9392527cbf2fe99525a42a1d45d01aca,analysis/frozen_I1_spatial.py,cross_recipe_map_correlation,vit_small,mixup|nomix,hist,mad,legacy_e2_vit_small_mixupdir_baseline,e2r_vits_nomix_baseline_s2,rho,0.207527,MISSING,MISSING,1568,within-recipe mean rho=0.9130,"residual map correlation; exact permutation p=0.3852, null sd=0.2199"
I1_spatial,val_diag_split,bcb2a4c5a8f5335a71f7abef3c3a5dc028acd4b96aa76177e66360422186f8a5,202a712d9392527cbf2fe99525a42a1d45d01aca,analysis/frozen_I1_spatial.py,cross_recipe_map_correlation,vit_small,mixup|nomix,hist,mad,legacy_e2_vit_small_nomixdir_baseline,e2r_vits_nomix_baseline_s1,rho,0.020658,MISSING,MISSING,1568,within-recipe mean rho=0.9130,"residual map correlation; exact permutation p=0.9107, null sd=0.1556"
I1_spatial,val_diag_split,bcb2a4c5a8f5335a71f7abef3c3a5dc028acd4b96aa76177e66360422186f8a5,202a712d9392527cbf2fe99525a42a1d45d01aca,analysis/frozen_I1_spatial.py,cross_recipe_map_correlation,vit_small,mixup|nomix,hist,mad,legacy_e2_vit_small_nomixdir_baseline,e2r_vits_nomix_baseline_s2,rho,0.313181,MISSING,MISSING,1568,within-recipe mean rho=0.9130,"residual map correlation; exact permutation p=0.0759, null sd=0.1794"
I1_spatial,val_diag_split,bcb2a4c5a8f5335a71f7abef3c3a5dc028acd4b96aa76177e66360422186f8a5,202a712d9392527cbf2fe99525a42a1d45d01aca,analysis/frozen_I1_spatial.py,cross_recipe_map_correlation,vit_small,mixup|nomix,hist,mad,MEAN,all-cross-pairs,rho_mean,0.135792,MISSING,MISSING,8,within-recipe mean is the comparator,mean over all cross-recipe baseline pairs
I1_spatial,val_diag_split,bcb2a4c5a8f5335a71f7abef3c3a5dc028acd4b96aa76177e66360422186f8a5,202a712d9392527cbf2fe99525a42a1d45d01aca,analysis/frozen_I1_spatial.py,within_recipe_map_correlation,vit_small,mixup,hist,mad,MEAN,all-within-pairs,rho_mean,0.912998,MISSING,MISSING,6,zero = no shared spatial structure,mean over all within-recipe mixup baseline pairs
I1_spatial,val_diag_split,bcb2a4c5a8f5335a71f7abef3c3a5dc028acd4b96aa76177e66360422186f8a5,202a712d9392527cbf2fe99525a42a1d45d01aca,analysis/frozen_I1_spatial.py,ring_profile,vit_small,mixup,hist,mad,e2r_vits_mixup_baseline_s1,border-ring,ring0_freq,0.069465,0.068519,0.070427,10000,uniform=0.093071 at this map's own mass,"image-level bootstrap, 10,000 resamples, seed 0 (D6)"
I1_spatial,val_diag_split,bcb2a4c5a8f5335a71f7abef3c3a5dc028acd4b96aa76177e66360422186f8a5,202a712d9392527cbf2fe99525a42a1d45d01aca,analysis/frozen_I1_spatial.py,ring_profile,vit_small,mixup,hist,mad,e2r_vits_mixup_baseline_s1,border-ring,ring1_freq,0.155998,0.154348,0.157636,10000,uniform=0.093071 at this map's own mass,"image-level bootstrap, 10,000 resamples, seed 0 (D6)"
I1_spatial,val_diag_split,bcb2a4c5a8f5335a71f7abef3c3a5dc028acd4b96aa76177e66360422186f8a5,202a712d9392527cbf2fe99525a42a1d45d01aca,analysis/frozen_I1_spatial.py,ring_profile,vit_small,mixup,hist,mad,e2r_vits_mixup_baseline_s1,border-ring,ring2_freq,0.099931,0.098633,0.101225,10000,uniform=0.093071 at this map's own mass,"image-level bootstrap, 10,000 resamples, seed 0 (D6)"
I1_spatial,val_diag_split,bcb2a4c5a8f5335a71f7abef3c3a5dc028acd4b96aa76177e66360422186f8a5,202a712d9392527cbf2fe99525a42a1d45d01aca,analysis/frozen_I1_spatial.py,ring_profile,vit_small,mixup,hist,mad,e2r_vits_mixup_baseline_s1,border-ring,ring3_freq,0.074354,0.073079,0.075639,10000,uniform=0.093071 at this map's own mass,"image-level bootstrap, 10,000 resamples, seed 0 (D6)"
I1_spatial,val_diag_split,bcb2a4c5a8f5335a71f7abef3c3a5dc028acd4b96aa76177e66360422186f8a5,202a712d9392527cbf2fe99525a42a1d45d01aca,analysis/frozen_I1_spatial.py,ring_profile,vit_small,mixup,hist,mad,e2r_vits_mixup_baseline_s1,border-ring,ring4_freq,0.057045,0.055705,0.058365,10000,uniform=0.093071 at this map's own mass,"image-level bootstrap, 10,000 resamples, seed 0 (D6)"
I1_spatial,val_diag_split,bcb2a4c5a8f5335a71f7abef3c3a5dc028acd4b96aa76177e66360422186f8a5,202a712d9392527cbf2fe99525a42a1d45d01aca,analysis/frozen_I1_spatial.py,ring_profile,vit_small,mixup,hist,mad,e2r_vits_mixup_baseline_s1,border-ring,ring5_freq,0.057783,0.056067,0.059542,10000,uniform=0.093071 at this map's own mass,"image-level bootstrap, 10,000 resamples, seed 0 (D6)"
I1_spatial,val_diag_split,bcb2a4c5a8f5335a71f7abef3c3a5dc028acd4b96aa76177e66360422186f8a5,202a712d9392527cbf2fe99525a42a1d45d01aca,analysis/frozen_I1_spatial.py,ring_profile,vit_small,mixup,hist,mad,e2r_vits_mixup_baseline_s1,border-ring,ring6_freq,0.063025,0.060249,0.065925,10000,uniform=0.093071 at this map's own mass,"image-level bootstrap, 10,000 resamples, seed 0 (D6)"
I1_spatial,val_diag_split,bcb2a4c5a8f5335a71f7abef3c3a5dc028acd4b96aa76177e66360422186f8a5,202a712d9392527cbf2fe99525a42a1d45d01aca,analysis/frozen_I1_spatial.py,ring_ordering,vit_small,mixup,hist,mad,e2r_vits_mixup_baseline_s1,ring0_vs_ring1,ring1_minus_ring0,0.086532,0.084621,0.08843,10000,>0 = ring 1 carries more mass per position than ring 0,"the ring CIs and this contrast come from ONE resample of images, so they are mutually consistent"
I1_spatial,val_diag_split,bcb2a4c5a8f5335a71f7abef3c3a5dc028acd4b96aa76177e66360422186f8a5,202a712d9392527cbf2fe99525a42a1d45d01aca,analysis/frozen_I1_spatial.py,concentration_excess,vit_small,mixup,hist,mad,e2r_vits_mixup_baseline_s1,finite-sample-null,gini_excess,0.248395,MISSING,MISSING,196,"null gini=0.017507 at mass=18.2419, 400 sims, seed 0",observed minus the finite-sample null — the only cross-member comparable form
I1_spatial,val_diag_split,bcb2a4c5a8f5335a71f7abef3c3a5dc028acd4b96aa76177e66360422186f8a5,202a712d9392527cbf2fe99525a42a1d45d01aca,analysis/frozen_I1_spatial.py,ring_profile,vit_small,mixup,hist,mad,e2r_vits_mixup_baseline_s2,border-ring,ring0_freq,0.061092,0.060285,0.061925,10000,uniform=0.083172 at this map's own mass,"image-level bootstrap, 10,000 resamples, seed 0 (D6)"
I1_spatial,val_diag_split,bcb2a4c5a8f5335a71f7abef3c3a5dc028acd4b96aa76177e66360422186f8a5,202a712d9392527cbf2fe99525a42a1d45d01aca,analysis/frozen_I1_spatial.py,ring_profile,vit_small,mixup,hist,mad,e2r_vits_mixup_baseline_s2,border-ring,ring1_freq,0.132575,0.131186,0.133977,10000,uniform=0.083172 at this map's own mass,"image-level bootstrap, 10,000 resamples, seed 0 (D6)"
I1_spatial,val_diag_split,bcb2a4c5a8f5335a71f7abef3c3a5dc028acd4b96aa76177e66360422186f8a5,202a712d9392527cbf2fe99525a42a1d45d01aca,analysis/frozen_I1_spatial.py,ring_profile,vit_small,mixup,hist,mad,e2r_vits_mixup_baseline_s2,border-ring,ring2_freq,0.096031,0.094731,0.097333,10000,uniform=0.083172 at this map's own mass,"image-level bootstrap, 10,000 resamples, seed 0 (D6)"
I1_spatial,val_diag_split,bcb2a4c5a8f5335a71f7abef3c3a5dc028acd4b96aa76177e66360422186f8a5,202a712d9392527cbf2fe99525a42a1d45d01aca,analysis/frozen_I1_spatial.py,ring_profile,vit_small,mixup,hist,mad,e2r_vits_mixup_baseline_s2,border-ring,ring3_freq,0.0675,0.066268,0.068736,10000,uniform=0.083172 at this map's own mass,"image-level bootstrap, 10,000 resamples, seed 0 (D6)"
I1_spatial,val_diag_split,bcb2a4c5a8f5335a71f7abef3c3a5dc028acd4b96aa76177e66360422186f8a5,202a712d9392527cbf2fe99525a42a1d45d01aca,analysis/frozen_I1_spatial.py,ring_profile,vit_small,mixup,hist,mad,e2r_vits_mixup_baseline_s2,border-ring,ring4_freq,0.052885,0.051575,0.05419,10000,uniform=0.083172 at this map's own mass,"image-level bootstrap, 10,000 resamples, seed 0 (D6)"
I1_spatial,val_diag_split,bcb2a4c5a8f5335a71f7abef3c3a5dc028acd4b96aa76177e66360422186f8a5,202a712d9392527cbf2fe99525a42a1d45d01aca,analysis/frozen_I1_spatial.py,ring_profile,vit_small,mixup,hist,mad,e2r_vits_mixup_baseline_s2,border-ring,ring5_freq,0.052917,0.05125,0.054658,10000,uniform=0.083172 at this map's own mass,"image-level bootstrap, 10,000 resamples, seed 0 (D6)"
I1_spatial,val_diag_split,bcb2a4c5a8f5335a71f7abef3c3a5dc028acd4b96aa76177e66360422186f8a5,202a712d9392527cbf2fe99525a42a1d45d01aca,analysis/frozen_I1_spatial.py,ring_profile,vit_small,mixup,hist,mad,e2r_vits_mixup_baseline_s2,border-ring,ring6_freq,0.062975,0.0601,0.0659,10000,uniform=0.083172 at this map's own mass,"image-level bootstrap, 10,000 resamples, seed 0 (D6)"
I1_spatial,val_diag_split,bcb2a4c5a8f5335a71f7abef3c3a5dc028acd4b96aa76177e66360422186f8a5,202a712d9392527cbf2fe99525a42a1d45d01aca,analysis/frozen_I1_spatial.py,ring_ordering,vit_small,mixup,hist,mad,e2r_vits_mixup_baseline_s2,ring0_vs_ring1,ring1_minus_ring0,0.071483,0.069833,0.073107,10000,>0 = ring 1 carries more mass per position than ring 0,"the ring CIs and this contrast come from ONE resample of images, so they are mutually consistent"
I1_spatial,val_diag_split,bcb2a4c5a8f5335a71f7abef3c3a5dc028acd4b96aa76177e66360422186f8a5,202a712d9392527cbf2fe99525a42a1d45d01aca,analysis/frozen_I1_spatial.py,concentration_excess,vit_small,mixup,hist,mad,e2r_vits_mixup_baseline_s2,finite-sample-null,gini_excess,0.235976,MISSING,MISSING,196,"null gini=0.018608 at mass=16.3018, 400 sims, seed 0",observed minus the finite-sample null — the only cross-member comparable form
I1_spatial,val_diag_split,bcb2a4c5a8f5335a71f7abef3c3a5dc028acd4b96aa76177e66360422186f8a5,202a712d9392527cbf2fe99525a42a1d45d01aca,analysis/frozen_I1_spatial.py,ring_profile,vit_small,mixup,hist,mad,legacy_e2_vit_small_mixupdir_baseline,border-ring,ring0_freq,0.049498,0.048742,0.050281,10000,uniform=0.070937 at this map's own mass,"image-level bootstrap, 10,000 resamples, seed 0 (D6)"
I1_spatial,val_diag_split,bcb2a4c5a8f5335a71f7abef3c3a5dc028acd4b96aa76177e66360422186f8a5,202a712d9392527cbf2fe99525a42a1d45d01aca,analysis/frozen_I1_spatial.py,ring_profile,vit_small,mixup,hist,mad,legacy_e2_vit_small_mixupdir_baseline,border-ring,ring1_freq,0.117693,0.11638,0.119005,10000,uniform=0.070937 at this map's own mass,"image-level bootstrap, 10,000 resamples, seed 0 (D6)"
I1_spatial,val_diag_split,bcb2a4c5a8f5335a71f7abef3c3a5dc028acd4b96aa76177e66360422186f8a5,202a712d9392527cbf2fe99525a42a1d45d01aca,analysis/frozen_I1_spatial.py,ring_profile,vit_small,mixup,hist,mad,legacy_e2_vit_small_mixupdir_baseline,border-ring,ring2_freq,0.082517,0.081389,0.083636,10000,uniform=0.070937 at this map's own mass,"image-level bootstrap, 10,000 resamples, seed 0 (D6)"
I1_spatial,val_diag_split,bcb2a4c5a8f5335a71f7abef3c3a5dc028acd4b96aa76177e66360422186f8a5,202a712d9392527cbf2fe99525a42a1d45d01aca,analysis/frozen_I1_spatial.py,ring_profile,vit_small,mixup,hist,mad,legacy_e2_vit_small_mixupdir_baseline,border-ring,ring3_freq,0.060736,0.059604,0.061911,10000,uniform=0.070937 at this map's own mass,"image-level bootstrap, 10,000 resamples, seed 0 (D6)"
I1_spatial,val_diag_split,bcb2a4c5a8f5335a71f7abef3c3a5dc028acd4b96aa76177e66360422186f8a5,202a712d9392527cbf2fe99525a42a1d45d01aca,analysis/frozen_I1_spatial.py,ring_profile,vit_small,mixup,hist,mad,legacy_e2_vit_small_mixupdir_baseline,border-ring,ring4_freq,0.042195,0.04111,0.04329,10000,uniform=0.070937 at this map's own mass,"image-level bootstrap, 10,000 resamples, seed 0 (D6)"
I1_spatial,val_diag_split,bcb2a4c5a8f5335a71f7abef3c3a5dc028acd4b96aa76177e66360422186f8a5,202a712d9392527cbf2fe99525a42a1d45d01aca,analysis/frozen_I1_spatial.py,ring_profile,vit_small,mixup,hist,mad,legacy_e2_vit_small_mixupdir_baseline,border-ring,ring5_freq,0.039467,0.038067,0.040875,10000,uniform=0.070937 at this map's own mass,"image-level bootstrap, 10,000 resamples, seed 0 (D6)"
I1_spatial,val_diag_split,bcb2a4c5a8f5335a71f7abef3c3a5dc028acd4b96aa76177e66360422186f8a5,202a712d9392527cbf2fe99525a42a1d45d01aca,analysis/frozen_I1_spatial.py,ring_profile,vit_small,mixup,hist,mad,legacy_e2_vit_small_mixupdir_baseline,border-ring,ring6_freq,0.040625,0.038425,0.0429,10000,uniform=0.070937 at this map's own mass,"image-level bootstrap, 10,000 resamples, seed 0 (D6)"
I1_spatial,val_diag_split,bcb2a4c5a8f5335a71f7abef3c3a5dc028acd4b96aa76177e66360422186f8a5,202a712d9392527cbf2fe99525a42a1d45d01aca,analysis/frozen_I1_spatial.py,ring_ordering,vit_small,mixup,hist,mad,legacy_e2_vit_small_mixupdir_baseline,ring0_vs_ring1,ring1_minus_ring0,0.068195,0.066621,0.069756,10000,>0 = ring 1 carries more mass per position than ring 0,"the ring CIs and this contrast come from ONE resample of images, so they are mutually consistent"
I1_spatial,val_diag_split,bcb2a4c5a8f5335a71f7abef3c3a5dc028acd4b96aa76177e66360422186f8a5,202a712d9392527cbf2fe99525a42a1d45d01aca,analysis/frozen_I1_spatial.py,concentration_excess,vit_small,mixup,hist,mad,legacy_e2_vit_small_mixupdir_baseline,finite-sample-null,gini_excess,0.263809,MISSING,MISSING,196,"null gini=0.020289 at mass=13.9036, 400 sims, seed 0",observed minus the finite-sample null — the only cross-member comparable form
I1_spatial,val_diag_split,bcb2a4c5a8f5335a71f7abef3c3a5dc028acd4b96aa76177e66360422186f8a5,202a712d9392527cbf2fe99525a42a1d45d01aca,analysis/frozen_I1_spatial.py,ring_profile,vit_small,mixup,hist,mad,legacy_e2_vit_small_nomixdir_baseline,border-ring,ring0_freq,0.057002,0.056169,0.057846,10000,uniform=0.084986 at this map's own mass,"image-level bootstrap, 10,000 resamples, seed 0 (D6)"
I1_spatial,val_diag_split,bcb2a4c5a8f5335a71f7abef3c3a5dc028acd4b96aa76177e66360422186f8a5,202a712d9392527cbf2fe99525a42a1d45d01aca,analysis/frozen_I1_spatial.py,ring_profile,vit_small,mixup,hist,mad,legacy_e2_vit_small_nomixdir_baseline,border-ring,ring1_freq,0.139582,0.13805,0.141084,10000,uniform=0.084986 at this map's own mass,"image-level bootstrap, 10,000 resamples, seed 0 (D6)"
I1_spatial,val_diag_split,bcb2a4c5a8f5335a71f7abef3c3a5dc028acd4b96aa76177e66360422186f8a5,202a712d9392527cbf2fe99525a42a1d45d01aca,analysis/frozen_I1_spatial.py,ring_profile,vit_small,mixup,hist,mad,legacy_e2_vit_small_nomixdir_baseline,border-ring,ring2_freq,0.098425,0.097139,0.099697,10000,uniform=0.084986 at this map's own mass,"image-level bootstrap, 10,000 resamples, seed 0 (D6)"
I1_spatial,val_diag_split,bcb2a4c5a8f5335a71f7abef3c3a5dc028acd4b96aa76177e66360422186f8a5,202a712d9392527cbf2fe99525a42a1d45d01aca,analysis/frozen_I1_spatial.py,ring_profile,vit_small,mixup,hist,mad,legacy_e2_vit_small_nomixdir_baseline,border-ring,ring3_freq,0.069371,0.068107,0.070629,10000,uniform=0.084986 at this map's own mass,"image-level bootstrap, 10,000 resamples, seed 0 (D6)"
I1_spatial,val_diag_split,bcb2a4c5a8f5335a71f7abef3c3a5dc028acd4b96aa76177e66360422186f8a5,202a712d9392527cbf2fe99525a42a1d45d01aca,analysis/frozen_I1_spatial.py,ring_profile,vit_small,mixup,hist,mad,legacy_e2_vit_small_nomixdir_baseline,border-ring,ring4_freq,0.054735,0.053365,0.0561,10000,uniform=0.084986 at this map's own mass,"image-level bootstrap, 10,000 resamples, seed 0 (D6)"
I1_spatial,val_diag_split,bcb2a4c5a8f5335a71f7abef3c3a5dc028acd4b96aa76177e66360422186f8a5,202a712d9392527cbf2fe99525a42a1d45d01aca,analysis/frozen_I1_spatial.py,ring_profile,vit_small,mixup,hist,mad,legacy_e2_vit_small_nomixdir_baseline,border-ring,ring5_freq,0.058425,0.056575,0.060242,10000,uniform=0.084986 at this map's own mass,"image-level bootstrap, 10,000 resamples, seed 0 (D6)"
I1_spatial,val_diag_split,bcb2a4c5a8f5335a71f7abef3c3a5dc028acd4b96aa76177e66360422186f8a5,202a712d9392527cbf2fe99525a42a1d45d01aca,analysis/frozen_I1_spatial.py,ring_profile,vit_small,mixup,hist,mad,legacy_e2_vit_small_nomixdir_baseline,border-ring,ring6_freq,0.067525,0.06455,0.070625,10000,uniform=0.084986 at this map's own mass,"image-level bootstrap, 10,000 resamples, seed 0 (D6)"
I1_spatial,val_diag_split,bcb2a4c5a8f5335a71f7abef3c3a5dc028acd4b96aa76177e66360422186f8a5,202a712d9392527cbf2fe99525a42a1d45d01aca,analysis/frozen_I1_spatial.py,ring_ordering,vit_small,mixup,hist,mad,legacy_e2_vit_small_nomixdir_baseline,ring0_vs_ring1,ring1_minus_ring0,0.08258,0.080806,0.084297,10000,>0 = ring 1 carries more mass per position than ring 0,"the ring CIs and this contrast come from ONE resample of images, so they are mutually consistent"
I1_spatial,val_diag_split,bcb2a4c5a8f5335a71f7abef3c3a5dc028acd4b96aa76177e66360422186f8a5,202a712d9392527cbf2fe99525a42a1d45d01aca,analysis/frozen_I1_spatial.py,concentration_excess,vit_small,mixup,hist,mad,legacy_e2_vit_small_nomixdir_baseline,finite-sample-null,gini_excess,0.239248,MISSING,MISSING,196,"null gini=0.018395 at mass=16.6573, 400 sims, seed 0",observed minus the finite-sample null — the only cross-member comparable form
I1_spatial,val_diag_split,bcb2a4c5a8f5335a71f7abef3c3a5dc028acd4b96aa76177e66360422186f8a5,202a712d9392527cbf2fe99525a42a1d45d01aca,analysis/frozen_I1_spatial.py,ring_profile,vit_small,nomix,hist,mad,e2r_vits_nomix_baseline_s1,border-ring,ring0_freq,0.014058,0.01326,0.0149,10000,uniform=0.016706 at this map's own mass,"image-level bootstrap, 10,000 resamples, seed 0 (D6)"
I1_spatial,val_diag_split,bcb2a4c5a8f5335a71f7abef3c3a5dc028acd4b96aa76177e66360422186f8a5,202a712d9392527cbf2fe99525a42a1d45d01aca,analysis/frozen_I1_spatial.py,ring_profile,vit_small,nomix,hist,mad,e2r_vits_nomix_baseline_s1,border-ring,ring1_freq,0.015655,0.015102,0.016218,10000,uniform=0.016706 at this map's own mass,"image-level bootstrap, 10,000 resamples, seed 0 (D6)"
I1_spatial,val_diag_split,bcb2a4c5a8f5335a71f7abef3c3a5dc028acd4b96aa76177e66360422186f8a5,202a712d9392527cbf2fe99525a42a1d45d01aca,analysis/frozen_I1_spatial.py,ring_profile,vit_small,nomix,hist,mad,e2r_vits_nomix_baseline_s1,border-ring,ring2_freq,0.016267,0.015703,0.016839,10000,uniform=0.016706 at this map's own mass,"image-level bootstrap, 10,000 resamples, seed 0 (D6)"
I1_spatial,val_diag_split,bcb2a4c5a8f5335a71f7abef3c3a5dc028acd4b96aa76177e66360422186f8a5,202a712d9392527cbf2fe99525a42a1d45d01aca,analysis/frozen_I1_spatial.py,ring_profile,vit_small,nomix,hist,mad,e2r_vits_nomix_baseline_s1,border-ring,ring3_freq,0.017857,0.017204,0.018507,10000,uniform=0.016706 at this map's own mass,"image-level bootstrap, 10,000 resamples, seed 0 (D6)"
I1_spatial,val_diag_split,bcb2a4c5a8f5335a71f7abef3c3a5dc028acd4b96aa76177e66360422186f8a5,202a712d9392527cbf2fe99525a42a1d45d01aca,analysis/frozen_I1_spatial.py,ring_profile,vit_small,nomix,hist,mad,e2r_vits_nomix_baseline_s1,border-ring,ring4_freq,0.01962,0.018765,0.02047,10000,uniform=0.016706 at this map's own mass,"image-level bootstrap, 10,000 resamples, seed 0 (D6)"
I1_spatial,val_diag_split,bcb2a4c5a8f5335a71f7abef3c3a5dc028acd4b96aa76177e66360422186f8a5,202a712d9392527cbf2fe99525a42a1d45d01aca,analysis/frozen_I1_spatial.py,ring_profile,vit_small,nomix,hist,mad,e2r_vits_nomix_baseline_s1,border-ring,ring5_freq,0.022367,0.021233,0.023517,10000,uniform=0.016706 at this map's own mass,"image-level bootstrap, 10,000 resamples, seed 0 (D6)"
I1_spatial,val_diag_split,bcb2a4c5a8f5335a71f7abef3c3a5dc028acd4b96aa76177e66360422186f8a5,202a712d9392527cbf2fe99525a42a1d45d01aca,analysis/frozen_I1_spatial.py,ring_profile,vit_small,nomix,hist,mad,e2r_vits_nomix_baseline_s1,border-ring,ring6_freq,0.02705,0.02505,0.02915,10000,uniform=0.016706 at this map's own mass,"image-level bootstrap, 10,000 resamples, seed 0 (D6)"
I1_spatial,val_diag_split,bcb2a4c5a8f5335a71f7abef3c3a5dc028acd4b96aa76177e66360422186f8a5,202a712d9392527cbf2fe99525a42a1d45d01aca,analysis/frozen_I1_spatial.py,ring_ordering,vit_small,nomix,hist,mad,e2r_vits_nomix_baseline_s1,ring0_vs_ring1,ring1_minus_ring0,0.001597,0.00069,0.002459,10000,>0 = ring 1 carries more mass per position than ring 0,"the ring CIs and this contrast come from ONE resample of images, so they are mutually consistent"
I1_spatial,val_diag_split,bcb2a4c5a8f5335a71f7abef3c3a5dc028acd4b96aa76177e66360422186f8a5,202a712d9392527cbf2fe99525a42a1d45d01aca,analysis/frozen_I1_spatial.py,concentration_excess,vit_small,nomix,hist,mad,e2r_vits_nomix_baseline_s1,finite-sample-null,gini_excess,0.133022,MISSING,MISSING,196,"null gini=0.043116 at mass=3.2744, 400 sims, seed 0",observed minus the finite-sample null — the only cross-member comparable form
I1_spatial,val_diag_split,bcb2a4c5a8f5335a71f7abef3c3a5dc028acd4b96aa76177e66360422186f8a5,202a712d9392527cbf2fe99525a42a1d45d01aca,analysis/frozen_I1_spatial.py,ring_profile,vit_small,nomix,hist,mad,e2r_vits_nomix_baseline_s2,border-ring,ring0_freq,0.0104,0.009888,0.010927,10000,uniform=0.014867 at this map's own mass,"image-level bootstrap, 10,000 resamples, seed 0 (D6)"
I1_spatial,val_diag_split,bcb2a4c5a8f5335a71f7abef3c3a5dc028acd4b96aa76177e66360422186f8a5,202a712d9392527cbf2fe99525a42a1d45d01aca,analysis/frozen_I1_spatial.py,ring_profile,vit_small,nomix,hist,mad,e2r_vits_nomix_baseline_s2,border-ring,ring1_freq,0.016268,0.015736,0.016809,10000,uniform=0.014867 at this map's own mass,"image-level bootstrap, 10,000 resamples, seed 0 (D6)"
I1_spatial,val_diag_split,bcb2a4c5a8f5335a71f7abef3c3a5dc028acd4b96aa76177e66360422186f8a5,202a712d9392527cbf2fe99525a42a1d45d01aca,analysis/frozen_I1_spatial.py,ring_profile,vit_small,nomix,hist,mad,e2r_vits_nomix_baseline_s2,border-ring,ring2_freq,0.015747,0.015197,0.016311,10000,uniform=0.014867 at this map's own mass,"image-level bootstrap, 10,000 resamples, seed 0 (D6)"
I1_spatial,val_diag_split,bcb2a4c5a8f5335a71f7abef3c3a5dc028acd4b96aa76177e66360422186f8a5,202a712d9392527cbf2fe99525a42a1d45d01aca,analysis/frozen_I1_spatial.py,ring_profile,vit_small,nomix,hist,mad,e2r_vits_nomix_baseline_s2,border-ring,ring3_freq,0.015607,0.014975,0.016239,10000,uniform=0.014867 at this map's own mass,"image-level bootstrap, 10,000 resamples, seed 0 (D6)"
I1_spatial,val_diag_split,bcb2a4c5a8f5335a71f7abef3c3a5dc028acd4b96aa76177e66360422186f8a5,202a712d9392527cbf2fe99525a42a1d45d01aca,analysis/frozen_I1_spatial.py,ring_profile,vit_small,nomix,hist,mad,e2r_vits_nomix_baseline_s2,border-ring,ring4_freq,0.01717,0.016395,0.01794,10000,uniform=0.014867 at this map's own mass,"image-level bootstrap, 10,000 resamples, seed 0 (D6)"
I1_spatial,val_diag_split,bcb2a4c5a8f5335a71f7abef3c3a5dc028acd4b96aa76177e66360422186f8a5,202a712d9392527cbf2fe99525a42a1d45d01aca,analysis/frozen_I1_spatial.py,ring_profile,vit_small,nomix,hist,mad,e2r_vits_nomix_baseline_s2,border-ring,ring5_freq,0.018717,0.017683,0.019792,10000,uniform=0.014867 at this map's own mass,"image-level bootstrap, 10,000 resamples, seed 0 (D6)"
I1_spatial,val_diag_split,bcb2a4c5a8f5335a71f7abef3c3a5dc028acd4b96aa76177e66360422186f8a5,202a712d9392527cbf2fe99525a42a1d45d01aca,analysis/frozen_I1_spatial.py,ring_profile,vit_small,nomix,hist,mad,e2r_vits_nomix_baseline_s2,border-ring,ring6_freq,0.02135,0.019575,0.02315,10000,uniform=0.014867 at this map's own mass,"image-level bootstrap, 10,000 resamples, seed 0 (D6)"
I1_spatial,val_diag_split,bcb2a4c5a8f5335a71f7abef3c3a5dc028acd4b96aa76177e66360422186f8a5,202a712d9392527cbf2fe99525a42a1d45d01aca,analysis/frozen_I1_spatial.py,ring_ordering,vit_small,nomix,hist,mad,e2r_vits_nomix_baseline_s2,ring0_vs_ring1,ring1_minus_ring0,0.005868,0.005236,0.006491,10000,>0 = ring 1 carries more mass per position than ring 0,"the ring CIs and this contrast come from ONE resample of images, so they are mutually consistent"
I1_spatial,val_diag_split,bcb2a4c5a8f5335a71f7abef3c3a5dc028acd4b96aa76177e66360422186f8a5,202a712d9392527cbf2fe99525a42a1d45d01aca,analysis/frozen_I1_spatial.py,concentration_excess,vit_small,nomix,hist,mad,e2r_vits_nomix_baseline_s2,finite-sample-null,gini_excess,0.139586,MISSING,MISSING,196,"null gini=0.045736 at mass=2.9139, 400 sims, seed 0",observed minus the finite-sample null — the only cross-member comparable form
