work_package,split_name,split_sha256,git_sha,generated_by,question,arch,recipe_group,stage,basis,subject,comparator,statistic,value,ci_lo,ci_hi,n,reference,note
I1_spatial,evaluation,7fdf5f9f2ace98ef03a6267455daa1104b92b6689c510ab8b1e5420340f27014,202a712d9392527cbf2fe99525a42a1d45d01aca,analysis/frozen_I1_spatial.py,cross_recipe_map_correlation,vit_small,mixup|nomix,s11_out,fixed_cal,e2r_vits_mixup_baseline_s1,e2r_vits_nomix_baseline_s1,rho,0.482913,MISSING,MISSING,1568,within-recipe mean rho=0.9234,"residual map correlation; exact permutation p=0.0064, null sd=0.1955"
I1_spatial,evaluation,7fdf5f9f2ace98ef03a6267455daa1104b92b6689c510ab8b1e5420340f27014,202a712d9392527cbf2fe99525a42a1d45d01aca,analysis/frozen_I1_spatial.py,cross_recipe_map_correlation,vit_small,mixup|nomix,s11_out,fixed_cal,e2r_vits_mixup_baseline_s1,e2r_vits_nomix_baseline_s2,rho,0.471214,MISSING,MISSING,1568,within-recipe mean rho=0.9234,"residual map correlation; exact permutation p=0.0032, null sd=0.1993"
I1_spatial,evaluation,7fdf5f9f2ace98ef03a6267455daa1104b92b6689c510ab8b1e5420340f27014,202a712d9392527cbf2fe99525a42a1d45d01aca,analysis/frozen_I1_spatial.py,cross_recipe_map_correlation,vit_small,mixup|nomix,s11_out,fixed_cal,e2r_vits_mixup_baseline_s2,e2r_vits_nomix_baseline_s1,rho,0.512084,MISSING,MISSING,1568,within-recipe mean rho=0.9234,"residual map correlation; exact permutation p=0.0191, null sd=0.2229"
I1_spatial,evaluation,7fdf5f9f2ace98ef03a6267455daa1104b92b6689c510ab8b1e5420340f27014,202a712d9392527cbf2fe99525a42a1d45d01aca,analysis/frozen_I1_spatial.py,cross_recipe_map_correlation,vit_small,mixup|nomix,s11_out,fixed_cal,e2r_vits_mixup_baseline_s2,e2r_vits_nomix_baseline_s2,rho,0.500975,MISSING,MISSING,1568,within-recipe mean rho=0.9234,"residual map correlation; exact permutation p=0.0159, null sd=0.2294"
I1_spatial,evaluation,7fdf5f9f2ace98ef03a6267455daa1104b92b6689c510ab8b1e5420340f27014,202a712d9392527cbf2fe99525a42a1d45d01aca,analysis/frozen_I1_spatial.py,cross_recipe_map_correlation,vit_small,mixup|nomix,s11_out,fixed_cal,legacy_e2_vit_small_mixupdir_baseline,e2r_vits_nomix_baseline_s1,rho,0.482832,MISSING,MISSING,1568,within-recipe mean rho=0.9234,"residual map correlation; exact permutation p=0.0147, null sd=0.2132"
I1_spatial,evaluation,7fdf5f9f2ace98ef03a6267455daa1104b92b6689c510ab8b1e5420340f27014,202a712d9392527cbf2fe99525a42a1d45d01aca,analysis/frozen_I1_spatial.py,cross_recipe_map_correlation,vit_small,mixup|nomix,s11_out,fixed_cal,legacy_e2_vit_small_mixupdir_baseline,e2r_vits_nomix_baseline_s2,rho,0.474962,MISSING,MISSING,1568,within-recipe mean rho=0.9234,"residual map correlation; exact permutation p=0.0115, null sd=0.2183"
I1_spatial,evaluation,7fdf5f9f2ace98ef03a6267455daa1104b92b6689c510ab8b1e5420340f27014,202a712d9392527cbf2fe99525a42a1d45d01aca,analysis/frozen_I1_spatial.py,cross_recipe_map_correlation,vit_small,mixup|nomix,s11_out,fixed_cal,legacy_e2_vit_small_nomixdir_baseline,e2r_vits_nomix_baseline_s1,rho,0.388097,MISSING,MISSING,1568,within-recipe mean rho=0.9234,"residual map correlation; exact permutation p=0.0147, null sd=0.1701"
I1_spatial,evaluation,7fdf5f9f2ace98ef03a6267455daa1104b92b6689c510ab8b1e5420340f27014,202a712d9392527cbf2fe99525a42a1d45d01aca,analysis/frozen_I1_spatial.py,cross_recipe_map_correlation,vit_small,mixup|nomix,s11_out,fixed_cal,legacy_e2_vit_small_nomixdir_baseline,e2r_vits_nomix_baseline_s2,rho,0.410074,MISSING,MISSING,1568,within-recipe mean rho=0.9234,"residual map correlation; exact permutation p=0.0064, null sd=0.1707"
I1_spatial,evaluation,7fdf5f9f2ace98ef03a6267455daa1104b92b6689c510ab8b1e5420340f27014,202a712d9392527cbf2fe99525a42a1d45d01aca,analysis/frozen_I1_spatial.py,cross_recipe_map_correlation,vit_small,mixup|nomix,s11_out,fixed_cal,MEAN,all-cross-pairs,rho_mean,0.465394,MISSING,MISSING,8,within-recipe mean is the comparator,mean over all cross-recipe baseline pairs
I1_spatial,evaluation,7fdf5f9f2ace98ef03a6267455daa1104b92b6689c510ab8b1e5420340f27014,202a712d9392527cbf2fe99525a42a1d45d01aca,analysis/frozen_I1_spatial.py,within_recipe_map_correlation,vit_small,mixup,s11_out,fixed_cal,MEAN,all-within-pairs,rho_mean,0.923424,MISSING,MISSING,6,zero = no shared spatial structure,mean over all within-recipe mixup baseline pairs
I1_spatial,evaluation,7fdf5f9f2ace98ef03a6267455daa1104b92b6689c510ab8b1e5420340f27014,202a712d9392527cbf2fe99525a42a1d45d01aca,analysis/frozen_I1_spatial.py,ring_profile,vit_small,mixup,s11_out,fixed_cal,e2r_vits_mixup_baseline_s1,border-ring,ring0_freq,0.07674,0.075654,0.077823,10000,uniform=0.103924 at this map's own mass,"image-level bootstrap, 10,000 resamples, seed 0 (D6)"
I1_spatial,evaluation,7fdf5f9f2ace98ef03a6267455daa1104b92b6689c510ab8b1e5420340f27014,202a712d9392527cbf2fe99525a42a1d45d01aca,analysis/frozen_I1_spatial.py,ring_profile,vit_small,mixup,s11_out,fixed_cal,e2r_vits_mixup_baseline_s1,border-ring,ring1_freq,0.166109,0.164309,0.167921,10000,uniform=0.103924 at this map's own mass,"image-level bootstrap, 10,000 resamples, seed 0 (D6)"
I1_spatial,evaluation,7fdf5f9f2ace98ef03a6267455daa1104b92b6689c510ab8b1e5420340f27014,202a712d9392527cbf2fe99525a42a1d45d01aca,analysis/frozen_I1_spatial.py,ring_profile,vit_small,mixup,s11_out,fixed_cal,e2r_vits_mixup_baseline_s1,border-ring,ring2_freq,0.112125,0.110556,0.113714,10000,uniform=0.103924 at this map's own mass,"image-level bootstrap, 10,000 resamples, seed 0 (D6)"
I1_spatial,evaluation,7fdf5f9f2ace98ef03a6267455daa1104b92b6689c510ab8b1e5420340f27014,202a712d9392527cbf2fe99525a42a1d45d01aca,analysis/frozen_I1_spatial.py,ring_profile,vit_small,mixup,s11_out,fixed_cal,e2r_vits_mixup_baseline_s1,border-ring,ring3_freq,0.086979,0.085361,0.088632,10000,uniform=0.103924 at this map's own mass,"image-level bootstrap, 10,000 resamples, seed 0 (D6)"
I1_spatial,evaluation,7fdf5f9f2ace98ef03a6267455daa1104b92b6689c510ab8b1e5420340f27014,202a712d9392527cbf2fe99525a42a1d45d01aca,analysis/frozen_I1_spatial.py,ring_profile,vit_small,mixup,s11_out,fixed_cal,e2r_vits_mixup_baseline_s1,border-ring,ring4_freq,0.072005,0.070165,0.07385,10000,uniform=0.103924 at this map's own mass,"image-level bootstrap, 10,000 resamples, seed 0 (D6)"
I1_spatial,evaluation,7fdf5f9f2ace98ef03a6267455daa1104b92b6689c510ab8b1e5420340f27014,202a712d9392527cbf2fe99525a42a1d45d01aca,analysis/frozen_I1_spatial.py,ring_profile,vit_small,mixup,s11_out,fixed_cal,e2r_vits_mixup_baseline_s1,border-ring,ring5_freq,0.070675,0.068392,0.072967,10000,uniform=0.103924 at this map's own mass,"image-level bootstrap, 10,000 resamples, seed 0 (D6)"
I1_spatial,evaluation,7fdf5f9f2ace98ef03a6267455daa1104b92b6689c510ab8b1e5420340f27014,202a712d9392527cbf2fe99525a42a1d45d01aca,analysis/frozen_I1_spatial.py,ring_profile,vit_small,mixup,s11_out,fixed_cal,e2r_vits_mixup_baseline_s1,border-ring,ring6_freq,0.07745,0.074125,0.080875,10000,uniform=0.103924 at this map's own mass,"image-level bootstrap, 10,000 resamples, seed 0 (D6)"
I1_spatial,evaluation,7fdf5f9f2ace98ef03a6267455daa1104b92b6689c510ab8b1e5420340f27014,202a712d9392527cbf2fe99525a42a1d45d01aca,analysis/frozen_I1_spatial.py,ring_ordering,vit_small,mixup,s11_out,fixed_cal,e2r_vits_mixup_baseline_s1,ring0_vs_ring1,ring1_minus_ring0,0.089369,0.087383,0.091334,10000,>0 = ring 1 carries more mass per position than ring 0,"the ring CIs and this contrast come from ONE resample of images, so they are mutually consistent"
I1_spatial,evaluation,7fdf5f9f2ace98ef03a6267455daa1104b92b6689c510ab8b1e5420340f27014,202a712d9392527cbf2fe99525a42a1d45d01aca,analysis/frozen_I1_spatial.py,concentration_excess,vit_small,mixup,s11_out,fixed_cal,e2r_vits_mixup_baseline_s1,finite-sample-null,gini_excess,0.220437,MISSING,MISSING,196,"null gini=0.016476 at mass=20.3692, 400 sims, seed 0",observed minus the finite-sample null — the only cross-member comparable form
I1_spatial,evaluation,7fdf5f9f2ace98ef03a6267455daa1104b92b6689c510ab8b1e5420340f27014,202a712d9392527cbf2fe99525a42a1d45d01aca,analysis/frozen_I1_spatial.py,ring_profile,vit_small,mixup,s11_out,fixed_cal,e2r_vits_mixup_baseline_s2,border-ring,ring0_freq,0.068233,0.0673,0.069167,10000,uniform=0.090708 at this map's own mass,"image-level bootstrap, 10,000 resamples, seed 0 (D6)"
I1_spatial,evaluation,7fdf5f9f2ace98ef03a6267455daa1104b92b6689c510ab8b1e5420340f27014,202a712d9392527cbf2fe99525a42a1d45d01aca,analysis/frozen_I1_spatial.py,ring_profile,vit_small,mixup,s11_out,fixed_cal,e2r_vits_mixup_baseline_s2,border-ring,ring1_freq,0.143757,0.142179,0.145355,10000,uniform=0.090708 at this map's own mass,"image-level bootstrap, 10,000 resamples, seed 0 (D6)"
I1_spatial,evaluation,7fdf5f9f2ace98ef03a6267455daa1104b92b6689c510ab8b1e5420340f27014,202a712d9392527cbf2fe99525a42a1d45d01aca,analysis/frozen_I1_spatial.py,ring_profile,vit_small,mixup,s11_out,fixed_cal,e2r_vits_mixup_baseline_s2,border-ring,ring2_freq,0.104903,0.103469,0.106353,10000,uniform=0.090708 at this map's own mass,"image-level bootstrap, 10,000 resamples, seed 0 (D6)"
I1_spatial,evaluation,7fdf5f9f2ace98ef03a6267455daa1104b92b6689c510ab8b1e5420340f27014,202a712d9392527cbf2fe99525a42a1d45d01aca,analysis/frozen_I1_spatial.py,ring_profile,vit_small,mixup,s11_out,fixed_cal,e2r_vits_mixup_baseline_s2,border-ring,ring3_freq,0.073646,0.072282,0.075054,10000,uniform=0.090708 at this map's own mass,"image-level bootstrap, 10,000 resamples, seed 0 (D6)"
I1_spatial,evaluation,7fdf5f9f2ace98ef03a6267455daa1104b92b6689c510ab8b1e5420340f27014,202a712d9392527cbf2fe99525a42a1d45d01aca,analysis/frozen_I1_spatial.py,ring_profile,vit_small,mixup,s11_out,fixed_cal,e2r_vits_mixup_baseline_s2,border-ring,ring4_freq,0.05733,0.05583,0.058845,10000,uniform=0.090708 at this map's own mass,"image-level bootstrap, 10,000 resamples, seed 0 (D6)"
I1_spatial,evaluation,7fdf5f9f2ace98ef03a6267455daa1104b92b6689c510ab8b1e5420340f27014,202a712d9392527cbf2fe99525a42a1d45d01aca,analysis/frozen_I1_spatial.py,ring_profile,vit_small,mixup,s11_out,fixed_cal,e2r_vits_mixup_baseline_s2,border-ring,ring5_freq,0.05585,0.053958,0.057767,10000,uniform=0.090708 at this map's own mass,"image-level bootstrap, 10,000 resamples, seed 0 (D6)"
I1_spatial,evaluation,7fdf5f9f2ace98ef03a6267455daa1104b92b6689c510ab8b1e5420340f27014,202a712d9392527cbf2fe99525a42a1d45d01aca,analysis/frozen_I1_spatial.py,ring_profile,vit_small,mixup,s11_out,fixed_cal,e2r_vits_mixup_baseline_s2,border-ring,ring6_freq,0.062475,0.059525,0.06555,10000,uniform=0.090708 at this map's own mass,"image-level bootstrap, 10,000 resamples, seed 0 (D6)"
I1_spatial,evaluation,7fdf5f9f2ace98ef03a6267455daa1104b92b6689c510ab8b1e5420340f27014,202a712d9392527cbf2fe99525a42a1d45d01aca,analysis/frozen_I1_spatial.py,ring_ordering,vit_small,mixup,s11_out,fixed_cal,e2r_vits_mixup_baseline_s2,ring0_vs_ring1,ring1_minus_ring0,0.075524,0.073768,0.077312,10000,>0 = ring 1 carries more mass per position than ring 0,"the ring CIs and this contrast come from ONE resample of images, so they are mutually consistent"
I1_spatial,evaluation,7fdf5f9f2ace98ef03a6267455daa1104b92b6689c510ab8b1e5420340f27014,202a712d9392527cbf2fe99525a42a1d45d01aca,analysis/frozen_I1_spatial.py,concentration_excess,vit_small,mixup,s11_out,fixed_cal,e2r_vits_mixup_baseline_s2,finite-sample-null,gini_excess,0.232862,MISSING,MISSING,196,"null gini=0.017758 at mass=17.7787, 400 sims, seed 0",observed minus the finite-sample null — the only cross-member comparable form
I1_spatial,evaluation,7fdf5f9f2ace98ef03a6267455daa1104b92b6689c510ab8b1e5420340f27014,202a712d9392527cbf2fe99525a42a1d45d01aca,analysis/frozen_I1_spatial.py,ring_profile,vit_small,mixup,s11_out,fixed_cal,legacy_e2_vit_small_mixupdir_baseline,border-ring,ring0_freq,0.065263,0.06426,0.066277,10000,uniform=0.090392 at this map's own mass,"image-level bootstrap, 10,000 resamples, seed 0 (D6)"
I1_spatial,evaluation,7fdf5f9f2ace98ef03a6267455daa1104b92b6689c510ab8b1e5420340f27014,202a712d9392527cbf2fe99525a42a1d45d01aca,analysis/frozen_I1_spatial.py,ring_profile,vit_small,mixup,s11_out,fixed_cal,legacy_e2_vit_small_mixupdir_baseline,border-ring,ring1_freq,0.140441,0.138864,0.141973,10000,uniform=0.090392 at this map's own mass,"image-level bootstrap, 10,000 resamples, seed 0 (D6)"
I1_spatial,evaluation,7fdf5f9f2ace98ef03a6267455daa1104b92b6689c510ab8b1e5420340f27014,202a712d9392527cbf2fe99525a42a1d45d01aca,analysis/frozen_I1_spatial.py,ring_profile,vit_small,mixup,s11_out,fixed_cal,legacy_e2_vit_small_mixupdir_baseline,border-ring,ring2_freq,0.103539,0.102078,0.105019,10000,uniform=0.090392 at this map's own mass,"image-level bootstrap, 10,000 resamples, seed 0 (D6)"
I1_spatial,evaluation,7fdf5f9f2ace98ef03a6267455daa1104b92b6689c510ab8b1e5420340f27014,202a712d9392527cbf2fe99525a42a1d45d01aca,analysis/frozen_I1_spatial.py,ring_profile,vit_small,mixup,s11_out,fixed_cal,legacy_e2_vit_small_mixupdir_baseline,border-ring,ring3_freq,0.080957,0.079396,0.082521,10000,uniform=0.090392 at this map's own mass,"image-level bootstrap, 10,000 resamples, seed 0 (D6)"
I1_spatial,evaluation,7fdf5f9f2ace98ef03a6267455daa1104b92b6689c510ab8b1e5420340f27014,202a712d9392527cbf2fe99525a42a1d45d01aca,analysis/frozen_I1_spatial.py,ring_profile,vit_small,mixup,s11_out,fixed_cal,legacy_e2_vit_small_mixupdir_baseline,border-ring,ring4_freq,0.06149,0.05986,0.063145,10000,uniform=0.090392 at this map's own mass,"image-level bootstrap, 10,000 resamples, seed 0 (D6)"
I1_spatial,evaluation,7fdf5f9f2ace98ef03a6267455daa1104b92b6689c510ab8b1e5420340f27014,202a712d9392527cbf2fe99525a42a1d45d01aca,analysis/frozen_I1_spatial.py,ring_profile,vit_small,mixup,s11_out,fixed_cal,legacy_e2_vit_small_mixupdir_baseline,border-ring,ring5_freq,0.057033,0.055033,0.059058,10000,uniform=0.090392 at this map's own mass,"image-level bootstrap, 10,000 resamples, seed 0 (D6)"
I1_spatial,evaluation,7fdf5f9f2ace98ef03a6267455daa1104b92b6689c510ab8b1e5420340f27014,202a712d9392527cbf2fe99525a42a1d45d01aca,analysis/frozen_I1_spatial.py,ring_profile,vit_small,mixup,s11_out,fixed_cal,legacy_e2_vit_small_mixupdir_baseline,border-ring,ring6_freq,0.058825,0.055925,0.0617,10000,uniform=0.090392 at this map's own mass,"image-level bootstrap, 10,000 resamples, seed 0 (D6)"
I1_spatial,evaluation,7fdf5f9f2ace98ef03a6267455daa1104b92b6689c510ab8b1e5420340f27014,202a712d9392527cbf2fe99525a42a1d45d01aca,analysis/frozen_I1_spatial.py,ring_ordering,vit_small,mixup,s11_out,fixed_cal,legacy_e2_vit_small_mixupdir_baseline,ring0_vs_ring1,ring1_minus_ring0,0.075177,0.073474,0.076844,10000,>0 = ring 1 carries more mass per position than ring 0,"the ring CIs and this contrast come from ONE resample of images, so they are mutually consistent"
I1_spatial,evaluation,7fdf5f9f2ace98ef03a6267455daa1104b92b6689c510ab8b1e5420340f27014,202a712d9392527cbf2fe99525a42a1d45d01aca,analysis/frozen_I1_spatial.py,concentration_excess,vit_small,mixup,s11_out,fixed_cal,legacy_e2_vit_small_mixupdir_baseline,finite-sample-null,gini_excess,0.221394,MISSING,MISSING,196,"null gini=0.017800 at mass=17.7168, 400 sims, seed 0",observed minus the finite-sample null — the only cross-member comparable form
I1_spatial,evaluation,7fdf5f9f2ace98ef03a6267455daa1104b92b6689c510ab8b1e5420340f27014,202a712d9392527cbf2fe99525a42a1d45d01aca,analysis/frozen_I1_spatial.py,ring_profile,vit_small,mixup,s11_out,fixed_cal,legacy_e2_vit_small_nomixdir_baseline,border-ring,ring0_freq,0.056935,0.056098,0.057792,10000,uniform=0.084370 at this map's own mass,"image-level bootstrap, 10,000 resamples, seed 0 (D6)"
I1_spatial,evaluation,7fdf5f9f2ace98ef03a6267455daa1104b92b6689c510ab8b1e5420340f27014,202a712d9392527cbf2fe99525a42a1d45d01aca,analysis/frozen_I1_spatial.py,ring_profile,vit_small,mixup,s11_out,fixed_cal,legacy_e2_vit_small_nomixdir_baseline,border-ring,ring1_freq,0.140309,0.138752,0.141875,10000,uniform=0.084370 at this map's own mass,"image-level bootstrap, 10,000 resamples, seed 0 (D6)"
I1_spatial,evaluation,7fdf5f9f2ace98ef03a6267455daa1104b92b6689c510ab8b1e5420340f27014,202a712d9392527cbf2fe99525a42a1d45d01aca,analysis/frozen_I1_spatial.py,ring_profile,vit_small,mixup,s11_out,fixed_cal,legacy_e2_vit_small_nomixdir_baseline,border-ring,ring2_freq,0.098208,0.096883,0.09955,10000,uniform=0.084370 at this map's own mass,"image-level bootstrap, 10,000 resamples, seed 0 (D6)"
I1_spatial,evaluation,7fdf5f9f2ace98ef03a6267455daa1104b92b6689c510ab8b1e5420340f27014,202a712d9392527cbf2fe99525a42a1d45d01aca,analysis/frozen_I1_spatial.py,ring_profile,vit_small,mixup,s11_out,fixed_cal,legacy_e2_vit_small_nomixdir_baseline,border-ring,ring3_freq,0.068129,0.066786,0.069482,10000,uniform=0.084370 at this map's own mass,"image-level bootstrap, 10,000 resamples, seed 0 (D6)"
I1_spatial,evaluation,7fdf5f9f2ace98ef03a6267455daa1104b92b6689c510ab8b1e5420340f27014,202a712d9392527cbf2fe99525a42a1d45d01aca,analysis/frozen_I1_spatial.py,ring_profile,vit_small,mixup,s11_out,fixed_cal,legacy_e2_vit_small_nomixdir_baseline,border-ring,ring4_freq,0.05346,0.05195,0.054985,10000,uniform=0.084370 at this map's own mass,"image-level bootstrap, 10,000 resamples, seed 0 (D6)"
I1_spatial,evaluation,7fdf5f9f2ace98ef03a6267455daa1104b92b6689c510ab8b1e5420340f27014,202a712d9392527cbf2fe99525a42a1d45d01aca,analysis/frozen_I1_spatial.py,ring_profile,vit_small,mixup,s11_out,fixed_cal,legacy_e2_vit_small_nomixdir_baseline,border-ring,ring5_freq,0.053908,0.052025,0.055833,10000,uniform=0.084370 at this map's own mass,"image-level bootstrap, 10,000 resamples, seed 0 (D6)"
I1_spatial,evaluation,7fdf5f9f2ace98ef03a6267455daa1104b92b6689c510ab8b1e5420340f27014,202a712d9392527cbf2fe99525a42a1d45d01aca,analysis/frozen_I1_spatial.py,ring_profile,vit_small,mixup,s11_out,fixed_cal,legacy_e2_vit_small_nomixdir_baseline,border-ring,ring6_freq,0.060775,0.057925,0.0637,10000,uniform=0.084370 at this map's own mass,"image-level bootstrap, 10,000 resamples, seed 0 (D6)"
I1_spatial,evaluation,7fdf5f9f2ace98ef03a6267455daa1104b92b6689c510ab8b1e5420340f27014,202a712d9392527cbf2fe99525a42a1d45d01aca,analysis/frozen_I1_spatial.py,ring_ordering,vit_small,mixup,s11_out,fixed_cal,legacy_e2_vit_small_nomixdir_baseline,ring0_vs_ring1,ring1_minus_ring0,0.083374,0.081571,0.085184,10000,>0 = ring 1 carries more mass per position than ring 0,"the ring CIs and this contrast come from ONE resample of images, so they are mutually consistent"
I1_spatial,evaluation,7fdf5f9f2ace98ef03a6267455daa1104b92b6689c510ab8b1e5420340f27014,202a712d9392527cbf2fe99525a42a1d45d01aca,analysis/frozen_I1_spatial.py,concentration_excess,vit_small,mixup,s11_out,fixed_cal,legacy_e2_vit_small_nomixdir_baseline,finite-sample-null,gini_excess,0.245639,MISSING,MISSING,196,"null gini=0.018471 at mass=16.5365, 400 sims, seed 0",observed minus the finite-sample null — the only cross-member comparable form
I1_spatial,evaluation,7fdf5f9f2ace98ef03a6267455daa1104b92b6689c510ab8b1e5420340f27014,202a712d9392527cbf2fe99525a42a1d45d01aca,analysis/frozen_I1_spatial.py,ring_profile,vit_small,nomix,s11_out,fixed_cal,e2r_vits_nomix_baseline_s1,border-ring,ring0_freq,0.01795,0.016894,0.01904,10000,uniform=0.014883 at this map's own mass,"image-level bootstrap, 10,000 resamples, seed 0 (D6)"
I1_spatial,evaluation,7fdf5f9f2ace98ef03a6267455daa1104b92b6689c510ab8b1e5420340f27014,202a712d9392527cbf2fe99525a42a1d45d01aca,analysis/frozen_I1_spatial.py,ring_profile,vit_small,nomix,s11_out,fixed_cal,e2r_vits_nomix_baseline_s1,border-ring,ring1_freq,0.01715,0.016407,0.017936,10000,uniform=0.014883 at this map's own mass,"image-level bootstrap, 10,000 resamples, seed 0 (D6)"
I1_spatial,evaluation,7fdf5f9f2ace98ef03a6267455daa1104b92b6689c510ab8b1e5420340f27014,202a712d9392527cbf2fe99525a42a1d45d01aca,analysis/frozen_I1_spatial.py,ring_profile,vit_small,nomix,s11_out,fixed_cal,e2r_vits_nomix_baseline_s1,border-ring,ring2_freq,0.014067,0.013489,0.014678,10000,uniform=0.014883 at this map's own mass,"image-level bootstrap, 10,000 resamples, seed 0 (D6)"
I1_spatial,evaluation,7fdf5f9f2ace98ef03a6267455daa1104b92b6689c510ab8b1e5420340f27014,202a712d9392527cbf2fe99525a42a1d45d01aca,analysis/frozen_I1_spatial.py,ring_profile,vit_small,nomix,s11_out,fixed_cal,e2r_vits_nomix_baseline_s1,border-ring,ring3_freq,0.012014,0.011454,0.0126,10000,uniform=0.014883 at this map's own mass,"image-level bootstrap, 10,000 resamples, seed 0 (D6)"
I1_spatial,evaluation,7fdf5f9f2ace98ef03a6267455daa1104b92b6689c510ab8b1e5420340f27014,202a712d9392527cbf2fe99525a42a1d45d01aca,analysis/frozen_I1_spatial.py,ring_profile,vit_small,nomix,s11_out,fixed_cal,e2r_vits_nomix_baseline_s1,border-ring,ring4_freq,0.010835,0.010215,0.01145,10000,uniform=0.014883 at this map's own mass,"image-level bootstrap, 10,000 resamples, seed 0 (D6)"
I1_spatial,evaluation,7fdf5f9f2ace98ef03a6267455daa1104b92b6689c510ab8b1e5420340f27014,202a712d9392527cbf2fe99525a42a1d45d01aca,analysis/frozen_I1_spatial.py,ring_profile,vit_small,nomix,s11_out,fixed_cal,e2r_vits_nomix_baseline_s1,border-ring,ring5_freq,0.01005,0.009308,0.0108,10000,uniform=0.014883 at this map's own mass,"image-level bootstrap, 10,000 resamples, seed 0 (D6)"
I1_spatial,evaluation,7fdf5f9f2ace98ef03a6267455daa1104b92b6689c510ab8b1e5420340f27014,202a712d9392527cbf2fe99525a42a1d45d01aca,analysis/frozen_I1_spatial.py,ring_profile,vit_small,nomix,s11_out,fixed_cal,e2r_vits_nomix_baseline_s1,border-ring,ring6_freq,0.012225,0.010825,0.013675,10000,uniform=0.014883 at this map's own mass,"image-level bootstrap, 10,000 resamples, seed 0 (D6)"
I1_spatial,evaluation,7fdf5f9f2ace98ef03a6267455daa1104b92b6689c510ab8b1e5420340f27014,202a712d9392527cbf2fe99525a42a1d45d01aca,analysis/frozen_I1_spatial.py,ring_ordering,vit_small,nomix,s11_out,fixed_cal,e2r_vits_nomix_baseline_s1,ring0_vs_ring1,ring1_minus_ring0,-0.0008,-0.001788,0.000162,10000,>0 = ring 1 carries more mass per position than ring 0,"the ring CIs and this contrast come from ONE resample of images, so they are mutually consistent"
I1_spatial,evaluation,7fdf5f9f2ace98ef03a6267455daa1104b92b6689c510ab8b1e5420340f27014,202a712d9392527cbf2fe99525a42a1d45d01aca,analysis/frozen_I1_spatial.py,concentration_excess,vit_small,nomix,s11_out,fixed_cal,e2r_vits_nomix_baseline_s1,finite-sample-null,gini_excess,0.136215,MISSING,MISSING,196,"null gini=0.045673 at mass=2.9170, 400 sims, seed 0",observed minus the finite-sample null — the only cross-member comparable form
I1_spatial,evaluation,7fdf5f9f2ace98ef03a6267455daa1104b92b6689c510ab8b1e5420340f27014,202a712d9392527cbf2fe99525a42a1d45d01aca,analysis/frozen_I1_spatial.py,ring_profile,vit_small,nomix,s11_out,fixed_cal,e2r_vits_nomix_baseline_s2,border-ring,ring0_freq,0.027333,0.02616,0.028521,10000,uniform=0.018906 at this map's own mass,"image-level bootstrap, 10,000 resamples, seed 0 (D6)"
I1_spatial,evaluation,7fdf5f9f2ace98ef03a6267455daa1104b92b6689c510ab8b1e5420340f27014,202a712d9392527cbf2fe99525a42a1d45d01aca,analysis/frozen_I1_spatial.py,ring_profile,vit_small,nomix,s11_out,fixed_cal,e2r_vits_nomix_baseline_s2,border-ring,ring1_freq,0.022243,0.021341,0.023218,10000,uniform=0.018906 at this map's own mass,"image-level bootstrap, 10,000 resamples, seed 0 (D6)"
I1_spatial,evaluation,7fdf5f9f2ace98ef03a6267455daa1104b92b6689c510ab8b1e5420340f27014,202a712d9392527cbf2fe99525a42a1d45d01aca,analysis/frozen_I1_spatial.py,ring_profile,vit_small,nomix,s11_out,fixed_cal,e2r_vits_nomix_baseline_s2,border-ring,ring2_freq,0.015967,0.015311,0.016653,10000,uniform=0.018906 at this map's own mass,"image-level bootstrap, 10,000 resamples, seed 0 (D6)"
I1_spatial,evaluation,7fdf5f9f2ace98ef03a6267455daa1104b92b6689c510ab8b1e5420340f27014,202a712d9392527cbf2fe99525a42a1d45d01aca,analysis/frozen_I1_spatial.py,ring_profile,vit_small,nomix,s11_out,fixed_cal,e2r_vits_nomix_baseline_s2,border-ring,ring3_freq,0.012496,0.0119,0.013118,10000,uniform=0.018906 at this map's own mass,"image-level bootstrap, 10,000 resamples, seed 0 (D6)"
I1_spatial,evaluation,7fdf5f9f2ace98ef03a6267455daa1104b92b6689c510ab8b1e5420340f27014,202a712d9392527cbf2fe99525a42a1d45d01aca,analysis/frozen_I1_spatial.py,ring_profile,vit_small,nomix,s11_out,fixed_cal,e2r_vits_nomix_baseline_s2,border-ring,ring4_freq,0.010775,0.010155,0.01139,10000,uniform=0.018906 at this map's own mass,"image-level bootstrap, 10,000 resamples, seed 0 (D6)"
I1_spatial,evaluation,7fdf5f9f2ace98ef03a6267455daa1104b92b6689c510ab8b1e5420340f27014,202a712d9392527cbf2fe99525a42a1d45d01aca,analysis/frozen_I1_spatial.py,ring_profile,vit_small,nomix,s11_out,fixed_cal,e2r_vits_nomix_baseline_s2,border-ring,ring5_freq,0.009867,0.009142,0.010617,10000,uniform=0.018906 at this map's own mass,"image-level bootstrap, 10,000 resamples, seed 0 (D6)"
I1_spatial,evaluation,7fdf5f9f2ace98ef03a6267455daa1104b92b6689c510ab8b1e5420340f27014,202a712d9392527cbf2fe99525a42a1d45d01aca,analysis/frozen_I1_spatial.py,ring_profile,vit_small,nomix,s11_out,fixed_cal,e2r_vits_nomix_baseline_s2,border-ring,ring6_freq,0.011725,0.0104,0.01315,10000,uniform=0.018906 at this map's own mass,"image-level bootstrap, 10,000 resamples, seed 0 (D6)"
I1_spatial,evaluation,7fdf5f9f2ace98ef03a6267455daa1104b92b6689c510ab8b1e5420340f27014,202a712d9392527cbf2fe99525a42a1d45d01aca,analysis/frozen_I1_spatial.py,ring_ordering,vit_small,nomix,s11_out,fixed_cal,e2r_vits_nomix_baseline_s2,ring0_vs_ring1,ring1_minus_ring0,-0.00509,-0.00614,-0.004084,10000,>0 = ring 1 carries more mass per position than ring 0,"the ring CIs and this contrast come from ONE resample of images, so they are mutually consistent"
I1_spatial,evaluation,7fdf5f9f2ace98ef03a6267455daa1104b92b6689c510ab8b1e5420340f27014,202a712d9392527cbf2fe99525a42a1d45d01aca,analysis/frozen_I1_spatial.py,concentration_excess,vit_small,nomix,s11_out,fixed_cal,e2r_vits_nomix_baseline_s2,finite-sample-null,gini_excess,0.25463,MISSING,MISSING,196,"null gini=0.040444 at mass=3.7055, 400 sims, seed 0",observed minus the finite-sample null — the only cross-member comparable form
I1_spatial,evaluation,7fdf5f9f2ace98ef03a6267455daa1104b92b6689c510ab8b1e5420340f27014,202a712d9392527cbf2fe99525a42a1d45d01aca,analysis/frozen_I1_spatial.py,cross_recipe_map_correlation,vit_small,mixup|nomix,s11_out,mad,e2r_vits_mixup_baseline_s1,e2r_vits_nomix_baseline_s1,rho,0.366809,MISSING,MISSING,1568,within-recipe mean rho=0.9241,"residual map correlation; exact permutation p=0.0708, null sd=0.2028"
I1_spatial,evaluation,7fdf5f9f2ace98ef03a6267455daa1104b92b6689c510ab8b1e5420340f27014,202a712d9392527cbf2fe99525a42a1d45d01aca,analysis/frozen_I1_spatial.py,cross_recipe_map_correlation,vit_small,mixup|nomix,s11_out,mad,e2r_vits_mixup_baseline_s1,e2r_vits_nomix_baseline_s2,rho,0.363568,MISSING,MISSING,1568,within-recipe mean rho=0.9241,"residual map correlation; exact permutation p=0.0906, null sd=0.2061"
I1_spatial,evaluation,7fdf5f9f2ace98ef03a6267455daa1104b92b6689c510ab8b1e5420340f27014,202a712d9392527cbf2fe99525a42a1d45d01aca,analysis/frozen_I1_spatial.py,cross_recipe_map_correlation,vit_small,mixup|nomix,s11_out,mad,e2r_vits_mixup_baseline_s2,e2r_vits_nomix_baseline_s1,rho,0.3624,MISSING,MISSING,1568,within-recipe mean rho=0.9241,"residual map correlation; exact permutation p=0.1148, null sd=0.2194"
I1_spatial,evaluation,7fdf5f9f2ace98ef03a6267455daa1104b92b6689c510ab8b1e5420340f27014,202a712d9392527cbf2fe99525a42a1d45d01aca,analysis/frozen_I1_spatial.py,cross_recipe_map_correlation,vit_small,mixup|nomix,s11_out,mad,e2r_vits_mixup_baseline_s2,e2r_vits_nomix_baseline_s2,rho,0.362581,MISSING,MISSING,1568,within-recipe mean rho=0.9241,"residual map correlation; exact permutation p=0.1409, null sd=0.2227"
I1_spatial,evaluation,7fdf5f9f2ace98ef03a6267455daa1104b92b6689c510ab8b1e5420340f27014,202a712d9392527cbf2fe99525a42a1d45d01aca,analysis/frozen_I1_spatial.py,cross_recipe_map_correlation,vit_small,mixup|nomix,s11_out,mad,legacy_e2_vit_small_mixupdir_baseline,e2r_vits_nomix_baseline_s1,rho,0.339471,MISSING,MISSING,1568,within-recipe mean rho=0.9241,"residual map correlation; exact permutation p=0.1531, null sd=0.2277"
I1_spatial,evaluation,7fdf5f9f2ace98ef03a6267455daa1104b92b6689c510ab8b1e5420340f27014,202a712d9392527cbf2fe99525a42a1d45d01aca,analysis/frozen_I1_spatial.py,cross_recipe_map_correlation,vit_small,mixup|nomix,s11_out,mad,legacy_e2_vit_small_mixupdir_baseline,e2r_vits_nomix_baseline_s2,rho,0.329471,MISSING,MISSING,1568,within-recipe mean rho=0.9241,"residual map correlation; exact permutation p=0.1888, null sd=0.2330"
I1_spatial,evaluation,7fdf5f9f2ace98ef03a6267455daa1104b92b6689c510ab8b1e5420340f27014,202a712d9392527cbf2fe99525a42a1d45d01aca,analysis/frozen_I1_spatial.py,cross_recipe_map_correlation,vit_small,mixup|nomix,s11_out,mad,legacy_e2_vit_small_nomixdir_baseline,e2r_vits_nomix_baseline_s1,rho,0.292079,MISSING,MISSING,1568,within-recipe mean rho=0.9241,"residual map correlation; exact permutation p=0.1033, null sd=0.1743"
I1_spatial,evaluation,7fdf5f9f2ace98ef03a6267455daa1104b92b6689c510ab8b1e5420340f27014,202a712d9392527cbf2fe99525a42a1d45d01aca,analysis/frozen_I1_spatial.py,cross_recipe_map_correlation,vit_small,mixup|nomix,s11_out,mad,legacy_e2_vit_small_nomixdir_baseline,e2r_vits_nomix_baseline_s2,rho,0.301923,MISSING,MISSING,1568,within-recipe mean rho=0.9241,"residual map correlation; exact permutation p=0.0969, null sd=0.1764"
I1_spatial,evaluation,7fdf5f9f2ace98ef03a6267455daa1104b92b6689c510ab8b1e5420340f27014,202a712d9392527cbf2fe99525a42a1d45d01aca,analysis/frozen_I1_spatial.py,cross_recipe_map_correlation,vit_small,mixup|nomix,s11_out,mad,MEAN,all-cross-pairs,rho_mean,0.339788,MISSING,MISSING,8,within-recipe mean is the comparator,mean over all cross-recipe baseline pairs
I1_spatial,evaluation,7fdf5f9f2ace98ef03a6267455daa1104b92b6689c510ab8b1e5420340f27014,202a712d9392527cbf2fe99525a42a1d45d01aca,analysis/frozen_I1_spatial.py,within_recipe_map_correlation,vit_small,mixup,s11_out,mad,MEAN,all-within-pairs,rho_mean,0.924103,MISSING,MISSING,6,zero = no shared spatial structure,mean over all within-recipe mixup baseline pairs
I1_spatial,evaluation,7fdf5f9f2ace98ef03a6267455daa1104b92b6689c510ab8b1e5420340f27014,202a712d9392527cbf2fe99525a42a1d45d01aca,analysis/frozen_I1_spatial.py,ring_profile,vit_small,mixup,s11_out,mad,e2r_vits_mixup_baseline_s1,border-ring,ring0_freq,0.067273,0.066362,0.068215,10000,uniform=0.090075 at this map's own mass,"image-level bootstrap, 10,000 resamples, seed 0 (D6)"
I1_spatial,evaluation,7fdf5f9f2ace98ef03a6267455daa1104b92b6689c510ab8b1e5420340f27014,202a712d9392527cbf2fe99525a42a1d45d01aca,analysis/frozen_I1_spatial.py,ring_profile,vit_small,mixup,s11_out,mad,e2r_vits_mixup_baseline_s1,border-ring,ring1_freq,0.152198,0.150559,0.153832,10000,uniform=0.090075 at this map's own mass,"image-level bootstrap, 10,000 resamples, seed 0 (D6)"
I1_spatial,evaluation,7fdf5f9f2ace98ef03a6267455daa1104b92b6689c510ab8b1e5420340f27014,202a712d9392527cbf2fe99525a42a1d45d01aca,analysis/frozen_I1_spatial.py,ring_profile,vit_small,mixup,s11_out,mad,e2r_vits_mixup_baseline_s1,border-ring,ring2_freq,0.096711,0.095442,0.097983,10000,uniform=0.090075 at this map's own mass,"image-level bootstrap, 10,000 resamples, seed 0 (D6)"
I1_spatial,evaluation,7fdf5f9f2ace98ef03a6267455daa1104b92b6689c510ab8b1e5420340f27014,202a712d9392527cbf2fe99525a42a1d45d01aca,analysis/frozen_I1_spatial.py,ring_profile,vit_small,mixup,s11_out,mad,e2r_vits_mixup_baseline_s1,border-ring,ring3_freq,0.070975,0.069746,0.072207,10000,uniform=0.090075 at this map's own mass,"image-level bootstrap, 10,000 resamples, seed 0 (D6)"
I1_spatial,evaluation,7fdf5f9f2ace98ef03a6267455daa1104b92b6689c510ab8b1e5420340f27014,202a712d9392527cbf2fe99525a42a1d45d01aca,analysis/frozen_I1_spatial.py,ring_profile,vit_small,mixup,s11_out,mad,e2r_vits_mixup_baseline_s1,border-ring,ring4_freq,0.05476,0.05346,0.056095,10000,uniform=0.090075 at this map's own mass,"image-level bootstrap, 10,000 resamples, seed 0 (D6)"
I1_spatial,evaluation,7fdf5f9f2ace98ef03a6267455daa1104b92b6689c510ab8b1e5420340f27014,202a712d9392527cbf2fe99525a42a1d45d01aca,analysis/frozen_I1_spatial.py,ring_profile,vit_small,mixup,s11_out,mad,e2r_vits_mixup_baseline_s1,border-ring,ring5_freq,0.0541,0.052408,0.055867,10000,uniform=0.090075 at this map's own mass,"image-level bootstrap, 10,000 resamples, seed 0 (D6)"
I1_spatial,evaluation,7fdf5f9f2ace98ef03a6267455daa1104b92b6689c510ab8b1e5420340f27014,202a712d9392527cbf2fe99525a42a1d45d01aca,analysis/frozen_I1_spatial.py,ring_profile,vit_small,mixup,s11_out,mad,e2r_vits_mixup_baseline_s1,border-ring,ring6_freq,0.061625,0.0588,0.064475,10000,uniform=0.090075 at this map's own mass,"image-level bootstrap, 10,000 resamples, seed 0 (D6)"
I1_spatial,evaluation,7fdf5f9f2ace98ef03a6267455daa1104b92b6689c510ab8b1e5420340f27014,202a712d9392527cbf2fe99525a42a1d45d01aca,analysis/frozen_I1_spatial.py,ring_ordering,vit_small,mixup,s11_out,mad,e2r_vits_mixup_baseline_s1,ring0_vs_ring1,ring1_minus_ring0,0.084925,0.083013,0.086815,10000,>0 = ring 1 carries more mass per position than ring 0,"the ring CIs and this contrast come from ONE resample of images, so they are mutually consistent"
I1_spatial,evaluation,7fdf5f9f2ace98ef03a6267455daa1104b92b6689c510ab8b1e5420340f27014,202a712d9392527cbf2fe99525a42a1d45d01aca,analysis/frozen_I1_spatial.py,concentration_excess,vit_small,mixup,s11_out,mad,e2r_vits_mixup_baseline_s1,finite-sample-null,gini_excess,0.251784,MISSING,MISSING,196,"null gini=0.017812 at mass=17.6547, 400 sims, seed 0",observed minus the finite-sample null — the only cross-member comparable form
I1_spatial,evaluation,7fdf5f9f2ace98ef03a6267455daa1104b92b6689c510ab8b1e5420340f27014,202a712d9392527cbf2fe99525a42a1d45d01aca,analysis/frozen_I1_spatial.py,ring_profile,vit_small,mixup,s11_out,mad,e2r_vits_mixup_baseline_s2,border-ring,ring0_freq,0.068194,0.067294,0.069102,10000,uniform=0.088148 at this map's own mass,"image-level bootstrap, 10,000 resamples, seed 0 (D6)"
I1_spatial,evaluation,7fdf5f9f2ace98ef03a6267455daa1104b92b6689c510ab8b1e5420340f27014,202a712d9392527cbf2fe99525a42a1d45d01aca,analysis/frozen_I1_spatial.py,ring_profile,vit_small,mixup,s11_out,mad,e2r_vits_mixup_baseline_s2,border-ring,ring1_freq,0.141364,0.139873,0.142889,10000,uniform=0.088148 at this map's own mass,"image-level bootstrap, 10,000 resamples, seed 0 (D6)"
I1_spatial,evaluation,7fdf5f9f2ace98ef03a6267455daa1104b92b6689c510ab8b1e5420340f27014,202a712d9392527cbf2fe99525a42a1d45d01aca,analysis/frozen_I1_spatial.py,ring_profile,vit_small,mixup,s11_out,mad,e2r_vits_mixup_baseline_s2,border-ring,ring2_freq,0.101311,0.09995,0.102661,10000,uniform=0.088148 at this map's own mass,"image-level bootstrap, 10,000 resamples, seed 0 (D6)"
I1_spatial,evaluation,7fdf5f9f2ace98ef03a6267455daa1104b92b6689c510ab8b1e5420340f27014,202a712d9392527cbf2fe99525a42a1d45d01aca,analysis/frozen_I1_spatial.py,ring_profile,vit_small,mixup,s11_out,mad,e2r_vits_mixup_baseline_s2,border-ring,ring3_freq,0.069589,0.068421,0.070793,10000,uniform=0.088148 at this map's own mass,"image-level bootstrap, 10,000 resamples, seed 0 (D6)"
I1_spatial,evaluation,7fdf5f9f2ace98ef03a6267455daa1104b92b6689c510ab8b1e5420340f27014,202a712d9392527cbf2fe99525a42a1d45d01aca,analysis/frozen_I1_spatial.py,ring_profile,vit_small,mixup,s11_out,mad,e2r_vits_mixup_baseline_s2,border-ring,ring4_freq,0.05297,0.05171,0.054245,10000,uniform=0.088148 at this map's own mass,"image-level bootstrap, 10,000 resamples, seed 0 (D6)"
I1_spatial,evaluation,7fdf5f9f2ace98ef03a6267455daa1104b92b6689c510ab8b1e5420340f27014,202a712d9392527cbf2fe99525a42a1d45d01aca,analysis/frozen_I1_spatial.py,ring_profile,vit_small,mixup,s11_out,mad,e2r_vits_mixup_baseline_s2,border-ring,ring5_freq,0.051492,0.049858,0.053134,10000,uniform=0.088148 at this map's own mass,"image-level bootstrap, 10,000 resamples, seed 0 (D6)"
I1_spatial,evaluation,7fdf5f9f2ace98ef03a6267455daa1104b92b6689c510ab8b1e5420340f27014,202a712d9392527cbf2fe99525a42a1d45d01aca,analysis/frozen_I1_spatial.py,ring_profile,vit_small,mixup,s11_out,mad,e2r_vits_mixup_baseline_s2,border-ring,ring6_freq,0.059475,0.05675,0.0623,10000,uniform=0.088148 at this map's own mass,"image-level bootstrap, 10,000 resamples, seed 0 (D6)"
I1_spatial,evaluation,7fdf5f9f2ace98ef03a6267455daa1104b92b6689c510ab8b1e5420340f27014,202a712d9392527cbf2fe99525a42a1d45d01aca,analysis/frozen_I1_spatial.py,ring_ordering,vit_small,mixup,s11_out,mad,e2r_vits_mixup_baseline_s2,ring0_vs_ring1,ring1_minus_ring0,0.073169,0.071434,0.074974,10000,>0 = ring 1 carries more mass per position than ring 0,"the ring CIs and this contrast come from ONE resample of images, so they are mutually consistent"
I1_spatial,evaluation,7fdf5f9f2ace98ef03a6267455daa1104b92b6689c510ab8b1e5420340f27014,202a712d9392527cbf2fe99525a42a1d45d01aca,analysis/frozen_I1_spatial.py,concentration_excess,vit_small,mixup,s11_out,mad,e2r_vits_mixup_baseline_s2,finite-sample-null,gini_excess,0.239688,MISSING,MISSING,196,"null gini=0.018052 at mass=17.2770, 400 sims, seed 0",observed minus the finite-sample null — the only cross-member comparable form
I1_spatial,evaluation,7fdf5f9f2ace98ef03a6267455daa1104b92b6689c510ab8b1e5420340f27014,202a712d9392527cbf2fe99525a42a1d45d01aca,analysis/frozen_I1_spatial.py,ring_profile,vit_small,mixup,s11_out,mad,legacy_e2_vit_small_mixupdir_baseline,border-ring,ring0_freq,0.05359,0.052763,0.054442,10000,uniform=0.073463 at this map's own mass,"image-level bootstrap, 10,000 resamples, seed 0 (D6)"
I1_spatial,evaluation,7fdf5f9f2ace98ef03a6267455daa1104b92b6689c510ab8b1e5420340f27014,202a712d9392527cbf2fe99525a42a1d45d01aca,analysis/frozen_I1_spatial.py,ring_profile,vit_small,mixup,s11_out,mad,legacy_e2_vit_small_mixupdir_baseline,border-ring,ring1_freq,0.121032,0.119736,0.122348,10000,uniform=0.073463 at this map's own mass,"image-level bootstrap, 10,000 resamples, seed 0 (D6)"
I1_spatial,evaluation,7fdf5f9f2ace98ef03a6267455daa1104b92b6689c510ab8b1e5420340f27014,202a712d9392527cbf2fe99525a42a1d45d01aca,analysis/frozen_I1_spatial.py,ring_profile,vit_small,mixup,s11_out,mad,legacy_e2_vit_small_mixupdir_baseline,border-ring,ring2_freq,0.085089,0.083953,0.086253,10000,uniform=0.073463 at this map's own mass,"image-level bootstrap, 10,000 resamples, seed 0 (D6)"
I1_spatial,evaluation,7fdf5f9f2ace98ef03a6267455daa1104b92b6689c510ab8b1e5420340f27014,202a712d9392527cbf2fe99525a42a1d45d01aca,analysis/frozen_I1_spatial.py,ring_profile,vit_small,mixup,s11_out,mad,legacy_e2_vit_small_mixupdir_baseline,border-ring,ring3_freq,0.062554,0.061396,0.063729,10000,uniform=0.073463 at this map's own mass,"image-level bootstrap, 10,000 resamples, seed 0 (D6)"
I1_spatial,evaluation,7fdf5f9f2ace98ef03a6267455daa1104b92b6689c510ab8b1e5420340f27014,202a712d9392527cbf2fe99525a42a1d45d01aca,analysis/frozen_I1_spatial.py,ring_profile,vit_small,mixup,s11_out,mad,legacy_e2_vit_small_mixupdir_baseline,border-ring,ring4_freq,0.04276,0.041665,0.0439,10000,uniform=0.073463 at this map's own mass,"image-level bootstrap, 10,000 resamples, seed 0 (D6)"
I1_spatial,evaluation,7fdf5f9f2ace98ef03a6267455daa1104b92b6689c510ab8b1e5420340f27014,202a712d9392527cbf2fe99525a42a1d45d01aca,analysis/frozen_I1_spatial.py,ring_profile,vit_small,mixup,s11_out,mad,legacy_e2_vit_small_mixupdir_baseline,border-ring,ring5_freq,0.038275,0.036875,0.039667,10000,uniform=0.073463 at this map's own mass,"image-level bootstrap, 10,000 resamples, seed 0 (D6)"
I1_spatial,evaluation,7fdf5f9f2ace98ef03a6267455daa1104b92b6689c510ab8b1e5420340f27014,202a712d9392527cbf2fe99525a42a1d45d01aca,analysis/frozen_I1_spatial.py,ring_profile,vit_small,mixup,s11_out,mad,legacy_e2_vit_small_mixupdir_baseline,border-ring,ring6_freq,0.03935,0.037125,0.041575,10000,uniform=0.073463 at this map's own mass,"image-level bootstrap, 10,000 resamples, seed 0 (D6)"
I1_spatial,evaluation,7fdf5f9f2ace98ef03a6267455daa1104b92b6689c510ab8b1e5420340f27014,202a712d9392527cbf2fe99525a42a1d45d01aca,analysis/frozen_I1_spatial.py,ring_ordering,vit_small,mixup,s11_out,mad,legacy_e2_vit_small_mixupdir_baseline,ring0_vs_ring1,ring1_minus_ring0,0.067441,0.065886,0.068985,10000,>0 = ring 1 carries more mass per position than ring 0,"the ring CIs and this contrast come from ONE resample of images, so they are mutually consistent"
I1_spatial,evaluation,7fdf5f9f2ace98ef03a6267455daa1104b92b6689c510ab8b1e5420340f27014,202a712d9392527cbf2fe99525a42a1d45d01aca,analysis/frozen_I1_spatial.py,concentration_excess,vit_small,mixup,s11_out,mad,legacy_e2_vit_small_mixupdir_baseline,finite-sample-null,gini_excess,0.260377,MISSING,MISSING,196,"null gini=0.019925 at mass=14.3987, 400 sims, seed 0",observed minus the finite-sample null — the only cross-member comparable form
I1_spatial,evaluation,7fdf5f9f2ace98ef03a6267455daa1104b92b6689c510ab8b1e5420340f27014,202a712d9392527cbf2fe99525a42a1d45d01aca,analysis/frozen_I1_spatial.py,ring_profile,vit_small,mixup,s11_out,mad,legacy_e2_vit_small_nomixdir_baseline,border-ring,ring0_freq,0.06644,0.065538,0.067362,10000,uniform=0.093019 at this map's own mass,"image-level bootstrap, 10,000 resamples, seed 0 (D6)"
I1_spatial,evaluation,7fdf5f9f2ace98ef03a6267455daa1104b92b6689c510ab8b1e5420340f27014,202a712d9392527cbf2fe99525a42a1d45d01aca,analysis/frozen_I1_spatial.py,ring_profile,vit_small,mixup,s11_out,mad,legacy_e2_vit_small_nomixdir_baseline,border-ring,ring1_freq,0.15033,0.14873,0.151961,10000,uniform=0.093019 at this map's own mass,"image-level bootstrap, 10,000 resamples, seed 0 (D6)"
I1_spatial,evaluation,7fdf5f9f2ace98ef03a6267455daa1104b92b6689c510ab8b1e5420340f27014,202a712d9392527cbf2fe99525a42a1d45d01aca,analysis/frozen_I1_spatial.py,ring_profile,vit_small,mixup,s11_out,mad,legacy_e2_vit_small_nomixdir_baseline,border-ring,ring2_freq,0.106625,0.105317,0.107967,10000,uniform=0.093019 at this map's own mass,"image-level bootstrap, 10,000 resamples, seed 0 (D6)"
I1_spatial,evaluation,7fdf5f9f2ace98ef03a6267455daa1104b92b6689c510ab8b1e5420340f27014,202a712d9392527cbf2fe99525a42a1d45d01aca,analysis/frozen_I1_spatial.py,ring_profile,vit_small,mixup,s11_out,mad,legacy_e2_vit_small_nomixdir_baseline,border-ring,ring3_freq,0.075521,0.074296,0.076761,10000,uniform=0.093019 at this map's own mass,"image-level bootstrap, 10,000 resamples, seed 0 (D6)"
I1_spatial,evaluation,7fdf5f9f2ace98ef03a6267455daa1104b92b6689c510ab8b1e5420340f27014,202a712d9392527cbf2fe99525a42a1d45d01aca,analysis/frozen_I1_spatial.py,ring_profile,vit_small,mixup,s11_out,mad,legacy_e2_vit_small_nomixdir_baseline,border-ring,ring4_freq,0.05998,0.05865,0.061325,10000,uniform=0.093019 at this map's own mass,"image-level bootstrap, 10,000 resamples, seed 0 (D6)"
I1_spatial,evaluation,7fdf5f9f2ace98ef03a6267455daa1104b92b6689c510ab8b1e5420340f27014,202a712d9392527cbf2fe99525a42a1d45d01aca,analysis/frozen_I1_spatial.py,ring_profile,vit_small,mixup,s11_out,mad,legacy_e2_vit_small_nomixdir_baseline,border-ring,ring5_freq,0.060758,0.058942,0.062617,10000,uniform=0.093019 at this map's own mass,"image-level bootstrap, 10,000 resamples, seed 0 (D6)"
I1_spatial,evaluation,7fdf5f9f2ace98ef03a6267455daa1104b92b6689c510ab8b1e5420340f27014,202a712d9392527cbf2fe99525a42a1d45d01aca,analysis/frozen_I1_spatial.py,ring_profile,vit_small,mixup,s11_out,mad,legacy_e2_vit_small_nomixdir_baseline,border-ring,ring6_freq,0.070125,0.067175,0.0732,10000,uniform=0.093019 at this map's own mass,"image-level bootstrap, 10,000 resamples, seed 0 (D6)"
I1_spatial,evaluation,7fdf5f9f2ace98ef03a6267455daa1104b92b6689c510ab8b1e5420340f27014,202a712d9392527cbf2fe99525a42a1d45d01aca,analysis/frozen_I1_spatial.py,ring_ordering,vit_small,mixup,s11_out,mad,legacy_e2_vit_small_nomixdir_baseline,ring0_vs_ring1,ring1_minus_ring0,0.083889,0.082006,0.085763,10000,>0 = ring 1 carries more mass per position than ring 0,"the ring CIs and this contrast come from ONE resample of images, so they are mutually consistent"
I1_spatial,evaluation,7fdf5f9f2ace98ef03a6267455daa1104b92b6689c510ab8b1e5420340f27014,202a712d9392527cbf2fe99525a42a1d45d01aca,analysis/frozen_I1_spatial.py,concentration_excess,vit_small,mixup,s11_out,mad,legacy_e2_vit_small_nomixdir_baseline,finite-sample-null,gini_excess,0.229107,MISSING,MISSING,196,"null gini=0.017518 at mass=18.2317, 400 sims, seed 0",observed minus the finite-sample null — the only cross-member comparable form
I1_spatial,evaluation,7fdf5f9f2ace98ef03a6267455daa1104b92b6689c510ab8b1e5420340f27014,202a712d9392527cbf2fe99525a42a1d45d01aca,analysis/frozen_I1_spatial.py,ring_profile,vit_small,nomix,s11_out,mad,e2r_vits_nomix_baseline_s1,border-ring,ring0_freq,0.016504,0.015694,0.017358,10000,uniform=0.013546 at this map's own mass,"image-level bootstrap, 10,000 resamples, seed 0 (D6)"
I1_spatial,evaluation,7fdf5f9f2ace98ef03a6267455daa1104b92b6689c510ab8b1e5420340f27014,202a712d9392527cbf2fe99525a42a1d45d01aca,analysis/frozen_I1_spatial.py,ring_profile,vit_small,nomix,s11_out,mad,e2r_vits_nomix_baseline_s1,border-ring,ring1_freq,0.013714,0.0132,0.014248,10000,uniform=0.013546 at this map's own mass,"image-level bootstrap, 10,000 resamples, seed 0 (D6)"
I1_spatial,evaluation,7fdf5f9f2ace98ef03a6267455daa1104b92b6689c510ab8b1e5420340f27014,202a712d9392527cbf2fe99525a42a1d45d01aca,analysis/frozen_I1_spatial.py,ring_profile,vit_small,nomix,s11_out,mad,e2r_vits_nomix_baseline_s1,border-ring,ring2_freq,0.012206,0.011711,0.012706,10000,uniform=0.013546 at this map's own mass,"image-level bootstrap, 10,000 resamples, seed 0 (D6)"
I1_spatial,evaluation,7fdf5f9f2ace98ef03a6267455daa1104b92b6689c510ab8b1e5420340f27014,202a712d9392527cbf2fe99525a42a1d45d01aca,analysis/frozen_I1_spatial.py,ring_profile,vit_small,nomix,s11_out,mad,e2r_vits_nomix_baseline_s1,border-ring,ring3_freq,0.011793,0.011236,0.012339,10000,uniform=0.013546 at this map's own mass,"image-level bootstrap, 10,000 resamples, seed 0 (D6)"
I1_spatial,evaluation,7fdf5f9f2ace98ef03a6267455daa1104b92b6689c510ab8b1e5420340f27014,202a712d9392527cbf2fe99525a42a1d45d01aca,analysis/frozen_I1_spatial.py,ring_profile,vit_small,nomix,s11_out,mad,e2r_vits_nomix_baseline_s1,border-ring,ring4_freq,0.01179,0.01114,0.01246,10000,uniform=0.013546 at this map's own mass,"image-level bootstrap, 10,000 resamples, seed 0 (D6)"
I1_spatial,evaluation,7fdf5f9f2ace98ef03a6267455daa1104b92b6689c510ab8b1e5420340f27014,202a712d9392527cbf2fe99525a42a1d45d01aca,analysis/frozen_I1_spatial.py,ring_profile,vit_small,nomix,s11_out,mad,e2r_vits_nomix_baseline_s1,border-ring,ring5_freq,0.011025,0.010258,0.011825,10000,uniform=0.013546 at this map's own mass,"image-level bootstrap, 10,000 resamples, seed 0 (D6)"
I1_spatial,evaluation,7fdf5f9f2ace98ef03a6267455daa1104b92b6689c510ab8b1e5420340f27014,202a712d9392527cbf2fe99525a42a1d45d01aca,analysis/frozen_I1_spatial.py,ring_profile,vit_small,nomix,s11_out,mad,e2r_vits_nomix_baseline_s1,border-ring,ring6_freq,0.01395,0.01245,0.0155,10000,uniform=0.013546 at this map's own mass,"image-level bootstrap, 10,000 resamples, seed 0 (D6)"
I1_spatial,evaluation,7fdf5f9f2ace98ef03a6267455daa1104b92b6689c510ab8b1e5420340f27014,202a712d9392527cbf2fe99525a42a1d45d01aca,analysis/frozen_I1_spatial.py,ring_ordering,vit_small,nomix,s11_out,mad,e2r_vits_nomix_baseline_s1,ring0_vs_ring1,ring1_minus_ring0,-0.00279,-0.003626,-0.001983,10000,>0 = ring 1 carries more mass per position than ring 0,"the ring CIs and this contrast come from ONE resample of images, so they are mutually consistent"
I1_spatial,evaluation,7fdf5f9f2ace98ef03a6267455daa1104b92b6689c510ab8b1e5420340f27014,202a712d9392527cbf2fe99525a42a1d45d01aca,analysis/frozen_I1_spatial.py,concentration_excess,vit_small,nomix,s11_out,mad,e2r_vits_nomix_baseline_s1,finite-sample-null,gini_excess,0.131349,MISSING,MISSING,196,"null gini=0.047910 at mass=2.6551, 400 sims, seed 0",observed minus the finite-sample null — the only cross-member comparable form
I1_spatial,evaluation,7fdf5f9f2ace98ef03a6267455daa1104b92b6689c510ab8b1e5420340f27014,202a712d9392527cbf2fe99525a42a1d45d01aca,analysis/frozen_I1_spatial.py,ring_profile,vit_small,nomix,s11_out,mad,e2r_vits_nomix_baseline_s2,border-ring,ring0_freq,0.015785,0.015086,0.016529,10000,uniform=0.010626 at this map's own mass,"image-level bootstrap, 10,000 resamples, seed 0 (D6)"
I1_spatial,evaluation,7fdf5f9f2ace98ef03a6267455daa1104b92b6689c510ab8b1e5420340f27014,202a712d9392527cbf2fe99525a42a1d45d01aca,analysis/frozen_I1_spatial.py,ring_profile,vit_small,nomix,s11_out,mad,e2r_vits_nomix_baseline_s2,border-ring,ring1_freq,0.010366,0.009891,0.010836,10000,uniform=0.010626 at this map's own mass,"image-level bootstrap, 10,000 resamples, seed 0 (D6)"
I1_spatial,evaluation,7fdf5f9f2ace98ef03a6267455daa1104b92b6689c510ab8b1e5420340f27014,202a712d9392527cbf2fe99525a42a1d45d01aca,analysis/frozen_I1_spatial.py,ring_profile,vit_small,nomix,s11_out,mad,e2r_vits_nomix_baseline_s2,border-ring,ring2_freq,0.008283,0.007883,0.008692,10000,uniform=0.010626 at this map's own mass,"image-level bootstrap, 10,000 resamples, seed 0 (D6)"
I1_spatial,evaluation,7fdf5f9f2ace98ef03a6267455daa1104b92b6689c510ab8b1e5420340f27014,202a712d9392527cbf2fe99525a42a1d45d01aca,analysis/frozen_I1_spatial.py,ring_profile,vit_small,nomix,s11_out,mad,e2r_vits_nomix_baseline_s2,border-ring,ring3_freq,0.007725,0.007289,0.008168,10000,uniform=0.010626 at this map's own mass,"image-level bootstrap, 10,000 resamples, seed 0 (D6)"
I1_spatial,evaluation,7fdf5f9f2ace98ef03a6267455daa1104b92b6689c510ab8b1e5420340f27014,202a712d9392527cbf2fe99525a42a1d45d01aca,analysis/frozen_I1_spatial.py,ring_profile,vit_small,nomix,s11_out,mad,e2r_vits_nomix_baseline_s2,border-ring,ring4_freq,0.00765,0.00713,0.00818,10000,uniform=0.010626 at this map's own mass,"image-level bootstrap, 10,000 resamples, seed 0 (D6)"
I1_spatial,evaluation,7fdf5f9f2ace98ef03a6267455daa1104b92b6689c510ab8b1e5420340f27014,202a712d9392527cbf2fe99525a42a1d45d01aca,analysis/frozen_I1_spatial.py,ring_profile,vit_small,nomix,s11_out,mad,e2r_vits_nomix_baseline_s2,border-ring,ring5_freq,0.008167,0.007483,0.008867,10000,uniform=0.010626 at this map's own mass,"image-level bootstrap, 10,000 resamples, seed 0 (D6)"
I1_spatial,evaluation,7fdf5f9f2ace98ef03a6267455daa1104b92b6689c510ab8b1e5420340f27014,202a712d9392527cbf2fe99525a42a1d45d01aca,analysis/frozen_I1_spatial.py,ring_profile,vit_small,nomix,s11_out,mad,e2r_vits_nomix_baseline_s2,border-ring,ring6_freq,0.010075,0.008825,0.011375,10000,uniform=0.010626 at this map's own mass,"image-level bootstrap, 10,000 resamples, seed 0 (D6)"
I1_spatial,evaluation,7fdf5f9f2ace98ef03a6267455daa1104b92b6689c510ab8b1e5420340f27014,202a712d9392527cbf2fe99525a42a1d45d01aca,analysis/frozen_I1_spatial.py,ring_ordering,vit_small,nomix,s11_out,mad,e2r_vits_nomix_baseline_s2,ring0_vs_ring1,ring1_minus_ring0,-0.005419,-0.006157,-0.004715,10000,>0 = ring 1 carries more mass per position than ring 0,"the ring CIs and this contrast come from ONE resample of images, so they are mutually consistent"
I1_spatial,evaluation,7fdf5f9f2ace98ef03a6267455daa1104b92b6689c510ab8b1e5420340f27014,202a712d9392527cbf2fe99525a42a1d45d01aca,analysis/frozen_I1_spatial.py,concentration_excess,vit_small,nomix,s11_out,mad,e2r_vits_nomix_baseline_s2,finite-sample-null,gini_excess,0.219632,MISSING,MISSING,196,"null gini=0.054160 at mass=2.0827, 400 sims, seed 0",observed minus the finite-sample null — the only cross-member comparable form
I1_spatial,evaluation,7fdf5f9f2ace98ef03a6267455daa1104b92b6689c510ab8b1e5420340f27014,202a712d9392527cbf2fe99525a42a1d45d01aca,analysis/frozen_I1_spatial.py,cross_recipe_map_correlation,vit_small,mixup|nomix,in_b07,fixed_cal,e2r_vits_mixup_baseline_s1,e2r_vits_nomix_baseline_s1,rho,0.328017,MISSING,MISSING,1568,within-recipe mean rho=0.9103,"residual map correlation; exact permutation p=0.1059, null sd=0.1920"
I1_spatial,evaluation,7fdf5f9f2ace98ef03a6267455daa1104b92b6689c510ab8b1e5420340f27014,202a712d9392527cbf2fe99525a42a1d45d01aca,analysis/frozen_I1_spatial.py,cross_recipe_map_correlation,vit_small,mixup|nomix,in_b07,fixed_cal,e2r_vits_mixup_baseline_s1,e2r_vits_nomix_baseline_s2,rho,0.038662,MISSING,MISSING,1568,within-recipe mean rho=0.9103,"residual map correlation; exact permutation p=0.8361, null sd=0.1523"
I1_spatial,evaluation,7fdf5f9f2ace98ef03a6267455daa1104b92b6689c510ab8b1e5420340f27014,202a712d9392527cbf2fe99525a42a1d45d01aca,analysis/frozen_I1_spatial.py,cross_recipe_map_correlation,vit_small,mixup|nomix,in_b07,fixed_cal,e2r_vits_mixup_baseline_s2,e2r_vits_nomix_baseline_s1,rho,0.410289,MISSING,MISSING,1568,within-recipe mean rho=0.9103,"residual map correlation; exact permutation p=0.1001, null sd=0.2279"
I1_spatial,evaluation,7fdf5f9f2ace98ef03a6267455daa1104b92b6689c510ab8b1e5420340f27014,202a712d9392527cbf2fe99525a42a1d45d01aca,analysis/frozen_I1_spatial.py,cross_recipe_map_correlation,vit_small,mixup|nomix,in_b07,fixed_cal,e2r_vits_mixup_baseline_s2,e2r_vits_nomix_baseline_s2,rho,0.064327,MISSING,MISSING,1568,within-recipe mean rho=0.9103,"residual map correlation; exact permutation p=0.7111, null sd=0.1628"
I1_spatial,evaluation,7fdf5f9f2ace98ef03a6267455daa1104b92b6689c510ab8b1e5420340f27014,202a712d9392527cbf2fe99525a42a1d45d01aca,analysis/frozen_I1_spatial.py,cross_recipe_map_correlation,vit_small,mixup|nomix,in_b07,fixed_cal,legacy_e2_vit_small_mixupdir_baseline,e2r_vits_nomix_baseline_s1,rho,0.29435,MISSING,MISSING,1568,within-recipe mean rho=0.9103,"residual map correlation; exact permutation p=0.2328, null sd=0.2361"
I1_spatial,evaluation,7fdf5f9f2ace98ef03a6267455daa1104b92b6689c510ab8b1e5420340f27014,202a712d9392527cbf2fe99525a42a1d45d01aca,analysis/frozen_I1_spatial.py,cross_recipe_map_correlation,vit_small,mixup|nomix,in_b07,fixed_cal,legacy_e2_vit_small_mixupdir_baseline,e2r_vits_nomix_baseline_s2,rho,-0.038257,MISSING,MISSING,1568,within-recipe mean rho=0.9103,"residual map correlation; exact permutation p=0.8776, null sd=0.2016"
I1_spatial,evaluation,7fdf5f9f2ace98ef03a6267455daa1104b92b6689c510ab8b1e5420340f27014,202a712d9392527cbf2fe99525a42a1d45d01aca,analysis/frozen_I1_spatial.py,cross_recipe_map_correlation,vit_small,mixup|nomix,in_b07,fixed_cal,legacy_e2_vit_small_nomixdir_baseline,e2r_vits_nomix_baseline_s1,rho,0.276982,MISSING,MISSING,1568,within-recipe mean rho=0.9103,"residual map correlation; exact permutation p=0.2047, null sd=0.2071"
I1_spatial,evaluation,7fdf5f9f2ace98ef03a6267455daa1104b92b6689c510ab8b1e5420340f27014,202a712d9392527cbf2fe99525a42a1d45d01aca,analysis/frozen_I1_spatial.py,cross_recipe_map_correlation,vit_small,mixup|nomix,in_b07,fixed_cal,legacy_e2_vit_small_nomixdir_baseline,e2r_vits_nomix_baseline_s2,rho,-0.023368,MISSING,MISSING,1568,within-recipe mean rho=0.9103,"residual map correlation; exact permutation p=0.9254, null sd=0.1507"
I1_spatial,evaluation,7fdf5f9f2ace98ef03a6267455daa1104b92b6689c510ab8b1e5420340f27014,202a712d9392527cbf2fe99525a42a1d45d01aca,analysis/frozen_I1_spatial.py,cross_recipe_map_correlation,vit_small,mixup|nomix,in_b07,fixed_cal,MEAN,all-cross-pairs,rho_mean,0.168875,MISSING,MISSING,8,within-recipe mean is the comparator,mean over all cross-recipe baseline pairs
I1_spatial,evaluation,7fdf5f9f2ace98ef03a6267455daa1104b92b6689c510ab8b1e5420340f27014,202a712d9392527cbf2fe99525a42a1d45d01aca,analysis/frozen_I1_spatial.py,within_recipe_map_correlation,vit_small,mixup,in_b07,fixed_cal,MEAN,all-within-pairs,rho_mean,0.910265,MISSING,MISSING,6,zero = no shared spatial structure,mean over all within-recipe mixup baseline pairs
I1_spatial,evaluation,7fdf5f9f2ace98ef03a6267455daa1104b92b6689c510ab8b1e5420340f27014,202a712d9392527cbf2fe99525a42a1d45d01aca,analysis/frozen_I1_spatial.py,ring_profile,vit_small,mixup,in_b07,fixed_cal,e2r_vits_mixup_baseline_s1,border-ring,ring0_freq,0.040613,0.039815,0.041415,10000,uniform=0.058641 at this map's own mass,"image-level bootstrap, 10,000 resamples, seed 0 (D6)"
I1_spatial,evaluation,7fdf5f9f2ace98ef03a6267455daa1104b92b6689c510ab8b1e5420340f27014,202a712d9392527cbf2fe99525a42a1d45d01aca,analysis/frozen_I1_spatial.py,ring_profile,vit_small,mixup,in_b07,fixed_cal,e2r_vits_mixup_baseline_s1,border-ring,ring1_freq,0.109711,0.108486,0.110939,10000,uniform=0.058641 at this map's own mass,"image-level bootstrap, 10,000 resamples, seed 0 (D6)"
I1_spatial,evaluation,7fdf5f9f2ace98ef03a6267455daa1104b92b6689c510ab8b1e5420340f27014,202a712d9392527cbf2fe99525a42a1d45d01aca,analysis/frozen_I1_spatial.py,ring_profile,vit_small,mixup,in_b07,fixed_cal,e2r_vits_mixup_baseline_s1,border-ring,ring2_freq,0.060792,0.059886,0.061722,10000,uniform=0.058641 at this map's own mass,"image-level bootstrap, 10,000 resamples, seed 0 (D6)"
I1_spatial,evaluation,7fdf5f9f2ace98ef03a6267455daa1104b92b6689c510ab8b1e5420340f27014,202a712d9392527cbf2fe99525a42a1d45d01aca,analysis/frozen_I1_spatial.py,ring_profile,vit_small,mixup,in_b07,fixed_cal,e2r_vits_mixup_baseline_s1,border-ring,ring3_freq,0.042557,0.041646,0.043486,10000,uniform=0.058641 at this map's own mass,"image-level bootstrap, 10,000 resamples, seed 0 (D6)"
I1_spatial,evaluation,7fdf5f9f2ace98ef03a6267455daa1104b92b6689c510ab8b1e5420340f27014,202a712d9392527cbf2fe99525a42a1d45d01aca,analysis/frozen_I1_spatial.py,ring_profile,vit_small,mixup,in_b07,fixed_cal,e2r_vits_mixup_baseline_s1,border-ring,ring4_freq,0.03219,0.031195,0.03319,10000,uniform=0.058641 at this map's own mass,"image-level bootstrap, 10,000 resamples, seed 0 (D6)"
I1_spatial,evaluation,7fdf5f9f2ace98ef03a6267455daa1104b92b6689c510ab8b1e5420340f27014,202a712d9392527cbf2fe99525a42a1d45d01aca,analysis/frozen_I1_spatial.py,ring_profile,vit_small,mixup,in_b07,fixed_cal,e2r_vits_mixup_baseline_s1,border-ring,ring5_freq,0.031283,0.03005,0.032533,10000,uniform=0.058641 at this map's own mass,"image-level bootstrap, 10,000 resamples, seed 0 (D6)"
I1_spatial,evaluation,7fdf5f9f2ace98ef03a6267455daa1104b92b6689c510ab8b1e5420340f27014,202a712d9392527cbf2fe99525a42a1d45d01aca,analysis/frozen_I1_spatial.py,ring_profile,vit_small,mixup,in_b07,fixed_cal,e2r_vits_mixup_baseline_s1,border-ring,ring6_freq,0.038775,0.0365,0.0411,10000,uniform=0.058641 at this map's own mass,"image-level bootstrap, 10,000 resamples, seed 0 (D6)"
I1_spatial,evaluation,7fdf5f9f2ace98ef03a6267455daa1104b92b6689c510ab8b1e5420340f27014,202a712d9392527cbf2fe99525a42a1d45d01aca,analysis/frozen_I1_spatial.py,ring_ordering,vit_small,mixup,in_b07,fixed_cal,e2r_vits_mixup_baseline_s1,ring0_vs_ring1,ring1_minus_ring0,0.069098,0.067609,0.070601,10000,>0 = ring 1 carries more mass per position than ring 0,"the ring CIs and this contrast come from ONE resample of images, so they are mutually consistent"
I1_spatial,evaluation,7fdf5f9f2ace98ef03a6267455daa1104b92b6689c510ab8b1e5420340f27014,202a712d9392527cbf2fe99525a42a1d45d01aca,analysis/frozen_I1_spatial.py,concentration_excess,vit_small,mixup,in_b07,fixed_cal,e2r_vits_mixup_baseline_s1,finite-sample-null,gini_excess,0.307303,MISSING,MISSING,196,"null gini=0.022475 at mass=11.4936, 400 sims, seed 0",observed minus the finite-sample null — the only cross-member comparable form
I1_spatial,evaluation,7fdf5f9f2ace98ef03a6267455daa1104b92b6689c510ab8b1e5420340f27014,202a712d9392527cbf2fe99525a42a1d45d01aca,analysis/frozen_I1_spatial.py,ring_profile,vit_small,mixup,in_b07,fixed_cal,e2r_vits_mixup_baseline_s2,border-ring,ring0_freq,0.039687,0.038915,0.040498,10000,uniform=0.052875 at this map's own mass,"image-level bootstrap, 10,000 resamples, seed 0 (D6)"
I1_spatial,evaluation,7fdf5f9f2ace98ef03a6267455daa1104b92b6689c510ab8b1e5420340f27014,202a712d9392527cbf2fe99525a42a1d45d01aca,analysis/frozen_I1_spatial.py,ring_profile,vit_small,mixup,in_b07,fixed_cal,e2r_vits_mixup_baseline_s2,border-ring,ring1_freq,0.092823,0.09178,0.093868,10000,uniform=0.052875 at this map's own mass,"image-level bootstrap, 10,000 resamples, seed 0 (D6)"
I1_spatial,evaluation,7fdf5f9f2ace98ef03a6267455daa1104b92b6689c510ab8b1e5420340f27014,202a712d9392527cbf2fe99525a42a1d45d01aca,analysis/frozen_I1_spatial.py,ring_profile,vit_small,mixup,in_b07,fixed_cal,e2r_vits_mixup_baseline_s2,border-ring,ring2_freq,0.059817,0.058906,0.060719,10000,uniform=0.052875 at this map's own mass,"image-level bootstrap, 10,000 resamples, seed 0 (D6)"
I1_spatial,evaluation,7fdf5f9f2ace98ef03a6267455daa1104b92b6689c510ab8b1e5420340f27014,202a712d9392527cbf2fe99525a42a1d45d01aca,analysis/frozen_I1_spatial.py,ring_profile,vit_small,mixup,in_b07,fixed_cal,e2r_vits_mixup_baseline_s2,border-ring,ring3_freq,0.037829,0.037007,0.038661,10000,uniform=0.052875 at this map's own mass,"image-level bootstrap, 10,000 resamples, seed 0 (D6)"
I1_spatial,evaluation,7fdf5f9f2ace98ef03a6267455daa1104b92b6689c510ab8b1e5420340f27014,202a712d9392527cbf2fe99525a42a1d45d01aca,analysis/frozen_I1_spatial.py,ring_profile,vit_small,mixup,in_b07,fixed_cal,e2r_vits_mixup_baseline_s2,border-ring,ring4_freq,0.02755,0.026685,0.02842,10000,uniform=0.052875 at this map's own mass,"image-level bootstrap, 10,000 resamples, seed 0 (D6)"
I1_spatial,evaluation,7fdf5f9f2ace98ef03a6267455daa1104b92b6689c510ab8b1e5420340f27014,202a712d9392527cbf2fe99525a42a1d45d01aca,analysis/frozen_I1_spatial.py,ring_profile,vit_small,mixup,in_b07,fixed_cal,e2r_vits_mixup_baseline_s2,border-ring,ring5_freq,0.02635,0.02525,0.02745,10000,uniform=0.052875 at this map's own mass,"image-level bootstrap, 10,000 resamples, seed 0 (D6)"
I1_spatial,evaluation,7fdf5f9f2ace98ef03a6267455daa1104b92b6689c510ab8b1e5420340f27014,202a712d9392527cbf2fe99525a42a1d45d01aca,analysis/frozen_I1_spatial.py,ring_profile,vit_small,mixup,in_b07,fixed_cal,e2r_vits_mixup_baseline_s2,border-ring,ring6_freq,0.03395,0.031825,0.036075,10000,uniform=0.052875 at this map's own mass,"image-level bootstrap, 10,000 resamples, seed 0 (D6)"
I1_spatial,evaluation,7fdf5f9f2ace98ef03a6267455daa1104b92b6689c510ab8b1e5420340f27014,202a712d9392527cbf2fe99525a42a1d45d01aca,analysis/frozen_I1_spatial.py,ring_ordering,vit_small,mixup,in_b07,fixed_cal,e2r_vits_mixup_baseline_s2,ring0_vs_ring1,ring1_minus_ring0,0.053136,0.051812,0.054482,10000,>0 = ring 1 carries more mass per position than ring 0,"the ring CIs and this contrast come from ONE resample of images, so they are mutually consistent"
I1_spatial,evaluation,7fdf5f9f2ace98ef03a6267455daa1104b92b6689c510ab8b1e5420340f27014,202a712d9392527cbf2fe99525a42a1d45d01aca,analysis/frozen_I1_spatial.py,concentration_excess,vit_small,mixup,in_b07,fixed_cal,e2r_vits_mixup_baseline_s2,finite-sample-null,gini_excess,0.294794,MISSING,MISSING,196,"null gini=0.023749 at mass=10.3635, 400 sims, seed 0",observed minus the finite-sample null — the only cross-member comparable form
I1_spatial,evaluation,7fdf5f9f2ace98ef03a6267455daa1104b92b6689c510ab8b1e5420340f27014,202a712d9392527cbf2fe99525a42a1d45d01aca,analysis/frozen_I1_spatial.py,ring_profile,vit_small,mixup,in_b07,fixed_cal,legacy_e2_vit_small_mixupdir_baseline,border-ring,ring0_freq,0.048733,0.04794,0.049514,10000,uniform=0.069199 at this map's own mass,"image-level bootstrap, 10,000 resamples, seed 0 (D6)"
I1_spatial,evaluation,7fdf5f9f2ace98ef03a6267455daa1104b92b6689c510ab8b1e5420340f27014,202a712d9392527cbf2fe99525a42a1d45d01aca,analysis/frozen_I1_spatial.py,ring_profile,vit_small,mixup,in_b07,fixed_cal,legacy_e2_vit_small_mixupdir_baseline,border-ring,ring1_freq,0.117011,0.115725,0.118291,10000,uniform=0.069199 at this map's own mass,"image-level bootstrap, 10,000 resamples, seed 0 (D6)"
I1_spatial,evaluation,7fdf5f9f2ace98ef03a6267455daa1104b92b6689c510ab8b1e5420340f27014,202a712d9392527cbf2fe99525a42a1d45d01aca,analysis/frozen_I1_spatial.py,ring_profile,vit_small,mixup,in_b07,fixed_cal,legacy_e2_vit_small_mixupdir_baseline,border-ring,ring2_freq,0.081336,0.080258,0.082414,10000,uniform=0.069199 at this map's own mass,"image-level bootstrap, 10,000 resamples, seed 0 (D6)"
I1_spatial,evaluation,7fdf5f9f2ace98ef03a6267455daa1104b92b6689c510ab8b1e5420340f27014,202a712d9392527cbf2fe99525a42a1d45d01aca,analysis/frozen_I1_spatial.py,ring_profile,vit_small,mixup,in_b07,fixed_cal,legacy_e2_vit_small_mixupdir_baseline,border-ring,ring3_freq,0.058657,0.057575,0.059768,10000,uniform=0.069199 at this map's own mass,"image-level bootstrap, 10,000 resamples, seed 0 (D6)"
I1_spatial,evaluation,7fdf5f9f2ace98ef03a6267455daa1104b92b6689c510ab8b1e5420340f27014,202a712d9392527cbf2fe99525a42a1d45d01aca,analysis/frozen_I1_spatial.py,ring_profile,vit_small,mixup,in_b07,fixed_cal,legacy_e2_vit_small_mixupdir_baseline,border-ring,ring4_freq,0.03848,0.037465,0.03951,10000,uniform=0.069199 at this map's own mass,"image-level bootstrap, 10,000 resamples, seed 0 (D6)"
I1_spatial,evaluation,7fdf5f9f2ace98ef03a6267455daa1104b92b6689c510ab8b1e5420340f27014,202a712d9392527cbf2fe99525a42a1d45d01aca,analysis/frozen_I1_spatial.py,ring_profile,vit_small,mixup,in_b07,fixed_cal,legacy_e2_vit_small_mixupdir_baseline,border-ring,ring5_freq,0.033583,0.032333,0.03485,10000,uniform=0.069199 at this map's own mass,"image-level bootstrap, 10,000 resamples, seed 0 (D6)"
I1_spatial,evaluation,7fdf5f9f2ace98ef03a6267455daa1104b92b6689c510ab8b1e5420340f27014,202a712d9392527cbf2fe99525a42a1d45d01aca,analysis/frozen_I1_spatial.py,ring_profile,vit_small,mixup,in_b07,fixed_cal,legacy_e2_vit_small_mixupdir_baseline,border-ring,ring6_freq,0.03435,0.032325,0.036425,10000,uniform=0.069199 at this map's own mass,"image-level bootstrap, 10,000 resamples, seed 0 (D6)"
I1_spatial,evaluation,7fdf5f9f2ace98ef03a6267455daa1104b92b6689c510ab8b1e5420340f27014,202a712d9392527cbf2fe99525a42a1d45d01aca,analysis/frozen_I1_spatial.py,ring_ordering,vit_small,mixup,in_b07,fixed_cal,legacy_e2_vit_small_mixupdir_baseline,ring0_vs_ring1,ring1_minus_ring0,0.068279,0.066765,0.069817,10000,>0 = ring 1 carries more mass per position than ring 0,"the ring CIs and this contrast come from ONE resample of images, so they are mutually consistent"
I1_spatial,evaluation,7fdf5f9f2ace98ef03a6267455daa1104b92b6689c510ab8b1e5420340f27014,202a712d9392527cbf2fe99525a42a1d45d01aca,analysis/frozen_I1_spatial.py,concentration_excess,vit_small,mixup,in_b07,fixed_cal,legacy_e2_vit_small_mixupdir_baseline,finite-sample-null,gini_excess,0.280074,MISSING,MISSING,196,"null gini=0.020558 at mass=13.5631, 400 sims, seed 0",observed minus the finite-sample null — the only cross-member comparable form
I1_spatial,evaluation,7fdf5f9f2ace98ef03a6267455daa1104b92b6689c510ab8b1e5420340f27014,202a712d9392527cbf2fe99525a42a1d45d01aca,analysis/frozen_I1_spatial.py,ring_profile,vit_small,mixup,in_b07,fixed_cal,legacy_e2_vit_small_nomixdir_baseline,border-ring,ring0_freq,0.0365,0.03574,0.037264,10000,uniform=0.052669 at this map's own mass,"image-level bootstrap, 10,000 resamples, seed 0 (D6)"
I1_spatial,evaluation,7fdf5f9f2ace98ef03a6267455daa1104b92b6689c510ab8b1e5420340f27014,202a712d9392527cbf2fe99525a42a1d45d01aca,analysis/frozen_I1_spatial.py,ring_profile,vit_small,mixup,in_b07,fixed_cal,legacy_e2_vit_small_nomixdir_baseline,border-ring,ring1_freq,0.09958,0.098452,0.100721,10000,uniform=0.052669 at this map's own mass,"image-level bootstrap, 10,000 resamples, seed 0 (D6)"
I1_spatial,evaluation,7fdf5f9f2ace98ef03a6267455daa1104b92b6689c510ab8b1e5420340f27014,202a712d9392527cbf2fe99525a42a1d45d01aca,analysis/frozen_I1_spatial.py,ring_profile,vit_small,mixup,in_b07,fixed_cal,legacy_e2_vit_small_nomixdir_baseline,border-ring,ring2_freq,0.060858,0.059997,0.061719,10000,uniform=0.052669 at this map's own mass,"image-level bootstrap, 10,000 resamples, seed 0 (D6)"
I1_spatial,evaluation,7fdf5f9f2ace98ef03a6267455daa1104b92b6689c510ab8b1e5420340f27014,202a712d9392527cbf2fe99525a42a1d45d01aca,analysis/frozen_I1_spatial.py,ring_profile,vit_small,mixup,in_b07,fixed_cal,legacy_e2_vit_small_nomixdir_baseline,border-ring,ring3_freq,0.035568,0.034821,0.036329,10000,uniform=0.052669 at this map's own mass,"image-level bootstrap, 10,000 resamples, seed 0 (D6)"
I1_spatial,evaluation,7fdf5f9f2ace98ef03a6267455daa1104b92b6689c510ab8b1e5420340f27014,202a712d9392527cbf2fe99525a42a1d45d01aca,analysis/frozen_I1_spatial.py,ring_profile,vit_small,mixup,in_b07,fixed_cal,legacy_e2_vit_small_nomixdir_baseline,border-ring,ring4_freq,0.02327,0.022525,0.024045,10000,uniform=0.052669 at this map's own mass,"image-level bootstrap, 10,000 resamples, seed 0 (D6)"
I1_spatial,evaluation,7fdf5f9f2ace98ef03a6267455daa1104b92b6689c510ab8b1e5420340f27014,202a712d9392527cbf2fe99525a42a1d45d01aca,analysis/frozen_I1_spatial.py,ring_profile,vit_small,mixup,in_b07,fixed_cal,legacy_e2_vit_small_nomixdir_baseline,border-ring,ring5_freq,0.022917,0.021942,0.023942,10000,uniform=0.052669 at this map's own mass,"image-level bootstrap, 10,000 resamples, seed 0 (D6)"
I1_spatial,evaluation,7fdf5f9f2ace98ef03a6267455daa1104b92b6689c510ab8b1e5420340f27014,202a712d9392527cbf2fe99525a42a1d45d01aca,analysis/frozen_I1_spatial.py,ring_profile,vit_small,mixup,in_b07,fixed_cal,legacy_e2_vit_small_nomixdir_baseline,border-ring,ring6_freq,0.029125,0.0272,0.0311,10000,uniform=0.052669 at this map's own mass,"image-level bootstrap, 10,000 resamples, seed 0 (D6)"
I1_spatial,evaluation,7fdf5f9f2ace98ef03a6267455daa1104b92b6689c510ab8b1e5420340f27014,202a712d9392527cbf2fe99525a42a1d45d01aca,analysis/frozen_I1_spatial.py,ring_ordering,vit_small,mixup,in_b07,fixed_cal,legacy_e2_vit_small_nomixdir_baseline,ring0_vs_ring1,ring1_minus_ring0,0.06308,0.061676,0.064507,10000,>0 = ring 1 carries more mass per position than ring 0,"the ring CIs and this contrast come from ONE resample of images, so they are mutually consistent"
I1_spatial,evaluation,7fdf5f9f2ace98ef03a6267455daa1104b92b6689c510ab8b1e5420340f27014,202a712d9392527cbf2fe99525a42a1d45d01aca,analysis/frozen_I1_spatial.py,concentration_excess,vit_small,mixup,in_b07,fixed_cal,legacy_e2_vit_small_nomixdir_baseline,finite-sample-null,gini_excess,0.322869,MISSING,MISSING,196,"null gini=0.023802 at mass=10.3232, 400 sims, seed 0",observed minus the finite-sample null — the only cross-member comparable form
I1_spatial,evaluation,7fdf5f9f2ace98ef03a6267455daa1104b92b6689c510ab8b1e5420340f27014,202a712d9392527cbf2fe99525a42a1d45d01aca,analysis/frozen_I1_spatial.py,ring_profile,vit_small,nomix,in_b07,fixed_cal,e2r_vits_nomix_baseline_s1,border-ring,ring0_freq,0.029542,0.028208,0.030906,10000,uniform=0.021151 at this map's own mass,"image-level bootstrap, 10,000 resamples, seed 0 (D6)"
I1_spatial,evaluation,7fdf5f9f2ace98ef03a6267455daa1104b92b6689c510ab8b1e5420340f27014,202a712d9392527cbf2fe99525a42a1d45d01aca,analysis/frozen_I1_spatial.py,ring_profile,vit_small,nomix,in_b07,fixed_cal,e2r_vits_nomix_baseline_s1,border-ring,ring1_freq,0.021609,0.020645,0.022614,10000,uniform=0.021151 at this map's own mass,"image-level bootstrap, 10,000 resamples, seed 0 (D6)"
I1_spatial,evaluation,7fdf5f9f2ace98ef03a6267455daa1104b92b6689c510ab8b1e5420340f27014,202a712d9392527cbf2fe99525a42a1d45d01aca,analysis/frozen_I1_spatial.py,ring_profile,vit_small,nomix,in_b07,fixed_cal,e2r_vits_nomix_baseline_s1,border-ring,ring2_freq,0.017228,0.016419,0.018053,10000,uniform=0.021151 at this map's own mass,"image-level bootstrap, 10,000 resamples, seed 0 (D6)"
I1_spatial,evaluation,7fdf5f9f2ace98ef03a6267455daa1104b92b6689c510ab8b1e5420340f27014,202a712d9392527cbf2fe99525a42a1d45d01aca,analysis/frozen_I1_spatial.py,ring_profile,vit_small,nomix,in_b07,fixed_cal,e2r_vits_nomix_baseline_s1,border-ring,ring3_freq,0.015536,0.014789,0.016304,10000,uniform=0.021151 at this map's own mass,"image-level bootstrap, 10,000 resamples, seed 0 (D6)"
I1_spatial,evaluation,7fdf5f9f2ace98ef03a6267455daa1104b92b6689c510ab8b1e5420340f27014,202a712d9392527cbf2fe99525a42a1d45d01aca,analysis/frozen_I1_spatial.py,ring_profile,vit_small,nomix,in_b07,fixed_cal,e2r_vits_nomix_baseline_s1,border-ring,ring4_freq,0.01611,0.01524,0.01696,10000,uniform=0.021151 at this map's own mass,"image-level bootstrap, 10,000 resamples, seed 0 (D6)"
I1_spatial,evaluation,7fdf5f9f2ace98ef03a6267455daa1104b92b6689c510ab8b1e5420340f27014,202a712d9392527cbf2fe99525a42a1d45d01aca,analysis/frozen_I1_spatial.py,ring_profile,vit_small,nomix,in_b07,fixed_cal,e2r_vits_nomix_baseline_s1,border-ring,ring5_freq,0.01675,0.015708,0.0178,10000,uniform=0.021151 at this map's own mass,"image-level bootstrap, 10,000 resamples, seed 0 (D6)"
I1_spatial,evaluation,7fdf5f9f2ace98ef03a6267455daa1104b92b6689c510ab8b1e5420340f27014,202a712d9392527cbf2fe99525a42a1d45d01aca,analysis/frozen_I1_spatial.py,ring_profile,vit_small,nomix,in_b07,fixed_cal,e2r_vits_nomix_baseline_s1,border-ring,ring6_freq,0.020025,0.018225,0.0219,10000,uniform=0.021151 at this map's own mass,"image-level bootstrap, 10,000 resamples, seed 0 (D6)"
I1_spatial,evaluation,7fdf5f9f2ace98ef03a6267455daa1104b92b6689c510ab8b1e5420340f27014,202a712d9392527cbf2fe99525a42a1d45d01aca,analysis/frozen_I1_spatial.py,ring_ordering,vit_small,nomix,in_b07,fixed_cal,e2r_vits_nomix_baseline_s1,ring0_vs_ring1,ring1_minus_ring0,-0.007933,-0.009115,-0.006798,10000,>0 = ring 1 carries more mass per position than ring 0,"the ring CIs and this contrast come from ONE resample of images, so they are mutually consistent"
I1_spatial,evaluation,7fdf5f9f2ace98ef03a6267455daa1104b92b6689c510ab8b1e5420340f27014,202a712d9392527cbf2fe99525a42a1d45d01aca,analysis/frozen_I1_spatial.py,concentration_excess,vit_small,nomix,in_b07,fixed_cal,e2r_vits_nomix_baseline_s1,finite-sample-null,gini_excess,0.182965,MISSING,MISSING,196,"null gini=0.038205 at mass=4.1455, 400 sims, seed 0",observed minus the finite-sample null — the only cross-member comparable form
I1_spatial,evaluation,7fdf5f9f2ace98ef03a6267455daa1104b92b6689c510ab8b1e5420340f27014,202a712d9392527cbf2fe99525a42a1d45d01aca,analysis/frozen_I1_spatial.py,ring_profile,vit_small,nomix,in_b07,fixed_cal,e2r_vits_nomix_baseline_s2,border-ring,ring0_freq,0.026369,0.025227,0.027529,10000,uniform=0.014773 at this map's own mass,"image-level bootstrap, 10,000 resamples, seed 0 (D6)"
I1_spatial,evaluation,7fdf5f9f2ace98ef03a6267455daa1104b92b6689c510ab8b1e5420340f27014,202a712d9392527cbf2fe99525a42a1d45d01aca,analysis/frozen_I1_spatial.py,ring_profile,vit_small,nomix,in_b07,fixed_cal,e2r_vits_nomix_baseline_s2,border-ring,ring1_freq,0.01107,0.010345,0.011839,10000,uniform=0.014773 at this map's own mass,"image-level bootstrap, 10,000 resamples, seed 0 (D6)"
I1_spatial,evaluation,7fdf5f9f2ace98ef03a6267455daa1104b92b6689c510ab8b1e5420340f27014,202a712d9392527cbf2fe99525a42a1d45d01aca,analysis/frozen_I1_spatial.py,ring_profile,vit_small,nomix,in_b07,fixed_cal,e2r_vits_nomix_baseline_s2,border-ring,ring2_freq,0.009656,0.009108,0.010208,10000,uniform=0.014773 at this map's own mass,"image-level bootstrap, 10,000 resamples, seed 0 (D6)"
I1_spatial,evaluation,7fdf5f9f2ace98ef03a6267455daa1104b92b6689c510ab8b1e5420340f27014,202a712d9392527cbf2fe99525a42a1d45d01aca,analysis/frozen_I1_spatial.py,ring_profile,vit_small,nomix,in_b07,fixed_cal,e2r_vits_nomix_baseline_s2,border-ring,ring3_freq,0.009796,0.009229,0.010386,10000,uniform=0.014773 at this map's own mass,"image-level bootstrap, 10,000 resamples, seed 0 (D6)"
I1_spatial,evaluation,7fdf5f9f2ace98ef03a6267455daa1104b92b6689c510ab8b1e5420340f27014,202a712d9392527cbf2fe99525a42a1d45d01aca,analysis/frozen_I1_spatial.py,ring_profile,vit_small,nomix,in_b07,fixed_cal,e2r_vits_nomix_baseline_s2,border-ring,ring4_freq,0.01105,0.01035,0.011775,10000,uniform=0.014773 at this map's own mass,"image-level bootstrap, 10,000 resamples, seed 0 (D6)"
I1_spatial,evaluation,7fdf5f9f2ace98ef03a6267455daa1104b92b6689c510ab8b1e5420340f27014,202a712d9392527cbf2fe99525a42a1d45d01aca,analysis/frozen_I1_spatial.py,ring_profile,vit_small,nomix,in_b07,fixed_cal,e2r_vits_nomix_baseline_s2,border-ring,ring5_freq,0.011283,0.010433,0.012125,10000,uniform=0.014773 at this map's own mass,"image-level bootstrap, 10,000 resamples, seed 0 (D6)"
I1_spatial,evaluation,7fdf5f9f2ace98ef03a6267455daa1104b92b6689c510ab8b1e5420340f27014,202a712d9392527cbf2fe99525a42a1d45d01aca,analysis/frozen_I1_spatial.py,ring_profile,vit_small,nomix,in_b07,fixed_cal,e2r_vits_nomix_baseline_s2,border-ring,ring6_freq,0.014725,0.0132,0.016275,10000,uniform=0.014773 at this map's own mass,"image-level bootstrap, 10,000 resamples, seed 0 (D6)"
I1_spatial,evaluation,7fdf5f9f2ace98ef03a6267455daa1104b92b6689c510ab8b1e5420340f27014,202a712d9392527cbf2fe99525a42a1d45d01aca,analysis/frozen_I1_spatial.py,ring_ordering,vit_small,nomix,in_b07,fixed_cal,e2r_vits_nomix_baseline_s2,ring0_vs_ring1,ring1_minus_ring0,-0.015299,-0.016277,-0.014337,10000,>0 = ring 1 carries more mass per position than ring 0,"the ring CIs and this contrast come from ONE resample of images, so they are mutually consistent"
I1_spatial,evaluation,7fdf5f9f2ace98ef03a6267455daa1104b92b6689c510ab8b1e5420340f27014,202a712d9392527cbf2fe99525a42a1d45d01aca,analysis/frozen_I1_spatial.py,concentration_excess,vit_small,nomix,in_b07,fixed_cal,e2r_vits_nomix_baseline_s2,finite-sample-null,gini_excess,0.279673,MISSING,MISSING,196,"null gini=0.045849 at mass=2.8955, 400 sims, seed 0",observed minus the finite-sample null — the only cross-member comparable form
I1_spatial,evaluation,7fdf5f9f2ace98ef03a6267455daa1104b92b6689c510ab8b1e5420340f27014,202a712d9392527cbf2fe99525a42a1d45d01aca,analysis/frozen_I1_spatial.py,cross_recipe_map_correlation,vit_small,mixup|nomix,in_b07,mad,e2r_vits_mixup_baseline_s1,e2r_vits_nomix_baseline_s1,rho,-0.016469,MISSING,MISSING,1568,within-recipe mean rho=0.9110,"residual map correlation; exact permutation p=0.9267, null sd=0.1632"
I1_spatial,evaluation,7fdf5f9f2ace98ef03a6267455daa1104b92b6689c510ab8b1e5420340f27014,202a712d9392527cbf2fe99525a42a1d45d01aca,analysis/frozen_I1_spatial.py,cross_recipe_map_correlation,vit_small,mixup|nomix,in_b07,mad,e2r_vits_mixup_baseline_s1,e2r_vits_nomix_baseline_s2,rho,-0.274484,MISSING,MISSING,1568,within-recipe mean rho=0.9110,"residual map correlation; exact permutation p=0.0606, null sd=0.1430"
I1_spatial,evaluation,7fdf5f9f2ace98ef03a6267455daa1104b92b6689c510ab8b1e5420340f27014,202a712d9392527cbf2fe99525a42a1d45d01aca,analysis/frozen_I1_spatial.py,cross_recipe_map_correlation,vit_small,mixup|nomix,in_b07,mad,e2r_vits_mixup_baseline_s2,e2r_vits_nomix_baseline_s1,rho,0.016281,MISSING,MISSING,1568,within-recipe mean rho=0.9110,"residual map correlation; exact permutation p=0.9483, null sd=0.1715"
I1_spatial,evaluation,7fdf5f9f2ace98ef03a6267455daa1104b92b6689c510ab8b1e5420340f27014,202a712d9392527cbf2fe99525a42a1d45d01aca,analysis/frozen_I1_spatial.py,cross_recipe_map_correlation,vit_small,mixup|nomix,in_b07,mad,e2r_vits_mixup_baseline_s2,e2r_vits_nomix_baseline_s2,rho,-0.294415,MISSING,MISSING,1568,within-recipe mean rho=0.9110,"residual map correlation; exact permutation p=0.0459, null sd=0.1508"
I1_spatial,evaluation,7fdf5f9f2ace98ef03a6267455daa1104b92b6689c510ab8b1e5420340f27014,202a712d9392527cbf2fe99525a42a1d45d01aca,analysis/frozen_I1_spatial.py,cross_recipe_map_correlation,vit_small,mixup|nomix,in_b07,mad,legacy_e2_vit_small_mixupdir_baseline,e2r_vits_nomix_baseline_s1,rho,-0.131591,MISSING,MISSING,1568,within-recipe mean rho=0.9110,"residual map correlation; exact permutation p=0.5746, null sd=0.2110"
I1_spatial,evaluation,7fdf5f9f2ace98ef03a6267455daa1104b92b6689c510ab8b1e5420340f27014,202a712d9392527cbf2fe99525a42a1d45d01aca,analysis/frozen_I1_spatial.py,cross_recipe_map_correlation,vit_small,mixup|nomix,in_b07,mad,legacy_e2_vit_small_mixupdir_baseline,e2r_vits_nomix_baseline_s2,rho,-0.385463,MISSING,MISSING,1568,within-recipe mean rho=0.9110,"residual map correlation; exact permutation p=0.0300, null sd=0.1808"
I1_spatial,evaluation,7fdf5f9f2ace98ef03a6267455daa1104b92b6689c510ab8b1e5420340f27014,202a712d9392527cbf2fe99525a42a1d45d01aca,analysis/frozen_I1_spatial.py,cross_recipe_map_correlation,vit_small,mixup|nomix,in_b07,mad,legacy_e2_vit_small_nomixdir_baseline,e2r_vits_nomix_baseline_s1,rho,-0.070959,MISSING,MISSING,1568,within-recipe mean rho=0.9110,"residual map correlation; exact permutation p=0.6952, null sd=0.1570"
I1_spatial,evaluation,7fdf5f9f2ace98ef03a6267455daa1104b92b6689c510ab8b1e5420340f27014,202a712d9392527cbf2fe99525a42a1d45d01aca,analysis/frozen_I1_spatial.py,cross_recipe_map_correlation,vit_small,mixup|nomix,in_b07,mad,legacy_e2_vit_small_nomixdir_baseline,e2r_vits_nomix_baseline_s2,rho,-0.332677,MISSING,MISSING,1568,within-recipe mean rho=0.9110,"residual map correlation; exact permutation p=0.0230, null sd=0.1414"
I1_spatial,evaluation,7fdf5f9f2ace98ef03a6267455daa1104b92b6689c510ab8b1e5420340f27014,202a712d9392527cbf2fe99525a42a1d45d01aca,analysis/frozen_I1_spatial.py,cross_recipe_map_correlation,vit_small,mixup|nomix,in_b07,mad,MEAN,all-cross-pairs,rho_mean,-0.186222,MISSING,MISSING,8,within-recipe mean is the comparator,mean over all cross-recipe baseline pairs
I1_spatial,evaluation,7fdf5f9f2ace98ef03a6267455daa1104b92b6689c510ab8b1e5420340f27014,202a712d9392527cbf2fe99525a42a1d45d01aca,analysis/frozen_I1_spatial.py,within_recipe_map_correlation,vit_small,mixup,in_b07,mad,MEAN,all-within-pairs,rho_mean,0.910995,MISSING,MISSING,6,zero = no shared spatial structure,mean over all within-recipe mixup baseline pairs
I1_spatial,evaluation,7fdf5f9f2ace98ef03a6267455daa1104b92b6689c510ab8b1e5420340f27014,202a712d9392527cbf2fe99525a42a1d45d01aca,analysis/frozen_I1_spatial.py,ring_profile,vit_small,mixup,in_b07,mad,e2r_vits_mixup_baseline_s1,border-ring,ring0_freq,0.038883,0.038181,0.0396,10000,uniform=0.056348 at this map's own mass,"image-level bootstrap, 10,000 resamples, seed 0 (D6)"
I1_spatial,evaluation,7fdf5f9f2ace98ef03a6267455daa1104b92b6689c510ab8b1e5420340f27014,202a712d9392527cbf2fe99525a42a1d45d01aca,analysis/frozen_I1_spatial.py,ring_profile,vit_small,mixup,in_b07,mad,e2r_vits_mixup_baseline_s1,border-ring,ring1_freq,0.107648,0.106489,0.108843,10000,uniform=0.056348 at this map's own mass,"image-level bootstrap, 10,000 resamples, seed 0 (D6)"
I1_spatial,evaluation,7fdf5f9f2ace98ef03a6267455daa1104b92b6689c510ab8b1e5420340f27014,202a712d9392527cbf2fe99525a42a1d45d01aca,analysis/frozen_I1_spatial.py,ring_profile,vit_small,mixup,in_b07,mad,e2r_vits_mixup_baseline_s1,border-ring,ring2_freq,0.058192,0.057344,0.059047,10000,uniform=0.056348 at this map's own mass,"image-level bootstrap, 10,000 resamples, seed 0 (D6)"
I1_spatial,evaluation,7fdf5f9f2ace98ef03a6267455daa1104b92b6689c510ab8b1e5420340f27014,202a712d9392527cbf2fe99525a42a1d45d01aca,analysis/frozen_I1_spatial.py,ring_profile,vit_small,mixup,in_b07,mad,e2r_vits_mixup_baseline_s1,border-ring,ring3_freq,0.040264,0.039411,0.041125,10000,uniform=0.056348 at this map's own mass,"image-level bootstrap, 10,000 resamples, seed 0 (D6)"
I1_spatial,evaluation,7fdf5f9f2ace98ef03a6267455daa1104b92b6689c510ab8b1e5420340f27014,202a712d9392527cbf2fe99525a42a1d45d01aca,analysis/frozen_I1_spatial.py,ring_profile,vit_small,mixup,in_b07,mad,e2r_vits_mixup_baseline_s1,border-ring,ring4_freq,0.02952,0.02863,0.030425,10000,uniform=0.056348 at this map's own mass,"image-level bootstrap, 10,000 resamples, seed 0 (D6)"
I1_spatial,evaluation,7fdf5f9f2ace98ef03a6267455daa1104b92b6689c510ab8b1e5420340f27014,202a712d9392527cbf2fe99525a42a1d45d01aca,analysis/frozen_I1_spatial.py,ring_profile,vit_small,mixup,in_b07,mad,e2r_vits_mixup_baseline_s1,border-ring,ring5_freq,0.027875,0.026758,0.028983,10000,uniform=0.056348 at this map's own mass,"image-level bootstrap, 10,000 resamples, seed 0 (D6)"
I1_spatial,evaluation,7fdf5f9f2ace98ef03a6267455daa1104b92b6689c510ab8b1e5420340f27014,202a712d9392527cbf2fe99525a42a1d45d01aca,analysis/frozen_I1_spatial.py,ring_profile,vit_small,mixup,in_b07,mad,e2r_vits_mixup_baseline_s1,border-ring,ring6_freq,0.034675,0.0326,0.0368,10000,uniform=0.056348 at this map's own mass,"image-level bootstrap, 10,000 resamples, seed 0 (D6)"
I1_spatial,evaluation,7fdf5f9f2ace98ef03a6267455daa1104b92b6689c510ab8b1e5420340f27014,202a712d9392527cbf2fe99525a42a1d45d01aca,analysis/frozen_I1_spatial.py,ring_ordering,vit_small,mixup,in_b07,mad,e2r_vits_mixup_baseline_s1,ring0_vs_ring1,ring1_minus_ring0,0.068765,0.067298,0.070222,10000,>0 = ring 1 carries more mass per position than ring 0,"the ring CIs and this contrast come from ONE resample of images, so they are mutually consistent"
I1_spatial,evaluation,7fdf5f9f2ace98ef03a6267455daa1104b92b6689c510ab8b1e5420340f27014,202a712d9392527cbf2fe99525a42a1d45d01aca,analysis/frozen_I1_spatial.py,concentration_excess,vit_small,mixup,in_b07,mad,e2r_vits_mixup_baseline_s1,finite-sample-null,gini_excess,0.320446,MISSING,MISSING,196,"null gini=0.022943 at mass=11.0443, 400 sims, seed 0",observed minus the finite-sample null — the only cross-member comparable form
I1_spatial,evaluation,7fdf5f9f2ace98ef03a6267455daa1104b92b6689c510ab8b1e5420340f27014,202a712d9392527cbf2fe99525a42a1d45d01aca,analysis/frozen_I1_spatial.py,ring_profile,vit_small,mixup,in_b07,mad,e2r_vits_mixup_baseline_s2,border-ring,ring0_freq,0.040919,0.040215,0.041642,10000,uniform=0.054608 at this map's own mass,"image-level bootstrap, 10,000 resamples, seed 0 (D6)"
I1_spatial,evaluation,7fdf5f9f2ace98ef03a6267455daa1104b92b6689c510ab8b1e5420340f27014,202a712d9392527cbf2fe99525a42a1d45d01aca,analysis/frozen_I1_spatial.py,ring_profile,vit_small,mixup,in_b07,mad,e2r_vits_mixup_baseline_s2,border-ring,ring1_freq,0.09485,0.093827,0.095882,10000,uniform=0.054608 at this map's own mass,"image-level bootstrap, 10,000 resamples, seed 0 (D6)"
I1_spatial,evaluation,7fdf5f9f2ace98ef03a6267455daa1104b92b6689c510ab8b1e5420340f27014,202a712d9392527cbf2fe99525a42a1d45d01aca,analysis/frozen_I1_spatial.py,ring_profile,vit_small,mixup,in_b07,mad,e2r_vits_mixup_baseline_s2,border-ring,ring2_freq,0.06175,0.060844,0.062656,10000,uniform=0.054608 at this map's own mass,"image-level bootstrap, 10,000 resamples, seed 0 (D6)"
I1_spatial,evaluation,7fdf5f9f2ace98ef03a6267455daa1104b92b6689c510ab8b1e5420340f27014,202a712d9392527cbf2fe99525a42a1d45d01aca,analysis/frozen_I1_spatial.py,ring_profile,vit_small,mixup,in_b07,mad,e2r_vits_mixup_baseline_s2,border-ring,ring3_freq,0.039504,0.038664,0.040339,10000,uniform=0.054608 at this map's own mass,"image-level bootstrap, 10,000 resamples, seed 0 (D6)"
I1_spatial,evaluation,7fdf5f9f2ace98ef03a6267455daa1104b92b6689c510ab8b1e5420340f27014,202a712d9392527cbf2fe99525a42a1d45d01aca,analysis/frozen_I1_spatial.py,ring_profile,vit_small,mixup,in_b07,mad,e2r_vits_mixup_baseline_s2,border-ring,ring4_freq,0.029255,0.02837,0.030135,10000,uniform=0.054608 at this map's own mass,"image-level bootstrap, 10,000 resamples, seed 0 (D6)"
I1_spatial,evaluation,7fdf5f9f2ace98ef03a6267455daa1104b92b6689c510ab8b1e5420340f27014,202a712d9392527cbf2fe99525a42a1d45d01aca,analysis/frozen_I1_spatial.py,ring_profile,vit_small,mixup,in_b07,mad,e2r_vits_mixup_baseline_s2,border-ring,ring5_freq,0.028375,0.027258,0.029525,10000,uniform=0.054608 at this map's own mass,"image-level bootstrap, 10,000 resamples, seed 0 (D6)"
I1_spatial,evaluation,7fdf5f9f2ace98ef03a6267455daa1104b92b6689c510ab8b1e5420340f27014,202a712d9392527cbf2fe99525a42a1d45d01aca,analysis/frozen_I1_spatial.py,ring_profile,vit_small,mixup,in_b07,mad,e2r_vits_mixup_baseline_s2,border-ring,ring6_freq,0.036825,0.034625,0.039025,10000,uniform=0.054608 at this map's own mass,"image-level bootstrap, 10,000 resamples, seed 0 (D6)"
I1_spatial,evaluation,7fdf5f9f2ace98ef03a6267455daa1104b92b6689c510ab8b1e5420340f27014,202a712d9392527cbf2fe99525a42a1d45d01aca,analysis/frozen_I1_spatial.py,ring_ordering,vit_small,mixup,in_b07,mad,e2r_vits_mixup_baseline_s2,ring0_vs_ring1,ring1_minus_ring0,0.053931,0.052602,0.055251,10000,>0 = ring 1 carries more mass per position than ring 0,"the ring CIs and this contrast come from ONE resample of images, so they are mutually consistent"
I1_spatial,evaluation,7fdf5f9f2ace98ef03a6267455daa1104b92b6689c510ab8b1e5420340f27014,202a712d9392527cbf2fe99525a42a1d45d01aca,analysis/frozen_I1_spatial.py,concentration_excess,vit_small,mixup,in_b07,mad,e2r_vits_mixup_baseline_s2,finite-sample-null,gini_excess,0.287356,MISSING,MISSING,196,"null gini=0.023316 at mass=10.7032, 400 sims, seed 0",observed minus the finite-sample null — the only cross-member comparable form
I1_spatial,evaluation,7fdf5f9f2ace98ef03a6267455daa1104b92b6689c510ab8b1e5420340f27014,202a712d9392527cbf2fe99525a42a1d45d01aca,analysis/frozen_I1_spatial.py,ring_profile,vit_small,mixup,in_b07,mad,legacy_e2_vit_small_mixupdir_baseline,border-ring,ring0_freq,0.049533,0.048771,0.050306,10000,uniform=0.069129 at this map's own mass,"image-level bootstrap, 10,000 resamples, seed 0 (D6)"
I1_spatial,evaluation,7fdf5f9f2ace98ef03a6267455daa1104b92b6689c510ab8b1e5420340f27014,202a712d9392527cbf2fe99525a42a1d45d01aca,analysis/frozen_I1_spatial.py,ring_profile,vit_small,mixup,in_b07,mad,legacy_e2_vit_small_mixupdir_baseline,border-ring,ring1_freq,0.11625,0.115068,0.117461,10000,uniform=0.069129 at this map's own mass,"image-level bootstrap, 10,000 resamples, seed 0 (D6)"
I1_spatial,evaluation,7fdf5f9f2ace98ef03a6267455daa1104b92b6689c510ab8b1e5420340f27014,202a712d9392527cbf2fe99525a42a1d45d01aca,analysis/frozen_I1_spatial.py,ring_profile,vit_small,mixup,in_b07,mad,legacy_e2_vit_small_mixupdir_baseline,border-ring,ring2_freq,0.080814,0.07975,0.081875,10000,uniform=0.069129 at this map's own mass,"image-level bootstrap, 10,000 resamples, seed 0 (D6)"
I1_spatial,evaluation,7fdf5f9f2ace98ef03a6267455daa1104b92b6689c510ab8b1e5420340f27014,202a712d9392527cbf2fe99525a42a1d45d01aca,analysis/frozen_I1_spatial.py,ring_profile,vit_small,mixup,in_b07,mad,legacy_e2_vit_small_mixupdir_baseline,border-ring,ring3_freq,0.058404,0.057321,0.059496,10000,uniform=0.069129 at this map's own mass,"image-level bootstrap, 10,000 resamples, seed 0 (D6)"
I1_spatial,evaluation,7fdf5f9f2ace98ef03a6267455daa1104b92b6689c510ab8b1e5420340f27014,202a712d9392527cbf2fe99525a42a1d45d01aca,analysis/frozen_I1_spatial.py,ring_profile,vit_small,mixup,in_b07,mad,legacy_e2_vit_small_mixupdir_baseline,border-ring,ring4_freq,0.038515,0.03752,0.03953,10000,uniform=0.069129 at this map's own mass,"image-level bootstrap, 10,000 resamples, seed 0 (D6)"
I1_spatial,evaluation,7fdf5f9f2ace98ef03a6267455daa1104b92b6689c510ab8b1e5420340f27014,202a712d9392527cbf2fe99525a42a1d45d01aca,analysis/frozen_I1_spatial.py,ring_profile,vit_small,mixup,in_b07,mad,legacy_e2_vit_small_mixupdir_baseline,border-ring,ring5_freq,0.0334,0.0322,0.0346,10000,uniform=0.069129 at this map's own mass,"image-level bootstrap, 10,000 resamples, seed 0 (D6)"
I1_spatial,evaluation,7fdf5f9f2ace98ef03a6267455daa1104b92b6689c510ab8b1e5420340f27014,202a712d9392527cbf2fe99525a42a1d45d01aca,analysis/frozen_I1_spatial.py,ring_profile,vit_small,mixup,in_b07,mad,legacy_e2_vit_small_mixupdir_baseline,border-ring,ring6_freq,0.0357,0.03365,0.0378,10000,uniform=0.069129 at this map's own mass,"image-level bootstrap, 10,000 resamples, seed 0 (D6)"
I1_spatial,evaluation,7fdf5f9f2ace98ef03a6267455daa1104b92b6689c510ab8b1e5420340f27014,202a712d9392527cbf2fe99525a42a1d45d01aca,analysis/frozen_I1_spatial.py,ring_ordering,vit_small,mixup,in_b07,mad,legacy_e2_vit_small_mixupdir_baseline,ring0_vs_ring1,ring1_minus_ring0,0.066717,0.065231,0.068206,10000,>0 = ring 1 carries more mass per position than ring 0,"the ring CIs and this contrast come from ONE resample of images, so they are mutually consistent"
I1_spatial,evaluation,7fdf5f9f2ace98ef03a6267455daa1104b92b6689c510ab8b1e5420340f27014,202a712d9392527cbf2fe99525a42a1d45d01aca,analysis/frozen_I1_spatial.py,concentration_excess,vit_small,mixup,in_b07,mad,legacy_e2_vit_small_mixupdir_baseline,finite-sample-null,gini_excess,0.275271,MISSING,MISSING,196,"null gini=0.020567 at mass=13.5492, 400 sims, seed 0",observed minus the finite-sample null — the only cross-member comparable form
I1_spatial,evaluation,7fdf5f9f2ace98ef03a6267455daa1104b92b6689c510ab8b1e5420340f27014,202a712d9392527cbf2fe99525a42a1d45d01aca,analysis/frozen_I1_spatial.py,ring_profile,vit_small,mixup,in_b07,mad,legacy_e2_vit_small_nomixdir_baseline,border-ring,ring0_freq,0.041521,0.040742,0.042302,10000,uniform=0.058361 at this map's own mass,"image-level bootstrap, 10,000 resamples, seed 0 (D6)"
I1_spatial,evaluation,7fdf5f9f2ace98ef03a6267455daa1104b92b6689c510ab8b1e5420340f27014,202a712d9392527cbf2fe99525a42a1d45d01aca,analysis/frozen_I1_spatial.py,ring_profile,vit_small,mixup,in_b07,mad,legacy_e2_vit_small_nomixdir_baseline,border-ring,ring1_freq,0.105859,0.104716,0.107014,10000,uniform=0.058361 at this map's own mass,"image-level bootstrap, 10,000 resamples, seed 0 (D6)"
I1_spatial,evaluation,7fdf5f9f2ace98ef03a6267455daa1104b92b6689c510ab8b1e5420340f27014,202a712d9392527cbf2fe99525a42a1d45d01aca,analysis/frozen_I1_spatial.py,ring_profile,vit_small,mixup,in_b07,mad,legacy_e2_vit_small_nomixdir_baseline,border-ring,ring2_freq,0.066689,0.065789,0.067581,10000,uniform=0.058361 at this map's own mass,"image-level bootstrap, 10,000 resamples, seed 0 (D6)"
I1_spatial,evaluation,7fdf5f9f2ace98ef03a6267455daa1104b92b6689c510ab8b1e5420340f27014,202a712d9392527cbf2fe99525a42a1d45d01aca,analysis/frozen_I1_spatial.py,ring_profile,vit_small,mixup,in_b07,mad,legacy_e2_vit_small_nomixdir_baseline,border-ring,ring3_freq,0.041114,0.040304,0.041918,10000,uniform=0.058361 at this map's own mass,"image-level bootstrap, 10,000 resamples, seed 0 (D6)"
I1_spatial,evaluation,7fdf5f9f2ace98ef03a6267455daa1104b92b6689c510ab8b1e5420340f27014,202a712d9392527cbf2fe99525a42a1d45d01aca,analysis/frozen_I1_spatial.py,ring_profile,vit_small,mixup,in_b07,mad,legacy_e2_vit_small_nomixdir_baseline,border-ring,ring4_freq,0.02895,0.028105,0.029815,10000,uniform=0.058361 at this map's own mass,"image-level bootstrap, 10,000 resamples, seed 0 (D6)"
I1_spatial,evaluation,7fdf5f9f2ace98ef03a6267455daa1104b92b6689c510ab8b1e5420340f27014,202a712d9392527cbf2fe99525a42a1d45d01aca,analysis/frozen_I1_spatial.py,ring_profile,vit_small,mixup,in_b07,mad,legacy_e2_vit_small_nomixdir_baseline,border-ring,ring5_freq,0.028733,0.027625,0.029867,10000,uniform=0.058361 at this map's own mass,"image-level bootstrap, 10,000 resamples, seed 0 (D6)"
I1_spatial,evaluation,7fdf5f9f2ace98ef03a6267455daa1104b92b6689c510ab8b1e5420340f27014,202a712d9392527cbf2fe99525a42a1d45d01aca,analysis/frozen_I1_spatial.py,ring_profile,vit_small,mixup,in_b07,mad,legacy_e2_vit_small_nomixdir_baseline,border-ring,ring6_freq,0.0365,0.034325,0.03875,10000,uniform=0.058361 at this map's own mass,"image-level bootstrap, 10,000 resamples, seed 0 (D6)"
I1_spatial,evaluation,7fdf5f9f2ace98ef03a6267455daa1104b92b6689c510ab8b1e5420340f27014,202a712d9392527cbf2fe99525a42a1d45d01aca,analysis/frozen_I1_spatial.py,ring_ordering,vit_small,mixup,in_b07,mad,legacy_e2_vit_small_nomixdir_baseline,ring0_vs_ring1,ring1_minus_ring0,0.064338,0.062872,0.065804,10000,>0 = ring 1 carries more mass per position than ring 0,"the ring CIs and this contrast come from ONE resample of images, so they are mutually consistent"
I1_spatial,evaluation,7fdf5f9f2ace98ef03a6267455daa1104b92b6689c510ab8b1e5420340f27014,202a712d9392527cbf2fe99525a42a1d45d01aca,analysis/frozen_I1_spatial.py,concentration_excess,vit_small,mixup,in_b07,mad,legacy_e2_vit_small_nomixdir_baseline,finite-sample-null,gini_excess,0.294685,MISSING,MISSING,196,"null gini=0.022517 at mass=11.4387, 400 sims, seed 0",observed minus the finite-sample null — the only cross-member comparable form
I1_spatial,evaluation,7fdf5f9f2ace98ef03a6267455daa1104b92b6689c510ab8b1e5420340f27014,202a712d9392527cbf2fe99525a42a1d45d01aca,analysis/frozen_I1_spatial.py,ring_profile,vit_small,nomix,in_b07,mad,e2r_vits_nomix_baseline_s1,border-ring,ring0_freq,0.022019,0.021048,0.023017,10000,uniform=0.014685 at this map's own mass,"image-level bootstrap, 10,000 resamples, seed 0 (D6)"
I1_spatial,evaluation,7fdf5f9f2ace98ef03a6267455daa1104b92b6689c510ab8b1e5420340f27014,202a712d9392527cbf2fe99525a42a1d45d01aca,analysis/frozen_I1_spatial.py,ring_profile,vit_small,nomix,in_b07,mad,e2r_vits_nomix_baseline_s1,border-ring,ring1_freq,0.012477,0.011948,0.01302,10000,uniform=0.014685 at this map's own mass,"image-level bootstrap, 10,000 resamples, seed 0 (D6)"
I1_spatial,evaluation,7fdf5f9f2ace98ef03a6267455daa1104b92b6689c510ab8b1e5420340f27014,202a712d9392527cbf2fe99525a42a1d45d01aca,analysis/frozen_I1_spatial.py,ring_profile,vit_small,nomix,in_b07,mad,e2r_vits_nomix_baseline_s1,border-ring,ring2_freq,0.010444,0.009981,0.010908,10000,uniform=0.014685 at this map's own mass,"image-level bootstrap, 10,000 resamples, seed 0 (D6)"
I1_spatial,evaluation,7fdf5f9f2ace98ef03a6267455daa1104b92b6689c510ab8b1e5420340f27014,202a712d9392527cbf2fe99525a42a1d45d01aca,analysis/frozen_I1_spatial.py,ring_profile,vit_small,nomix,in_b07,mad,e2r_vits_nomix_baseline_s1,border-ring,ring3_freq,0.01095,0.010443,0.011479,10000,uniform=0.014685 at this map's own mass,"image-level bootstrap, 10,000 resamples, seed 0 (D6)"
I1_spatial,evaluation,7fdf5f9f2ace98ef03a6267455daa1104b92b6689c510ab8b1e5420340f27014,202a712d9392527cbf2fe99525a42a1d45d01aca,analysis/frozen_I1_spatial.py,ring_profile,vit_small,nomix,in_b07,mad,e2r_vits_nomix_baseline_s1,border-ring,ring4_freq,0.01283,0.01214,0.01353,10000,uniform=0.014685 at this map's own mass,"image-level bootstrap, 10,000 resamples, seed 0 (D6)"
I1_spatial,evaluation,7fdf5f9f2ace98ef03a6267455daa1104b92b6689c510ab8b1e5420340f27014,202a712d9392527cbf2fe99525a42a1d45d01aca,analysis/frozen_I1_spatial.py,ring_profile,vit_small,nomix,in_b07,mad,e2r_vits_nomix_baseline_s1,border-ring,ring5_freq,0.014258,0.013342,0.015208,10000,uniform=0.014685 at this map's own mass,"image-level bootstrap, 10,000 resamples, seed 0 (D6)"
I1_spatial,evaluation,7fdf5f9f2ace98ef03a6267455daa1104b92b6689c510ab8b1e5420340f27014,202a712d9392527cbf2fe99525a42a1d45d01aca,analysis/frozen_I1_spatial.py,ring_profile,vit_small,nomix,in_b07,mad,e2r_vits_nomix_baseline_s1,border-ring,ring6_freq,0.018475,0.01675,0.020275,10000,uniform=0.014685 at this map's own mass,"image-level bootstrap, 10,000 resamples, seed 0 (D6)"
I1_spatial,evaluation,7fdf5f9f2ace98ef03a6267455daa1104b92b6689c510ab8b1e5420340f27014,202a712d9392527cbf2fe99525a42a1d45d01aca,analysis/frozen_I1_spatial.py,ring_ordering,vit_small,nomix,in_b07,mad,e2r_vits_nomix_baseline_s1,ring0_vs_ring1,ring1_minus_ring0,-0.009542,-0.010519,-0.008613,10000,>0 = ring 1 carries more mass per position than ring 0,"the ring CIs and this contrast come from ONE resample of images, so they are mutually consistent"
I1_spatial,evaluation,7fdf5f9f2ace98ef03a6267455daa1104b92b6689c510ab8b1e5420340f27014,202a712d9392527cbf2fe99525a42a1d45d01aca,analysis/frozen_I1_spatial.py,concentration_excess,vit_small,nomix,in_b07,mad,e2r_vits_nomix_baseline_s1,finite-sample-null,gini_excess,0.201955,MISSING,MISSING,196,"null gini=0.045997 at mass=2.8782, 400 sims, seed 0",observed minus the finite-sample null — the only cross-member comparable form
I1_spatial,evaluation,7fdf5f9f2ace98ef03a6267455daa1104b92b6689c510ab8b1e5420340f27014,202a712d9392527cbf2fe99525a42a1d45d01aca,analysis/frozen_I1_spatial.py,ring_profile,vit_small,nomix,in_b07,mad,e2r_vits_nomix_baseline_s2,border-ring,ring0_freq,0.029698,0.028767,0.030658,10000,uniform=0.017417 at this map's own mass,"image-level bootstrap, 10,000 resamples, seed 0 (D6)"
I1_spatial,evaluation,7fdf5f9f2ace98ef03a6267455daa1104b92b6689c510ab8b1e5420340f27014,202a712d9392527cbf2fe99525a42a1d45d01aca,analysis/frozen_I1_spatial.py,ring_profile,vit_small,nomix,in_b07,mad,e2r_vits_nomix_baseline_s2,border-ring,ring1_freq,0.011632,0.011134,0.01213,10000,uniform=0.017417 at this map's own mass,"image-level bootstrap, 10,000 resamples, seed 0 (D6)"
I1_spatial,evaluation,7fdf5f9f2ace98ef03a6267455daa1104b92b6689c510ab8b1e5420340f27014,202a712d9392527cbf2fe99525a42a1d45d01aca,analysis/frozen_I1_spatial.py,ring_profile,vit_small,nomix,in_b07,mad,e2r_vits_nomix_baseline_s2,border-ring,ring2_freq,0.011108,0.010628,0.011583,10000,uniform=0.017417 at this map's own mass,"image-level bootstrap, 10,000 resamples, seed 0 (D6)"
I1_spatial,evaluation,7fdf5f9f2ace98ef03a6267455daa1104b92b6689c510ab8b1e5420340f27014,202a712d9392527cbf2fe99525a42a1d45d01aca,analysis/frozen_I1_spatial.py,ring_profile,vit_small,nomix,in_b07,mad,e2r_vits_nomix_baseline_s2,border-ring,ring3_freq,0.012679,0.012132,0.013225,10000,uniform=0.017417 at this map's own mass,"image-level bootstrap, 10,000 resamples, seed 0 (D6)"
I1_spatial,evaluation,7fdf5f9f2ace98ef03a6267455daa1104b92b6689c510ab8b1e5420340f27014,202a712d9392527cbf2fe99525a42a1d45d01aca,analysis/frozen_I1_spatial.py,ring_profile,vit_small,nomix,in_b07,mad,e2r_vits_nomix_baseline_s2,border-ring,ring4_freq,0.0153,0.01453,0.01607,10000,uniform=0.017417 at this map's own mass,"image-level bootstrap, 10,000 resamples, seed 0 (D6)"
I1_spatial,evaluation,7fdf5f9f2ace98ef03a6267455daa1104b92b6689c510ab8b1e5420340f27014,202a712d9392527cbf2fe99525a42a1d45d01aca,analysis/frozen_I1_spatial.py,ring_profile,vit_small,nomix,in_b07,mad,e2r_vits_nomix_baseline_s2,border-ring,ring5_freq,0.017308,0.016275,0.018342,10000,uniform=0.017417 at this map's own mass,"image-level bootstrap, 10,000 resamples, seed 0 (D6)"
I1_spatial,evaluation,7fdf5f9f2ace98ef03a6267455daa1104b92b6689c510ab8b1e5420340f27014,202a712d9392527cbf2fe99525a42a1d45d01aca,analysis/frozen_I1_spatial.py,ring_profile,vit_small,nomix,in_b07,mad,e2r_vits_nomix_baseline_s2,border-ring,ring6_freq,0.02225,0.0204,0.02415,10000,uniform=0.017417 at this map's own mass,"image-level bootstrap, 10,000 resamples, seed 0 (D6)"
I1_spatial,evaluation,7fdf5f9f2ace98ef03a6267455daa1104b92b6689c510ab8b1e5420340f27014,202a712d9392527cbf2fe99525a42a1d45d01aca,analysis/frozen_I1_spatial.py,ring_ordering,vit_small,nomix,in_b07,mad,e2r_vits_nomix_baseline_s2,ring0_vs_ring1,ring1_minus_ring0,-0.018066,-0.019007,-0.017149,10000,>0 = ring 1 carries more mass per position than ring 0,"the ring CIs and this contrast come from ONE resample of images, so they are mutually consistent"
I1_spatial,evaluation,7fdf5f9f2ace98ef03a6267455daa1104b92b6689c510ab8b1e5420340f27014,202a712d9392527cbf2fe99525a42a1d45d01aca,analysis/frozen_I1_spatial.py,concentration_excess,vit_small,nomix,in_b07,mad,e2r_vits_nomix_baseline_s2,finite-sample-null,gini_excess,0.291995,MISSING,MISSING,196,"null gini=0.042178 at mass=3.4137, 400 sims, seed 0",observed minus the finite-sample null — the only cross-member comparable form
I1_spatial,evaluation,7fdf5f9f2ace98ef03a6267455daa1104b92b6689c510ab8b1e5420340f27014,202a712d9392527cbf2fe99525a42a1d45d01aca,analysis/frozen_I1_spatial.py,cross_recipe_map_correlation,vit_small,mixup|nomix,in_b08,fixed_cal,e2r_vits_mixup_baseline_s1,e2r_vits_nomix_baseline_s1,rho,0.391968,MISSING,MISSING,1568,within-recipe mean rho=0.9180,"residual map correlation; exact permutation p=0.0523, null sd=0.2076"
I1_spatial,evaluation,7fdf5f9f2ace98ef03a6267455daa1104b92b6689c510ab8b1e5420340f27014,202a712d9392527cbf2fe99525a42a1d45d01aca,analysis/frozen_I1_spatial.py,cross_recipe_map_correlation,vit_small,mixup|nomix,in_b08,fixed_cal,e2r_vits_mixup_baseline_s1,e2r_vits_nomix_baseline_s2,rho,0.27433,MISSING,MISSING,1568,within-recipe mean rho=0.9180,"residual map correlation; exact permutation p=0.1384, null sd=0.1815"
I1_spatial,evaluation,7fdf5f9f2ace98ef03a6267455daa1104b92b6689c510ab8b1e5420340f27014,202a712d9392527cbf2fe99525a42a1d45d01aca,analysis/frozen_I1_spatial.py,cross_recipe_map_correlation,vit_small,mixup|nomix,in_b08,fixed_cal,e2r_vits_mixup_baseline_s2,e2r_vits_nomix_baseline_s1,rho,0.470879,MISSING,MISSING,1568,within-recipe mean rho=0.9180,"residual map correlation; exact permutation p=0.0446, null sd=0.2387"
I1_spatial,evaluation,7fdf5f9f2ace98ef03a6267455daa1104b92b6689c510ab8b1e5420340f27014,202a712d9392527cbf2fe99525a42a1d45d01aca,analysis/frozen_I1_spatial.py,cross_recipe_map_correlation,vit_small,mixup|nomix,in_b08,fixed_cal,e2r_vits_mixup_baseline_s2,e2r_vits_nomix_baseline_s2,rho,0.287321,MISSING,MISSING,1568,within-recipe mean rho=0.9180,"residual map correlation; exact permutation p=0.1492, null sd=0.1964"
I1_spatial,evaluation,7fdf5f9f2ace98ef03a6267455daa1104b92b6689c510ab8b1e5420340f27014,202a712d9392527cbf2fe99525a42a1d45d01aca,analysis/frozen_I1_spatial.py,cross_recipe_map_correlation,vit_small,mixup|nomix,in_b08,fixed_cal,legacy_e2_vit_small_mixupdir_baseline,e2r_vits_nomix_baseline_s1,rho,0.356451,MISSING,MISSING,1568,within-recipe mean rho=0.9180,"residual map correlation; exact permutation p=0.1422, null sd=0.2334"
I1_spatial,evaluation,7fdf5f9f2ace98ef03a6267455daa1104b92b6689c510ab8b1e5420340f27014,202a712d9392527cbf2fe99525a42a1d45d01aca,analysis/frozen_I1_spatial.py,cross_recipe_map_correlation,vit_small,mixup|nomix,in_b08,fixed_cal,legacy_e2_vit_small_mixupdir_baseline,e2r_vits_nomix_baseline_s2,rho,0.237907,MISSING,MISSING,1568,within-recipe mean rho=0.9180,"residual map correlation; exact permutation p=0.2755, null sd=0.2106"
I1_spatial,evaluation,7fdf5f9f2ace98ef03a6267455daa1104b92b6689c510ab8b1e5420340f27014,202a712d9392527cbf2fe99525a42a1d45d01aca,analysis/frozen_I1_spatial.py,cross_recipe_map_correlation,vit_small,mixup|nomix,in_b08,fixed_cal,legacy_e2_vit_small_nomixdir_baseline,e2r_vits_nomix_baseline_s1,rho,0.350452,MISSING,MISSING,1568,within-recipe mean rho=0.9180,"residual map correlation; exact permutation p=0.0587, null sd=0.1933"
I1_spatial,evaluation,7fdf5f9f2ace98ef03a6267455daa1104b92b6689c510ab8b1e5420340f27014,202a712d9392527cbf2fe99525a42a1d45d01aca,analysis/frozen_I1_spatial.py,cross_recipe_map_correlation,vit_small,mixup|nomix,in_b08,fixed_cal,legacy_e2_vit_small_nomixdir_baseline,e2r_vits_nomix_baseline_s2,rho,0.224468,MISSING,MISSING,1568,within-recipe mean rho=0.9180,"residual map correlation; exact permutation p=0.1894, null sd=0.1694"
I1_spatial,evaluation,7fdf5f9f2ace98ef03a6267455daa1104b92b6689c510ab8b1e5420340f27014,202a712d9392527cbf2fe99525a42a1d45d01aca,analysis/frozen_I1_spatial.py,cross_recipe_map_correlation,vit_small,mixup|nomix,in_b08,fixed_cal,MEAN,all-cross-pairs,rho_mean,0.324222,MISSING,MISSING,8,within-recipe mean is the comparator,mean over all cross-recipe baseline pairs
I1_spatial,evaluation,7fdf5f9f2ace98ef03a6267455daa1104b92b6689c510ab8b1e5420340f27014,202a712d9392527cbf2fe99525a42a1d45d01aca,analysis/frozen_I1_spatial.py,within_recipe_map_correlation,vit_small,mixup,in_b08,fixed_cal,MEAN,all-within-pairs,rho_mean,0.917998,MISSING,MISSING,6,zero = no shared spatial structure,mean over all within-recipe mixup baseline pairs
I1_spatial,evaluation,7fdf5f9f2ace98ef03a6267455daa1104b92b6689c510ab8b1e5420340f27014,202a712d9392527cbf2fe99525a42a1d45d01aca,analysis/frozen_I1_spatial.py,ring_profile,vit_small,mixup,in_b08,fixed_cal,e2r_vits_mixup_baseline_s1,border-ring,ring0_freq,0.04399,0.043198,0.044788,10000,uniform=0.062138 at this map's own mass,"image-level bootstrap, 10,000 resamples, seed 0 (D6)"
I1_spatial,evaluation,7fdf5f9f2ace98ef03a6267455daa1104b92b6689c510ab8b1e5420340f27014,202a712d9392527cbf2fe99525a42a1d45d01aca,analysis/frozen_I1_spatial.py,ring_profile,vit_small,mixup,in_b08,fixed_cal,e2r_vits_mixup_baseline_s1,border-ring,ring1_freq,0.114868,0.11362,0.116136,10000,uniform=0.062138 at this map's own mass,"image-level bootstrap, 10,000 resamples, seed 0 (D6)"
I1_spatial,evaluation,7fdf5f9f2ace98ef03a6267455daa1104b92b6689c510ab8b1e5420340f27014,202a712d9392527cbf2fe99525a42a1d45d01aca,analysis/frozen_I1_spatial.py,ring_profile,vit_small,mixup,in_b08,fixed_cal,e2r_vits_mixup_baseline_s1,border-ring,ring2_freq,0.065633,0.064708,0.066583,10000,uniform=0.062138 at this map's own mass,"image-level bootstrap, 10,000 resamples, seed 0 (D6)"
I1_spatial,evaluation,7fdf5f9f2ace98ef03a6267455daa1104b92b6689c510ab8b1e5420340f27014,202a712d9392527cbf2fe99525a42a1d45d01aca,analysis/frozen_I1_spatial.py,ring_profile,vit_small,mixup,in_b08,fixed_cal,e2r_vits_mixup_baseline_s1,border-ring,ring3_freq,0.045836,0.044907,0.046761,10000,uniform=0.062138 at this map's own mass,"image-level bootstrap, 10,000 resamples, seed 0 (D6)"
I1_spatial,evaluation,7fdf5f9f2ace98ef03a6267455daa1104b92b6689c510ab8b1e5420340f27014,202a712d9392527cbf2fe99525a42a1d45d01aca,analysis/frozen_I1_spatial.py,ring_profile,vit_small,mixup,in_b08,fixed_cal,e2r_vits_mixup_baseline_s1,border-ring,ring4_freq,0.033465,0.032505,0.03442,10000,uniform=0.062138 at this map's own mass,"image-level bootstrap, 10,000 resamples, seed 0 (D6)"
I1_spatial,evaluation,7fdf5f9f2ace98ef03a6267455daa1104b92b6689c510ab8b1e5420340f27014,202a712d9392527cbf2fe99525a42a1d45d01aca,analysis/frozen_I1_spatial.py,ring_profile,vit_small,mixup,in_b08,fixed_cal,e2r_vits_mixup_baseline_s1,border-ring,ring5_freq,0.031017,0.029833,0.032225,10000,uniform=0.062138 at this map's own mass,"image-level bootstrap, 10,000 resamples, seed 0 (D6)"
I1_spatial,evaluation,7fdf5f9f2ace98ef03a6267455daa1104b92b6689c510ab8b1e5420340f27014,202a712d9392527cbf2fe99525a42a1d45d01aca,analysis/frozen_I1_spatial.py,ring_profile,vit_small,mixup,in_b08,fixed_cal,e2r_vits_mixup_baseline_s1,border-ring,ring6_freq,0.037425,0.035275,0.0396,10000,uniform=0.062138 at this map's own mass,"image-level bootstrap, 10,000 resamples, seed 0 (D6)"
I1_spatial,evaluation,7fdf5f9f2ace98ef03a6267455daa1104b92b6689c510ab8b1e5420340f27014,202a712d9392527cbf2fe99525a42a1d45d01aca,analysis/frozen_I1_spatial.py,ring_ordering,vit_small,mixup,in_b08,fixed_cal,e2r_vits_mixup_baseline_s1,ring0_vs_ring1,ring1_minus_ring0,0.070878,0.06935,0.072398,10000,>0 = ring 1 carries more mass per position than ring 0,"the ring CIs and this contrast come from ONE resample of images, so they are mutually consistent"
I1_spatial,evaluation,7fdf5f9f2ace98ef03a6267455daa1104b92b6689c510ab8b1e5420340f27014,202a712d9392527cbf2fe99525a42a1d45d01aca,analysis/frozen_I1_spatial.py,concentration_excess,vit_small,mixup,in_b08,fixed_cal,e2r_vits_mixup_baseline_s1,finite-sample-null,gini_excess,0.301121,MISSING,MISSING,196,"null gini=0.021772 at mass=12.1791, 400 sims, seed 0",observed minus the finite-sample null — the only cross-member comparable form
I1_spatial,evaluation,7fdf5f9f2ace98ef03a6267455daa1104b92b6689c510ab8b1e5420340f27014,202a712d9392527cbf2fe99525a42a1d45d01aca,analysis/frozen_I1_spatial.py,ring_profile,vit_small,mixup,in_b08,fixed_cal,e2r_vits_mixup_baseline_s2,border-ring,ring0_freq,0.056944,0.056033,0.057842,10000,uniform=0.073315 at this map's own mass,"image-level bootstrap, 10,000 resamples, seed 0 (D6)"
I1_spatial,evaluation,7fdf5f9f2ace98ef03a6267455daa1104b92b6689c510ab8b1e5420340f27014,202a712d9392527cbf2fe99525a42a1d45d01aca,analysis/frozen_I1_spatial.py,ring_profile,vit_small,mixup,in_b08,fixed_cal,e2r_vits_mixup_baseline_s2,border-ring,ring1_freq,0.123523,0.122164,0.124927,10000,uniform=0.073315 at this map's own mass,"image-level bootstrap, 10,000 resamples, seed 0 (D6)"
I1_spatial,evaluation,7fdf5f9f2ace98ef03a6267455daa1104b92b6689c510ab8b1e5420340f27014,202a712d9392527cbf2fe99525a42a1d45d01aca,analysis/frozen_I1_spatial.py,ring_profile,vit_small,mixup,in_b08,fixed_cal,e2r_vits_mixup_baseline_s2,border-ring,ring2_freq,0.084736,0.083594,0.085889,10000,uniform=0.073315 at this map's own mass,"image-level bootstrap, 10,000 resamples, seed 0 (D6)"
I1_spatial,evaluation,7fdf5f9f2ace98ef03a6267455daa1104b92b6689c510ab8b1e5420340f27014,202a712d9392527cbf2fe99525a42a1d45d01aca,analysis/frozen_I1_spatial.py,ring_profile,vit_small,mixup,in_b08,fixed_cal,e2r_vits_mixup_baseline_s2,border-ring,ring3_freq,0.054525,0.053525,0.055546,10000,uniform=0.073315 at this map's own mass,"image-level bootstrap, 10,000 resamples, seed 0 (D6)"
I1_spatial,evaluation,7fdf5f9f2ace98ef03a6267455daa1104b92b6689c510ab8b1e5420340f27014,202a712d9392527cbf2fe99525a42a1d45d01aca,analysis/frozen_I1_spatial.py,ring_profile,vit_small,mixup,in_b08,fixed_cal,e2r_vits_mixup_baseline_s2,border-ring,ring4_freq,0.039215,0.038165,0.040255,10000,uniform=0.073315 at this map's own mass,"image-level bootstrap, 10,000 resamples, seed 0 (D6)"
I1_spatial,evaluation,7fdf5f9f2ace98ef03a6267455daa1104b92b6689c510ab8b1e5420340f27014,202a712d9392527cbf2fe99525a42a1d45d01aca,analysis/frozen_I1_spatial.py,ring_profile,vit_small,mixup,in_b08,fixed_cal,e2r_vits_mixup_baseline_s2,border-ring,ring5_freq,0.036625,0.035316,0.037917,10000,uniform=0.073315 at this map's own mass,"image-level bootstrap, 10,000 resamples, seed 0 (D6)"
I1_spatial,evaluation,7fdf5f9f2ace98ef03a6267455daa1104b92b6689c510ab8b1e5420340f27014,202a712d9392527cbf2fe99525a42a1d45d01aca,analysis/frozen_I1_spatial.py,ring_profile,vit_small,mixup,in_b08,fixed_cal,e2r_vits_mixup_baseline_s2,border-ring,ring6_freq,0.043175,0.04085,0.045525,10000,uniform=0.073315 at this map's own mass,"image-level bootstrap, 10,000 resamples, seed 0 (D6)"
I1_spatial,evaluation,7fdf5f9f2ace98ef03a6267455daa1104b92b6689c510ab8b1e5420340f27014,202a712d9392527cbf2fe99525a42a1d45d01aca,analysis/frozen_I1_spatial.py,ring_ordering,vit_small,mixup,in_b08,fixed_cal,e2r_vits_mixup_baseline_s2,ring0_vs_ring1,ring1_minus_ring0,0.066578,0.06497,0.068242,10000,>0 = ring 1 carries more mass per position than ring 0,"the ring CIs and this contrast come from ONE resample of images, so they are mutually consistent"
I1_spatial,evaluation,7fdf5f9f2ace98ef03a6267455daa1104b92b6689c510ab8b1e5420340f27014,202a712d9392527cbf2fe99525a42a1d45d01aca,analysis/frozen_I1_spatial.py,concentration_excess,vit_small,mixup,in_b08,fixed_cal,e2r_vits_mixup_baseline_s2,finite-sample-null,gini_excess,0.269448,MISSING,MISSING,196,"null gini=0.019941 at mass=14.3698, 400 sims, seed 0",observed minus the finite-sample null — the only cross-member comparable form
I1_spatial,evaluation,7fdf5f9f2ace98ef03a6267455daa1104b92b6689c510ab8b1e5420340f27014,202a712d9392527cbf2fe99525a42a1d45d01aca,analysis/frozen_I1_spatial.py,ring_profile,vit_small,mixup,in_b08,fixed_cal,legacy_e2_vit_small_mixupdir_baseline,border-ring,ring0_freq,0.048519,0.047771,0.049269,10000,uniform=0.069751 at this map's own mass,"image-level bootstrap, 10,000 resamples, seed 0 (D6)"
I1_spatial,evaluation,7fdf5f9f2ace98ef03a6267455daa1104b92b6689c510ab8b1e5420340f27014,202a712d9392527cbf2fe99525a42a1d45d01aca,analysis/frozen_I1_spatial.py,ring_profile,vit_small,mixup,in_b08,fixed_cal,legacy_e2_vit_small_mixupdir_baseline,border-ring,ring1_freq,0.116632,0.115382,0.117902,10000,uniform=0.069751 at this map's own mass,"image-level bootstrap, 10,000 resamples, seed 0 (D6)"
I1_spatial,evaluation,7fdf5f9f2ace98ef03a6267455daa1104b92b6689c510ab8b1e5420340f27014,202a712d9392527cbf2fe99525a42a1d45d01aca,analysis/frozen_I1_spatial.py,ring_profile,vit_small,mixup,in_b08,fixed_cal,legacy_e2_vit_small_mixupdir_baseline,border-ring,ring2_freq,0.082214,0.081119,0.083317,10000,uniform=0.069751 at this map's own mass,"image-level bootstrap, 10,000 resamples, seed 0 (D6)"
I1_spatial,evaluation,7fdf5f9f2ace98ef03a6267455daa1104b92b6689c510ab8b1e5420340f27014,202a712d9392527cbf2fe99525a42a1d45d01aca,analysis/frozen_I1_spatial.py,ring_profile,vit_small,mixup,in_b08,fixed_cal,legacy_e2_vit_small_mixupdir_baseline,border-ring,ring3_freq,0.059768,0.058668,0.060886,10000,uniform=0.069751 at this map's own mass,"image-level bootstrap, 10,000 resamples, seed 0 (D6)"
I1_spatial,evaluation,7fdf5f9f2ace98ef03a6267455daa1104b92b6689c510ab8b1e5420340f27014,202a712d9392527cbf2fe99525a42a1d45d01aca,analysis/frozen_I1_spatial.py,ring_profile,vit_small,mixup,in_b08,fixed_cal,legacy_e2_vit_small_mixupdir_baseline,border-ring,ring4_freq,0.04051,0.039445,0.041595,10000,uniform=0.069751 at this map's own mass,"image-level bootstrap, 10,000 resamples, seed 0 (D6)"
I1_spatial,evaluation,7fdf5f9f2ace98ef03a6267455daa1104b92b6689c510ab8b1e5420340f27014,202a712d9392527cbf2fe99525a42a1d45d01aca,analysis/frozen_I1_spatial.py,ring_profile,vit_small,mixup,in_b08,fixed_cal,legacy_e2_vit_small_mixupdir_baseline,border-ring,ring5_freq,0.03555,0.034292,0.036842,10000,uniform=0.069751 at this map's own mass,"image-level bootstrap, 10,000 resamples, seed 0 (D6)"
I1_spatial,evaluation,7fdf5f9f2ace98ef03a6267455daa1104b92b6689c510ab8b1e5420340f27014,202a712d9392527cbf2fe99525a42a1d45d01aca,analysis/frozen_I1_spatial.py,ring_profile,vit_small,mixup,in_b08,fixed_cal,legacy_e2_vit_small_mixupdir_baseline,border-ring,ring6_freq,0.036575,0.0345,0.0387,10000,uniform=0.069751 at this map's own mass,"image-level bootstrap, 10,000 resamples, seed 0 (D6)"
I1_spatial,evaluation,7fdf5f9f2ace98ef03a6267455daa1104b92b6689c510ab8b1e5420340f27014,202a712d9392527cbf2fe99525a42a1d45d01aca,analysis/frozen_I1_spatial.py,ring_ordering,vit_small,mixup,in_b08,fixed_cal,legacy_e2_vit_small_mixupdir_baseline,ring0_vs_ring1,ring1_minus_ring0,0.068113,0.066622,0.069579,10000,>0 = ring 1 carries more mass per position than ring 0,"the ring CIs and this contrast come from ONE resample of images, so they are mutually consistent"
I1_spatial,evaluation,7fdf5f9f2ace98ef03a6267455daa1104b92b6689c510ab8b1e5420340f27014,202a712d9392527cbf2fe99525a42a1d45d01aca,analysis/frozen_I1_spatial.py,concentration_excess,vit_small,mixup,in_b08,fixed_cal,legacy_e2_vit_small_mixupdir_baseline,finite-sample-null,gini_excess,0.273351,MISSING,MISSING,196,"null gini=0.020480 at mass=13.6711, 400 sims, seed 0",observed minus the finite-sample null — the only cross-member comparable form
I1_spatial,evaluation,7fdf5f9f2ace98ef03a6267455daa1104b92b6689c510ab8b1e5420340f27014,202a712d9392527cbf2fe99525a42a1d45d01aca,analysis/frozen_I1_spatial.py,ring_profile,vit_small,mixup,in_b08,fixed_cal,legacy_e2_vit_small_nomixdir_baseline,border-ring,ring0_freq,0.039288,0.038562,0.040017,10000,uniform=0.058246 at this map's own mass,"image-level bootstrap, 10,000 resamples, seed 0 (D6)"
I1_spatial,evaluation,7fdf5f9f2ace98ef03a6267455daa1104b92b6689c510ab8b1e5420340f27014,202a712d9392527cbf2fe99525a42a1d45d01aca,analysis/frozen_I1_spatial.py,ring_profile,vit_small,mixup,in_b08,fixed_cal,legacy_e2_vit_small_nomixdir_baseline,border-ring,ring1_freq,0.105664,0.104498,0.106875,10000,uniform=0.058246 at this map's own mass,"image-level bootstrap, 10,000 resamples, seed 0 (D6)"
I1_spatial,evaluation,7fdf5f9f2ace98ef03a6267455daa1104b92b6689c510ab8b1e5420340f27014,202a712d9392527cbf2fe99525a42a1d45d01aca,analysis/frozen_I1_spatial.py,ring_profile,vit_small,mixup,in_b08,fixed_cal,legacy_e2_vit_small_nomixdir_baseline,border-ring,ring2_freq,0.067803,0.066811,0.068797,10000,uniform=0.058246 at this map's own mass,"image-level bootstrap, 10,000 resamples, seed 0 (D6)"
I1_spatial,evaluation,7fdf5f9f2ace98ef03a6267455daa1104b92b6689c510ab8b1e5420340f27014,202a712d9392527cbf2fe99525a42a1d45d01aca,analysis/frozen_I1_spatial.py,ring_profile,vit_small,mixup,in_b08,fixed_cal,legacy_e2_vit_small_nomixdir_baseline,border-ring,ring3_freq,0.042518,0.041625,0.043421,10000,uniform=0.058246 at this map's own mass,"image-level bootstrap, 10,000 resamples, seed 0 (D6)"
I1_spatial,evaluation,7fdf5f9f2ace98ef03a6267455daa1104b92b6689c510ab8b1e5420340f27014,202a712d9392527cbf2fe99525a42a1d45d01aca,analysis/frozen_I1_spatial.py,ring_profile,vit_small,mixup,in_b08,fixed_cal,legacy_e2_vit_small_nomixdir_baseline,border-ring,ring4_freq,0.02986,0.028945,0.030795,10000,uniform=0.058246 at this map's own mass,"image-level bootstrap, 10,000 resamples, seed 0 (D6)"
I1_spatial,evaluation,7fdf5f9f2ace98ef03a6267455daa1104b92b6689c510ab8b1e5420340f27014,202a712d9392527cbf2fe99525a42a1d45d01aca,analysis/frozen_I1_spatial.py,ring_profile,vit_small,mixup,in_b08,fixed_cal,legacy_e2_vit_small_nomixdir_baseline,border-ring,ring5_freq,0.0295,0.028333,0.030692,10000,uniform=0.058246 at this map's own mass,"image-level bootstrap, 10,000 resamples, seed 0 (D6)"
I1_spatial,evaluation,7fdf5f9f2ace98ef03a6267455daa1104b92b6689c510ab8b1e5420340f27014,202a712d9392527cbf2fe99525a42a1d45d01aca,analysis/frozen_I1_spatial.py,ring_profile,vit_small,mixup,in_b08,fixed_cal,legacy_e2_vit_small_nomixdir_baseline,border-ring,ring6_freq,0.03535,0.03325,0.037525,10000,uniform=0.058246 at this map's own mass,"image-level bootstrap, 10,000 resamples, seed 0 (D6)"
I1_spatial,evaluation,7fdf5f9f2ace98ef03a6267455daa1104b92b6689c510ab8b1e5420340f27014,202a712d9392527cbf2fe99525a42a1d45d01aca,analysis/frozen_I1_spatial.py,ring_ordering,vit_small,mixup,in_b08,fixed_cal,legacy_e2_vit_small_nomixdir_baseline,ring0_vs_ring1,ring1_minus_ring0,0.066375,0.064974,0.067804,10000,>0 = ring 1 carries more mass per position than ring 0,"the ring CIs and this contrast come from ONE resample of images, so they are mutually consistent"
I1_spatial,evaluation,7fdf5f9f2ace98ef03a6267455daa1104b92b6689c510ab8b1e5420340f27014,202a712d9392527cbf2fe99525a42a1d45d01aca,analysis/frozen_I1_spatial.py,concentration_excess,vit_small,mixup,in_b08,fixed_cal,legacy_e2_vit_small_nomixdir_baseline,finite-sample-null,gini_excess,0.296013,MISSING,MISSING,196,"null gini=0.022548 at mass=11.4162, 400 sims, seed 0",observed minus the finite-sample null — the only cross-member comparable form
I1_spatial,evaluation,7fdf5f9f2ace98ef03a6267455daa1104b92b6689c510ab8b1e5420340f27014,202a712d9392527cbf2fe99525a42a1d45d01aca,analysis/frozen_I1_spatial.py,ring_profile,vit_small,nomix,in_b08,fixed_cal,e2r_vits_nomix_baseline_s1,border-ring,ring0_freq,0.01819,0.017061,0.019354,10000,uniform=0.012750 at this map's own mass,"image-level bootstrap, 10,000 resamples, seed 0 (D6)"
I1_spatial,evaluation,7fdf5f9f2ace98ef03a6267455daa1104b92b6689c510ab8b1e5420340f27014,202a712d9392527cbf2fe99525a42a1d45d01aca,analysis/frozen_I1_spatial.py,ring_profile,vit_small,nomix,in_b08,fixed_cal,e2r_vits_nomix_baseline_s1,border-ring,ring1_freq,0.014223,0.013484,0.015,10000,uniform=0.012750 at this map's own mass,"image-level bootstrap, 10,000 resamples, seed 0 (D6)"
I1_spatial,evaluation,7fdf5f9f2ace98ef03a6267455daa1104b92b6689c510ab8b1e5420340f27014,202a712d9392527cbf2fe99525a42a1d45d01aca,analysis/frozen_I1_spatial.py,ring_profile,vit_small,nomix,in_b08,fixed_cal,e2r_vits_nomix_baseline_s1,border-ring,ring2_freq,0.0105,0.009939,0.011092,10000,uniform=0.012750 at this map's own mass,"image-level bootstrap, 10,000 resamples, seed 0 (D6)"
I1_spatial,evaluation,7fdf5f9f2ace98ef03a6267455daa1104b92b6689c510ab8b1e5420340f27014,202a712d9392527cbf2fe99525a42a1d45d01aca,analysis/frozen_I1_spatial.py,ring_profile,vit_small,nomix,in_b08,fixed_cal,e2r_vits_nomix_baseline_s1,border-ring,ring3_freq,0.008957,0.008446,0.009482,10000,uniform=0.012750 at this map's own mass,"image-level bootstrap, 10,000 resamples, seed 0 (D6)"
I1_spatial,evaluation,7fdf5f9f2ace98ef03a6267455daa1104b92b6689c510ab8b1e5420340f27014,202a712d9392527cbf2fe99525a42a1d45d01aca,analysis/frozen_I1_spatial.py,ring_profile,vit_small,nomix,in_b08,fixed_cal,e2r_vits_nomix_baseline_s1,border-ring,ring4_freq,0.00817,0.007615,0.008735,10000,uniform=0.012750 at this map's own mass,"image-level bootstrap, 10,000 resamples, seed 0 (D6)"
I1_spatial,evaluation,7fdf5f9f2ace98ef03a6267455daa1104b92b6689c510ab8b1e5420340f27014,202a712d9392527cbf2fe99525a42a1d45d01aca,analysis/frozen_I1_spatial.py,ring_profile,vit_small,nomix,in_b08,fixed_cal,e2r_vits_nomix_baseline_s1,border-ring,ring5_freq,0.008008,0.007342,0.0087,10000,uniform=0.012750 at this map's own mass,"image-level bootstrap, 10,000 resamples, seed 0 (D6)"
I1_spatial,evaluation,7fdf5f9f2ace98ef03a6267455daa1104b92b6689c510ab8b1e5420340f27014,202a712d9392527cbf2fe99525a42a1d45d01aca,analysis/frozen_I1_spatial.py,ring_profile,vit_small,nomix,in_b08,fixed_cal,e2r_vits_nomix_baseline_s1,border-ring,ring6_freq,0.00975,0.0085,0.011075,10000,uniform=0.012750 at this map's own mass,"image-level bootstrap, 10,000 resamples, seed 0 (D6)"
I1_spatial,evaluation,7fdf5f9f2ace98ef03a6267455daa1104b92b6689c510ab8b1e5420340f27014,202a712d9392527cbf2fe99525a42a1d45d01aca,analysis/frozen_I1_spatial.py,ring_ordering,vit_small,nomix,in_b08,fixed_cal,e2r_vits_nomix_baseline_s1,ring0_vs_ring1,ring1_minus_ring0,-0.003968,-0.004958,-0.002987,10000,>0 = ring 1 carries more mass per position than ring 0,"the ring CIs and this contrast come from ONE resample of images, so they are mutually consistent"
I1_spatial,evaluation,7fdf5f9f2ace98ef03a6267455daa1104b92b6689c510ab8b1e5420340f27014,202a712d9392527cbf2fe99525a42a1d45d01aca,analysis/frozen_I1_spatial.py,concentration_excess,vit_small,nomix,in_b08,fixed_cal,e2r_vits_nomix_baseline_s1,finite-sample-null,gini_excess,0.180186,MISSING,MISSING,196,"null gini=0.049412 at mass=2.4990, 400 sims, seed 0",observed minus the finite-sample null — the only cross-member comparable form
I1_spatial,evaluation,7fdf5f9f2ace98ef03a6267455daa1104b92b6689c510ab8b1e5420340f27014,202a712d9392527cbf2fe99525a42a1d45d01aca,analysis/frozen_I1_spatial.py,ring_profile,vit_small,nomix,in_b08,fixed_cal,e2r_vits_nomix_baseline_s2,border-ring,ring0_freq,0.014654,0.013742,0.015596,10000,uniform=0.009735 at this map's own mass,"image-level bootstrap, 10,000 resamples, seed 0 (D6)"
I1_spatial,evaluation,7fdf5f9f2ace98ef03a6267455daa1104b92b6689c510ab8b1e5420340f27014,202a712d9392527cbf2fe99525a42a1d45d01aca,analysis/frozen_I1_spatial.py,ring_profile,vit_small,nomix,in_b08,fixed_cal,e2r_vits_nomix_baseline_s2,border-ring,ring1_freq,0.008845,0.008232,0.009502,10000,uniform=0.009735 at this map's own mass,"image-level bootstrap, 10,000 resamples, seed 0 (D6)"
I1_spatial,evaluation,7fdf5f9f2ace98ef03a6267455daa1104b92b6689c510ab8b1e5420340f27014,202a712d9392527cbf2fe99525a42a1d45d01aca,analysis/frozen_I1_spatial.py,ring_profile,vit_small,nomix,in_b08,fixed_cal,e2r_vits_nomix_baseline_s2,border-ring,ring2_freq,0.007614,0.007147,0.008092,10000,uniform=0.009735 at this map's own mass,"image-level bootstrap, 10,000 resamples, seed 0 (D6)"
I1_spatial,evaluation,7fdf5f9f2ace98ef03a6267455daa1104b92b6689c510ab8b1e5420340f27014,202a712d9392527cbf2fe99525a42a1d45d01aca,analysis/frozen_I1_spatial.py,ring_profile,vit_small,nomix,in_b08,fixed_cal,e2r_vits_nomix_baseline_s2,border-ring,ring3_freq,0.007171,0.0067,0.007657,10000,uniform=0.009735 at this map's own mass,"image-level bootstrap, 10,000 resamples, seed 0 (D6)"
I1_spatial,evaluation,7fdf5f9f2ace98ef03a6267455daa1104b92b6689c510ab8b1e5420340f27014,202a712d9392527cbf2fe99525a42a1d45d01aca,analysis/frozen_I1_spatial.py,ring_profile,vit_small,nomix,in_b08,fixed_cal,e2r_vits_nomix_baseline_s2,border-ring,ring4_freq,0.00738,0.006825,0.00793,10000,uniform=0.009735 at this map's own mass,"image-level bootstrap, 10,000 resamples, seed 0 (D6)"
I1_spatial,evaluation,7fdf5f9f2ace98ef03a6267455daa1104b92b6689c510ab8b1e5420340f27014,202a712d9392527cbf2fe99525a42a1d45d01aca,analysis/frozen_I1_spatial.py,ring_profile,vit_small,nomix,in_b08,fixed_cal,e2r_vits_nomix_baseline_s2,border-ring,ring5_freq,0.007825,0.007142,0.008533,10000,uniform=0.009735 at this map's own mass,"image-level bootstrap, 10,000 resamples, seed 0 (D6)"
I1_spatial,evaluation,7fdf5f9f2ace98ef03a6267455daa1104b92b6689c510ab8b1e5420340f27014,202a712d9392527cbf2fe99525a42a1d45d01aca,analysis/frozen_I1_spatial.py,ring_profile,vit_small,nomix,in_b08,fixed_cal,e2r_vits_nomix_baseline_s2,border-ring,ring6_freq,0.010125,0.008875,0.011425,10000,uniform=0.009735 at this map's own mass,"image-level bootstrap, 10,000 resamples, seed 0 (D6)"
I1_spatial,evaluation,7fdf5f9f2ace98ef03a6267455daa1104b92b6689c510ab8b1e5420340f27014,202a712d9392527cbf2fe99525a42a1d45d01aca,analysis/frozen_I1_spatial.py,ring_ordering,vit_small,nomix,in_b08,fixed_cal,e2r_vits_nomix_baseline_s2,ring0_vs_ring1,ring1_minus_ring0,-0.005808,-0.006653,-0.004982,10000,>0 = ring 1 carries more mass per position than ring 0,"the ring CIs and this contrast come from ONE resample of images, so they are mutually consistent"
I1_spatial,evaluation,7fdf5f9f2ace98ef03a6267455daa1104b92b6689c510ab8b1e5420340f27014,202a712d9392527cbf2fe99525a42a1d45d01aca,analysis/frozen_I1_spatial.py,concentration_excess,vit_small,nomix,in_b08,fixed_cal,e2r_vits_nomix_baseline_s2,finite-sample-null,gini_excess,0.194399,MISSING,MISSING,196,"null gini=0.056624 at mass=1.9081, 400 sims, seed 0",observed minus the finite-sample null — the only cross-member comparable form
I1_spatial,evaluation,7fdf5f9f2ace98ef03a6267455daa1104b92b6689c510ab8b1e5420340f27014,202a712d9392527cbf2fe99525a42a1d45d01aca,analysis/frozen_I1_spatial.py,cross_recipe_map_correlation,vit_small,mixup|nomix,in_b08,mad,e2r_vits_mixup_baseline_s1,e2r_vits_nomix_baseline_s1,rho,0.126857,MISSING,MISSING,1568,within-recipe mean rho=0.9182,"residual map correlation; exact permutation p=0.5089, null sd=0.1793"
I1_spatial,evaluation,7fdf5f9f2ace98ef03a6267455daa1104b92b6689c510ab8b1e5420340f27014,202a712d9392527cbf2fe99525a42a1d45d01aca,analysis/frozen_I1_spatial.py,cross_recipe_map_correlation,vit_small,mixup|nomix,in_b08,mad,e2r_vits_mixup_baseline_s1,e2r_vits_nomix_baseline_s2,rho,-0.044297,MISSING,MISSING,1568,within-recipe mean rho=0.9182,"residual map correlation; exact permutation p=0.8304, null sd=0.1715"
I1_spatial,evaluation,7fdf5f9f2ace98ef03a6267455daa1104b92b6689c510ab8b1e5420340f27014,202a712d9392527cbf2fe99525a42a1d45d01aca,analysis/frozen_I1_spatial.py,cross_recipe_map_correlation,vit_small,mixup|nomix,in_b08,mad,e2r_vits_mixup_baseline_s2,e2r_vits_nomix_baseline_s1,rho,0.161089,MISSING,MISSING,1568,within-recipe mean rho=0.9182,"residual map correlation; exact permutation p=0.4018, null sd=0.1924"
I1_spatial,evaluation,7fdf5f9f2ace98ef03a6267455daa1104b92b6689c510ab8b1e5420340f27014,202a712d9392527cbf2fe99525a42a1d45d01aca,analysis/frozen_I1_spatial.py,cross_recipe_map_correlation,vit_small,mixup|nomix,in_b08,mad,e2r_vits_mixup_baseline_s2,e2r_vits_nomix_baseline_s2,rho,-0.06701,MISSING,MISSING,1568,within-recipe mean rho=0.9182,"residual map correlation; exact permutation p=0.8017, null sd=0.1894"
I1_spatial,evaluation,7fdf5f9f2ace98ef03a6267455daa1104b92b6689c510ab8b1e5420340f27014,202a712d9392527cbf2fe99525a42a1d45d01aca,analysis/frozen_I1_spatial.py,cross_recipe_map_correlation,vit_small,mixup|nomix,in_b08,mad,legacy_e2_vit_small_mixupdir_baseline,e2r_vits_nomix_baseline_s1,rho,0.054454,MISSING,MISSING,1568,within-recipe mean rho=0.9182,"residual map correlation; exact permutation p=0.8412, null sd=0.2152"
I1_spatial,evaluation,7fdf5f9f2ace98ef03a6267455daa1104b92b6689c510ab8b1e5420340f27014,202a712d9392527cbf2fe99525a42a1d45d01aca,analysis/frozen_I1_spatial.py,cross_recipe_map_correlation,vit_small,mixup|nomix,in_b08,mad,legacy_e2_vit_small_mixupdir_baseline,e2r_vits_nomix_baseline_s2,rho,-0.113627,MISSING,MISSING,1568,within-recipe mean rho=0.9182,"residual map correlation; exact permutation p=0.6091, null sd=0.1996"
I1_spatial,evaluation,7fdf5f9f2ace98ef03a6267455daa1104b92b6689c510ab8b1e5420340f27014,202a712d9392527cbf2fe99525a42a1d45d01aca,analysis/frozen_I1_spatial.py,cross_recipe_map_correlation,vit_small,mixup|nomix,in_b08,mad,legacy_e2_vit_small_nomixdir_baseline,e2r_vits_nomix_baseline_s1,rho,0.078947,MISSING,MISSING,1568,within-recipe mean rho=0.9182,"residual map correlation; exact permutation p=0.6448, null sd=0.1626"
I1_spatial,evaluation,7fdf5f9f2ace98ef03a6267455daa1104b92b6689c510ab8b1e5420340f27014,202a712d9392527cbf2fe99525a42a1d45d01aca,analysis/frozen_I1_spatial.py,cross_recipe_map_correlation,vit_small,mixup|nomix,in_b08,mad,legacy_e2_vit_small_nomixdir_baseline,e2r_vits_nomix_baseline_s2,rho,-0.10366,MISSING,MISSING,1568,within-recipe mean rho=0.9182,"residual map correlation; exact permutation p=0.5797, null sd=0.1581"
I1_spatial,evaluation,7fdf5f9f2ace98ef03a6267455daa1104b92b6689c510ab8b1e5420340f27014,202a712d9392527cbf2fe99525a42a1d45d01aca,analysis/frozen_I1_spatial.py,cross_recipe_map_correlation,vit_small,mixup|nomix,in_b08,mad,MEAN,all-cross-pairs,rho_mean,0.011594,MISSING,MISSING,8,within-recipe mean is the comparator,mean over all cross-recipe baseline pairs
I1_spatial,evaluation,7fdf5f9f2ace98ef03a6267455daa1104b92b6689c510ab8b1e5420340f27014,202a712d9392527cbf2fe99525a42a1d45d01aca,analysis/frozen_I1_spatial.py,within_recipe_map_correlation,vit_small,mixup,in_b08,mad,MEAN,all-within-pairs,rho_mean,0.918209,MISSING,MISSING,6,zero = no shared spatial structure,mean over all within-recipe mixup baseline pairs
I1_spatial,evaluation,7fdf5f9f2ace98ef03a6267455daa1104b92b6689c510ab8b1e5420340f27014,202a712d9392527cbf2fe99525a42a1d45d01aca,analysis/frozen_I1_spatial.py,ring_profile,vit_small,mixup,in_b08,mad,e2r_vits_mixup_baseline_s1,border-ring,ring0_freq,0.042588,0.041862,0.04331,10000,uniform=0.059826 at this map's own mass,"image-level bootstrap, 10,000 resamples, seed 0 (D6)"
I1_spatial,evaluation,7fdf5f9f2ace98ef03a6267455daa1104b92b6689c510ab8b1e5420340f27014,202a712d9392527cbf2fe99525a42a1d45d01aca,analysis/frozen_I1_spatial.py,ring_profile,vit_small,mixup,in_b08,mad,e2r_vits_mixup_baseline_s1,border-ring,ring1_freq,0.112398,0.11118,0.113639,10000,uniform=0.059826 at this map's own mass,"image-level bootstrap, 10,000 resamples, seed 0 (D6)"
I1_spatial,evaluation,7fdf5f9f2ace98ef03a6267455daa1104b92b6689c510ab8b1e5420340f27014,202a712d9392527cbf2fe99525a42a1d45d01aca,analysis/frozen_I1_spatial.py,ring_profile,vit_small,mixup,in_b08,mad,e2r_vits_mixup_baseline_s1,border-ring,ring2_freq,0.062594,0.061697,0.063486,10000,uniform=0.059826 at this map's own mass,"image-level bootstrap, 10,000 resamples, seed 0 (D6)"
I1_spatial,evaluation,7fdf5f9f2ace98ef03a6267455daa1104b92b6689c510ab8b1e5420340f27014,202a712d9392527cbf2fe99525a42a1d45d01aca,analysis/frozen_I1_spatial.py,ring_profile,vit_small,mixup,in_b08,mad,e2r_vits_mixup_baseline_s1,border-ring,ring3_freq,0.043275,0.042389,0.044175,10000,uniform=0.059826 at this map's own mass,"image-level bootstrap, 10,000 resamples, seed 0 (D6)"
I1_spatial,evaluation,7fdf5f9f2ace98ef03a6267455daa1104b92b6689c510ab8b1e5420340f27014,202a712d9392527cbf2fe99525a42a1d45d01aca,analysis/frozen_I1_spatial.py,ring_profile,vit_small,mixup,in_b08,mad,e2r_vits_mixup_baseline_s1,border-ring,ring4_freq,0.030915,0.03001,0.03182,10000,uniform=0.059826 at this map's own mass,"image-level bootstrap, 10,000 resamples, seed 0 (D6)"
I1_spatial,evaluation,7fdf5f9f2ace98ef03a6267455daa1104b92b6689c510ab8b1e5420340f27014,202a712d9392527cbf2fe99525a42a1d45d01aca,analysis/frozen_I1_spatial.py,ring_profile,vit_small,mixup,in_b08,mad,e2r_vits_mixup_baseline_s1,border-ring,ring5_freq,0.028608,0.0275,0.029758,10000,uniform=0.059826 at this map's own mass,"image-level bootstrap, 10,000 resamples, seed 0 (D6)"
I1_spatial,evaluation,7fdf5f9f2ace98ef03a6267455daa1104b92b6689c510ab8b1e5420340f27014,202a712d9392527cbf2fe99525a42a1d45d01aca,analysis/frozen_I1_spatial.py,ring_profile,vit_small,mixup,in_b08,mad,e2r_vits_mixup_baseline_s1,border-ring,ring6_freq,0.03475,0.032725,0.036775,10000,uniform=0.059826 at this map's own mass,"image-level bootstrap, 10,000 resamples, seed 0 (D6)"
I1_spatial,evaluation,7fdf5f9f2ace98ef03a6267455daa1104b92b6689c510ab8b1e5420340f27014,202a712d9392527cbf2fe99525a42a1d45d01aca,analysis/frozen_I1_spatial.py,ring_ordering,vit_small,mixup,in_b08,mad,e2r_vits_mixup_baseline_s1,ring0_vs_ring1,ring1_minus_ring0,0.069809,0.0683,0.071324,10000,>0 = ring 1 carries more mass per position than ring 0,"the ring CIs and this contrast come from ONE resample of images, so they are mutually consistent"
I1_spatial,evaluation,7fdf5f9f2ace98ef03a6267455daa1104b92b6689c510ab8b1e5420340f27014,202a712d9392527cbf2fe99525a42a1d45d01aca,analysis/frozen_I1_spatial.py,concentration_excess,vit_small,mixup,in_b08,mad,e2r_vits_mixup_baseline_s1,finite-sample-null,gini_excess,0.311373,MISSING,MISSING,196,"null gini=0.022205 at mass=11.7258, 400 sims, seed 0",observed minus the finite-sample null — the only cross-member comparable form
I1_spatial,evaluation,7fdf5f9f2ace98ef03a6267455daa1104b92b6689c510ab8b1e5420340f27014,202a712d9392527cbf2fe99525a42a1d45d01aca,analysis/frozen_I1_spatial.py,ring_profile,vit_small,mixup,in_b08,mad,e2r_vits_mixup_baseline_s2,border-ring,ring0_freq,0.055463,0.054654,0.056289,10000,uniform=0.071066 at this map's own mass,"image-level bootstrap, 10,000 resamples, seed 0 (D6)"
I1_spatial,evaluation,7fdf5f9f2ace98ef03a6267455daa1104b92b6689c510ab8b1e5420340f27014,202a712d9392527cbf2fe99525a42a1d45d01aca,analysis/frozen_I1_spatial.py,ring_profile,vit_small,mixup,in_b08,mad,e2r_vits_mixup_baseline_s2,border-ring,ring1_freq,0.119684,0.11845,0.120939,10000,uniform=0.071066 at this map's own mass,"image-level bootstrap, 10,000 resamples, seed 0 (D6)"
I1_spatial,evaluation,7fdf5f9f2ace98ef03a6267455daa1104b92b6689c510ab8b1e5420340f27014,202a712d9392527cbf2fe99525a42a1d45d01aca,analysis/frozen_I1_spatial.py,ring_profile,vit_small,mixup,in_b08,mad,e2r_vits_mixup_baseline_s2,border-ring,ring2_freq,0.081647,0.080561,0.082731,10000,uniform=0.071066 at this map's own mass,"image-level bootstrap, 10,000 resamples, seed 0 (D6)"
I1_spatial,evaluation,7fdf5f9f2ace98ef03a6267455daa1104b92b6689c510ab8b1e5420340f27014,202a712d9392527cbf2fe99525a42a1d45d01aca,analysis/frozen_I1_spatial.py,ring_profile,vit_small,mixup,in_b08,mad,e2r_vits_mixup_baseline_s2,border-ring,ring3_freq,0.052868,0.051879,0.05385,10000,uniform=0.071066 at this map's own mass,"image-level bootstrap, 10,000 resamples, seed 0 (D6)"
I1_spatial,evaluation,7fdf5f9f2ace98ef03a6267455daa1104b92b6689c510ab8b1e5420340f27014,202a712d9392527cbf2fe99525a42a1d45d01aca,analysis/frozen_I1_spatial.py,ring_profile,vit_small,mixup,in_b08,mad,e2r_vits_mixup_baseline_s2,border-ring,ring4_freq,0.037955,0.036955,0.038945,10000,uniform=0.071066 at this map's own mass,"image-level bootstrap, 10,000 resamples, seed 0 (D6)"
I1_spatial,evaluation,7fdf5f9f2ace98ef03a6267455daa1104b92b6689c510ab8b1e5420340f27014,202a712d9392527cbf2fe99525a42a1d45d01aca,analysis/frozen_I1_spatial.py,ring_profile,vit_small,mixup,in_b08,mad,e2r_vits_mixup_baseline_s2,border-ring,ring5_freq,0.035583,0.034333,0.03685,10000,uniform=0.071066 at this map's own mass,"image-level bootstrap, 10,000 resamples, seed 0 (D6)"
I1_spatial,evaluation,7fdf5f9f2ace98ef03a6267455daa1104b92b6689c510ab8b1e5420340f27014,202a712d9392527cbf2fe99525a42a1d45d01aca,analysis/frozen_I1_spatial.py,ring_profile,vit_small,mixup,in_b08,mad,e2r_vits_mixup_baseline_s2,border-ring,ring6_freq,0.043275,0.040975,0.045675,10000,uniform=0.071066 at this map's own mass,"image-level bootstrap, 10,000 resamples, seed 0 (D6)"
I1_spatial,evaluation,7fdf5f9f2ace98ef03a6267455daa1104b92b6689c510ab8b1e5420340f27014,202a712d9392527cbf2fe99525a42a1d45d01aca,analysis/frozen_I1_spatial.py,ring_ordering,vit_small,mixup,in_b08,mad,e2r_vits_mixup_baseline_s2,ring0_vs_ring1,ring1_minus_ring0,0.064221,0.062666,0.06579,10000,>0 = ring 1 carries more mass per position than ring 0,"the ring CIs and this contrast come from ONE resample of images, so they are mutually consistent"
I1_spatial,evaluation,7fdf5f9f2ace98ef03a6267455daa1104b92b6689c510ab8b1e5420340f27014,202a712d9392527cbf2fe99525a42a1d45d01aca,analysis/frozen_I1_spatial.py,concentration_excess,vit_small,mixup,in_b08,mad,e2r_vits_mixup_baseline_s2,finite-sample-null,gini_excess,0.269725,MISSING,MISSING,196,"null gini=0.020272 at mass=13.9290, 400 sims, seed 0",observed minus the finite-sample null — the only cross-member comparable form
I1_spatial,evaluation,7fdf5f9f2ace98ef03a6267455daa1104b92b6689c510ab8b1e5420340f27014,202a712d9392527cbf2fe99525a42a1d45d01aca,analysis/frozen_I1_spatial.py,ring_profile,vit_small,mixup,in_b08,mad,legacy_e2_vit_small_mixupdir_baseline,border-ring,ring0_freq,0.048383,0.047644,0.049123,10000,uniform=0.068205 at this map's own mass,"image-level bootstrap, 10,000 resamples, seed 0 (D6)"
I1_spatial,evaluation,7fdf5f9f2ace98ef03a6267455daa1104b92b6689c510ab8b1e5420340f27014,202a712d9392527cbf2fe99525a42a1d45d01aca,analysis/frozen_I1_spatial.py,ring_profile,vit_small,mixup,in_b08,mad,legacy_e2_vit_small_mixupdir_baseline,border-ring,ring1_freq,0.114355,0.113145,0.115586,10000,uniform=0.068205 at this map's own mass,"image-level bootstrap, 10,000 resamples, seed 0 (D6)"
I1_spatial,evaluation,7fdf5f9f2ace98ef03a6267455daa1104b92b6689c510ab8b1e5420340f27014,202a712d9392527cbf2fe99525a42a1d45d01aca,analysis/frozen_I1_spatial.py,ring_profile,vit_small,mixup,in_b08,mad,legacy_e2_vit_small_mixupdir_baseline,border-ring,ring2_freq,0.080142,0.079089,0.081192,10000,uniform=0.068205 at this map's own mass,"image-level bootstrap, 10,000 resamples, seed 0 (D6)"
I1_spatial,evaluation,7fdf5f9f2ace98ef03a6267455daa1104b92b6689c510ab8b1e5420340f27014,202a712d9392527cbf2fe99525a42a1d45d01aca,analysis/frozen_I1_spatial.py,ring_profile,vit_small,mixup,in_b08,mad,legacy_e2_vit_small_mixupdir_baseline,border-ring,ring3_freq,0.0579,0.056843,0.058971,10000,uniform=0.068205 at this map's own mass,"image-level bootstrap, 10,000 resamples, seed 0 (D6)"
I1_spatial,evaluation,7fdf5f9f2ace98ef03a6267455daa1104b92b6689c510ab8b1e5420340f27014,202a712d9392527cbf2fe99525a42a1d45d01aca,analysis/frozen_I1_spatial.py,ring_profile,vit_small,mixup,in_b08,mad,legacy_e2_vit_small_mixupdir_baseline,border-ring,ring4_freq,0.038315,0.03733,0.039315,10000,uniform=0.068205 at this map's own mass,"image-level bootstrap, 10,000 resamples, seed 0 (D6)"
I1_spatial,evaluation,7fdf5f9f2ace98ef03a6267455daa1104b92b6689c510ab8b1e5420340f27014,202a712d9392527cbf2fe99525a42a1d45d01aca,analysis/frozen_I1_spatial.py,ring_profile,vit_small,mixup,in_b08,mad,legacy_e2_vit_small_mixupdir_baseline,border-ring,ring5_freq,0.0337,0.032492,0.034925,10000,uniform=0.068205 at this map's own mass,"image-level bootstrap, 10,000 resamples, seed 0 (D6)"
I1_spatial,evaluation,7fdf5f9f2ace98ef03a6267455daa1104b92b6689c510ab8b1e5420340f27014,202a712d9392527cbf2fe99525a42a1d45d01aca,analysis/frozen_I1_spatial.py,ring_profile,vit_small,mixup,in_b08,mad,legacy_e2_vit_small_mixupdir_baseline,border-ring,ring6_freq,0.035925,0.03385,0.037976,10000,uniform=0.068205 at this map's own mass,"image-level bootstrap, 10,000 resamples, seed 0 (D6)"
I1_spatial,evaluation,7fdf5f9f2ace98ef03a6267455daa1104b92b6689c510ab8b1e5420340f27014,202a712d9392527cbf2fe99525a42a1d45d01aca,analysis/frozen_I1_spatial.py,ring_ordering,vit_small,mixup,in_b08,mad,legacy_e2_vit_small_mixupdir_baseline,ring0_vs_ring1,ring1_minus_ring0,0.065972,0.06453,0.067429,10000,>0 = ring 1 carries more mass per position than ring 0,"the ring CIs and this contrast come from ONE resample of images, so they are mutually consistent"
I1_spatial,evaluation,7fdf5f9f2ace98ef03a6267455daa1104b92b6689c510ab8b1e5420340f27014,202a712d9392527cbf2fe99525a42a1d45d01aca,analysis/frozen_I1_spatial.py,concentration_excess,vit_small,mixup,in_b08,mad,legacy_e2_vit_small_mixupdir_baseline,finite-sample-null,gini_excess,0.275145,MISSING,MISSING,196,"null gini=0.020730 at mass=13.3682, 400 sims, seed 0",observed minus the finite-sample null — the only cross-member comparable form
I1_spatial,evaluation,7fdf5f9f2ace98ef03a6267455daa1104b92b6689c510ab8b1e5420340f27014,202a712d9392527cbf2fe99525a42a1d45d01aca,analysis/frozen_I1_spatial.py,ring_profile,vit_small,mixup,in_b08,mad,legacy_e2_vit_small_nomixdir_baseline,border-ring,ring0_freq,0.041669,0.04094,0.042387,10000,uniform=0.060481 at this map's own mass,"image-level bootstrap, 10,000 resamples, seed 0 (D6)"
I1_spatial,evaluation,7fdf5f9f2ace98ef03a6267455daa1104b92b6689c510ab8b1e5420340f27014,202a712d9392527cbf2fe99525a42a1d45d01aca,analysis/frozen_I1_spatial.py,ring_profile,vit_small,mixup,in_b08,mad,legacy_e2_vit_small_nomixdir_baseline,border-ring,ring1_freq,0.108732,0.10755,0.109893,10000,uniform=0.060481 at this map's own mass,"image-level bootstrap, 10,000 resamples, seed 0 (D6)"
I1_spatial,evaluation,7fdf5f9f2ace98ef03a6267455daa1104b92b6689c510ab8b1e5420340f27014,202a712d9392527cbf2fe99525a42a1d45d01aca,analysis/frozen_I1_spatial.py,ring_profile,vit_small,mixup,in_b08,mad,legacy_e2_vit_small_nomixdir_baseline,border-ring,ring2_freq,0.070014,0.069069,0.070961,10000,uniform=0.060481 at this map's own mass,"image-level bootstrap, 10,000 resamples, seed 0 (D6)"
I1_spatial,evaluation,7fdf5f9f2ace98ef03a6267455daa1104b92b6689c510ab8b1e5420340f27014,202a712d9392527cbf2fe99525a42a1d45d01aca,analysis/frozen_I1_spatial.py,ring_profile,vit_small,mixup,in_b08,mad,legacy_e2_vit_small_nomixdir_baseline,border-ring,ring3_freq,0.044307,0.043446,0.045179,10000,uniform=0.060481 at this map's own mass,"image-level bootstrap, 10,000 resamples, seed 0 (D6)"
I1_spatial,evaluation,7fdf5f9f2ace98ef03a6267455daa1104b92b6689c510ab8b1e5420340f27014,202a712d9392527cbf2fe99525a42a1d45d01aca,analysis/frozen_I1_spatial.py,ring_profile,vit_small,mixup,in_b08,mad,legacy_e2_vit_small_nomixdir_baseline,border-ring,ring4_freq,0.030995,0.030095,0.03192,10000,uniform=0.060481 at this map's own mass,"image-level bootstrap, 10,000 resamples, seed 0 (D6)"
I1_spatial,evaluation,7fdf5f9f2ace98ef03a6267455daa1104b92b6689c510ab8b1e5420340f27014,202a712d9392527cbf2fe99525a42a1d45d01aca,analysis/frozen_I1_spatial.py,ring_profile,vit_small,mixup,in_b08,mad,legacy_e2_vit_small_nomixdir_baseline,border-ring,ring5_freq,0.030967,0.029817,0.032133,10000,uniform=0.060481 at this map's own mass,"image-level bootstrap, 10,000 resamples, seed 0 (D6)"
I1_spatial,evaluation,7fdf5f9f2ace98ef03a6267455daa1104b92b6689c510ab8b1e5420340f27014,202a712d9392527cbf2fe99525a42a1d45d01aca,analysis/frozen_I1_spatial.py,ring_profile,vit_small,mixup,in_b08,mad,legacy_e2_vit_small_nomixdir_baseline,border-ring,ring6_freq,0.037675,0.03545,0.039925,10000,uniform=0.060481 at this map's own mass,"image-level bootstrap, 10,000 resamples, seed 0 (D6)"
I1_spatial,evaluation,7fdf5f9f2ace98ef03a6267455daa1104b92b6689c510ab8b1e5420340f27014,202a712d9392527cbf2fe99525a42a1d45d01aca,analysis/frozen_I1_spatial.py,ring_ordering,vit_small,mixup,in_b08,mad,legacy_e2_vit_small_nomixdir_baseline,ring0_vs_ring1,ring1_minus_ring0,0.067063,0.065598,0.068509,10000,>0 = ring 1 carries more mass per position than ring 0,"the ring CIs and this contrast come from ONE resample of images, so they are mutually consistent"
I1_spatial,evaluation,7fdf5f9f2ace98ef03a6267455daa1104b92b6689c510ab8b1e5420340f27014,202a712d9392527cbf2fe99525a42a1d45d01aca,analysis/frozen_I1_spatial.py,concentration_excess,vit_small,mixup,in_b08,mad,legacy_e2_vit_small_nomixdir_baseline,finite-sample-null,gini_excess,0.289983,MISSING,MISSING,196,"null gini=0.022098 at mass=11.8543, 400 sims, seed 0",observed minus the finite-sample null — the only cross-member comparable form
I1_spatial,evaluation,7fdf5f9f2ace98ef03a6267455daa1104b92b6689c510ab8b1e5420340f27014,202a712d9392527cbf2fe99525a42a1d45d01aca,analysis/frozen_I1_spatial.py,ring_profile,vit_small,nomix,in_b08,mad,e2r_vits_nomix_baseline_s1,border-ring,ring0_freq,0.016194,0.015336,0.017108,10000,uniform=0.011139 at this map's own mass,"image-level bootstrap, 10,000 resamples, seed 0 (D6)"
I1_spatial,evaluation,7fdf5f9f2ace98ef03a6267455daa1104b92b6689c510ab8b1e5420340f27014,202a712d9392527cbf2fe99525a42a1d45d01aca,analysis/frozen_I1_spatial.py,ring_profile,vit_small,nomix,in_b08,mad,e2r_vits_nomix_baseline_s1,border-ring,ring1_freq,0.010384,0.0099,0.010882,10000,uniform=0.011139 at this map's own mass,"image-level bootstrap, 10,000 resamples, seed 0 (D6)"
I1_spatial,evaluation,7fdf5f9f2ace98ef03a6267455daa1104b92b6689c510ab8b1e5420340f27014,202a712d9392527cbf2fe99525a42a1d45d01aca,analysis/frozen_I1_spatial.py,ring_profile,vit_small,nomix,in_b08,mad,e2r_vits_nomix_baseline_s1,border-ring,ring2_freq,0.008367,0.007953,0.008795,10000,uniform=0.011139 at this map's own mass,"image-level bootstrap, 10,000 resamples, seed 0 (D6)"
I1_spatial,evaluation,7fdf5f9f2ace98ef03a6267455daa1104b92b6689c510ab8b1e5420340f27014,202a712d9392527cbf2fe99525a42a1d45d01aca,analysis/frozen_I1_spatial.py,ring_profile,vit_small,nomix,in_b08,mad,e2r_vits_nomix_baseline_s1,border-ring,ring3_freq,0.008357,0.007914,0.008821,10000,uniform=0.011139 at this map's own mass,"image-level bootstrap, 10,000 resamples, seed 0 (D6)"
I1_spatial,evaluation,7fdf5f9f2ace98ef03a6267455daa1104b92b6689c510ab8b1e5420340f27014,202a712d9392527cbf2fe99525a42a1d45d01aca,analysis/frozen_I1_spatial.py,ring_profile,vit_small,nomix,in_b08,mad,e2r_vits_nomix_baseline_s1,border-ring,ring4_freq,0.00917,0.00857,0.009775,10000,uniform=0.011139 at this map's own mass,"image-level bootstrap, 10,000 resamples, seed 0 (D6)"
I1_spatial,evaluation,7fdf5f9f2ace98ef03a6267455daa1104b92b6689c510ab8b1e5420340f27014,202a712d9392527cbf2fe99525a42a1d45d01aca,analysis/frozen_I1_spatial.py,ring_profile,vit_small,nomix,in_b08,mad,e2r_vits_nomix_baseline_s1,border-ring,ring5_freq,0.009625,0.008883,0.0104,10000,uniform=0.011139 at this map's own mass,"image-level bootstrap, 10,000 resamples, seed 0 (D6)"
I1_spatial,evaluation,7fdf5f9f2ace98ef03a6267455daa1104b92b6689c510ab8b1e5420340f27014,202a712d9392527cbf2fe99525a42a1d45d01aca,analysis/frozen_I1_spatial.py,ring_profile,vit_small,nomix,in_b08,mad,e2r_vits_nomix_baseline_s1,border-ring,ring6_freq,0.01255,0.0111,0.01405,10000,uniform=0.011139 at this map's own mass,"image-level bootstrap, 10,000 resamples, seed 0 (D6)"
I1_spatial,evaluation,7fdf5f9f2ace98ef03a6267455daa1104b92b6689c510ab8b1e5420340f27014,202a712d9392527cbf2fe99525a42a1d45d01aca,analysis/frozen_I1_spatial.py,ring_ordering,vit_small,nomix,in_b08,mad,e2r_vits_nomix_baseline_s1,ring0_vs_ring1,ring1_minus_ring0,-0.00581,-0.006651,-0.005009,10000,>0 = ring 1 carries more mass per position than ring 0,"the ring CIs and this contrast come from ONE resample of images, so they are mutually consistent"
I1_spatial,evaluation,7fdf5f9f2ace98ef03a6267455daa1104b92b6689c510ab8b1e5420340f27014,202a712d9392527cbf2fe99525a42a1d45d01aca,analysis/frozen_I1_spatial.py,concentration_excess,vit_small,nomix,in_b08,mad,e2r_vits_nomix_baseline_s1,finite-sample-null,gini_excess,0.165602,MISSING,MISSING,196,"null gini=0.052836 at mass=2.1833, 400 sims, seed 0",observed minus the finite-sample null — the only cross-member comparable form
I1_spatial,evaluation,7fdf5f9f2ace98ef03a6267455daa1104b92b6689c510ab8b1e5420340f27014,202a712d9392527cbf2fe99525a42a1d45d01aca,analysis/frozen_I1_spatial.py,ring_profile,vit_small,nomix,in_b08,mad,e2r_vits_nomix_baseline_s2,border-ring,ring0_freq,0.022871,0.022017,0.02375,10000,uniform=0.016303 at this map's own mass,"image-level bootstrap, 10,000 resamples, seed 0 (D6)"
I1_spatial,evaluation,7fdf5f9f2ace98ef03a6267455daa1104b92b6689c510ab8b1e5420340f27014,202a712d9392527cbf2fe99525a42a1d45d01aca,analysis/frozen_I1_spatial.py,ring_profile,vit_small,nomix,in_b08,mad,e2r_vits_nomix_baseline_s2,border-ring,ring1_freq,0.013548,0.01303,0.014066,10000,uniform=0.016303 at this map's own mass,"image-level bootstrap, 10,000 resamples, seed 0 (D6)"
I1_spatial,evaluation,7fdf5f9f2ace98ef03a6267455daa1104b92b6689c510ab8b1e5420340f27014,202a712d9392527cbf2fe99525a42a1d45d01aca,analysis/frozen_I1_spatial.py,ring_profile,vit_small,nomix,in_b08,mad,e2r_vits_nomix_baseline_s2,border-ring,ring2_freq,0.012872,0.012367,0.013389,10000,uniform=0.016303 at this map's own mass,"image-level bootstrap, 10,000 resamples, seed 0 (D6)"
I1_spatial,evaluation,7fdf5f9f2ace98ef03a6267455daa1104b92b6689c510ab8b1e5420340f27014,202a712d9392527cbf2fe99525a42a1d45d01aca,analysis/frozen_I1_spatial.py,ring_profile,vit_small,nomix,in_b08,mad,e2r_vits_nomix_baseline_s2,border-ring,ring3_freq,0.013232,0.012636,0.013829,10000,uniform=0.016303 at this map's own mass,"image-level bootstrap, 10,000 resamples, seed 0 (D6)"
I1_spatial,evaluation,7fdf5f9f2ace98ef03a6267455daa1104b92b6689c510ab8b1e5420340f27014,202a712d9392527cbf2fe99525a42a1d45d01aca,analysis/frozen_I1_spatial.py,ring_profile,vit_small,nomix,in_b08,mad,e2r_vits_nomix_baseline_s2,border-ring,ring4_freq,0.014665,0.013925,0.015395,10000,uniform=0.016303 at this map's own mass,"image-level bootstrap, 10,000 resamples, seed 0 (D6)"
I1_spatial,evaluation,7fdf5f9f2ace98ef03a6267455daa1104b92b6689c510ab8b1e5420340f27014,202a712d9392527cbf2fe99525a42a1d45d01aca,analysis/frozen_I1_spatial.py,ring_profile,vit_small,nomix,in_b08,mad,e2r_vits_nomix_baseline_s2,border-ring,ring5_freq,0.016592,0.015592,0.017608,10000,uniform=0.016303 at this map's own mass,"image-level bootstrap, 10,000 resamples, seed 0 (D6)"
I1_spatial,evaluation,7fdf5f9f2ace98ef03a6267455daa1104b92b6689c510ab8b1e5420340f27014,202a712d9392527cbf2fe99525a42a1d45d01aca,analysis/frozen_I1_spatial.py,ring_profile,vit_small,nomix,in_b08,mad,e2r_vits_nomix_baseline_s2,border-ring,ring6_freq,0.0209,0.019075,0.0228,10000,uniform=0.016303 at this map's own mass,"image-level bootstrap, 10,000 resamples, seed 0 (D6)"
I1_spatial,evaluation,7fdf5f9f2ace98ef03a6267455daa1104b92b6689c510ab8b1e5420340f27014,202a712d9392527cbf2fe99525a42a1d45d01aca,analysis/frozen_I1_spatial.py,ring_ordering,vit_small,nomix,in_b08,mad,e2r_vits_nomix_baseline_s2,ring0_vs_ring1,ring1_minus_ring0,-0.009323,-0.010195,-0.008472,10000,>0 = ring 1 carries more mass per position than ring 0,"the ring CIs and this contrast come from ONE resample of images, so they are mutually consistent"
I1_spatial,evaluation,7fdf5f9f2ace98ef03a6267455daa1104b92b6689c510ab8b1e5420340f27014,202a712d9392527cbf2fe99525a42a1d45d01aca,analysis/frozen_I1_spatial.py,concentration_excess,vit_small,nomix,in_b08,mad,e2r_vits_nomix_baseline_s2,finite-sample-null,gini_excess,0.188195,MISSING,MISSING,196,"null gini=0.043679 at mass=3.1953, 400 sims, seed 0",observed minus the finite-sample null — the only cross-member comparable form
I1_spatial,evaluation,7fdf5f9f2ace98ef03a6267455daa1104b92b6689c510ab8b1e5420340f27014,202a712d9392527cbf2fe99525a42a1d45d01aca,analysis/frozen_I1_spatial.py,cross_recipe_map_correlation,vit_small,mixup|nomix,hist,fixed_cal,e2r_vits_mixup_baseline_s1,e2r_vits_nomix_baseline_s1,rho,0.280056,MISSING,MISSING,1568,within-recipe mean rho=0.9152,"residual map correlation; exact permutation p=0.1977, null sd=0.2063"
I1_spatial,evaluation,7fdf5f9f2ace98ef03a6267455daa1104b92b6689c510ab8b1e5420340f27014,202a712d9392527cbf2fe99525a42a1d45d01aca,analysis/frozen_I1_spatial.py,cross_recipe_map_correlation,vit_small,mixup|nomix,hist,fixed_cal,e2r_vits_mixup_baseline_s1,e2r_vits_nomix_baseline_s2,rho,0.422021,MISSING,MISSING,1568,within-recipe mean rho=0.9152,"residual map correlation; exact permutation p=0.0312, null sd=0.2101"
I1_spatial,evaluation,7fdf5f9f2ace98ef03a6267455daa1104b92b6689c510ab8b1e5420340f27014,202a712d9392527cbf2fe99525a42a1d45d01aca,analysis/frozen_I1_spatial.py,cross_recipe_map_correlation,vit_small,mixup|nomix,hist,fixed_cal,e2r_vits_mixup_baseline_s2,e2r_vits_nomix_baseline_s1,rho,0.257043,MISSING,MISSING,1568,within-recipe mean rho=0.9152,"residual map correlation; exact permutation p=0.3010, null sd=0.2192"
I1_spatial,evaluation,7fdf5f9f2ace98ef03a6267455daa1104b92b6689c510ab8b1e5420340f27014,202a712d9392527cbf2fe99525a42a1d45d01aca,analysis/frozen_I1_spatial.py,cross_recipe_map_correlation,vit_small,mixup|nomix,hist,fixed_cal,e2r_vits_mixup_baseline_s2,e2r_vits_nomix_baseline_s2,rho,0.380162,MISSING,MISSING,1568,within-recipe mean rho=0.9152,"residual map correlation; exact permutation p=0.0689, null sd=0.2200"
I1_spatial,evaluation,7fdf5f9f2ace98ef03a6267455daa1104b92b6689c510ab8b1e5420340f27014,202a712d9392527cbf2fe99525a42a1d45d01aca,analysis/frozen_I1_spatial.py,cross_recipe_map_correlation,vit_small,mixup|nomix,hist,fixed_cal,legacy_e2_vit_small_mixupdir_baseline,e2r_vits_nomix_baseline_s1,rho,0.251176,MISSING,MISSING,1568,within-recipe mean rho=0.9152,"residual map correlation; exact permutation p=0.2883, null sd=0.2096"
I1_spatial,evaluation,7fdf5f9f2ace98ef03a6267455daa1104b92b6689c510ab8b1e5420340f27014,202a712d9392527cbf2fe99525a42a1d45d01aca,analysis/frozen_I1_spatial.py,cross_recipe_map_correlation,vit_small,mixup|nomix,hist,fixed_cal,legacy_e2_vit_small_mixupdir_baseline,e2r_vits_nomix_baseline_s2,rho,0.391519,MISSING,MISSING,1568,within-recipe mean rho=0.9152,"residual map correlation; exact permutation p=0.0434, null sd=0.2105"
I1_spatial,evaluation,7fdf5f9f2ace98ef03a6267455daa1104b92b6689c510ab8b1e5420340f27014,202a712d9392527cbf2fe99525a42a1d45d01aca,analysis/frozen_I1_spatial.py,cross_recipe_map_correlation,vit_small,mixup|nomix,hist,fixed_cal,legacy_e2_vit_small_nomixdir_baseline,e2r_vits_nomix_baseline_s1,rho,0.225983,MISSING,MISSING,1568,within-recipe mean rho=0.9152,"residual map correlation; exact permutation p=0.1805, null sd=0.1594"
I1_spatial,evaluation,7fdf5f9f2ace98ef03a6267455daa1104b92b6689c510ab8b1e5420340f27014,202a712d9392527cbf2fe99525a42a1d45d01aca,analysis/frozen_I1_spatial.py,cross_recipe_map_correlation,vit_small,mixup|nomix,hist,fixed_cal,legacy_e2_vit_small_nomixdir_baseline,e2r_vits_nomix_baseline_s2,rho,0.438084,MISSING,MISSING,1568,within-recipe mean rho=0.9152,"residual map correlation; exact permutation p=0.0210, null sd=0.1837"
I1_spatial,evaluation,7fdf5f9f2ace98ef03a6267455daa1104b92b6689c510ab8b1e5420340f27014,202a712d9392527cbf2fe99525a42a1d45d01aca,analysis/frozen_I1_spatial.py,cross_recipe_map_correlation,vit_small,mixup|nomix,hist,fixed_cal,MEAN,all-cross-pairs,rho_mean,0.330755,MISSING,MISSING,8,within-recipe mean is the comparator,mean over all cross-recipe baseline pairs
I1_spatial,evaluation,7fdf5f9f2ace98ef03a6267455daa1104b92b6689c510ab8b1e5420340f27014,202a712d9392527cbf2fe99525a42a1d45d01aca,analysis/frozen_I1_spatial.py,within_recipe_map_correlation,vit_small,mixup,hist,fixed_cal,MEAN,all-within-pairs,rho_mean,0.915221,MISSING,MISSING,6,zero = no shared spatial structure,mean over all within-recipe mixup baseline pairs
I1_spatial,evaluation,7fdf5f9f2ace98ef03a6267455daa1104b92b6689c510ab8b1e5420340f27014,202a712d9392527cbf2fe99525a42a1d45d01aca,analysis/frozen_I1_spatial.py,ring_profile,vit_small,mixup,hist,fixed_cal,e2r_vits_mixup_baseline_s1,border-ring,ring0_freq,0.074785,0.073763,0.075794,10000,uniform=0.100357 at this map's own mass,"image-level bootstrap, 10,000 resamples, seed 0 (D6)"
I1_spatial,evaluation,7fdf5f9f2ace98ef03a6267455daa1104b92b6689c510ab8b1e5420340f27014,202a712d9392527cbf2fe99525a42a1d45d01aca,analysis/frozen_I1_spatial.py,ring_profile,vit_small,mixup,hist,fixed_cal,e2r_vits_mixup_baseline_s1,border-ring,ring1_freq,0.164086,0.162284,0.16588,10000,uniform=0.100357 at this map's own mass,"image-level bootstrap, 10,000 resamples, seed 0 (D6)"
I1_spatial,evaluation,7fdf5f9f2ace98ef03a6267455daa1104b92b6689c510ab8b1e5420340f27014,202a712d9392527cbf2fe99525a42a1d45d01aca,analysis/frozen_I1_spatial.py,ring_profile,vit_small,mixup,hist,fixed_cal,e2r_vits_mixup_baseline_s1,border-ring,ring2_freq,0.108611,0.10715,0.110086,10000,uniform=0.100357 at this map's own mass,"image-level bootstrap, 10,000 resamples, seed 0 (D6)"
I1_spatial,evaluation,7fdf5f9f2ace98ef03a6267455daa1104b92b6689c510ab8b1e5420340f27014,202a712d9392527cbf2fe99525a42a1d45d01aca,analysis/frozen_I1_spatial.py,ring_profile,vit_small,mixup,hist,fixed_cal,e2r_vits_mixup_baseline_s1,border-ring,ring3_freq,0.081368,0.079986,0.082814,10000,uniform=0.100357 at this map's own mass,"image-level bootstrap, 10,000 resamples, seed 0 (D6)"
I1_spatial,evaluation,7fdf5f9f2ace98ef03a6267455daa1104b92b6689c510ab8b1e5420340f27014,202a712d9392527cbf2fe99525a42a1d45d01aca,analysis/frozen_I1_spatial.py,ring_profile,vit_small,mixup,hist,fixed_cal,e2r_vits_mixup_baseline_s1,border-ring,ring4_freq,0.06531,0.06379,0.0669,10000,uniform=0.100357 at this map's own mass,"image-level bootstrap, 10,000 resamples, seed 0 (D6)"
I1_spatial,evaluation,7fdf5f9f2ace98ef03a6267455daa1104b92b6689c510ab8b1e5420340f27014,202a712d9392527cbf2fe99525a42a1d45d01aca,analysis/frozen_I1_spatial.py,ring_profile,vit_small,mixup,hist,fixed_cal,e2r_vits_mixup_baseline_s1,border-ring,ring5_freq,0.065292,0.063275,0.067325,10000,uniform=0.100357 at this map's own mass,"image-level bootstrap, 10,000 resamples, seed 0 (D6)"
I1_spatial,evaluation,7fdf5f9f2ace98ef03a6267455daa1104b92b6689c510ab8b1e5420340f27014,202a712d9392527cbf2fe99525a42a1d45d01aca,analysis/frozen_I1_spatial.py,ring_profile,vit_small,mixup,hist,fixed_cal,e2r_vits_mixup_baseline_s1,border-ring,ring6_freq,0.07085,0.067775,0.073975,10000,uniform=0.100357 at this map's own mass,"image-level bootstrap, 10,000 resamples, seed 0 (D6)"
I1_spatial,evaluation,7fdf5f9f2ace98ef03a6267455daa1104b92b6689c510ab8b1e5420340f27014,202a712d9392527cbf2fe99525a42a1d45d01aca,analysis/frozen_I1_spatial.py,ring_ordering,vit_small,mixup,hist,fixed_cal,e2r_vits_mixup_baseline_s1,ring0_vs_ring1,ring1_minus_ring0,0.089302,0.087308,0.091272,10000,>0 = ring 1 carries more mass per position than ring 0,"the ring CIs and this contrast come from ONE resample of images, so they are mutually consistent"
I1_spatial,evaluation,7fdf5f9f2ace98ef03a6267455daa1104b92b6689c510ab8b1e5420340f27014,202a712d9392527cbf2fe99525a42a1d45d01aca,analysis/frozen_I1_spatial.py,concentration_excess,vit_small,mixup,hist,fixed_cal,e2r_vits_mixup_baseline_s1,finite-sample-null,gini_excess,0.234318,MISSING,MISSING,196,"null gini=0.016801 at mass=19.6700, 400 sims, seed 0",observed minus the finite-sample null — the only cross-member comparable form
I1_spatial,evaluation,7fdf5f9f2ace98ef03a6267455daa1104b92b6689c510ab8b1e5420340f27014,202a712d9392527cbf2fe99525a42a1d45d01aca,analysis/frozen_I1_spatial.py,ring_profile,vit_small,mixup,hist,fixed_cal,e2r_vits_mixup_baseline_s2,border-ring,ring0_freq,0.054446,0.053673,0.055223,10000,uniform=0.075198 at this map's own mass,"image-level bootstrap, 10,000 resamples, seed 0 (D6)"
I1_spatial,evaluation,7fdf5f9f2ace98ef03a6267455daa1104b92b6689c510ab8b1e5420340f27014,202a712d9392527cbf2fe99525a42a1d45d01aca,analysis/frozen_I1_spatial.py,ring_profile,vit_small,mixup,hist,fixed_cal,e2r_vits_mixup_baseline_s2,border-ring,ring1_freq,0.124543,0.123148,0.125973,10000,uniform=0.075198 at this map's own mass,"image-level bootstrap, 10,000 resamples, seed 0 (D6)"
I1_spatial,evaluation,7fdf5f9f2ace98ef03a6267455daa1104b92b6689c510ab8b1e5420340f27014,202a712d9392527cbf2fe99525a42a1d45d01aca,analysis/frozen_I1_spatial.py,ring_profile,vit_small,mixup,hist,fixed_cal,e2r_vits_mixup_baseline_s2,border-ring,ring2_freq,0.087822,0.086619,0.089033,10000,uniform=0.075198 at this map's own mass,"image-level bootstrap, 10,000 resamples, seed 0 (D6)"
I1_spatial,evaluation,7fdf5f9f2ace98ef03a6267455daa1104b92b6689c510ab8b1e5420340f27014,202a712d9392527cbf2fe99525a42a1d45d01aca,analysis/frozen_I1_spatial.py,ring_profile,vit_small,mixup,hist,fixed_cal,e2r_vits_mixup_baseline_s2,border-ring,ring3_freq,0.05865,0.057557,0.059757,10000,uniform=0.075198 at this map's own mass,"image-level bootstrap, 10,000 resamples, seed 0 (D6)"
I1_spatial,evaluation,7fdf5f9f2ace98ef03a6267455daa1104b92b6689c510ab8b1e5420340f27014,202a712d9392527cbf2fe99525a42a1d45d01aca,analysis/frozen_I1_spatial.py,ring_profile,vit_small,mixup,hist,fixed_cal,e2r_vits_mixup_baseline_s2,border-ring,ring4_freq,0.04475,0.043545,0.04595,10000,uniform=0.075198 at this map's own mass,"image-level bootstrap, 10,000 resamples, seed 0 (D6)"
I1_spatial,evaluation,7fdf5f9f2ace98ef03a6267455daa1104b92b6689c510ab8b1e5420340f27014,202a712d9392527cbf2fe99525a42a1d45d01aca,analysis/frozen_I1_spatial.py,ring_profile,vit_small,mixup,hist,fixed_cal,e2r_vits_mixup_baseline_s2,border-ring,ring5_freq,0.043692,0.042108,0.045284,10000,uniform=0.075198 at this map's own mass,"image-level bootstrap, 10,000 resamples, seed 0 (D6)"
I1_spatial,evaluation,7fdf5f9f2ace98ef03a6267455daa1104b92b6689c510ab8b1e5420340f27014,202a712d9392527cbf2fe99525a42a1d45d01aca,analysis/frozen_I1_spatial.py,ring_profile,vit_small,mixup,hist,fixed_cal,e2r_vits_mixup_baseline_s2,border-ring,ring6_freq,0.051175,0.048525,0.053875,10000,uniform=0.075198 at this map's own mass,"image-level bootstrap, 10,000 resamples, seed 0 (D6)"
I1_spatial,evaluation,7fdf5f9f2ace98ef03a6267455daa1104b92b6689c510ab8b1e5420340f27014,202a712d9392527cbf2fe99525a42a1d45d01aca,analysis/frozen_I1_spatial.py,ring_ordering,vit_small,mixup,hist,fixed_cal,e2r_vits_mixup_baseline_s2,ring0_vs_ring1,ring1_minus_ring0,0.070097,0.068461,0.071742,10000,>0 = ring 1 carries more mass per position than ring 0,"the ring CIs and this contrast come from ONE resample of images, so they are mutually consistent"
I1_spatial,evaluation,7fdf5f9f2ace98ef03a6267455daa1104b92b6689c510ab8b1e5420340f27014,202a712d9392527cbf2fe99525a42a1d45d01aca,analysis/frozen_I1_spatial.py,concentration_excess,vit_small,mixup,hist,fixed_cal,e2r_vits_mixup_baseline_s2,finite-sample-null,gini_excess,0.260274,MISSING,MISSING,196,"null gini=0.019673 at mass=14.7389, 400 sims, seed 0",observed minus the finite-sample null — the only cross-member comparable form
I1_spatial,evaluation,7fdf5f9f2ace98ef03a6267455daa1104b92b6689c510ab8b1e5420340f27014,202a712d9392527cbf2fe99525a42a1d45d01aca,analysis/frozen_I1_spatial.py,ring_profile,vit_small,mixup,hist,fixed_cal,legacy_e2_vit_small_mixupdir_baseline,border-ring,ring0_freq,0.054163,0.053327,0.054992,10000,uniform=0.078204 at this map's own mass,"image-level bootstrap, 10,000 resamples, seed 0 (D6)"
I1_spatial,evaluation,7fdf5f9f2ace98ef03a6267455daa1104b92b6689c510ab8b1e5420340f27014,202a712d9392527cbf2fe99525a42a1d45d01aca,analysis/frozen_I1_spatial.py,ring_profile,vit_small,mixup,hist,fixed_cal,legacy_e2_vit_small_mixupdir_baseline,border-ring,ring1_freq,0.126382,0.12497,0.127766,10000,uniform=0.078204 at this map's own mass,"image-level bootstrap, 10,000 resamples, seed 0 (D6)"
I1_spatial,evaluation,7fdf5f9f2ace98ef03a6267455daa1104b92b6689c510ab8b1e5420340f27014,202a712d9392527cbf2fe99525a42a1d45d01aca,analysis/frozen_I1_spatial.py,ring_profile,vit_small,mixup,hist,fixed_cal,legacy_e2_vit_small_mixupdir_baseline,border-ring,ring2_freq,0.090614,0.089339,0.091872,10000,uniform=0.078204 at this map's own mass,"image-level bootstrap, 10,000 resamples, seed 0 (D6)"
I1_spatial,evaluation,7fdf5f9f2ace98ef03a6267455daa1104b92b6689c510ab8b1e5420340f27014,202a712d9392527cbf2fe99525a42a1d45d01aca,analysis/frozen_I1_spatial.py,ring_profile,vit_small,mixup,hist,fixed_cal,legacy_e2_vit_small_mixupdir_baseline,border-ring,ring3_freq,0.068929,0.067646,0.070222,10000,uniform=0.078204 at this map's own mass,"image-level bootstrap, 10,000 resamples, seed 0 (D6)"
I1_spatial,evaluation,7fdf5f9f2ace98ef03a6267455daa1104b92b6689c510ab8b1e5420340f27014,202a712d9392527cbf2fe99525a42a1d45d01aca,analysis/frozen_I1_spatial.py,ring_profile,vit_small,mixup,hist,fixed_cal,legacy_e2_vit_small_mixupdir_baseline,border-ring,ring4_freq,0.0502,0.04889,0.05152,10000,uniform=0.078204 at this map's own mass,"image-level bootstrap, 10,000 resamples, seed 0 (D6)"
I1_spatial,evaluation,7fdf5f9f2ace98ef03a6267455daa1104b92b6689c510ab8b1e5420340f27014,202a712d9392527cbf2fe99525a42a1d45d01aca,analysis/frozen_I1_spatial.py,ring_profile,vit_small,mixup,hist,fixed_cal,legacy_e2_vit_small_mixupdir_baseline,border-ring,ring5_freq,0.046658,0.045008,0.048358,10000,uniform=0.078204 at this map's own mass,"image-level bootstrap, 10,000 resamples, seed 0 (D6)"
I1_spatial,evaluation,7fdf5f9f2ace98ef03a6267455daa1104b92b6689c510ab8b1e5420340f27014,202a712d9392527cbf2fe99525a42a1d45d01aca,analysis/frozen_I1_spatial.py,ring_profile,vit_small,mixup,hist,fixed_cal,legacy_e2_vit_small_mixupdir_baseline,border-ring,ring6_freq,0.048675,0.046125,0.051275,10000,uniform=0.078204 at this map's own mass,"image-level bootstrap, 10,000 resamples, seed 0 (D6)"
I1_spatial,evaluation,7fdf5f9f2ace98ef03a6267455daa1104b92b6689c510ab8b1e5420340f27014,202a712d9392527cbf2fe99525a42a1d45d01aca,analysis/frozen_I1_spatial.py,ring_ordering,vit_small,mixup,hist,fixed_cal,legacy_e2_vit_small_mixupdir_baseline,ring0_vs_ring1,ring1_minus_ring0,0.072218,0.070623,0.07379,10000,>0 = ring 1 carries more mass per position than ring 0,"the ring CIs and this contrast come from ONE resample of images, so they are mutually consistent"
I1_spatial,evaluation,7fdf5f9f2ace98ef03a6267455daa1104b92b6689c510ab8b1e5420340f27014,202a712d9392527cbf2fe99525a42a1d45d01aca,analysis/frozen_I1_spatial.py,concentration_excess,vit_small,mixup,hist,fixed_cal,legacy_e2_vit_small_mixupdir_baseline,finite-sample-null,gini_excess,0.246661,MISSING,MISSING,196,"null gini=0.019255 at mass=15.3280, 400 sims, seed 0",observed minus the finite-sample null — the only cross-member comparable form
I1_spatial,evaluation,7fdf5f9f2ace98ef03a6267455daa1104b92b6689c510ab8b1e5420340f27014,202a712d9392527cbf2fe99525a42a1d45d01aca,analysis/frozen_I1_spatial.py,ring_profile,vit_small,mixup,hist,fixed_cal,legacy_e2_vit_small_nomixdir_baseline,border-ring,ring0_freq,0.053558,0.05274,0.054358,10000,uniform=0.081622 at this map's own mass,"image-level bootstrap, 10,000 resamples, seed 0 (D6)"
I1_spatial,evaluation,7fdf5f9f2ace98ef03a6267455daa1104b92b6689c510ab8b1e5420340f27014,202a712d9392527cbf2fe99525a42a1d45d01aca,analysis/frozen_I1_spatial.py,ring_profile,vit_small,mixup,hist,fixed_cal,legacy_e2_vit_small_nomixdir_baseline,border-ring,ring1_freq,0.137025,0.135477,0.138595,10000,uniform=0.081622 at this map's own mass,"image-level bootstrap, 10,000 resamples, seed 0 (D6)"
I1_spatial,evaluation,7fdf5f9f2ace98ef03a6267455daa1104b92b6689c510ab8b1e5420340f27014,202a712d9392527cbf2fe99525a42a1d45d01aca,analysis/frozen_I1_spatial.py,ring_profile,vit_small,mixup,hist,fixed_cal,legacy_e2_vit_small_nomixdir_baseline,border-ring,ring2_freq,0.095108,0.093825,0.096395,10000,uniform=0.081622 at this map's own mass,"image-level bootstrap, 10,000 resamples, seed 0 (D6)"
I1_spatial,evaluation,7fdf5f9f2ace98ef03a6267455daa1104b92b6689c510ab8b1e5420340f27014,202a712d9392527cbf2fe99525a42a1d45d01aca,analysis/frozen_I1_spatial.py,ring_profile,vit_small,mixup,hist,fixed_cal,legacy_e2_vit_small_nomixdir_baseline,border-ring,ring3_freq,0.065743,0.064486,0.067,10000,uniform=0.081622 at this map's own mass,"image-level bootstrap, 10,000 resamples, seed 0 (D6)"
I1_spatial,evaluation,7fdf5f9f2ace98ef03a6267455daa1104b92b6689c510ab8b1e5420340f27014,202a712d9392527cbf2fe99525a42a1d45d01aca,analysis/frozen_I1_spatial.py,ring_profile,vit_small,mixup,hist,fixed_cal,legacy_e2_vit_small_nomixdir_baseline,border-ring,ring4_freq,0.05175,0.05035,0.053125,10000,uniform=0.081622 at this map's own mass,"image-level bootstrap, 10,000 resamples, seed 0 (D6)"
I1_spatial,evaluation,7fdf5f9f2ace98ef03a6267455daa1104b92b6689c510ab8b1e5420340f27014,202a712d9392527cbf2fe99525a42a1d45d01aca,analysis/frozen_I1_spatial.py,ring_profile,vit_small,mixup,hist,fixed_cal,legacy_e2_vit_small_nomixdir_baseline,border-ring,ring5_freq,0.053433,0.051633,0.055275,10000,uniform=0.081622 at this map's own mass,"image-level bootstrap, 10,000 resamples, seed 0 (D6)"
I1_spatial,evaluation,7fdf5f9f2ace98ef03a6267455daa1104b92b6689c510ab8b1e5420340f27014,202a712d9392527cbf2fe99525a42a1d45d01aca,analysis/frozen_I1_spatial.py,ring_profile,vit_small,mixup,hist,fixed_cal,legacy_e2_vit_small_nomixdir_baseline,border-ring,ring6_freq,0.06075,0.057825,0.063675,10000,uniform=0.081622 at this map's own mass,"image-level bootstrap, 10,000 resamples, seed 0 (D6)"
I1_spatial,evaluation,7fdf5f9f2ace98ef03a6267455daa1104b92b6689c510ab8b1e5420340f27014,202a712d9392527cbf2fe99525a42a1d45d01aca,analysis/frozen_I1_spatial.py,ring_ordering,vit_small,mixup,hist,fixed_cal,legacy_e2_vit_small_nomixdir_baseline,ring0_vs_ring1,ring1_minus_ring0,0.083467,0.081682,0.085251,10000,>0 = ring 1 carries more mass per position than ring 0,"the ring CIs and this contrast come from ONE resample of images, so they are mutually consistent"
I1_spatial,evaluation,7fdf5f9f2ace98ef03a6267455daa1104b92b6689c510ab8b1e5420340f27014,202a712d9392527cbf2fe99525a42a1d45d01aca,analysis/frozen_I1_spatial.py,concentration_excess,vit_small,mixup,hist,fixed_cal,legacy_e2_vit_small_nomixdir_baseline,finite-sample-null,gini_excess,0.251875,MISSING,MISSING,196,"null gini=0.018812 at mass=15.9980, 400 sims, seed 0",observed minus the finite-sample null — the only cross-member comparable form
I1_spatial,evaluation,7fdf5f9f2ace98ef03a6267455daa1104b92b6689c510ab8b1e5420340f27014,202a712d9392527cbf2fe99525a42a1d45d01aca,analysis/frozen_I1_spatial.py,ring_profile,vit_small,nomix,hist,fixed_cal,e2r_vits_nomix_baseline_s1,border-ring,ring0_freq,0.015981,0.015046,0.016938,10000,uniform=0.018759 at this map's own mass,"image-level bootstrap, 10,000 resamples, seed 0 (D6)"
I1_spatial,evaluation,7fdf5f9f2ace98ef03a6267455daa1104b92b6689c510ab8b1e5420340f27014,202a712d9392527cbf2fe99525a42a1d45d01aca,analysis/frozen_I1_spatial.py,ring_profile,vit_small,nomix,hist,fixed_cal,e2r_vits_nomix_baseline_s1,border-ring,ring1_freq,0.019418,0.018709,0.020159,10000,uniform=0.018759 at this map's own mass,"image-level bootstrap, 10,000 resamples, seed 0 (D6)"
I1_spatial,evaluation,7fdf5f9f2ace98ef03a6267455daa1104b92b6689c510ab8b1e5420340f27014,202a712d9392527cbf2fe99525a42a1d45d01aca,analysis/frozen_I1_spatial.py,ring_profile,vit_small,nomix,hist,fixed_cal,e2r_vits_nomix_baseline_s1,border-ring,ring2_freq,0.019044,0.018392,0.019714,10000,uniform=0.018759 at this map's own mass,"image-level bootstrap, 10,000 resamples, seed 0 (D6)"
I1_spatial,evaluation,7fdf5f9f2ace98ef03a6267455daa1104b92b6689c510ab8b1e5420340f27014,202a712d9392527cbf2fe99525a42a1d45d01aca,analysis/frozen_I1_spatial.py,ring_profile,vit_small,nomix,hist,fixed_cal,e2r_vits_nomix_baseline_s1,border-ring,ring3_freq,0.019582,0.018864,0.020307,10000,uniform=0.018759 at this map's own mass,"image-level bootstrap, 10,000 resamples, seed 0 (D6)"
I1_spatial,evaluation,7fdf5f9f2ace98ef03a6267455daa1104b92b6689c510ab8b1e5420340f27014,202a712d9392527cbf2fe99525a42a1d45d01aca,analysis/frozen_I1_spatial.py,ring_profile,vit_small,nomix,hist,fixed_cal,e2r_vits_nomix_baseline_s1,border-ring,ring4_freq,0.020325,0.019495,0.021155,10000,uniform=0.018759 at this map's own mass,"image-level bootstrap, 10,000 resamples, seed 0 (D6)"
I1_spatial,evaluation,7fdf5f9f2ace98ef03a6267455daa1104b92b6689c510ab8b1e5420340f27014,202a712d9392527cbf2fe99525a42a1d45d01aca,analysis/frozen_I1_spatial.py,ring_profile,vit_small,nomix,hist,fixed_cal,e2r_vits_nomix_baseline_s1,border-ring,ring5_freq,0.020742,0.019658,0.021833,10000,uniform=0.018759 at this map's own mass,"image-level bootstrap, 10,000 resamples, seed 0 (D6)"
I1_spatial,evaluation,7fdf5f9f2ace98ef03a6267455daa1104b92b6689c510ab8b1e5420340f27014,202a712d9392527cbf2fe99525a42a1d45d01aca,analysis/frozen_I1_spatial.py,ring_profile,vit_small,nomix,hist,fixed_cal,e2r_vits_nomix_baseline_s1,border-ring,ring6_freq,0.025525,0.0236,0.027475,10000,uniform=0.018759 at this map's own mass,"image-level bootstrap, 10,000 resamples, seed 0 (D6)"
I1_spatial,evaluation,7fdf5f9f2ace98ef03a6267455daa1104b92b6689c510ab8b1e5420340f27014,202a712d9392527cbf2fe99525a42a1d45d01aca,analysis/frozen_I1_spatial.py,ring_ordering,vit_small,nomix,hist,fixed_cal,e2r_vits_nomix_baseline_s1,ring0_vs_ring1,ring1_minus_ring0,0.003437,0.002499,0.004344,10000,>0 = ring 1 carries more mass per position than ring 0,"the ring CIs and this contrast come from ONE resample of images, so they are mutually consistent"
I1_spatial,evaluation,7fdf5f9f2ace98ef03a6267455daa1104b92b6689c510ab8b1e5420340f27014,202a712d9392527cbf2fe99525a42a1d45d01aca,analysis/frozen_I1_spatial.py,concentration_excess,vit_small,nomix,hist,fixed_cal,e2r_vits_nomix_baseline_s1,finite-sample-null,gini_excess,0.120443,MISSING,MISSING,196,"null gini=0.040610 at mass=3.6768, 400 sims, seed 0",observed minus the finite-sample null — the only cross-member comparable form
I1_spatial,evaluation,7fdf5f9f2ace98ef03a6267455daa1104b92b6689c510ab8b1e5420340f27014,202a712d9392527cbf2fe99525a42a1d45d01aca,analysis/frozen_I1_spatial.py,ring_profile,vit_small,nomix,hist,fixed_cal,e2r_vits_nomix_baseline_s2,border-ring,ring0_freq,0.016752,0.016015,0.017512,10000,uniform=0.022568 at this map's own mass,"image-level bootstrap, 10,000 resamples, seed 0 (D6)"
I1_spatial,evaluation,7fdf5f9f2ace98ef03a6267455daa1104b92b6689c510ab8b1e5420340f27014,202a712d9392527cbf2fe99525a42a1d45d01aca,analysis/frozen_I1_spatial.py,ring_profile,vit_small,nomix,hist,fixed_cal,e2r_vits_nomix_baseline_s2,border-ring,ring1_freq,0.026977,0.026186,0.027786,10000,uniform=0.022568 at this map's own mass,"image-level bootstrap, 10,000 resamples, seed 0 (D6)"
I1_spatial,evaluation,7fdf5f9f2ace98ef03a6267455daa1104b92b6689c510ab8b1e5420340f27014,202a712d9392527cbf2fe99525a42a1d45d01aca,analysis/frozen_I1_spatial.py,ring_profile,vit_small,nomix,hist,fixed_cal,e2r_vits_nomix_baseline_s2,border-ring,ring2_freq,0.024281,0.023539,0.025056,10000,uniform=0.022568 at this map's own mass,"image-level bootstrap, 10,000 resamples, seed 0 (D6)"
I1_spatial,evaluation,7fdf5f9f2ace98ef03a6267455daa1104b92b6689c510ab8b1e5420340f27014,202a712d9392527cbf2fe99525a42a1d45d01aca,analysis/frozen_I1_spatial.py,ring_profile,vit_small,nomix,hist,fixed_cal,e2r_vits_nomix_baseline_s2,border-ring,ring3_freq,0.022729,0.021914,0.023539,10000,uniform=0.022568 at this map's own mass,"image-level bootstrap, 10,000 resamples, seed 0 (D6)"
I1_spatial,evaluation,7fdf5f9f2ace98ef03a6267455daa1104b92b6689c510ab8b1e5420340f27014,202a712d9392527cbf2fe99525a42a1d45d01aca,analysis/frozen_I1_spatial.py,ring_profile,vit_small,nomix,hist,fixed_cal,e2r_vits_nomix_baseline_s2,border-ring,ring4_freq,0.02291,0.021975,0.02384,10000,uniform=0.022568 at this map's own mass,"image-level bootstrap, 10,000 resamples, seed 0 (D6)"
I1_spatial,evaluation,7fdf5f9f2ace98ef03a6267455daa1104b92b6689c510ab8b1e5420340f27014,202a712d9392527cbf2fe99525a42a1d45d01aca,analysis/frozen_I1_spatial.py,ring_profile,vit_small,nomix,hist,fixed_cal,e2r_vits_nomix_baseline_s2,border-ring,ring5_freq,0.023908,0.0227,0.025158,10000,uniform=0.022568 at this map's own mass,"image-level bootstrap, 10,000 resamples, seed 0 (D6)"
I1_spatial,evaluation,7fdf5f9f2ace98ef03a6267455daa1104b92b6689c510ab8b1e5420340f27014,202a712d9392527cbf2fe99525a42a1d45d01aca,analysis/frozen_I1_spatial.py,ring_profile,vit_small,nomix,hist,fixed_cal,e2r_vits_nomix_baseline_s2,border-ring,ring6_freq,0.0274,0.02535,0.029525,10000,uniform=0.022568 at this map's own mass,"image-level bootstrap, 10,000 resamples, seed 0 (D6)"
I1_spatial,evaluation,7fdf5f9f2ace98ef03a6267455daa1104b92b6689c510ab8b1e5420340f27014,202a712d9392527cbf2fe99525a42a1d45d01aca,analysis/frozen_I1_spatial.py,ring_ordering,vit_small,nomix,hist,fixed_cal,e2r_vits_nomix_baseline_s2,ring0_vs_ring1,ring1_minus_ring0,0.010225,0.00939,0.011046,10000,>0 = ring 1 carries more mass per position than ring 0,"the ring CIs and this contrast come from ONE resample of images, so they are mutually consistent"
I1_spatial,evaluation,7fdf5f9f2ace98ef03a6267455daa1104b92b6689c510ab8b1e5420340f27014,202a712d9392527cbf2fe99525a42a1d45d01aca,analysis/frozen_I1_spatial.py,concentration_excess,vit_small,nomix,hist,fixed_cal,e2r_vits_nomix_baseline_s2,finite-sample-null,gini_excess,0.162963,MISSING,MISSING,196,"null gini=0.036997 at mass=4.4233, 400 sims, seed 0",observed minus the finite-sample null — the only cross-member comparable form
I1_spatial,evaluation,7fdf5f9f2ace98ef03a6267455daa1104b92b6689c510ab8b1e5420340f27014,202a712d9392527cbf2fe99525a42a1d45d01aca,analysis/frozen_I1_spatial.py,cross_recipe_map_correlation,vit_small,mixup|nomix,hist,mad,e2r_vits_mixup_baseline_s1,e2r_vits_nomix_baseline_s1,rho,0.060341,MISSING,MISSING,1568,within-recipe mean rho=0.9147,"residual map correlation; exact permutation p=0.8380, null sd=0.2120"
I1_spatial,evaluation,7fdf5f9f2ace98ef03a6267455daa1104b92b6689c510ab8b1e5420340f27014,202a712d9392527cbf2fe99525a42a1d45d01aca,analysis/frozen_I1_spatial.py,cross_recipe_map_correlation,vit_small,mixup|nomix,hist,mad,e2r_vits_mixup_baseline_s1,e2r_vits_nomix_baseline_s2,rho,0.291599,MISSING,MISSING,1568,within-recipe mean rho=0.9147,"residual map correlation; exact permutation p=0.2015, null sd=0.2182"
I1_spatial,evaluation,7fdf5f9f2ace98ef03a6267455daa1104b92b6689c510ab8b1e5420340f27014,202a712d9392527cbf2fe99525a42a1d45d01aca,analysis/frozen_I1_spatial.py,cross_recipe_map_correlation,vit_small,mixup|nomix,hist,mad,e2r_vits_mixup_baseline_s2,e2r_vits_nomix_baseline_s1,rho,0.090878,MISSING,MISSING,1568,within-recipe mean rho=0.9147,"residual map correlation; exact permutation p=0.7526, null sd=0.2097"
I1_spatial,evaluation,7fdf5f9f2ace98ef03a6267455daa1104b92b6689c510ab8b1e5420340f27014,202a712d9392527cbf2fe99525a42a1d45d01aca,analysis/frozen_I1_spatial.py,cross_recipe_map_correlation,vit_small,mixup|nomix,hist,mad,e2r_vits_mixup_baseline_s2,e2r_vits_nomix_baseline_s2,rho,0.303367,MISSING,MISSING,1568,within-recipe mean rho=0.9147,"residual map correlation; exact permutation p=0.1690, null sd=0.2181"
I1_spatial,evaluation,7fdf5f9f2ace98ef03a6267455daa1104b92b6689c510ab8b1e5420340f27014,202a712d9392527cbf2fe99525a42a1d45d01aca,analysis/frozen_I1_spatial.py,cross_recipe_map_correlation,vit_small,mixup|nomix,hist,mad,legacy_e2_vit_small_mixupdir_baseline,e2r_vits_nomix_baseline_s1,rho,0.022058,MISSING,MISSING,1568,within-recipe mean rho=0.9147,"residual map correlation; exact permutation p=0.9439, null sd=0.2219"
I1_spatial,evaluation,7fdf5f9f2ace98ef03a6267455daa1104b92b6689c510ab8b1e5420340f27014,202a712d9392527cbf2fe99525a42a1d45d01aca,analysis/frozen_I1_spatial.py,cross_recipe_map_correlation,vit_small,mixup|nomix,hist,mad,legacy_e2_vit_small_mixupdir_baseline,e2r_vits_nomix_baseline_s2,rho,0.273825,MISSING,MISSING,1568,within-recipe mean rho=0.9147,"residual map correlation; exact permutation p=0.2589, null sd=0.2236"
I1_spatial,evaluation,7fdf5f9f2ace98ef03a6267455daa1104b92b6689c510ab8b1e5420340f27014,202a712d9392527cbf2fe99525a42a1d45d01aca,analysis/frozen_I1_spatial.py,cross_recipe_map_correlation,vit_small,mixup|nomix,hist,mad,legacy_e2_vit_small_nomixdir_baseline,e2r_vits_nomix_baseline_s1,rho,0.085382,MISSING,MISSING,1568,within-recipe mean rho=0.9147,"residual map correlation; exact permutation p=0.6352, null sd=0.1537"
I1_spatial,evaluation,7fdf5f9f2ace98ef03a6267455daa1104b92b6689c510ab8b1e5420340f27014,202a712d9392527cbf2fe99525a42a1d45d01aca,analysis/frozen_I1_spatial.py,cross_recipe_map_correlation,vit_small,mixup|nomix,hist,mad,legacy_e2_vit_small_nomixdir_baseline,e2r_vits_nomix_baseline_s2,rho,0.380968,MISSING,MISSING,1568,within-recipe mean rho=0.9147,"residual map correlation; exact permutation p=0.0306, null sd=0.1857"
I1_spatial,evaluation,7fdf5f9f2ace98ef03a6267455daa1104b92b6689c510ab8b1e5420340f27014,202a712d9392527cbf2fe99525a42a1d45d01aca,analysis/frozen_I1_spatial.py,cross_recipe_map_correlation,vit_small,mixup|nomix,hist,mad,MEAN,all-cross-pairs,rho_mean,0.188552,MISSING,MISSING,8,within-recipe mean is the comparator,mean over all cross-recipe baseline pairs
I1_spatial,evaluation,7fdf5f9f2ace98ef03a6267455daa1104b92b6689c510ab8b1e5420340f27014,202a712d9392527cbf2fe99525a42a1d45d01aca,analysis/frozen_I1_spatial.py,within_recipe_map_correlation,vit_small,mixup,hist,mad,MEAN,all-within-pairs,rho_mean,0.914672,MISSING,MISSING,6,zero = no shared spatial structure,mean over all within-recipe mixup baseline pairs
I1_spatial,evaluation,7fdf5f9f2ace98ef03a6267455daa1104b92b6689c510ab8b1e5420340f27014,202a712d9392527cbf2fe99525a42a1d45d01aca,analysis/frozen_I1_spatial.py,ring_profile,vit_small,mixup,hist,mad,e2r_vits_mixup_baseline_s1,border-ring,ring0_freq,0.069894,0.068954,0.070852,10000,uniform=0.093362 at this map's own mass,"image-level bootstrap, 10,000 resamples, seed 0 (D6)"
I1_spatial,evaluation,7fdf5f9f2ace98ef03a6267455daa1104b92b6689c510ab8b1e5420340f27014,202a712d9392527cbf2fe99525a42a1d45d01aca,analysis/frozen_I1_spatial.py,ring_profile,vit_small,mixup,hist,mad,e2r_vits_mixup_baseline_s1,border-ring,ring1_freq,0.157166,0.155468,0.158889,10000,uniform=0.093362 at this map's own mass,"image-level bootstrap, 10,000 resamples, seed 0 (D6)"
I1_spatial,evaluation,7fdf5f9f2ace98ef03a6267455daa1104b92b6689c510ab8b1e5420340f27014,202a712d9392527cbf2fe99525a42a1d45d01aca,analysis/frozen_I1_spatial.py,ring_profile,vit_small,mixup,hist,mad,e2r_vits_mixup_baseline_s1,border-ring,ring2_freq,0.100797,0.099472,0.102094,10000,uniform=0.093362 at this map's own mass,"image-level bootstrap, 10,000 resamples, seed 0 (D6)"
I1_spatial,evaluation,7fdf5f9f2ace98ef03a6267455daa1104b92b6689c510ab8b1e5420340f27014,202a712d9392527cbf2fe99525a42a1d45d01aca,analysis/frozen_I1_spatial.py,ring_profile,vit_small,mixup,hist,mad,e2r_vits_mixup_baseline_s1,border-ring,ring3_freq,0.073693,0.072443,0.074957,10000,uniform=0.093362 at this map's own mass,"image-level bootstrap, 10,000 resamples, seed 0 (D6)"
I1_spatial,evaluation,7fdf5f9f2ace98ef03a6267455daa1104b92b6689c510ab8b1e5420340f27014,202a712d9392527cbf2fe99525a42a1d45d01aca,analysis/frozen_I1_spatial.py,ring_profile,vit_small,mixup,hist,mad,e2r_vits_mixup_baseline_s1,border-ring,ring4_freq,0.05649,0.05517,0.05784,10000,uniform=0.093362 at this map's own mass,"image-level bootstrap, 10,000 resamples, seed 0 (D6)"
I1_spatial,evaluation,7fdf5f9f2ace98ef03a6267455daa1104b92b6689c510ab8b1e5420340f27014,202a712d9392527cbf2fe99525a42a1d45d01aca,analysis/frozen_I1_spatial.py,ring_profile,vit_small,mixup,hist,mad,e2r_vits_mixup_baseline_s1,border-ring,ring5_freq,0.056208,0.054517,0.057983,10000,uniform=0.093362 at this map's own mass,"image-level bootstrap, 10,000 resamples, seed 0 (D6)"
I1_spatial,evaluation,7fdf5f9f2ace98ef03a6267455daa1104b92b6689c510ab8b1e5420340f27014,202a712d9392527cbf2fe99525a42a1d45d01aca,analysis/frozen_I1_spatial.py,ring_profile,vit_small,mixup,hist,mad,e2r_vits_mixup_baseline_s1,border-ring,ring6_freq,0.063175,0.060375,0.066,10000,uniform=0.093362 at this map's own mass,"image-level bootstrap, 10,000 resamples, seed 0 (D6)"
I1_spatial,evaluation,7fdf5f9f2ace98ef03a6267455daa1104b92b6689c510ab8b1e5420340f27014,202a712d9392527cbf2fe99525a42a1d45d01aca,analysis/frozen_I1_spatial.py,ring_ordering,vit_small,mixup,hist,mad,e2r_vits_mixup_baseline_s1,ring0_vs_ring1,ring1_minus_ring0,0.087272,0.085319,0.089203,10000,>0 = ring 1 carries more mass per position than ring 0,"the ring CIs and this contrast come from ONE resample of images, so they are mutually consistent"
I1_spatial,evaluation,7fdf5f9f2ace98ef03a6267455daa1104b92b6689c510ab8b1e5420340f27014,202a712d9392527cbf2fe99525a42a1d45d01aca,analysis/frozen_I1_spatial.py,concentration_excess,vit_small,mixup,hist,mad,e2r_vits_mixup_baseline_s1,finite-sample-null,gini_excess,0.251415,MISSING,MISSING,196,"null gini=0.017483 at mass=18.2989, 400 sims, seed 0",observed minus the finite-sample null — the only cross-member comparable form
I1_spatial,evaluation,7fdf5f9f2ace98ef03a6267455daa1104b92b6689c510ab8b1e5420340f27014,202a712d9392527cbf2fe99525a42a1d45d01aca,analysis/frozen_I1_spatial.py,ring_profile,vit_small,mixup,hist,mad,e2r_vits_mixup_baseline_s2,border-ring,ring0_freq,0.061681,0.060827,0.06255,10000,uniform=0.083277 at this map's own mass,"image-level bootstrap, 10,000 resamples, seed 0 (D6)"
I1_spatial,evaluation,7fdf5f9f2ace98ef03a6267455daa1104b92b6689c510ab8b1e5420340f27014,202a712d9392527cbf2fe99525a42a1d45d01aca,analysis/frozen_I1_spatial.py,ring_profile,vit_small,mixup,hist,mad,e2r_vits_mixup_baseline_s2,border-ring,ring1_freq,0.133134,0.131714,0.134582,10000,uniform=0.083277 at this map's own mass,"image-level bootstrap, 10,000 resamples, seed 0 (D6)"
I1_spatial,evaluation,7fdf5f9f2ace98ef03a6267455daa1104b92b6689c510ab8b1e5420340f27014,202a712d9392527cbf2fe99525a42a1d45d01aca,analysis/frozen_I1_spatial.py,ring_profile,vit_small,mixup,hist,mad,e2r_vits_mixup_baseline_s2,border-ring,ring2_freq,0.095578,0.094269,0.096872,10000,uniform=0.083277 at this map's own mass,"image-level bootstrap, 10,000 resamples, seed 0 (D6)"
I1_spatial,evaluation,7fdf5f9f2ace98ef03a6267455daa1104b92b6689c510ab8b1e5420340f27014,202a712d9392527cbf2fe99525a42a1d45d01aca,analysis/frozen_I1_spatial.py,ring_profile,vit_small,mixup,hist,mad,e2r_vits_mixup_baseline_s2,border-ring,ring3_freq,0.066564,0.065386,0.067768,10000,uniform=0.083277 at this map's own mass,"image-level bootstrap, 10,000 resamples, seed 0 (D6)"
I1_spatial,evaluation,7fdf5f9f2ace98ef03a6267455daa1104b92b6689c510ab8b1e5420340f27014,202a712d9392527cbf2fe99525a42a1d45d01aca,analysis/frozen_I1_spatial.py,ring_profile,vit_small,mixup,hist,mad,e2r_vits_mixup_baseline_s2,border-ring,ring4_freq,0.05308,0.051815,0.05436,10000,uniform=0.083277 at this map's own mass,"image-level bootstrap, 10,000 resamples, seed 0 (D6)"
I1_spatial,evaluation,7fdf5f9f2ace98ef03a6267455daa1104b92b6689c510ab8b1e5420340f27014,202a712d9392527cbf2fe99525a42a1d45d01aca,analysis/frozen_I1_spatial.py,ring_profile,vit_small,mixup,hist,mad,e2r_vits_mixup_baseline_s2,border-ring,ring5_freq,0.053292,0.0516,0.055008,10000,uniform=0.083277 at this map's own mass,"image-level bootstrap, 10,000 resamples, seed 0 (D6)"
I1_spatial,evaluation,7fdf5f9f2ace98ef03a6267455daa1104b92b6689c510ab8b1e5420340f27014,202a712d9392527cbf2fe99525a42a1d45d01aca,analysis/frozen_I1_spatial.py,ring_profile,vit_small,mixup,hist,mad,e2r_vits_mixup_baseline_s2,border-ring,ring6_freq,0.062825,0.059974,0.0658,10000,uniform=0.083277 at this map's own mass,"image-level bootstrap, 10,000 resamples, seed 0 (D6)"
I1_spatial,evaluation,7fdf5f9f2ace98ef03a6267455daa1104b92b6689c510ab8b1e5420340f27014,202a712d9392527cbf2fe99525a42a1d45d01aca,analysis/frozen_I1_spatial.py,ring_ordering,vit_small,mixup,hist,mad,e2r_vits_mixup_baseline_s2,ring0_vs_ring1,ring1_minus_ring0,0.071453,0.06979,0.073128,10000,>0 = ring 1 carries more mass per position than ring 0,"the ring CIs and this contrast come from ONE resample of images, so they are mutually consistent"
I1_spatial,evaluation,7fdf5f9f2ace98ef03a6267455daa1104b92b6689c510ab8b1e5420340f27014,202a712d9392527cbf2fe99525a42a1d45d01aca,analysis/frozen_I1_spatial.py,concentration_excess,vit_small,mixup,hist,mad,e2r_vits_mixup_baseline_s2,finite-sample-null,gini_excess,0.23681,MISSING,MISSING,196,"null gini=0.018597 at mass=16.3223, 400 sims, seed 0",observed minus the finite-sample null — the only cross-member comparable form
I1_spatial,evaluation,7fdf5f9f2ace98ef03a6267455daa1104b92b6689c510ab8b1e5420340f27014,202a712d9392527cbf2fe99525a42a1d45d01aca,analysis/frozen_I1_spatial.py,ring_profile,vit_small,mixup,hist,mad,legacy_e2_vit_small_mixupdir_baseline,border-ring,ring0_freq,0.049812,0.049054,0.0506,10000,uniform=0.070837 at this map's own mass,"image-level bootstrap, 10,000 resamples, seed 0 (D6)"
I1_spatial,evaluation,7fdf5f9f2ace98ef03a6267455daa1104b92b6689c510ab8b1e5420340f27014,202a712d9392527cbf2fe99525a42a1d45d01aca,analysis/frozen_I1_spatial.py,ring_profile,vit_small,mixup,hist,mad,legacy_e2_vit_small_mixupdir_baseline,border-ring,ring1_freq,0.11782,0.116554,0.119127,10000,uniform=0.070837 at this map's own mass,"image-level bootstrap, 10,000 resamples, seed 0 (D6)"
I1_spatial,evaluation,7fdf5f9f2ace98ef03a6267455daa1104b92b6689c510ab8b1e5420340f27014,202a712d9392527cbf2fe99525a42a1d45d01aca,analysis/frozen_I1_spatial.py,ring_profile,vit_small,mixup,hist,mad,legacy_e2_vit_small_mixupdir_baseline,border-ring,ring2_freq,0.08255,0.081411,0.083672,10000,uniform=0.070837 at this map's own mass,"image-level bootstrap, 10,000 resamples, seed 0 (D6)"
I1_spatial,evaluation,7fdf5f9f2ace98ef03a6267455daa1104b92b6689c510ab8b1e5420340f27014,202a712d9392527cbf2fe99525a42a1d45d01aca,analysis/frozen_I1_spatial.py,ring_profile,vit_small,mixup,hist,mad,legacy_e2_vit_small_mixupdir_baseline,border-ring,ring3_freq,0.060696,0.059561,0.06185,10000,uniform=0.070837 at this map's own mass,"image-level bootstrap, 10,000 resamples, seed 0 (D6)"
I1_spatial,evaluation,7fdf5f9f2ace98ef03a6267455daa1104b92b6689c510ab8b1e5420340f27014,202a712d9392527cbf2fe99525a42a1d45d01aca,analysis/frozen_I1_spatial.py,ring_profile,vit_small,mixup,hist,mad,legacy_e2_vit_small_mixupdir_baseline,border-ring,ring4_freq,0.041235,0.04018,0.042305,10000,uniform=0.070837 at this map's own mass,"image-level bootstrap, 10,000 resamples, seed 0 (D6)"
I1_spatial,evaluation,7fdf5f9f2ace98ef03a6267455daa1104b92b6689c510ab8b1e5420340f27014,202a712d9392527cbf2fe99525a42a1d45d01aca,analysis/frozen_I1_spatial.py,ring_profile,vit_small,mixup,hist,mad,legacy_e2_vit_small_mixupdir_baseline,border-ring,ring5_freq,0.038008,0.03665,0.039383,10000,uniform=0.070837 at this map's own mass,"image-level bootstrap, 10,000 resamples, seed 0 (D6)"
I1_spatial,evaluation,7fdf5f9f2ace98ef03a6267455daa1104b92b6689c510ab8b1e5420340f27014,202a712d9392527cbf2fe99525a42a1d45d01aca,analysis/frozen_I1_spatial.py,ring_profile,vit_small,mixup,hist,mad,legacy_e2_vit_small_mixupdir_baseline,border-ring,ring6_freq,0.039425,0.03725,0.041625,10000,uniform=0.070837 at this map's own mass,"image-level bootstrap, 10,000 resamples, seed 0 (D6)"
I1_spatial,evaluation,7fdf5f9f2ace98ef03a6267455daa1104b92b6689c510ab8b1e5420340f27014,202a712d9392527cbf2fe99525a42a1d45d01aca,analysis/frozen_I1_spatial.py,ring_ordering,vit_small,mixup,hist,mad,legacy_e2_vit_small_mixupdir_baseline,ring0_vs_ring1,ring1_minus_ring0,0.068009,0.066477,0.069526,10000,>0 = ring 1 carries more mass per position than ring 0,"the ring CIs and this contrast come from ONE resample of images, so they are mutually consistent"
I1_spatial,evaluation,7fdf5f9f2ace98ef03a6267455daa1104b92b6689c510ab8b1e5420340f27014,202a712d9392527cbf2fe99525a42a1d45d01aca,analysis/frozen_I1_spatial.py,concentration_excess,vit_small,mixup,hist,mad,legacy_e2_vit_small_mixupdir_baseline,finite-sample-null,gini_excess,0.266608,MISSING,MISSING,196,"null gini=0.020308 at mass=13.8841, 400 sims, seed 0",observed minus the finite-sample null — the only cross-member comparable form
I1_spatial,evaluation,7fdf5f9f2ace98ef03a6267455daa1104b92b6689c510ab8b1e5420340f27014,202a712d9392527cbf2fe99525a42a1d45d01aca,analysis/frozen_I1_spatial.py,ring_profile,vit_small,mixup,hist,mad,legacy_e2_vit_small_nomixdir_baseline,border-ring,ring0_freq,0.056944,0.056113,0.0578,10000,uniform=0.084866 at this map's own mass,"image-level bootstrap, 10,000 resamples, seed 0 (D6)"
I1_spatial,evaluation,7fdf5f9f2ace98ef03a6267455daa1104b92b6689c510ab8b1e5420340f27014,202a712d9392527cbf2fe99525a42a1d45d01aca,analysis/frozen_I1_spatial.py,ring_profile,vit_small,mixup,hist,mad,legacy_e2_vit_small_nomixdir_baseline,border-ring,ring1_freq,0.140323,0.138761,0.141902,10000,uniform=0.084866 at this map's own mass,"image-level bootstrap, 10,000 resamples, seed 0 (D6)"
I1_spatial,evaluation,7fdf5f9f2ace98ef03a6267455daa1104b92b6689c510ab8b1e5420340f27014,202a712d9392527cbf2fe99525a42a1d45d01aca,analysis/frozen_I1_spatial.py,ring_profile,vit_small,mixup,hist,mad,legacy_e2_vit_small_nomixdir_baseline,border-ring,ring2_freq,0.097892,0.096617,0.099181,10000,uniform=0.084866 at this map's own mass,"image-level bootstrap, 10,000 resamples, seed 0 (D6)"
I1_spatial,evaluation,7fdf5f9f2ace98ef03a6267455daa1104b92b6689c510ab8b1e5420340f27014,202a712d9392527cbf2fe99525a42a1d45d01aca,analysis/frozen_I1_spatial.py,ring_profile,vit_small,mixup,hist,mad,legacy_e2_vit_small_nomixdir_baseline,border-ring,ring3_freq,0.068507,0.067314,0.069725,10000,uniform=0.084866 at this map's own mass,"image-level bootstrap, 10,000 resamples, seed 0 (D6)"
I1_spatial,evaluation,7fdf5f9f2ace98ef03a6267455daa1104b92b6689c510ab8b1e5420340f27014,202a712d9392527cbf2fe99525a42a1d45d01aca,analysis/frozen_I1_spatial.py,ring_profile,vit_small,mixup,hist,mad,legacy_e2_vit_small_nomixdir_baseline,border-ring,ring4_freq,0.055115,0.053765,0.056465,10000,uniform=0.084866 at this map's own mass,"image-level bootstrap, 10,000 resamples, seed 0 (D6)"
I1_spatial,evaluation,7fdf5f9f2ace98ef03a6267455daa1104b92b6689c510ab8b1e5420340f27014,202a712d9392527cbf2fe99525a42a1d45d01aca,analysis/frozen_I1_spatial.py,ring_profile,vit_small,mixup,hist,mad,legacy_e2_vit_small_nomixdir_baseline,border-ring,ring5_freq,0.0572,0.055408,0.059008,10000,uniform=0.084866 at this map's own mass,"image-level bootstrap, 10,000 resamples, seed 0 (D6)"
I1_spatial,evaluation,7fdf5f9f2ace98ef03a6267455daa1104b92b6689c510ab8b1e5420340f27014,202a712d9392527cbf2fe99525a42a1d45d01aca,analysis/frozen_I1_spatial.py,ring_profile,vit_small,mixup,hist,mad,legacy_e2_vit_small_nomixdir_baseline,border-ring,ring6_freq,0.066875,0.063825,0.069925,10000,uniform=0.084866 at this map's own mass,"image-level bootstrap, 10,000 resamples, seed 0 (D6)"
I1_spatial,evaluation,7fdf5f9f2ace98ef03a6267455daa1104b92b6689c510ab8b1e5420340f27014,202a712d9392527cbf2fe99525a42a1d45d01aca,analysis/frozen_I1_spatial.py,ring_ordering,vit_small,mixup,hist,mad,legacy_e2_vit_small_nomixdir_baseline,ring0_vs_ring1,ring1_minus_ring0,0.083378,0.081559,0.085166,10000,>0 = ring 1 carries more mass per position than ring 0,"the ring CIs and this contrast come from ONE resample of images, so they are mutually consistent"
I1_spatial,evaluation,7fdf5f9f2ace98ef03a6267455daa1104b92b6689c510ab8b1e5420340f27014,202a712d9392527cbf2fe99525a42a1d45d01aca,analysis/frozen_I1_spatial.py,concentration_excess,vit_small,mixup,hist,mad,legacy_e2_vit_small_nomixdir_baseline,finite-sample-null,gini_excess,0.242166,MISSING,MISSING,196,"null gini=0.018413 at mass=16.6338, 400 sims, seed 0",observed minus the finite-sample null — the only cross-member comparable form
I1_spatial,evaluation,7fdf5f9f2ace98ef03a6267455daa1104b92b6689c510ab8b1e5420340f27014,202a712d9392527cbf2fe99525a42a1d45d01aca,analysis/frozen_I1_spatial.py,ring_profile,vit_small,nomix,hist,mad,e2r_vits_nomix_baseline_s1,border-ring,ring0_freq,0.013171,0.012475,0.01391,10000,uniform=0.016582 at this map's own mass,"image-level bootstrap, 10,000 resamples, seed 0 (D6)"
I1_spatial,evaluation,7fdf5f9f2ace98ef03a6267455daa1104b92b6689c510ab8b1e5420340f27014,202a712d9392527cbf2fe99525a42a1d45d01aca,analysis/frozen_I1_spatial.py,ring_profile,vit_small,nomix,hist,mad,e2r_vits_nomix_baseline_s1,border-ring,ring1_freq,0.016077,0.015539,0.016625,10000,uniform=0.016582 at this map's own mass,"image-level bootstrap, 10,000 resamples, seed 0 (D6)"
I1_spatial,evaluation,7fdf5f9f2ace98ef03a6267455daa1104b92b6689c510ab8b1e5420340f27014,202a712d9392527cbf2fe99525a42a1d45d01aca,analysis/frozen_I1_spatial.py,ring_profile,vit_small,nomix,hist,mad,e2r_vits_nomix_baseline_s1,border-ring,ring2_freq,0.016667,0.016106,0.017247,10000,uniform=0.016582 at this map's own mass,"image-level bootstrap, 10,000 resamples, seed 0 (D6)"
I1_spatial,evaluation,7fdf5f9f2ace98ef03a6267455daa1104b92b6689c510ab8b1e5420340f27014,202a712d9392527cbf2fe99525a42a1d45d01aca,analysis/frozen_I1_spatial.py,ring_profile,vit_small,nomix,hist,mad,e2r_vits_nomix_baseline_s1,border-ring,ring3_freq,0.017857,0.0172,0.018504,10000,uniform=0.016582 at this map's own mass,"image-level bootstrap, 10,000 resamples, seed 0 (D6)"
I1_spatial,evaluation,7fdf5f9f2ace98ef03a6267455daa1104b92b6689c510ab8b1e5420340f27014,202a712d9392527cbf2fe99525a42a1d45d01aca,analysis/frozen_I1_spatial.py,ring_profile,vit_small,nomix,hist,mad,e2r_vits_nomix_baseline_s1,border-ring,ring4_freq,0.019805,0.018985,0.02063,10000,uniform=0.016582 at this map's own mass,"image-level bootstrap, 10,000 resamples, seed 0 (D6)"
I1_spatial,evaluation,7fdf5f9f2ace98ef03a6267455daa1104b92b6689c510ab8b1e5420340f27014,202a712d9392527cbf2fe99525a42a1d45d01aca,analysis/frozen_I1_spatial.py,ring_profile,vit_small,nomix,hist,mad,e2r_vits_nomix_baseline_s1,border-ring,ring5_freq,0.021617,0.0205,0.022725,10000,uniform=0.016582 at this map's own mass,"image-level bootstrap, 10,000 resamples, seed 0 (D6)"
I1_spatial,evaluation,7fdf5f9f2ace98ef03a6267455daa1104b92b6689c510ab8b1e5420340f27014,202a712d9392527cbf2fe99525a42a1d45d01aca,analysis/frozen_I1_spatial.py,ring_profile,vit_small,nomix,hist,mad,e2r_vits_nomix_baseline_s1,border-ring,ring6_freq,0.02555,0.023674,0.027475,10000,uniform=0.016582 at this map's own mass,"image-level bootstrap, 10,000 resamples, seed 0 (D6)"
I1_spatial,evaluation,7fdf5f9f2ace98ef03a6267455daa1104b92b6689c510ab8b1e5420340f27014,202a712d9392527cbf2fe99525a42a1d45d01aca,analysis/frozen_I1_spatial.py,ring_ordering,vit_small,nomix,hist,mad,e2r_vits_nomix_baseline_s1,ring0_vs_ring1,ring1_minus_ring0,0.002906,0.002117,0.003642,10000,>0 = ring 1 carries more mass per position than ring 0,"the ring CIs and this contrast come from ONE resample of images, so they are mutually consistent"
I1_spatial,evaluation,7fdf5f9f2ace98ef03a6267455daa1104b92b6689c510ab8b1e5420340f27014,202a712d9392527cbf2fe99525a42a1d45d01aca,analysis/frozen_I1_spatial.py,concentration_excess,vit_small,nomix,hist,mad,e2r_vits_nomix_baseline_s1,finite-sample-null,gini_excess,0.133444,MISSING,MISSING,196,"null gini=0.043280 at mass=3.2500, 400 sims, seed 0",observed minus the finite-sample null — the only cross-member comparable form
I1_spatial,evaluation,7fdf5f9f2ace98ef03a6267455daa1104b92b6689c510ab8b1e5420340f27014,202a712d9392527cbf2fe99525a42a1d45d01aca,analysis/frozen_I1_spatial.py,ring_profile,vit_small,nomix,hist,mad,e2r_vits_nomix_baseline_s2,border-ring,ring0_freq,0.009873,0.00941,0.010348,10000,uniform=0.014686 at this map's own mass,"image-level bootstrap, 10,000 resamples, seed 0 (D6)"
I1_spatial,evaluation,7fdf5f9f2ace98ef03a6267455daa1104b92b6689c510ab8b1e5420340f27014,202a712d9392527cbf2fe99525a42a1d45d01aca,analysis/frozen_I1_spatial.py,ring_profile,vit_small,nomix,hist,mad,e2r_vits_nomix_baseline_s2,border-ring,ring1_freq,0.016618,0.016086,0.017164,10000,uniform=0.014686 at this map's own mass,"image-level bootstrap, 10,000 resamples, seed 0 (D6)"
I1_spatial,evaluation,7fdf5f9f2ace98ef03a6267455daa1104b92b6689c510ab8b1e5420340f27014,202a712d9392527cbf2fe99525a42a1d45d01aca,analysis/frozen_I1_spatial.py,ring_profile,vit_small,nomix,hist,mad,e2r_vits_nomix_baseline_s2,border-ring,ring2_freq,0.015919,0.015364,0.016483,10000,uniform=0.014686 at this map's own mass,"image-level bootstrap, 10,000 resamples, seed 0 (D6)"
I1_spatial,evaluation,7fdf5f9f2ace98ef03a6267455daa1104b92b6689c510ab8b1e5420340f27014,202a712d9392527cbf2fe99525a42a1d45d01aca,analysis/frozen_I1_spatial.py,ring_profile,vit_small,nomix,hist,mad,e2r_vits_nomix_baseline_s2,border-ring,ring3_freq,0.015489,0.014868,0.016121,10000,uniform=0.014686 at this map's own mass,"image-level bootstrap, 10,000 resamples, seed 0 (D6)"
I1_spatial,evaluation,7fdf5f9f2ace98ef03a6267455daa1104b92b6689c510ab8b1e5420340f27014,202a712d9392527cbf2fe99525a42a1d45d01aca,analysis/frozen_I1_spatial.py,ring_profile,vit_small,nomix,hist,mad,e2r_vits_nomix_baseline_s2,border-ring,ring4_freq,0.01691,0.01614,0.017705,10000,uniform=0.014686 at this map's own mass,"image-level bootstrap, 10,000 resamples, seed 0 (D6)"
I1_spatial,evaluation,7fdf5f9f2ace98ef03a6267455daa1104b92b6689c510ab8b1e5420340f27014,202a712d9392527cbf2fe99525a42a1d45d01aca,analysis/frozen_I1_spatial.py,ring_profile,vit_small,nomix,hist,mad,e2r_vits_nomix_baseline_s2,border-ring,ring5_freq,0.017375,0.0164,0.018358,10000,uniform=0.014686 at this map's own mass,"image-level bootstrap, 10,000 resamples, seed 0 (D6)"
I1_spatial,evaluation,7fdf5f9f2ace98ef03a6267455daa1104b92b6689c510ab8b1e5420340f27014,202a712d9392527cbf2fe99525a42a1d45d01aca,analysis/frozen_I1_spatial.py,ring_profile,vit_small,nomix,hist,mad,e2r_vits_nomix_baseline_s2,border-ring,ring6_freq,0.0201,0.018425,0.021775,10000,uniform=0.014686 at this map's own mass,"image-level bootstrap, 10,000 resamples, seed 0 (D6)"
I1_spatial,evaluation,7fdf5f9f2ace98ef03a6267455daa1104b92b6689c510ab8b1e5420340f27014,202a712d9392527cbf2fe99525a42a1d45d01aca,analysis/frozen_I1_spatial.py,ring_ordering,vit_small,nomix,hist,mad,e2r_vits_nomix_baseline_s2,ring0_vs_ring1,ring1_minus_ring0,0.006745,0.006161,0.007327,10000,>0 = ring 1 carries more mass per position than ring 0,"the ring CIs and this contrast come from ONE resample of images, so they are mutually consistent"
I1_spatial,evaluation,7fdf5f9f2ace98ef03a6267455daa1104b92b6689c510ab8b1e5420340f27014,202a712d9392527cbf2fe99525a42a1d45d01aca,analysis/frozen_I1_spatial.py,concentration_excess,vit_small,nomix,hist,mad,e2r_vits_nomix_baseline_s2,finite-sample-null,gini_excess,0.14061,MISSING,MISSING,196,"null gini=0.045999 at mass=2.8785, 400 sims, seed 0",observed minus the finite-sample null — the only cross-member comparable form
