run_id,group,image_id,metric,value
e2r_vitb_mixup_baseline_s1,boxes20,000000003553,box_area_frac,0.6212631537
e2r_vitb_mixup_baseline_s1,boxes20,000000003553,inbox_mass,0.5950871359
e2r_vitb_mixup_baseline_s1,boxes20,000000003553,pointing_hit,1
e2r_vitb_mixup_baseline_s1,boxes20,000000007108,box_area_frac,0.9992401746
e2r_vitb_mixup_baseline_s1,boxes20,000000007108,inbox_mass,0.9999988167
e2r_vitb_mixup_baseline_s1,boxes20,000000007108,pointing_hit,1
e2r_vitb_mixup_baseline_s1,boxes20,000000047121,box_area_frac,0.8424147003
e2r_vitb_mixup_baseline_s1,boxes20,000000047121,inbox_mass,0.7457445957
e2r_vitb_mixup_baseline_s1,boxes20,000000047121,pointing_hit,1
e2r_vitb_mixup_baseline_s1,boxes20,000000106563,box_area_frac,0.0280213648
e2r_vitb_mixup_baseline_s1,boxes20,000000106563,inbox_mass,0.0003707602232
e2r_vitb_mixup_baseline_s1,boxes20,000000106563,pointing_hit,0
e2r_vitb_mixup_baseline_s1,boxes20,000000118405,box_area_frac,0.002400300941
e2r_vitb_mixup_baseline_s1,boxes20,000000118405,inbox_mass,2.267064385e-05
e2r_vitb_mixup_baseline_s1,boxes20,000000118405,pointing_hit,0
e2r_vitb_mixup_baseline_s1,boxes20,000000144932,box_area_frac,0.009634835379
e2r_vitb_mixup_baseline_s1,boxes20,000000144932,inbox_mass,0.01462700807
e2r_vitb_mixup_baseline_s1,boxes20,000000144932,pointing_hit,0
e2r_vitb_mixup_baseline_s1,boxes20,000000210855,box_area_frac,0.0969786352
e2r_vitb_mixup_baseline_s1,boxes20,000000210855,inbox_mass,0.0112326055
e2r_vitb_mixup_baseline_s1,boxes20,000000210855,pointing_hit,0
e2r_vitb_mixup_baseline_s1,boxes20,000000235857,box_area_frac,0.6055646624
e2r_vitb_mixup_baseline_s1,boxes20,000000235857,inbox_mass,0.2923272486
e2r_vitb_mixup_baseline_s1,boxes20,000000235857,pointing_hit,0
e2r_vitb_mixup_baseline_s1,boxes20,000000281687,box_area_frac,0.5047395667
e2r_vitb_mixup_baseline_s1,boxes20,000000281687,inbox_mass,0.2482568642
e2r_vitb_mixup_baseline_s1,boxes20,000000281687,pointing_hit,0
e2r_vitb_mixup_baseline_s1,boxes20,000000307172,box_area_frac,0.9637451172
e2r_vitb_mixup_baseline_s1,boxes20,000000307172,inbox_mass,0.9707843237
e2r_vitb_mixup_baseline_s1,boxes20,000000307172,pointing_hit,1
e2r_vitb_mixup_baseline_s1,boxes20,000000359833,box_area_frac,0.7600807657
e2r_vitb_mixup_baseline_s1,boxes20,000000359833,inbox_mass,0.7747530103
e2r_vitb_mixup_baseline_s1,boxes20,000000359833,pointing_hit,1
e2r_vitb_mixup_baseline_s1,boxes20,000000369675,box_area_frac,0.8303571429
e2r_vitb_mixup_baseline_s1,boxes20,000000369675,inbox_mass,0.9336869854
e2r_vitb_mixup_baseline_s1,boxes20,000000369675,pointing_hit,1
e2r_vitb_mixup_baseline_s1,boxes20,000000419312,box_area_frac,1
e2r_vitb_mixup_baseline_s1,boxes20,000000419312,inbox_mass,1
e2r_vitb_mixup_baseline_s1,boxes20,000000419312,pointing_hit,1
e2r_vitb_mixup_baseline_s1,boxes20,000000466567,box_area_frac,0.3389606087
e2r_vitb_mixup_baseline_s1,boxes20,000000466567,inbox_mass,0.354343122
e2r_vitb_mixup_baseline_s1,boxes20,000000466567,pointing_hit,0
e2r_vitb_mixup_baseline_s1,boxes20,000000496597,box_area_frac,0.007969447545
e2r_vitb_mixup_baseline_s1,boxes20,000000496597,inbox_mass,0.008100671986
e2r_vitb_mixup_baseline_s1,boxes20,000000496597,pointing_hit,0
e2r_vitb_mixup_baseline_s1,boxes20,000000509656,box_area_frac,0.5623206314
e2r_vitb_mixup_baseline_s1,boxes20,000000509656,inbox_mass,0.6184072578
e2r_vitb_mixup_baseline_s1,boxes20,000000509656,pointing_hit,0
e2r_vitb_mixup_baseline_s1,boxes20,000000533855,box_area_frac,0.2388044085
e2r_vitb_mixup_baseline_s1,boxes20,000000533855,inbox_mass,0.2974146439
e2r_vitb_mixup_baseline_s1,boxes20,000000533855,pointing_hit,0
e2r_vitb_mixup_baseline_s1,boxes20,000000535858,box_area_frac,0.04809445751
e2r_vitb_mixup_baseline_s1,boxes20,000000535858,inbox_mass,0.05003800301
e2r_vitb_mixup_baseline_s1,boxes20,000000535858,pointing_hit,0
e2r_vitb_mixup_baseline_s1,boxes20,000000545594,box_area_frac,0.647271604
e2r_vitb_mixup_baseline_s1,boxes20,000000545594,inbox_mass,0.3648372224
e2r_vitb_mixup_baseline_s1,boxes20,000000545594,pointing_hit,0
e2r_vitb_mixup_baseline_s1,boxes20,000000552883,box_area_frac,0.008250956633
e2r_vitb_mixup_baseline_s1,boxes20,000000552883,inbox_mass,0.0004908431765
e2r_vitb_mixup_baseline_s1,boxes20,000000552883,pointing_hit,0
e2r_vitb_mixup_baseline_s1,random200,n01440764/ILSVRC2012_val_00039905_n01440764,attn_entropy_bits,4.66161076
e2r_vitb_mixup_baseline_s1,random200,n01440764/ILSVRC2012_val_00039905_n01440764,ring1_mass,0.5408094326
e2r_vitb_mixup_baseline_s1,random200,n01440764/ILSVRC2012_val_00039905_n01440764,uniform_ring1_mass,0.2244897959
e2r_vitb_mixup_baseline_s1,random200,n01443537/ILSVRC2012_val_00012880_n01443537,attn_entropy_bits,5.069105952
e2r_vitb_mixup_baseline_s1,random200,n01443537/ILSVRC2012_val_00012880_n01443537,ring1_mass,0.5560364038
e2r_vitb_mixup_baseline_s1,random200,n01443537/ILSVRC2012_val_00012880_n01443537,uniform_ring1_mass,0.2244897959
e2r_vitb_mixup_baseline_s1,random200,n01484850/ILSVRC2012_val_00016168_n01484850,attn_entropy_bits,4.314968489
e2r_vitb_mixup_baseline_s1,random200,n01484850/ILSVRC2012_val_00016168_n01484850,ring1_mass,0.5001854585
e2r_vitb_mixup_baseline_s1,random200,n01484850/ILSVRC2012_val_00016168_n01484850,uniform_ring1_mass,0.2244897959
e2r_vitb_mixup_baseline_s1,random200,n01496331/ILSVRC2012_val_00005432_n01496331,attn_entropy_bits,4.946610761
e2r_vitb_mixup_baseline_s1,random200,n01496331/ILSVRC2012_val_00005432_n01496331,ring1_mass,0.6524594527
e2r_vitb_mixup_baseline_s1,random200,n01496331/ILSVRC2012_val_00005432_n01496331,uniform_ring1_mass,0.2244897959
e2r_vitb_mixup_baseline_s1,random200,n01514859/ILSVRC2012_val_00042568_n01514859,attn_entropy_bits,4.097968562
e2r_vitb_mixup_baseline_s1,random200,n01514859/ILSVRC2012_val_00042568_n01514859,ring1_mass,0.3962846822
e2r_vitb_mixup_baseline_s1,random200,n01514859/ILSVRC2012_val_00042568_n01514859,uniform_ring1_mass,0.2244897959
e2r_vitb_mixup_baseline_s1,random200,n01530575/ILSVRC2012_val_00004006_n01530575,attn_entropy_bits,4.588357428
e2r_vitb_mixup_baseline_s1,random200,n01530575/ILSVRC2012_val_00004006_n01530575,ring1_mass,0.2592942837
e2r_vitb_mixup_baseline_s1,random200,n01530575/ILSVRC2012_val_00004006_n01530575,uniform_ring1_mass,0.2244897959
e2r_vitb_mixup_baseline_s1,random200,n01616318/ILSVRC2012_val_00045589_n01616318,attn_entropy_bits,4.644594111
e2r_vitb_mixup_baseline_s1,random200,n01616318/ILSVRC2012_val_00045589_n01616318,ring1_mass,0.4361808638
e2r_vitb_mixup_baseline_s1,random200,n01616318/ILSVRC2012_val_00045589_n01616318,uniform_ring1_mass,0.2244897959
e2r_vitb_mixup_baseline_s1,random200,n01622779/ILSVRC2012_val_00032875_n01622779,attn_entropy_bits,4.989788488
e2r_vitb_mixup_baseline_s1,random200,n01622779/ILSVRC2012_val_00032875_n01622779,ring1_mass,0.2914513602
e2r_vitb_mixup_baseline_s1,random200,n01622779/ILSVRC2012_val_00032875_n01622779,uniform_ring1_mass,0.2244897959
e2r_vitb_mixup_baseline_s1,random200,n01629819/ILSVRC2012_val_00048463_n01629819,attn_entropy_bits,5.437303984
e2r_vitb_mixup_baseline_s1,random200,n01629819/ILSVRC2012_val_00048463_n01629819,ring1_mass,0.3119655807
e2r_vitb_mixup_baseline_s1,random200,n01629819/ILSVRC2012_val_00048463_n01629819,uniform_ring1_mass,0.2244897959
e2r_vitb_mixup_baseline_s1,random200,n01641577/ILSVRC2012_val_00030342_n01641577,attn_entropy_bits,4.752038239
e2r_vitb_mixup_baseline_s1,random200,n01641577/ILSVRC2012_val_00030342_n01641577,ring1_mass,0.2228031688
e2r_vitb_mixup_baseline_s1,random200,n01641577/ILSVRC2012_val_00030342_n01641577,uniform_ring1_mass,0.2244897959
e2r_vitb_mixup_baseline_s1,random200,n01665541/ILSVRC2012_val_00000938_n01665541,attn_entropy_bits,5.329608786
e2r_vitb_mixup_baseline_s1,random200,n01665541/ILSVRC2012_val_00000938_n01665541,ring1_mass,0.3807966046
e2r_vitb_mixup_baseline_s1,random200,n01665541/ILSVRC2012_val_00000938_n01665541,uniform_ring1_mass,0.2244897959
e2r_vitb_mixup_baseline_s1,random200,n01667778/ILSVRC2012_val_00031774_n01667778,attn_entropy_bits,5.403419153
e2r_vitb_mixup_baseline_s1,random200,n01667778/ILSVRC2012_val_00031774_n01667778,ring1_mass,0.3933413816
e2r_vitb_mixup_baseline_s1,random200,n01667778/ILSVRC2012_val_00031774_n01667778,uniform_ring1_mass,0.2244897959
e2r_vitb_mixup_baseline_s1,random200,n01675722/ILSVRC2012_val_00005647_n01675722,attn_entropy_bits,4.48424729
e2r_vitb_mixup_baseline_s1,random200,n01675722/ILSVRC2012_val_00005647_n01675722,ring1_mass,0.6157384487
e2r_vitb_mixup_baseline_s1,random200,n01675722/ILSVRC2012_val_00005647_n01675722,uniform_ring1_mass,0.2244897959
e2r_vitb_mixup_baseline_s1,random200,n01687978/ILSVRC2012_val_00038998_n01687978,attn_entropy_bits,5.10473409
e2r_vitb_mixup_baseline_s1,random200,n01687978/ILSVRC2012_val_00038998_n01687978,ring1_mass,0.4466890075
e2r_vitb_mixup_baseline_s1,random200,n01687978/ILSVRC2012_val_00038998_n01687978,uniform_ring1_mass,0.2244897959
e2r_vitb_mixup_baseline_s1,random200,n01773549/ILSVRC2012_val_00012895_n01773549,attn_entropy_bits,4.978889044
e2r_vitb_mixup_baseline_s1,random200,n01773549/ILSVRC2012_val_00012895_n01773549,ring1_mass,0.4806293554
e2r_vitb_mixup_baseline_s1,random200,n01773549/ILSVRC2012_val_00012895_n01773549,uniform_ring1_mass,0.2244897959
e2r_vitb_mixup_baseline_s1,random200,n01774384/ILSVRC2012_val_00006437_n01774384,attn_entropy_bits,5.048941456
e2r_vitb_mixup_baseline_s1,random200,n01774384/ILSVRC2012_val_00006437_n01774384,ring1_mass,0.3328793314
e2r_vitb_mixup_baseline_s1,random200,n01774384/ILSVRC2012_val_00006437_n01774384,uniform_ring1_mass,0.2244897959
e2r_vitb_mixup_baseline_s1,random200,n01784675/ILSVRC2012_val_00019211_n01784675,attn_entropy_bits,4.556787793
e2r_vitb_mixup_baseline_s1,random200,n01784675/ILSVRC2012_val_00019211_n01784675,ring1_mass,0.4472168819
e2r_vitb_mixup_baseline_s1,random200,n01784675/ILSVRC2012_val_00019211_n01784675,uniform_ring1_mass,0.2244897959
e2r_vitb_mixup_baseline_s1,random200,n01806143/ILSVRC2012_val_00011943_n01806143,attn_entropy_bits,4.328974352
e2r_vitb_mixup_baseline_s1,random200,n01806143/ILSVRC2012_val_00011943_n01806143,ring1_mass,0.6343985236
e2r_vitb_mixup_baseline_s1,random200,n01806143/ILSVRC2012_val_00011943_n01806143,uniform_ring1_mass,0.2244897959
e2r_vitb_mixup_baseline_s1,random200,n01807496/ILSVRC2012_val_00009226_n01807496,attn_entropy_bits,5.264121197
e2r_vitb_mixup_baseline_s1,random200,n01807496/ILSVRC2012_val_00009226_n01807496,ring1_mass,0.5221971492
e2r_vitb_mixup_baseline_s1,random200,n01807496/ILSVRC2012_val_00009226_n01807496,uniform_ring1_mass,0.2244897959
e2r_vitb_mixup_baseline_s1,random200,n01828970/ILSVRC2012_val_00035127_n01828970,attn_entropy_bits,4.961676552
e2r_vitb_mixup_baseline_s1,random200,n01828970/ILSVRC2012_val_00035127_n01828970,ring1_mass,0.5616648323
e2r_vitb_mixup_baseline_s1,random200,n01828970/ILSVRC2012_val_00035127_n01828970,uniform_ring1_mass,0.2244897959
e2r_vitb_mixup_baseline_s1,random200,n01843065/ILSVRC2012_val_00044268_n01843065,attn_entropy_bits,4.548181477
e2r_vitb_mixup_baseline_s1,random200,n01843065/ILSVRC2012_val_00044268_n01843065,ring1_mass,0.579294752
e2r_vitb_mixup_baseline_s1,random200,n01843065/ILSVRC2012_val_00044268_n01843065,uniform_ring1_mass,0.2244897959
e2r_vitb_mixup_baseline_s1,random200,n01843383/ILSVRC2012_val_00049093_n01843383,attn_entropy_bits,4.230449513
e2r_vitb_mixup_baseline_s1,random200,n01843383/ILSVRC2012_val_00049093_n01843383,ring1_mass,0.5406837342
e2r_vitb_mixup_baseline_s1,random200,n01843383/ILSVRC2012_val_00049093_n01843383,uniform_ring1_mass,0.2244897959
e2r_vitb_mixup_baseline_s1,random200,n01873310/ILSVRC2012_val_00022384_n01873310,attn_entropy_bits,4.398607172
e2r_vitb_mixup_baseline_s1,random200,n01873310/ILSVRC2012_val_00022384_n01873310,ring1_mass,0.5242153934
e2r_vitb_mixup_baseline_s1,random200,n01873310/ILSVRC2012_val_00022384_n01873310,uniform_ring1_mass,0.2244897959
e2r_vitb_mixup_baseline_s1,random200,n01914609/ILSVRC2012_val_00037668_n01914609,attn_entropy_bits,5.176672875
e2r_vitb_mixup_baseline_s1,random200,n01914609/ILSVRC2012_val_00037668_n01914609,ring1_mass,0.3774571621
e2r_vitb_mixup_baseline_s1,random200,n01914609/ILSVRC2012_val_00037668_n01914609,uniform_ring1_mass,0.2244897959
e2r_vitb_mixup_baseline_s1,random200,n01943899/ILSVRC2012_val_00038299_n01943899,attn_entropy_bits,5.029248324
e2r_vitb_mixup_baseline_s1,random200,n01943899/ILSVRC2012_val_00038299_n01943899,ring1_mass,0.6159071996
e2r_vitb_mixup_baseline_s1,random200,n01943899/ILSVRC2012_val_00038299_n01943899,uniform_ring1_mass,0.2244897959
e2r_vitb_mixup_baseline_s1,random200,n01945685/ILSVRC2012_val_00047674_n01945685,attn_entropy_bits,4.198677579
e2r_vitb_mixup_baseline_s1,random200,n01945685/ILSVRC2012_val_00047674_n01945685,ring1_mass,0.412062568
e2r_vitb_mixup_baseline_s1,random200,n01945685/ILSVRC2012_val_00047674_n01945685,uniform_ring1_mass,0.2244897959
e2r_vitb_mixup_baseline_s1,random200,n01978455/ILSVRC2012_val_00047476_n01978455,attn_entropy_bits,4.672891915
e2r_vitb_mixup_baseline_s1,random200,n01978455/ILSVRC2012_val_00047476_n01978455,ring1_mass,0.4292277434
e2r_vitb_mixup_baseline_s1,random200,n01978455/ILSVRC2012_val_00047476_n01978455,uniform_ring1_mass,0.2244897959
e2r_vitb_mixup_baseline_s1,random200,n01983481/ILSVRC2012_val_00039303_n01983481,attn_entropy_bits,4.33726791
e2r_vitb_mixup_baseline_s1,random200,n01983481/ILSVRC2012_val_00039303_n01983481,ring1_mass,0.7460892195
e2r_vitb_mixup_baseline_s1,random200,n01983481/ILSVRC2012_val_00039303_n01983481,uniform_ring1_mass,0.2244897959
e2r_vitb_mixup_baseline_s1,random200,n01984695/ILSVRC2012_val_00008156_n01984695,attn_entropy_bits,5.35027288
e2r_vitb_mixup_baseline_s1,random200,n01984695/ILSVRC2012_val_00008156_n01984695,ring1_mass,0.308925191
e2r_vitb_mixup_baseline_s1,random200,n01984695/ILSVRC2012_val_00008156_n01984695,uniform_ring1_mass,0.2244897959
e2r_vitb_mixup_baseline_s1,random200,n02002556/ILSVRC2012_val_00026760_n02002556,attn_entropy_bits,5.451424304
e2r_vitb_mixup_baseline_s1,random200,n02002556/ILSVRC2012_val_00026760_n02002556,ring1_mass,0.3861589119
e2r_vitb_mixup_baseline_s1,random200,n02002556/ILSVRC2012_val_00026760_n02002556,uniform_ring1_mass,0.2244897959
e2r_vitb_mixup_baseline_s1,random200,n02002724/ILSVRC2012_val_00017388_n02002724,attn_entropy_bits,4.849117137
e2r_vitb_mixup_baseline_s1,random200,n02002724/ILSVRC2012_val_00017388_n02002724,ring1_mass,0.4247448356
e2r_vitb_mixup_baseline_s1,random200,n02002724/ILSVRC2012_val_00017388_n02002724,uniform_ring1_mass,0.2244897959
e2r_vitb_mixup_baseline_s1,random200,n02006656/ILSVRC2012_val_00022418_n02006656,attn_entropy_bits,4.965799753
e2r_vitb_mixup_baseline_s1,random200,n02006656/ILSVRC2012_val_00022418_n02006656,ring1_mass,0.5787184856
e2r_vitb_mixup_baseline_s1,random200,n02006656/ILSVRC2012_val_00022418_n02006656,uniform_ring1_mass,0.2244897959
e2r_vitb_mixup_baseline_s1,random200,n02007558/ILSVRC2012_val_00037990_n02007558,attn_entropy_bits,5.492962894
e2r_vitb_mixup_baseline_s1,random200,n02007558/ILSVRC2012_val_00037990_n02007558,ring1_mass,0.3035995306
e2r_vitb_mixup_baseline_s1,random200,n02007558/ILSVRC2012_val_00037990_n02007558,uniform_ring1_mass,0.2244897959
e2r_vitb_mixup_baseline_s1,random200,n02012849/ILSVRC2012_val_00036873_n02012849,attn_entropy_bits,4.779122719
e2r_vitb_mixup_baseline_s1,random200,n02012849/ILSVRC2012_val_00036873_n02012849,ring1_mass,0.3133224253
e2r_vitb_mixup_baseline_s1,random200,n02012849/ILSVRC2012_val_00036873_n02012849,uniform_ring1_mass,0.2244897959
e2r_vitb_mixup_baseline_s1,random200,n02025239/ILSVRC2012_val_00043769_n02025239,attn_entropy_bits,5.176711857
e2r_vitb_mixup_baseline_s1,random200,n02025239/ILSVRC2012_val_00043769_n02025239,ring1_mass,0.5462644298
e2r_vitb_mixup_baseline_s1,random200,n02025239/ILSVRC2012_val_00043769_n02025239,uniform_ring1_mass,0.2244897959
e2r_vitb_mixup_baseline_s1,random200,n02028035/ILSVRC2012_val_00047784_n02028035,attn_entropy_bits,5.049933298
e2r_vitb_mixup_baseline_s1,random200,n02028035/ILSVRC2012_val_00047784_n02028035,ring1_mass,0.6792717491
e2r_vitb_mixup_baseline_s1,random200,n02028035/ILSVRC2012_val_00047784_n02028035,uniform_ring1_mass,0.2244897959
e2r_vitb_mixup_baseline_s1,random200,n02058221/ILSVRC2012_val_00026949_n02058221,attn_entropy_bits,5.098192824
e2r_vitb_mixup_baseline_s1,random200,n02058221/ILSVRC2012_val_00026949_n02058221,ring1_mass,0.1946760955
e2r_vitb_mixup_baseline_s1,random200,n02058221/ILSVRC2012_val_00026949_n02058221,uniform_ring1_mass,0.2244897959
e2r_vitb_mixup_baseline_s1,random200,n02085620/ILSVRC2012_val_00018882_n02085620,attn_entropy_bits,4.220329681
e2r_vitb_mixup_baseline_s1,random200,n02085620/ILSVRC2012_val_00018882_n02085620,ring1_mass,0.3955550232
e2r_vitb_mixup_baseline_s1,random200,n02085620/ILSVRC2012_val_00018882_n02085620,uniform_ring1_mass,0.2244897959
e2r_vitb_mixup_baseline_s1,random200,n02088364/ILSVRC2012_val_00032527_n02088364,attn_entropy_bits,3.917972552
e2r_vitb_mixup_baseline_s1,random200,n02088364/ILSVRC2012_val_00032527_n02088364,ring1_mass,0.6191734211
e2r_vitb_mixup_baseline_s1,random200,n02088364/ILSVRC2012_val_00032527_n02088364,uniform_ring1_mass,0.2244897959
e2r_vitb_mixup_baseline_s1,random200,n02088466/ILSVRC2012_val_00036523_n02088466,attn_entropy_bits,4.729281945
e2r_vitb_mixup_baseline_s1,random200,n02088466/ILSVRC2012_val_00036523_n02088466,ring1_mass,0.2949525061
e2r_vitb_mixup_baseline_s1,random200,n02088466/ILSVRC2012_val_00036523_n02088466,uniform_ring1_mass,0.2244897959
e2r_vitb_mixup_baseline_s1,random200,n02089973/ILSVRC2012_val_00043580_n02089973,attn_entropy_bits,5.115418576
e2r_vitb_mixup_baseline_s1,random200,n02089973/ILSVRC2012_val_00043580_n02089973,ring1_mass,0.3187730173
e2r_vitb_mixup_baseline_s1,random200,n02089973/ILSVRC2012_val_00043580_n02089973,uniform_ring1_mass,0.2244897959
e2r_vitb_mixup_baseline_s1,random200,n02090379/ILSVRC2012_val_00039022_n02090379,attn_entropy_bits,4.196949327
e2r_vitb_mixup_baseline_s1,random200,n02090379/ILSVRC2012_val_00039022_n02090379,ring1_mass,0.05423604301
e2r_vitb_mixup_baseline_s1,random200,n02090379/ILSVRC2012_val_00039022_n02090379,uniform_ring1_mass,0.2244897959
e2r_vitb_mixup_baseline_s1,random200,n02090622/ILSVRC2012_val_00003164_n02090622,attn_entropy_bits,4.340917796
e2r_vitb_mixup_baseline_s1,random200,n02090622/ILSVRC2012_val_00003164_n02090622,ring1_mass,0.4668933966
e2r_vitb_mixup_baseline_s1,random200,n02090622/ILSVRC2012_val_00003164_n02090622,uniform_ring1_mass,0.2244897959
e2r_vitb_mixup_baseline_s1,random200,n02091467/ILSVRC2012_val_00027213_n02091467,attn_entropy_bits,4.226119008
e2r_vitb_mixup_baseline_s1,random200,n02091467/ILSVRC2012_val_00027213_n02091467,ring1_mass,0.5434111107
e2r_vitb_mixup_baseline_s1,random200,n02091467/ILSVRC2012_val_00027213_n02091467,uniform_ring1_mass,0.2244897959
e2r_vitb_mixup_baseline_s1,random200,n02093647/ILSVRC2012_val_00003269_n02093647,attn_entropy_bits,4.526728892
e2r_vitb_mixup_baseline_s1,random200,n02093647/ILSVRC2012_val_00003269_n02093647,ring1_mass,0.7145573351
e2r_vitb_mixup_baseline_s1,random200,n02093647/ILSVRC2012_val_00003269_n02093647,uniform_ring1_mass,0.2244897959
e2r_vitb_mixup_baseline_s1,random200,n02094258/ILSVRC2012_val_00009009_n02094258,attn_entropy_bits,4.204442191
e2r_vitb_mixup_baseline_s1,random200,n02094258/ILSVRC2012_val_00009009_n02094258,ring1_mass,0.2291144546
e2r_vitb_mixup_baseline_s1,random200,n02094258/ILSVRC2012_val_00009009_n02094258,uniform_ring1_mass,0.2244897959
e2r_vitb_mixup_baseline_s1,random200,n02096437/ILSVRC2012_val_00001028_n02096437,attn_entropy_bits,3.7797289
e2r_vitb_mixup_baseline_s1,random200,n02096437/ILSVRC2012_val_00001028_n02096437,ring1_mass,0.5167274471
e2r_vitb_mixup_baseline_s1,random200,n02096437/ILSVRC2012_val_00001028_n02096437,uniform_ring1_mass,0.2244897959
e2r_vitb_mixup_baseline_s1,random200,n02099712/ILSVRC2012_val_00008346_n02099712,attn_entropy_bits,4.456448594
e2r_vitb_mixup_baseline_s1,random200,n02099712/ILSVRC2012_val_00008346_n02099712,ring1_mass,0.1802739151
e2r_vitb_mixup_baseline_s1,random200,n02099712/ILSVRC2012_val_00008346_n02099712,uniform_ring1_mass,0.2244897959
e2r_vitb_mixup_baseline_s1,random200,n02100583/ILSVRC2012_val_00040937_n02100583,attn_entropy_bits,5.552102006
e2r_vitb_mixup_baseline_s1,random200,n02100583/ILSVRC2012_val_00040937_n02100583,ring1_mass,0.2000749067
e2r_vitb_mixup_baseline_s1,random200,n02100583/ILSVRC2012_val_00040937_n02100583,uniform_ring1_mass,0.2244897959
e2r_vitb_mixup_baseline_s1,random200,n02100735/ILSVRC2012_val_00011024_n02100735,attn_entropy_bits,4.162017564
e2r_vitb_mixup_baseline_s1,random200,n02100735/ILSVRC2012_val_00011024_n02100735,ring1_mass,0.6274636992
e2r_vitb_mixup_baseline_s1,random200,n02100735/ILSVRC2012_val_00011024_n02100735,uniform_ring1_mass,0.2244897959
e2r_vitb_mixup_baseline_s1,random200,n02105056/ILSVRC2012_val_00007903_n02105056,attn_entropy_bits,4.72851664
e2r_vitb_mixup_baseline_s1,random200,n02105056/ILSVRC2012_val_00007903_n02105056,ring1_mass,0.543708978
e2r_vitb_mixup_baseline_s1,random200,n02105056/ILSVRC2012_val_00007903_n02105056,uniform_ring1_mass,0.2244897959
e2r_vitb_mixup_baseline_s1,random200,n02106662/ILSVRC2012_val_00018107_n02106662,attn_entropy_bits,4.71438576
e2r_vitb_mixup_baseline_s1,random200,n02106662/ILSVRC2012_val_00018107_n02106662,ring1_mass,0.2658344488
e2r_vitb_mixup_baseline_s1,random200,n02106662/ILSVRC2012_val_00018107_n02106662,uniform_ring1_mass,0.2244897959
e2r_vitb_mixup_baseline_s1,random200,n02107908/ILSVRC2012_val_00045618_n02107908,attn_entropy_bits,4.585834484
e2r_vitb_mixup_baseline_s1,random200,n02107908/ILSVRC2012_val_00045618_n02107908,ring1_mass,0.3010896736
e2r_vitb_mixup_baseline_s1,random200,n02107908/ILSVRC2012_val_00045618_n02107908,uniform_ring1_mass,0.2244897959
e2r_vitb_mixup_baseline_s1,random200,n02111889/ILSVRC2012_val_00028695_n02111889,attn_entropy_bits,4.093456613
e2r_vitb_mixup_baseline_s1,random200,n02111889/ILSVRC2012_val_00028695_n02111889,ring1_mass,0.4462242342
e2r_vitb_mixup_baseline_s1,random200,n02111889/ILSVRC2012_val_00028695_n02111889,uniform_ring1_mass,0.2244897959
e2r_vitb_mixup_baseline_s1,random200,n02112350/ILSVRC2012_val_00013160_n02112350,attn_entropy_bits,4.680702534
e2r_vitb_mixup_baseline_s1,random200,n02112350/ILSVRC2012_val_00013160_n02112350,ring1_mass,0.5260848026
e2r_vitb_mixup_baseline_s1,random200,n02112350/ILSVRC2012_val_00013160_n02112350,uniform_ring1_mass,0.2244897959
e2r_vitb_mixup_baseline_s1,random200,n02113799/ILSVRC2012_val_00000800_n02113799,attn_entropy_bits,4.411907073
e2r_vitb_mixup_baseline_s1,random200,n02113799/ILSVRC2012_val_00000800_n02113799,ring1_mass,0.1929105978
e2r_vitb_mixup_baseline_s1,random200,n02113799/ILSVRC2012_val_00000800_n02113799,uniform_ring1_mass,0.2244897959
e2r_vitb_mixup_baseline_s1,random200,n02114367/ILSVRC2012_val_00017311_n02114367,attn_entropy_bits,4.507940774
e2r_vitb_mixup_baseline_s1,random200,n02114367/ILSVRC2012_val_00017311_n02114367,ring1_mass,0.3897295752
e2r_vitb_mixup_baseline_s1,random200,n02114367/ILSVRC2012_val_00017311_n02114367,uniform_ring1_mass,0.2244897959
e2r_vitb_mixup_baseline_s1,random200,n02117135/ILSVRC2012_val_00000983_n02117135,attn_entropy_bits,5.194389587
e2r_vitb_mixup_baseline_s1,random200,n02117135/ILSVRC2012_val_00000983_n02117135,ring1_mass,0.1903063345
e2r_vitb_mixup_baseline_s1,random200,n02117135/ILSVRC2012_val_00000983_n02117135,uniform_ring1_mass,0.2244897959
e2r_vitb_mixup_baseline_s1,random200,n02125311/ILSVRC2012_val_00039595_n02125311,attn_entropy_bits,4.443584192
e2r_vitb_mixup_baseline_s1,random200,n02125311/ILSVRC2012_val_00039595_n02125311,ring1_mass,0.4474364359
e2r_vitb_mixup_baseline_s1,random200,n02125311/ILSVRC2012_val_00039595_n02125311,uniform_ring1_mass,0.2244897959
e2r_vitb_mixup_baseline_s1,random200,n02133161/ILSVRC2012_val_00046668_n02133161,attn_entropy_bits,5.573446791
e2r_vitb_mixup_baseline_s1,random200,n02133161/ILSVRC2012_val_00046668_n02133161,ring1_mass,0.3044221665
e2r_vitb_mixup_baseline_s1,random200,n02133161/ILSVRC2012_val_00046668_n02133161,uniform_ring1_mass,0.2244897959
e2r_vitb_mixup_baseline_s1,random200,n02137549/ILSVRC2012_val_00047555_n02137549,attn_entropy_bits,6.027368549
e2r_vitb_mixup_baseline_s1,random200,n02137549/ILSVRC2012_val_00047555_n02137549,ring1_mass,0.2337244368
e2r_vitb_mixup_baseline_s1,random200,n02137549/ILSVRC2012_val_00047555_n02137549,uniform_ring1_mass,0.2244897959
e2r_vitb_mixup_baseline_s1,random200,n02167151/ILSVRC2012_val_00005169_n02167151,attn_entropy_bits,4.614925561
e2r_vitb_mixup_baseline_s1,random200,n02167151/ILSVRC2012_val_00005169_n02167151,ring1_mass,0.6026436389
e2r_vitb_mixup_baseline_s1,random200,n02167151/ILSVRC2012_val_00005169_n02167151,uniform_ring1_mass,0.2244897959
e2r_vitb_mixup_baseline_s1,random200,n02172182/ILSVRC2012_val_00002042_n02172182,attn_entropy_bits,4.178602567
e2r_vitb_mixup_baseline_s1,random200,n02172182/ILSVRC2012_val_00002042_n02172182,ring1_mass,0.3915381795
e2r_vitb_mixup_baseline_s1,random200,n02172182/ILSVRC2012_val_00002042_n02172182,uniform_ring1_mass,0.2244897959
e2r_vitb_mixup_baseline_s1,random200,n02174001/ILSVRC2012_val_00034738_n02174001,attn_entropy_bits,4.756534478
e2r_vitb_mixup_baseline_s1,random200,n02174001/ILSVRC2012_val_00034738_n02174001,ring1_mass,0.4176731767
e2r_vitb_mixup_baseline_s1,random200,n02174001/ILSVRC2012_val_00034738_n02174001,uniform_ring1_mass,0.2244897959
e2r_vitb_mixup_baseline_s1,random200,n02177972/ILSVRC2012_val_00044760_n02177972,attn_entropy_bits,4.41871216
e2r_vitb_mixup_baseline_s1,random200,n02177972/ILSVRC2012_val_00044760_n02177972,ring1_mass,0.4256378126
e2r_vitb_mixup_baseline_s1,random200,n02177972/ILSVRC2012_val_00044760_n02177972,uniform_ring1_mass,0.2244897959
e2r_vitb_mixup_baseline_s1,random200,n02219486/ILSVRC2012_val_00031820_n02219486,attn_entropy_bits,5.653381619
e2r_vitb_mixup_baseline_s1,random200,n02219486/ILSVRC2012_val_00031820_n02219486,ring1_mass,0.2148537517
e2r_vitb_mixup_baseline_s1,random200,n02219486/ILSVRC2012_val_00031820_n02219486,uniform_ring1_mass,0.2244897959
e2r_vitb_mixup_baseline_s1,random200,n02226429/ILSVRC2012_val_00032265_n02226429,attn_entropy_bits,5.1372753
e2r_vitb_mixup_baseline_s1,random200,n02226429/ILSVRC2012_val_00032265_n02226429,ring1_mass,0.4121239703
e2r_vitb_mixup_baseline_s1,random200,n02226429/ILSVRC2012_val_00032265_n02226429,uniform_ring1_mass,0.2244897959
e2r_vitb_mixup_baseline_s1,random200,n02281787/ILSVRC2012_val_00043381_n02281787,attn_entropy_bits,4.653510396
e2r_vitb_mixup_baseline_s1,random200,n02281787/ILSVRC2012_val_00043381_n02281787,ring1_mass,0.4477220543
e2r_vitb_mixup_baseline_s1,random200,n02281787/ILSVRC2012_val_00043381_n02281787,uniform_ring1_mass,0.2244897959
e2r_vitb_mixup_baseline_s1,random200,n02326432/ILSVRC2012_val_00049948_n02326432,attn_entropy_bits,4.516094224
e2r_vitb_mixup_baseline_s1,random200,n02326432/ILSVRC2012_val_00049948_n02326432,ring1_mass,0.4165262462
e2r_vitb_mixup_baseline_s1,random200,n02326432/ILSVRC2012_val_00049948_n02326432,uniform_ring1_mass,0.2244897959
e2r_vitb_mixup_baseline_s1,random200,n02342885/ILSVRC2012_val_00016348_n02342885,attn_entropy_bits,4.34930176
e2r_vitb_mixup_baseline_s1,random200,n02342885/ILSVRC2012_val_00016348_n02342885,ring1_mass,0.5141627227
e2r_vitb_mixup_baseline_s1,random200,n02342885/ILSVRC2012_val_00016348_n02342885,uniform_ring1_mass,0.2244897959
e2r_vitb_mixup_baseline_s1,random200,n02363005/ILSVRC2012_val_00025114_n02363005,attn_entropy_bits,4.497440949
e2r_vitb_mixup_baseline_s1,random200,n02363005/ILSVRC2012_val_00025114_n02363005,ring1_mass,0.3452457769
e2r_vitb_mixup_baseline_s1,random200,n02363005/ILSVRC2012_val_00025114_n02363005,uniform_ring1_mass,0.2244897959
e2r_vitb_mixup_baseline_s1,random200,n02389026/ILSVRC2012_val_00018928_n02389026,attn_entropy_bits,4.820088427
e2r_vitb_mixup_baseline_s1,random200,n02389026/ILSVRC2012_val_00018928_n02389026,ring1_mass,0.2030251363
e2r_vitb_mixup_baseline_s1,random200,n02389026/ILSVRC2012_val_00018928_n02389026,uniform_ring1_mass,0.2244897959
e2r_vitb_mixup_baseline_s1,random200,n02403003/ILSVRC2012_val_00039271_n02403003,attn_entropy_bits,4.599013185
e2r_vitb_mixup_baseline_s1,random200,n02403003/ILSVRC2012_val_00039271_n02403003,ring1_mass,0.4004213295
e2r_vitb_mixup_baseline_s1,random200,n02403003/ILSVRC2012_val_00039271_n02403003,uniform_ring1_mass,0.2244897959
e2r_vitb_mixup_baseline_s1,random200,n02412080/ILSVRC2012_val_00030484_n02412080,attn_entropy_bits,4.067403031
e2r_vitb_mixup_baseline_s1,random200,n02412080/ILSVRC2012_val_00030484_n02412080,ring1_mass,0.4244287092
e2r_vitb_mixup_baseline_s1,random200,n02412080/ILSVRC2012_val_00030484_n02412080,uniform_ring1_mass,0.2244897959
e2r_vitb_mixup_baseline_s1,random200,n02415577/ILSVRC2012_val_00040551_n02415577,attn_entropy_bits,4.70181439
e2r_vitb_mixup_baseline_s1,random200,n02415577/ILSVRC2012_val_00040551_n02415577,ring1_mass,0.1215992338
e2r_vitb_mixup_baseline_s1,random200,n02415577/ILSVRC2012_val_00040551_n02415577,uniform_ring1_mass,0.2244897959
e2r_vitb_mixup_baseline_s1,random200,n02442845/ILSVRC2012_val_00028458_n02442845,attn_entropy_bits,4.131223795
e2r_vitb_mixup_baseline_s1,random200,n02442845/ILSVRC2012_val_00028458_n02442845,ring1_mass,0.3945126888
e2r_vitb_mixup_baseline_s1,random200,n02442845/ILSVRC2012_val_00028458_n02442845,uniform_ring1_mass,0.2244897959
e2r_vitb_mixup_baseline_s1,random200,n02444819/ILSVRC2012_val_00032606_n02444819,attn_entropy_bits,4.563314336
e2r_vitb_mixup_baseline_s1,random200,n02444819/ILSVRC2012_val_00032606_n02444819,ring1_mass,0.1078062307
e2r_vitb_mixup_baseline_s1,random200,n02444819/ILSVRC2012_val_00032606_n02444819,uniform_ring1_mass,0.2244897959
e2r_vitb_mixup_baseline_s1,random200,n02457408/ILSVRC2012_val_00042044_n02457408,attn_entropy_bits,4.103646272
e2r_vitb_mixup_baseline_s1,random200,n02457408/ILSVRC2012_val_00042044_n02457408,ring1_mass,0.6207989336
e2r_vitb_mixup_baseline_s1,random200,n02457408/ILSVRC2012_val_00042044_n02457408,uniform_ring1_mass,0.2244897959
e2r_vitb_mixup_baseline_s1,random200,n02483708/ILSVRC2012_val_00000087_n02483708,attn_entropy_bits,4.810335825
e2r_vitb_mixup_baseline_s1,random200,n02483708/ILSVRC2012_val_00000087_n02483708,ring1_mass,0.3981712049
e2r_vitb_mixup_baseline_s1,random200,n02483708/ILSVRC2012_val_00000087_n02483708,uniform_ring1_mass,0.2244897959
e2r_vitb_mixup_baseline_s1,random200,n02484975/ILSVRC2012_val_00006410_n02484975,attn_entropy_bits,4.359231627
e2r_vitb_mixup_baseline_s1,random200,n02484975/ILSVRC2012_val_00006410_n02484975,ring1_mass,0.3082376803
e2r_vitb_mixup_baseline_s1,random200,n02484975/ILSVRC2012_val_00006410_n02484975,uniform_ring1_mass,0.2244897959
e2r_vitb_mixup_baseline_s1,random200,n02490219/ILSVRC2012_val_00009701_n02490219,attn_entropy_bits,3.868606002
e2r_vitb_mixup_baseline_s1,random200,n02490219/ILSVRC2012_val_00009701_n02490219,ring1_mass,0.8931013373
e2r_vitb_mixup_baseline_s1,random200,n02490219/ILSVRC2012_val_00009701_n02490219,uniform_ring1_mass,0.2244897959
e2r_vitb_mixup_baseline_s1,random200,n02493509/ILSVRC2012_val_00022082_n02493509,attn_entropy_bits,4.660465398
e2r_vitb_mixup_baseline_s1,random200,n02493509/ILSVRC2012_val_00022082_n02493509,ring1_mass,0.5647310112
e2r_vitb_mixup_baseline_s1,random200,n02493509/ILSVRC2012_val_00022082_n02493509,uniform_ring1_mass,0.2244897959
e2r_vitb_mixup_baseline_s1,random200,n02509815/ILSVRC2012_val_00016071_n02509815,attn_entropy_bits,4.078615323
e2r_vitb_mixup_baseline_s1,random200,n02509815/ILSVRC2012_val_00016071_n02509815,ring1_mass,0.3551889537
e2r_vitb_mixup_baseline_s1,random200,n02509815/ILSVRC2012_val_00016071_n02509815,uniform_ring1_mass,0.2244897959
e2r_vitb_mixup_baseline_s1,random200,n02607072/ILSVRC2012_val_00021505_n02607072,attn_entropy_bits,5.439088298
e2r_vitb_mixup_baseline_s1,random200,n02607072/ILSVRC2012_val_00021505_n02607072,ring1_mass,0.3822410271
e2r_vitb_mixup_baseline_s1,random200,n02607072/ILSVRC2012_val_00021505_n02607072,uniform_ring1_mass,0.2244897959
e2r_vitb_mixup_baseline_s1,random200,n02640242/ILSVRC2012_val_00001436_n02640242,attn_entropy_bits,5.685116289
e2r_vitb_mixup_baseline_s1,random200,n02640242/ILSVRC2012_val_00001436_n02640242,ring1_mass,0.4222026273
e2r_vitb_mixup_baseline_s1,random200,n02640242/ILSVRC2012_val_00001436_n02640242,uniform_ring1_mass,0.2244897959
e2r_vitb_mixup_baseline_s1,random200,n02655020/ILSVRC2012_val_00008730_n02655020,attn_entropy_bits,4.587870509
e2r_vitb_mixup_baseline_s1,random200,n02655020/ILSVRC2012_val_00008730_n02655020,ring1_mass,0.51981069
e2r_vitb_mixup_baseline_s1,random200,n02655020/ILSVRC2012_val_00008730_n02655020,uniform_ring1_mass,0.2244897959
e2r_vitb_mixup_baseline_s1,random200,n02687172/ILSVRC2012_val_00032680_n02687172,attn_entropy_bits,4.771253761
e2r_vitb_mixup_baseline_s1,random200,n02687172/ILSVRC2012_val_00032680_n02687172,ring1_mass,0.7221244598
e2r_vitb_mixup_baseline_s1,random200,n02687172/ILSVRC2012_val_00032680_n02687172,uniform_ring1_mass,0.2244897959
e2r_vitb_mixup_baseline_s1,random200,n02783161/ILSVRC2012_val_00044024_n02783161,attn_entropy_bits,4.374639356
e2r_vitb_mixup_baseline_s1,random200,n02783161/ILSVRC2012_val_00044024_n02783161,ring1_mass,0.5021436013
e2r_vitb_mixup_baseline_s1,random200,n02783161/ILSVRC2012_val_00044024_n02783161,uniform_ring1_mass,0.2244897959
e2r_vitb_mixup_baseline_s1,random200,n02786058/ILSVRC2012_val_00000706_n02786058,attn_entropy_bits,4.893033496
e2r_vitb_mixup_baseline_s1,random200,n02786058/ILSVRC2012_val_00000706_n02786058,ring1_mass,0.4007068738
e2r_vitb_mixup_baseline_s1,random200,n02786058/ILSVRC2012_val_00000706_n02786058,uniform_ring1_mass,0.2244897959
e2r_vitb_mixup_baseline_s1,random200,n02787622/ILSVRC2012_val_00019653_n02787622,attn_entropy_bits,4.362784494
e2r_vitb_mixup_baseline_s1,random200,n02787622/ILSVRC2012_val_00019653_n02787622,ring1_mass,0.04487869684
e2r_vitb_mixup_baseline_s1,random200,n02787622/ILSVRC2012_val_00019653_n02787622,uniform_ring1_mass,0.2244897959
e2r_vitb_mixup_baseline_s1,random200,n02788148/ILSVRC2012_val_00014558_n02788148,attn_entropy_bits,4.756665639
e2r_vitb_mixup_baseline_s1,random200,n02788148/ILSVRC2012_val_00014558_n02788148,ring1_mass,0.3915038854
e2r_vitb_mixup_baseline_s1,random200,n02788148/ILSVRC2012_val_00014558_n02788148,uniform_ring1_mass,0.2244897959
e2r_vitb_mixup_baseline_s1,random200,n02790996/ILSVRC2012_val_00035930_n02790996,attn_entropy_bits,4.531821649
e2r_vitb_mixup_baseline_s1,random200,n02790996/ILSVRC2012_val_00035930_n02790996,ring1_mass,0.2605719341
e2r_vitb_mixup_baseline_s1,random200,n02790996/ILSVRC2012_val_00035930_n02790996,uniform_ring1_mass,0.2244897959
e2r_vitb_mixup_baseline_s1,random200,n02794156/ILSVRC2012_val_00036595_n02794156,attn_entropy_bits,4.208880316
e2r_vitb_mixup_baseline_s1,random200,n02794156/ILSVRC2012_val_00036595_n02794156,ring1_mass,0.04688943627
e2r_vitb_mixup_baseline_s1,random200,n02794156/ILSVRC2012_val_00036595_n02794156,uniform_ring1_mass,0.2244897959
e2r_vitb_mixup_baseline_s1,random200,n02804414/ILSVRC2012_val_00010744_n02804414,attn_entropy_bits,4.06474358
e2r_vitb_mixup_baseline_s1,random200,n02804414/ILSVRC2012_val_00010744_n02804414,ring1_mass,0.7054392714
e2r_vitb_mixup_baseline_s1,random200,n02804414/ILSVRC2012_val_00010744_n02804414,uniform_ring1_mass,0.2244897959
e2r_vitb_mixup_baseline_s1,random200,n02807133/ILSVRC2012_val_00043987_n02807133,attn_entropy_bits,4.570923813
e2r_vitb_mixup_baseline_s1,random200,n02807133/ILSVRC2012_val_00043987_n02807133,ring1_mass,0.3840751234
e2r_vitb_mixup_baseline_s1,random200,n02807133/ILSVRC2012_val_00043987_n02807133,uniform_ring1_mass,0.2244897959
e2r_vitb_mixup_baseline_s1,random200,n02817516/ILSVRC2012_val_00007414_n02817516,attn_entropy_bits,4.386516005
e2r_vitb_mixup_baseline_s1,random200,n02817516/ILSVRC2012_val_00007414_n02817516,ring1_mass,0.4171284427
e2r_vitb_mixup_baseline_s1,random200,n02817516/ILSVRC2012_val_00007414_n02817516,uniform_ring1_mass,0.2244897959
e2r_vitb_mixup_baseline_s1,random200,n02834397/ILSVRC2012_val_00049192_n02834397,attn_entropy_bits,4.820946039
e2r_vitb_mixup_baseline_s1,random200,n02834397/ILSVRC2012_val_00049192_n02834397,ring1_mass,0.2988333708
e2r_vitb_mixup_baseline_s1,random200,n02834397/ILSVRC2012_val_00049192_n02834397,uniform_ring1_mass,0.2244897959
e2r_vitb_mixup_baseline_s1,random200,n02865351/ILSVRC2012_val_00018752_n02865351,attn_entropy_bits,4.693428805
e2r_vitb_mixup_baseline_s1,random200,n02865351/ILSVRC2012_val_00018752_n02865351,ring1_mass,0.5264480539
e2r_vitb_mixup_baseline_s1,random200,n02865351/ILSVRC2012_val_00018752_n02865351,uniform_ring1_mass,0.2244897959
e2r_vitb_mixup_baseline_s1,random200,n02877765/ILSVRC2012_val_00045915_n02877765,attn_entropy_bits,5.057949447
e2r_vitb_mixup_baseline_s1,random200,n02877765/ILSVRC2012_val_00045915_n02877765,ring1_mass,0.5263248724
e2r_vitb_mixup_baseline_s1,random200,n02877765/ILSVRC2012_val_00045915_n02877765,uniform_ring1_mass,0.2244897959
e2r_vitb_mixup_baseline_s1,random200,n02895154/ILSVRC2012_val_00032037_n02895154,attn_entropy_bits,5.499803716
e2r_vitb_mixup_baseline_s1,random200,n02895154/ILSVRC2012_val_00032037_n02895154,ring1_mass,0.2368392535
e2r_vitb_mixup_baseline_s1,random200,n02895154/ILSVRC2012_val_00032037_n02895154,uniform_ring1_mass,0.2244897959
e2r_vitb_mixup_baseline_s1,random200,n02971356/ILSVRC2012_val_00022451_n02971356,attn_entropy_bits,3.973812865
e2r_vitb_mixup_baseline_s1,random200,n02971356/ILSVRC2012_val_00022451_n02971356,ring1_mass,0.3488061041
e2r_vitb_mixup_baseline_s1,random200,n02971356/ILSVRC2012_val_00022451_n02971356,uniform_ring1_mass,0.2244897959
e2r_vitb_mixup_baseline_s1,random200,n02978881/ILSVRC2012_val_00017217_n02978881,attn_entropy_bits,4.408116733
e2r_vitb_mixup_baseline_s1,random200,n02978881/ILSVRC2012_val_00017217_n02978881,ring1_mass,0.283861278
e2r_vitb_mixup_baseline_s1,random200,n02978881/ILSVRC2012_val_00017217_n02978881,uniform_ring1_mass,0.2244897959
e2r_vitb_mixup_baseline_s1,random200,n03041632/ILSVRC2012_val_00008526_n03041632,attn_entropy_bits,5.443512564
e2r_vitb_mixup_baseline_s1,random200,n03041632/ILSVRC2012_val_00008526_n03041632,ring1_mass,0.2064907821
e2r_vitb_mixup_baseline_s1,random200,n03041632/ILSVRC2012_val_00008526_n03041632,uniform_ring1_mass,0.2244897959
e2r_vitb_mixup_baseline_s1,random200,n03042490/ILSVRC2012_val_00027258_n03042490,attn_entropy_bits,4.213874306
e2r_vitb_mixup_baseline_s1,random200,n03042490/ILSVRC2012_val_00027258_n03042490,ring1_mass,0.4621282126
e2r_vitb_mixup_baseline_s1,random200,n03042490/ILSVRC2012_val_00027258_n03042490,uniform_ring1_mass,0.2244897959
e2r_vitb_mixup_baseline_s1,random200,n03085013/ILSVRC2012_val_00002499_n03085013,attn_entropy_bits,5.059627934
e2r_vitb_mixup_baseline_s1,random200,n03085013/ILSVRC2012_val_00002499_n03085013,ring1_mass,0.5101760819
e2r_vitb_mixup_baseline_s1,random200,n03085013/ILSVRC2012_val_00002499_n03085013,uniform_ring1_mass,0.2244897959
e2r_vitb_mixup_baseline_s1,random200,n03095699/ILSVRC2012_val_00001339_n03095699,attn_entropy_bits,4.639511438
e2r_vitb_mixup_baseline_s1,random200,n03095699/ILSVRC2012_val_00001339_n03095699,ring1_mass,0.3651898388
e2r_vitb_mixup_baseline_s1,random200,n03095699/ILSVRC2012_val_00001339_n03095699,uniform_ring1_mass,0.2244897959
e2r_vitb_mixup_baseline_s1,random200,n03124170/ILSVRC2012_val_00032152_n03124170,attn_entropy_bits,4.264781931
e2r_vitb_mixup_baseline_s1,random200,n03124170/ILSVRC2012_val_00032152_n03124170,ring1_mass,0.5913828753
e2r_vitb_mixup_baseline_s1,random200,n03124170/ILSVRC2012_val_00032152_n03124170,uniform_ring1_mass,0.2244897959
e2r_vitb_mixup_baseline_s1,random200,n03125729/ILSVRC2012_val_00032315_n03125729,attn_entropy_bits,5.251741649
e2r_vitb_mixup_baseline_s1,random200,n03125729/ILSVRC2012_val_00032315_n03125729,ring1_mass,0.3898324256
e2r_vitb_mixup_baseline_s1,random200,n03125729/ILSVRC2012_val_00032315_n03125729,uniform_ring1_mass,0.2244897959
e2r_vitb_mixup_baseline_s1,random200,n03134739/ILSVRC2012_val_00023436_n03134739,attn_entropy_bits,4.657523519
e2r_vitb_mixup_baseline_s1,random200,n03134739/ILSVRC2012_val_00023436_n03134739,ring1_mass,0.313321919
e2r_vitb_mixup_baseline_s1,random200,n03134739/ILSVRC2012_val_00023436_n03134739,uniform_ring1_mass,0.2244897959
e2r_vitb_mixup_baseline_s1,random200,n03196217/ILSVRC2012_val_00049458_n03196217,attn_entropy_bits,4.776500502
e2r_vitb_mixup_baseline_s1,random200,n03196217/ILSVRC2012_val_00049458_n03196217,ring1_mass,0.5558307428
e2r_vitb_mixup_baseline_s1,random200,n03196217/ILSVRC2012_val_00049458_n03196217,uniform_ring1_mass,0.2244897959
e2r_vitb_mixup_baseline_s1,random200,n03220513/ILSVRC2012_val_00007952_n03220513,attn_entropy_bits,3.914047373
e2r_vitb_mixup_baseline_s1,random200,n03220513/ILSVRC2012_val_00007952_n03220513,ring1_mass,0.201225103
e2r_vitb_mixup_baseline_s1,random200,n03220513/ILSVRC2012_val_00007952_n03220513,uniform_ring1_mass,0.2244897959
e2r_vitb_mixup_baseline_s1,random200,n03250847/ILSVRC2012_val_00020232_n03250847,attn_entropy_bits,5.703465079
e2r_vitb_mixup_baseline_s1,random200,n03250847/ILSVRC2012_val_00020232_n03250847,ring1_mass,0.5589293782
e2r_vitb_mixup_baseline_s1,random200,n03250847/ILSVRC2012_val_00020232_n03250847,uniform_ring1_mass,0.2244897959
e2r_vitb_mixup_baseline_s1,random200,n03290653/ILSVRC2012_val_00046068_n03290653,attn_entropy_bits,4.737494075
e2r_vitb_mixup_baseline_s1,random200,n03290653/ILSVRC2012_val_00046068_n03290653,ring1_mass,0.4822627131
e2r_vitb_mixup_baseline_s1,random200,n03290653/ILSVRC2012_val_00046068_n03290653,uniform_ring1_mass,0.2244897959
e2r_vitb_mixup_baseline_s1,random200,n03297495/ILSVRC2012_val_00023386_n03297495,attn_entropy_bits,5.412791567
e2r_vitb_mixup_baseline_s1,random200,n03297495/ILSVRC2012_val_00023386_n03297495,ring1_mass,0.3837774819
e2r_vitb_mixup_baseline_s1,random200,n03297495/ILSVRC2012_val_00023386_n03297495,uniform_ring1_mass,0.2244897959
e2r_vitb_mixup_baseline_s1,random200,n03337140/ILSVRC2012_val_00021909_n03337140,attn_entropy_bits,4.32068503
e2r_vitb_mixup_baseline_s1,random200,n03337140/ILSVRC2012_val_00021909_n03337140,ring1_mass,0.1196612951
e2r_vitb_mixup_baseline_s1,random200,n03337140/ILSVRC2012_val_00021909_n03337140,uniform_ring1_mass,0.2244897959
e2r_vitb_mixup_baseline_s1,random200,n03372029/ILSVRC2012_val_00009395_n03372029,attn_entropy_bits,4.132471418
e2r_vitb_mixup_baseline_s1,random200,n03372029/ILSVRC2012_val_00009395_n03372029,ring1_mass,0.4679369602
e2r_vitb_mixup_baseline_s1,random200,n03372029/ILSVRC2012_val_00009395_n03372029,uniform_ring1_mass,0.2244897959
e2r_vitb_mixup_baseline_s1,random200,n03388043/ILSVRC2012_val_00029752_n03388043,attn_entropy_bits,5.133656085
e2r_vitb_mixup_baseline_s1,random200,n03388043/ILSVRC2012_val_00029752_n03388043,ring1_mass,0.2941517713
e2r_vitb_mixup_baseline_s1,random200,n03388043/ILSVRC2012_val_00029752_n03388043,uniform_ring1_mass,0.2244897959
e2r_vitb_mixup_baseline_s1,random200,n03425413/ILSVRC2012_val_00044370_n03425413,attn_entropy_bits,4.775593131
e2r_vitb_mixup_baseline_s1,random200,n03425413/ILSVRC2012_val_00044370_n03425413,ring1_mass,0.1616078434
e2r_vitb_mixup_baseline_s1,random200,n03425413/ILSVRC2012_val_00044370_n03425413,uniform_ring1_mass,0.2244897959
e2r_vitb_mixup_baseline_s1,random200,n03444034/ILSVRC2012_val_00047858_n03444034,attn_entropy_bits,4.907171007
e2r_vitb_mixup_baseline_s1,random200,n03444034/ILSVRC2012_val_00047858_n03444034,ring1_mass,0.5541910329
e2r_vitb_mixup_baseline_s1,random200,n03444034/ILSVRC2012_val_00047858_n03444034,uniform_ring1_mass,0.2244897959
e2r_vitb_mixup_baseline_s1,random200,n03445777/ILSVRC2012_val_00031897_n03445777,attn_entropy_bits,4.510089909
e2r_vitb_mixup_baseline_s1,random200,n03445777/ILSVRC2012_val_00031897_n03445777,ring1_mass,0.4932718094
e2r_vitb_mixup_baseline_s1,random200,n03445777/ILSVRC2012_val_00031897_n03445777,uniform_ring1_mass,0.2244897959
e2r_vitb_mixup_baseline_s1,random200,n03447447/ILSVRC2012_val_00016814_n03447447,attn_entropy_bits,4.429216833
e2r_vitb_mixup_baseline_s1,random200,n03447447/ILSVRC2012_val_00016814_n03447447,ring1_mass,0.5641048791
e2r_vitb_mixup_baseline_s1,random200,n03447447/ILSVRC2012_val_00016814_n03447447,uniform_ring1_mass,0.2244897959
e2r_vitb_mixup_baseline_s1,random200,n03492542/ILSVRC2012_val_00011209_n03492542,attn_entropy_bits,5.444138739
e2r_vitb_mixup_baseline_s1,random200,n03492542/ILSVRC2012_val_00011209_n03492542,ring1_mass,0.3223794661
e2r_vitb_mixup_baseline_s1,random200,n03492542/ILSVRC2012_val_00011209_n03492542,uniform_ring1_mass,0.2244897959
e2r_vitb_mixup_baseline_s1,random200,n03496892/ILSVRC2012_val_00010776_n03496892,attn_entropy_bits,4.651052383
e2r_vitb_mixup_baseline_s1,random200,n03496892/ILSVRC2012_val_00010776_n03496892,ring1_mass,0.564821049
e2r_vitb_mixup_baseline_s1,random200,n03496892/ILSVRC2012_val_00010776_n03496892,uniform_ring1_mass,0.2244897959
e2r_vitb_mixup_baseline_s1,random200,n03532672/ILSVRC2012_val_00042387_n03532672,attn_entropy_bits,5.75761791
e2r_vitb_mixup_baseline_s1,random200,n03532672/ILSVRC2012_val_00042387_n03532672,ring1_mass,0.5206685029
e2r_vitb_mixup_baseline_s1,random200,n03532672/ILSVRC2012_val_00042387_n03532672,uniform_ring1_mass,0.2244897959
e2r_vitb_mixup_baseline_s1,random200,n03538406/ILSVRC2012_val_00014022_n03538406,attn_entropy_bits,4.40529023
e2r_vitb_mixup_baseline_s1,random200,n03538406/ILSVRC2012_val_00014022_n03538406,ring1_mass,0.6145888617
e2r_vitb_mixup_baseline_s1,random200,n03538406/ILSVRC2012_val_00014022_n03538406,uniform_ring1_mass,0.2244897959
e2r_vitb_mixup_baseline_s1,random200,n03544143/ILSVRC2012_val_00036746_n03544143,attn_entropy_bits,4.767524347
e2r_vitb_mixup_baseline_s1,random200,n03544143/ILSVRC2012_val_00036746_n03544143,ring1_mass,0.4758232424
e2r_vitb_mixup_baseline_s1,random200,n03544143/ILSVRC2012_val_00036746_n03544143,uniform_ring1_mass,0.2244897959
e2r_vitb_mixup_baseline_s1,random200,n03584829/ILSVRC2012_val_00009834_n03584829,attn_entropy_bits,4.638431091
e2r_vitb_mixup_baseline_s1,random200,n03584829/ILSVRC2012_val_00009834_n03584829,ring1_mass,0.6755235407
e2r_vitb_mixup_baseline_s1,random200,n03584829/ILSVRC2012_val_00009834_n03584829,uniform_ring1_mass,0.2244897959
e2r_vitb_mixup_baseline_s1,random200,n03590841/ILSVRC2012_val_00009971_n03590841,attn_entropy_bits,4.522156497
e2r_vitb_mixup_baseline_s1,random200,n03590841/ILSVRC2012_val_00009971_n03590841,ring1_mass,0.4711180426
e2r_vitb_mixup_baseline_s1,random200,n03590841/ILSVRC2012_val_00009971_n03590841,uniform_ring1_mass,0.2244897959
e2r_vitb_mixup_baseline_s1,random200,n03594734/ILSVRC2012_val_00045877_n03594734,attn_entropy_bits,4.510671332
e2r_vitb_mixup_baseline_s1,random200,n03594734/ILSVRC2012_val_00045877_n03594734,ring1_mass,0.3520012788
e2r_vitb_mixup_baseline_s1,random200,n03594734/ILSVRC2012_val_00045877_n03594734,uniform_ring1_mass,0.2244897959
e2r_vitb_mixup_baseline_s1,random200,n03623198/ILSVRC2012_val_00024197_n03623198,attn_entropy_bits,5.360204558
e2r_vitb_mixup_baseline_s1,random200,n03623198/ILSVRC2012_val_00024197_n03623198,ring1_mass,0.255390739
e2r_vitb_mixup_baseline_s1,random200,n03623198/ILSVRC2012_val_00024197_n03623198,uniform_ring1_mass,0.2244897959
e2r_vitb_mixup_baseline_s1,random200,n03633091/ILSVRC2012_val_00025920_n03633091,attn_entropy_bits,5.473645701
e2r_vitb_mixup_baseline_s1,random200,n03633091/ILSVRC2012_val_00025920_n03633091,ring1_mass,0.3306164884
e2r_vitb_mixup_baseline_s1,random200,n03633091/ILSVRC2012_val_00025920_n03633091,uniform_ring1_mass,0.2244897959
e2r_vitb_mixup_baseline_s1,random200,n03661043/ILSVRC2012_val_00044809_n03661043,attn_entropy_bits,4.455644288
e2r_vitb_mixup_baseline_s1,random200,n03661043/ILSVRC2012_val_00044809_n03661043,ring1_mass,0.467536379
e2r_vitb_mixup_baseline_s1,random200,n03661043/ILSVRC2012_val_00044809_n03661043,uniform_ring1_mass,0.2244897959
e2r_vitb_mixup_baseline_s1,random200,n03670208/ILSVRC2012_val_00049113_n03670208,attn_entropy_bits,5.067425783
e2r_vitb_mixup_baseline_s1,random200,n03670208/ILSVRC2012_val_00049113_n03670208,ring1_mass,0.604777566
e2r_vitb_mixup_baseline_s1,random200,n03670208/ILSVRC2012_val_00049113_n03670208,uniform_ring1_mass,0.2244897959
e2r_vitb_mixup_baseline_s1,random200,n03676483/ILSVRC2012_val_00019870_n03676483,attn_entropy_bits,5.663042296
e2r_vitb_mixup_baseline_s1,random200,n03676483/ILSVRC2012_val_00019870_n03676483,ring1_mass,0.3913064879
e2r_vitb_mixup_baseline_s1,random200,n03676483/ILSVRC2012_val_00019870_n03676483,uniform_ring1_mass,0.2244897959
e2r_vitb_mixup_baseline_s1,random200,n03690938/ILSVRC2012_val_00003829_n03690938,attn_entropy_bits,4.87995742
e2r_vitb_mixup_baseline_s1,random200,n03690938/ILSVRC2012_val_00003829_n03690938,ring1_mass,0.691458943
e2r_vitb_mixup_baseline_s1,random200,n03690938/ILSVRC2012_val_00003829_n03690938,uniform_ring1_mass,0.2244897959
e2r_vitb_mixup_baseline_s1,random200,n03733281/ILSVRC2012_val_00028102_n03733281,attn_entropy_bits,4.770505225
e2r_vitb_mixup_baseline_s1,random200,n03733281/ILSVRC2012_val_00028102_n03733281,ring1_mass,0.2769398827
e2r_vitb_mixup_baseline_s1,random200,n03733281/ILSVRC2012_val_00028102_n03733281,uniform_ring1_mass,0.2244897959
e2r_vitb_mixup_baseline_s1,random200,n03742115/ILSVRC2012_val_00040196_n03742115,attn_entropy_bits,4.615350514
e2r_vitb_mixup_baseline_s1,random200,n03742115/ILSVRC2012_val_00040196_n03742115,ring1_mass,0.2659323733
e2r_vitb_mixup_baseline_s1,random200,n03742115/ILSVRC2012_val_00040196_n03742115,uniform_ring1_mass,0.2244897959
e2r_vitb_mixup_baseline_s1,random200,n03743016/ILSVRC2012_val_00020408_n03743016,attn_entropy_bits,4.552546036
e2r_vitb_mixup_baseline_s1,random200,n03743016/ILSVRC2012_val_00020408_n03743016,ring1_mass,0.4703056838
e2r_vitb_mixup_baseline_s1,random200,n03743016/ILSVRC2012_val_00020408_n03743016,uniform_ring1_mass,0.2244897959
e2r_vitb_mixup_baseline_s1,random200,n03763968/ILSVRC2012_val_00022356_n03763968,attn_entropy_bits,4.216691725
e2r_vitb_mixup_baseline_s1,random200,n03763968/ILSVRC2012_val_00022356_n03763968,ring1_mass,0.5056468951
e2r_vitb_mixup_baseline_s1,random200,n03763968/ILSVRC2012_val_00022356_n03763968,uniform_ring1_mass,0.2244897959
e2r_vitb_mixup_baseline_s1,random200,n03770439/ILSVRC2012_val_00041915_n03770439,attn_entropy_bits,4.928778729
e2r_vitb_mixup_baseline_s1,random200,n03770439/ILSVRC2012_val_00041915_n03770439,ring1_mass,0.3761252171
e2r_vitb_mixup_baseline_s1,random200,n03770439/ILSVRC2012_val_00041915_n03770439,uniform_ring1_mass,0.2244897959
e2r_vitb_mixup_baseline_s1,random200,n03777568/ILSVRC2012_val_00029873_n03777568,attn_entropy_bits,3.774862365
e2r_vitb_mixup_baseline_s1,random200,n03777568/ILSVRC2012_val_00029873_n03777568,ring1_mass,0.4065669282
e2r_vitb_mixup_baseline_s1,random200,n03777568/ILSVRC2012_val_00029873_n03777568,uniform_ring1_mass,0.2244897959
e2r_vitb_mixup_baseline_s1,random200,n03785016/ILSVRC2012_val_00024487_n03785016,attn_entropy_bits,4.738918546
e2r_vitb_mixup_baseline_s1,random200,n03785016/ILSVRC2012_val_00024487_n03785016,ring1_mass,0.2632624971
e2r_vitb_mixup_baseline_s1,random200,n03785016/ILSVRC2012_val_00024487_n03785016,uniform_ring1_mass,0.2244897959
e2r_vitb_mixup_baseline_s1,random200,n03791053/ILSVRC2012_val_00037320_n03791053,attn_entropy_bits,4.197365198
e2r_vitb_mixup_baseline_s1,random200,n03791053/ILSVRC2012_val_00037320_n03791053,ring1_mass,0.396100372
e2r_vitb_mixup_baseline_s1,random200,n03791053/ILSVRC2012_val_00037320_n03791053,uniform_ring1_mass,0.2244897959
e2r_vitb_mixup_baseline_s1,random200,n03840681/ILSVRC2012_val_00007739_n03840681,attn_entropy_bits,5.008339043
e2r_vitb_mixup_baseline_s1,random200,n03840681/ILSVRC2012_val_00007739_n03840681,ring1_mass,0.5448310238
e2r_vitb_mixup_baseline_s1,random200,n03840681/ILSVRC2012_val_00007739_n03840681,uniform_ring1_mass,0.2244897959
e2r_vitb_mixup_baseline_s1,random200,n03857828/ILSVRC2012_val_00015087_n03857828,attn_entropy_bits,4.255403636
e2r_vitb_mixup_baseline_s1,random200,n03857828/ILSVRC2012_val_00015087_n03857828,ring1_mass,0.001864159039
e2r_vitb_mixup_baseline_s1,random200,n03857828/ILSVRC2012_val_00015087_n03857828,uniform_ring1_mass,0.2244897959
e2r_vitb_mixup_baseline_s1,random200,n03868242/ILSVRC2012_val_00006162_n03868242,attn_entropy_bits,5.627574689
e2r_vitb_mixup_baseline_s1,random200,n03868242/ILSVRC2012_val_00006162_n03868242,ring1_mass,0.3552888697
e2r_vitb_mixup_baseline_s1,random200,n03868242/ILSVRC2012_val_00006162_n03868242,uniform_ring1_mass,0.2244897959
e2r_vitb_mixup_baseline_s1,random200,n03888605/ILSVRC2012_val_00031613_n03888605,attn_entropy_bits,4.493794266
e2r_vitb_mixup_baseline_s1,random200,n03888605/ILSVRC2012_val_00031613_n03888605,ring1_mass,0.1901927291
e2r_vitb_mixup_baseline_s1,random200,n03888605/ILSVRC2012_val_00031613_n03888605,uniform_ring1_mass,0.2244897959
e2r_vitb_mixup_baseline_s1,random200,n03902125/ILSVRC2012_val_00035336_n03902125,attn_entropy_bits,4.430937195
e2r_vitb_mixup_baseline_s1,random200,n03902125/ILSVRC2012_val_00035336_n03902125,ring1_mass,0.383145281
e2r_vitb_mixup_baseline_s1,random200,n03902125/ILSVRC2012_val_00035336_n03902125,uniform_ring1_mass,0.2244897959
e2r_vitb_mixup_baseline_s1,random200,n03929660/ILSVRC2012_val_00036513_n03929660,attn_entropy_bits,5.431765436
e2r_vitb_mixup_baseline_s1,random200,n03929660/ILSVRC2012_val_00036513_n03929660,ring1_mass,0.2223226355
e2r_vitb_mixup_baseline_s1,random200,n03929660/ILSVRC2012_val_00036513_n03929660,uniform_ring1_mass,0.2244897959
e2r_vitb_mixup_baseline_s1,random200,n03933933/ILSVRC2012_val_00000702_n03933933,attn_entropy_bits,4.996651163
e2r_vitb_mixup_baseline_s1,random200,n03933933/ILSVRC2012_val_00000702_n03933933,ring1_mass,0.4852239456
e2r_vitb_mixup_baseline_s1,random200,n03933933/ILSVRC2012_val_00000702_n03933933,uniform_ring1_mass,0.2244897959
e2r_vitb_mixup_baseline_s1,random200,n03956157/ILSVRC2012_val_00032007_n03956157,attn_entropy_bits,4.192302397
e2r_vitb_mixup_baseline_s1,random200,n03956157/ILSVRC2012_val_00032007_n03956157,ring1_mass,0.6802519459
e2r_vitb_mixup_baseline_s1,random200,n03956157/ILSVRC2012_val_00032007_n03956157,uniform_ring1_mass,0.2244897959
e2r_vitb_mixup_baseline_s1,random200,n03961711/ILSVRC2012_val_00037251_n03961711,attn_entropy_bits,4.96133479
e2r_vitb_mixup_baseline_s1,random200,n03961711/ILSVRC2012_val_00037251_n03961711,ring1_mass,0.3486033484
e2r_vitb_mixup_baseline_s1,random200,n03961711/ILSVRC2012_val_00037251_n03961711,uniform_ring1_mass,0.2244897959
e2r_vitb_mixup_baseline_s1,random200,n03977966/ILSVRC2012_val_00027383_n03977966,attn_entropy_bits,4.385366376
e2r_vitb_mixup_baseline_s1,random200,n03977966/ILSVRC2012_val_00027383_n03977966,ring1_mass,0.5448938406
e2r_vitb_mixup_baseline_s1,random200,n03977966/ILSVRC2012_val_00027383_n03977966,uniform_ring1_mass,0.2244897959
e2r_vitb_mixup_baseline_s1,random200,n03982430/ILSVRC2012_val_00006974_n03982430,attn_entropy_bits,5.292739939
e2r_vitb_mixup_baseline_s1,random200,n03982430/ILSVRC2012_val_00006974_n03982430,ring1_mass,0.5184121348
e2r_vitb_mixup_baseline_s1,random200,n03982430/ILSVRC2012_val_00006974_n03982430,uniform_ring1_mass,0.2244897959
e2r_vitb_mixup_baseline_s1,random200,n03995372/ILSVRC2012_val_00048981_n03995372,attn_entropy_bits,5.143321991
e2r_vitb_mixup_baseline_s1,random200,n03995372/ILSVRC2012_val_00048981_n03995372,ring1_mass,0.1621386766
e2r_vitb_mixup_baseline_s1,random200,n03995372/ILSVRC2012_val_00048981_n03995372,uniform_ring1_mass,0.2244897959
e2r_vitb_mixup_baseline_s1,random200,n04005630/ILSVRC2012_val_00018325_n04005630,attn_entropy_bits,4.868345312
e2r_vitb_mixup_baseline_s1,random200,n04005630/ILSVRC2012_val_00018325_n04005630,ring1_mass,0.354630446
e2r_vitb_mixup_baseline_s1,random200,n04005630/ILSVRC2012_val_00018325_n04005630,uniform_ring1_mass,0.2244897959
e2r_vitb_mixup_baseline_s1,random200,n04009552/ILSVRC2012_val_00033020_n04009552,attn_entropy_bits,4.897636399
e2r_vitb_mixup_baseline_s1,random200,n04009552/ILSVRC2012_val_00033020_n04009552,ring1_mass,0.191476567
e2r_vitb_mixup_baseline_s1,random200,n04009552/ILSVRC2012_val_00033020_n04009552,uniform_ring1_mass,0.2244897959
e2r_vitb_mixup_baseline_s1,random200,n04023962/ILSVRC2012_val_00005537_n04023962,attn_entropy_bits,4.870325888
e2r_vitb_mixup_baseline_s1,random200,n04023962/ILSVRC2012_val_00005537_n04023962,ring1_mass,0.5001240769
e2r_vitb_mixup_baseline_s1,random200,n04023962/ILSVRC2012_val_00005537_n04023962,uniform_ring1_mass,0.2244897959
e2r_vitb_mixup_baseline_s1,random200,n04049303/ILSVRC2012_val_00046223_n04049303,attn_entropy_bits,4.036709192
e2r_vitb_mixup_baseline_s1,random200,n04049303/ILSVRC2012_val_00046223_n04049303,ring1_mass,0.3024010645
e2r_vitb_mixup_baseline_s1,random200,n04049303/ILSVRC2012_val_00046223_n04049303,uniform_ring1_mass,0.2244897959
e2r_vitb_mixup_baseline_s1,random200,n04067472/ILSVRC2012_val_00047971_n04067472,attn_entropy_bits,4.996709184
e2r_vitb_mixup_baseline_s1,random200,n04067472/ILSVRC2012_val_00047971_n04067472,ring1_mass,0.4906772967
e2r_vitb_mixup_baseline_s1,random200,n04067472/ILSVRC2012_val_00047971_n04067472,uniform_ring1_mass,0.2244897959
e2r_vitb_mixup_baseline_s1,random200,n04074963/ILSVRC2012_val_00028651_n04074963,attn_entropy_bits,4.489039507
e2r_vitb_mixup_baseline_s1,random200,n04074963/ILSVRC2012_val_00028651_n04074963,ring1_mass,0.120704156
e2r_vitb_mixup_baseline_s1,random200,n04074963/ILSVRC2012_val_00028651_n04074963,uniform_ring1_mass,0.2244897959
e2r_vitb_mixup_baseline_s1,random200,n04081281/ILSVRC2012_val_00027988_n04081281,attn_entropy_bits,4.340991301
e2r_vitb_mixup_baseline_s1,random200,n04081281/ILSVRC2012_val_00027988_n04081281,ring1_mass,0.3845272081
e2r_vitb_mixup_baseline_s1,random200,n04081281/ILSVRC2012_val_00027988_n04081281,uniform_ring1_mass,0.2244897959
e2r_vitb_mixup_baseline_s1,random200,n04086273/ILSVRC2012_val_00011273_n04086273,attn_entropy_bits,5.253295649
e2r_vitb_mixup_baseline_s1,random200,n04086273/ILSVRC2012_val_00011273_n04086273,ring1_mass,0.3782926791
e2r_vitb_mixup_baseline_s1,random200,n04086273/ILSVRC2012_val_00011273_n04086273,uniform_ring1_mass,0.2244897959
e2r_vitb_mixup_baseline_s1,random200,n04099969/ILSVRC2012_val_00017447_n04099969,attn_entropy_bits,5.128528358
e2r_vitb_mixup_baseline_s1,random200,n04099969/ILSVRC2012_val_00017447_n04099969,ring1_mass,0.3153140991
e2r_vitb_mixup_baseline_s1,random200,n04099969/ILSVRC2012_val_00017447_n04099969,uniform_ring1_mass,0.2244897959
e2r_vitb_mixup_baseline_s1,random200,n04127249/ILSVRC2012_val_00029521_n04127249,attn_entropy_bits,4.904422763
e2r_vitb_mixup_baseline_s1,random200,n04127249/ILSVRC2012_val_00029521_n04127249,ring1_mass,0.3622142241
e2r_vitb_mixup_baseline_s1,random200,n04127249/ILSVRC2012_val_00029521_n04127249,uniform_ring1_mass,0.2244897959
e2r_vitb_mixup_baseline_s1,random200,n04152593/ILSVRC2012_val_00043526_n04152593,attn_entropy_bits,4.759646802
e2r_vitb_mixup_baseline_s1,random200,n04152593/ILSVRC2012_val_00043526_n04152593,ring1_mass,0.2095328662
e2r_vitb_mixup_baseline_s1,random200,n04152593/ILSVRC2012_val_00043526_n04152593,uniform_ring1_mass,0.2244897959
e2r_vitb_mixup_baseline_s1,random200,n04204347/ILSVRC2012_val_00049135_n04204347,attn_entropy_bits,4.213473812
e2r_vitb_mixup_baseline_s1,random200,n04204347/ILSVRC2012_val_00049135_n04204347,ring1_mass,0.2785699317
e2r_vitb_mixup_baseline_s1,random200,n04204347/ILSVRC2012_val_00049135_n04204347,uniform_ring1_mass,0.2244897959
e2r_vitb_mixup_baseline_s1,random200,n04238763/ILSVRC2012_val_00000266_n04238763,attn_entropy_bits,4.705931886
e2r_vitb_mixup_baseline_s1,random200,n04238763/ILSVRC2012_val_00000266_n04238763,ring1_mass,0.4934110096
e2r_vitb_mixup_baseline_s1,random200,n04238763/ILSVRC2012_val_00000266_n04238763,uniform_ring1_mass,0.2244897959
e2r_vitb_mixup_baseline_s1,random200,n04251144/ILSVRC2012_val_00003710_n04251144,attn_entropy_bits,4.328407937
e2r_vitb_mixup_baseline_s1,random200,n04251144/ILSVRC2012_val_00003710_n04251144,ring1_mass,0.4034156702
e2r_vitb_mixup_baseline_s1,random200,n04251144/ILSVRC2012_val_00003710_n04251144,uniform_ring1_mass,0.2244897959
e2r_vitb_mixup_baseline_s1,random200,n04252225/ILSVRC2012_val_00002510_n04252225,attn_entropy_bits,5.050489498
e2r_vitb_mixup_baseline_s1,random200,n04252225/ILSVRC2012_val_00002510_n04252225,ring1_mass,0.450406667
e2r_vitb_mixup_baseline_s1,random200,n04252225/ILSVRC2012_val_00002510_n04252225,uniform_ring1_mass,0.2244897959
e2r_vitb_mixup_baseline_s1,random200,n04258138/ILSVRC2012_val_00016247_n04258138,attn_entropy_bits,3.839089714
e2r_vitb_mixup_baseline_s1,random200,n04258138/ILSVRC2012_val_00016247_n04258138,ring1_mass,0.3350106546
e2r_vitb_mixup_baseline_s1,random200,n04258138/ILSVRC2012_val_00016247_n04258138,uniform_ring1_mass,0.2244897959
e2r_vitb_mixup_baseline_s1,random200,n04265275/ILSVRC2012_val_00015782_n04265275,attn_entropy_bits,5.192672388
e2r_vitb_mixup_baseline_s1,random200,n04265275/ILSVRC2012_val_00015782_n04265275,ring1_mass,0.4194403084
e2r_vitb_mixup_baseline_s1,random200,n04265275/ILSVRC2012_val_00015782_n04265275,uniform_ring1_mass,0.2244897959
e2r_vitb_mixup_baseline_s1,random200,n04330267/ILSVRC2012_val_00001312_n04330267,attn_entropy_bits,5.583988764
e2r_vitb_mixup_baseline_s1,random200,n04330267/ILSVRC2012_val_00001312_n04330267,ring1_mass,0.5144561466
e2r_vitb_mixup_baseline_s1,random200,n04330267/ILSVRC2012_val_00001312_n04330267,uniform_ring1_mass,0.2244897959
e2r_vitb_mixup_baseline_s1,random200,n04344873/ILSVRC2012_val_00041398_n04344873,attn_entropy_bits,4.76001993
e2r_vitb_mixup_baseline_s1,random200,n04344873/ILSVRC2012_val_00041398_n04344873,ring1_mass,0.4775191765
e2r_vitb_mixup_baseline_s1,random200,n04344873/ILSVRC2012_val_00041398_n04344873,uniform_ring1_mass,0.2244897959
e2r_vitb_mixup_baseline_s1,random200,n04356056/ILSVRC2012_val_00016088_n04356056,attn_entropy_bits,5.201509703
e2r_vitb_mixup_baseline_s1,random200,n04356056/ILSVRC2012_val_00016088_n04356056,ring1_mass,0.3064499456
e2r_vitb_mixup_baseline_s1,random200,n04356056/ILSVRC2012_val_00016088_n04356056,uniform_ring1_mass,0.2244897959
e2r_vitb_mixup_baseline_s1,random200,n04357314/ILSVRC2012_val_00023241_n04357314,attn_entropy_bits,5.349551367
e2r_vitb_mixup_baseline_s1,random200,n04357314/ILSVRC2012_val_00023241_n04357314,ring1_mass,0.343315382
e2r_vitb_mixup_baseline_s1,random200,n04357314/ILSVRC2012_val_00023241_n04357314,uniform_ring1_mass,0.2244897959
e2r_vitb_mixup_baseline_s1,random200,n04367480/ILSVRC2012_val_00002251_n04367480,attn_entropy_bits,5.739686259
e2r_vitb_mixup_baseline_s1,random200,n04367480/ILSVRC2012_val_00002251_n04367480,ring1_mass,0.3809839062
e2r_vitb_mixup_baseline_s1,random200,n04367480/ILSVRC2012_val_00002251_n04367480,uniform_ring1_mass,0.2244897959
e2r_vitb_mixup_baseline_s1,random200,n04370456/ILSVRC2012_val_00039686_n04370456,attn_entropy_bits,5.182693208
e2r_vitb_mixup_baseline_s1,random200,n04370456/ILSVRC2012_val_00039686_n04370456,ring1_mass,0.07616236907
e2r_vitb_mixup_baseline_s1,random200,n04370456/ILSVRC2012_val_00039686_n04370456,uniform_ring1_mass,0.2244897959
e2r_vitb_mixup_baseline_s1,random200,n04423845/ILSVRC2012_val_00036633_n04423845,attn_entropy_bits,4.922032288
e2r_vitb_mixup_baseline_s1,random200,n04423845/ILSVRC2012_val_00036633_n04423845,ring1_mass,0.6496097777
e2r_vitb_mixup_baseline_s1,random200,n04423845/ILSVRC2012_val_00036633_n04423845,uniform_ring1_mass,0.2244897959
e2r_vitb_mixup_baseline_s1,random200,n04447861/ILSVRC2012_val_00036382_n04447861,attn_entropy_bits,5.250644837
e2r_vitb_mixup_baseline_s1,random200,n04447861/ILSVRC2012_val_00036382_n04447861,ring1_mass,0.2460040935
e2r_vitb_mixup_baseline_s1,random200,n04447861/ILSVRC2012_val_00036382_n04447861,uniform_ring1_mass,0.2244897959
e2r_vitb_mixup_baseline_s1,random200,n04456115/ILSVRC2012_val_00048645_n04456115,attn_entropy_bits,5.346249563
e2r_vitb_mixup_baseline_s1,random200,n04456115/ILSVRC2012_val_00048645_n04456115,ring1_mass,0.3960500528
e2r_vitb_mixup_baseline_s1,random200,n04456115/ILSVRC2012_val_00048645_n04456115,uniform_ring1_mass,0.2244897959
e2r_vitb_mixup_baseline_s1,random200,n04458633/ILSVRC2012_val_00048297_n04458633,attn_entropy_bits,4.749115271
e2r_vitb_mixup_baseline_s1,random200,n04458633/ILSVRC2012_val_00048297_n04458633,ring1_mass,0.4731896892
e2r_vitb_mixup_baseline_s1,random200,n04458633/ILSVRC2012_val_00048297_n04458633,uniform_ring1_mass,0.2244897959
e2r_vitb_mixup_baseline_s1,random200,n04542943/ILSVRC2012_val_00015462_n04542943,attn_entropy_bits,4.482196301
e2r_vitb_mixup_baseline_s1,random200,n04542943/ILSVRC2012_val_00015462_n04542943,ring1_mass,0.3551641686
e2r_vitb_mixup_baseline_s1,random200,n04542943/ILSVRC2012_val_00015462_n04542943,uniform_ring1_mass,0.2244897959
e2r_vitb_mixup_baseline_s1,random200,n04548280/ILSVRC2012_val_00033732_n04548280,attn_entropy_bits,4.817988448
e2r_vitb_mixup_baseline_s1,random200,n04548280/ILSVRC2012_val_00033732_n04548280,ring1_mass,0.409612254
e2r_vitb_mixup_baseline_s1,random200,n04548280/ILSVRC2012_val_00033732_n04548280,uniform_ring1_mass,0.2244897959
e2r_vitb_mixup_baseline_s1,random200,n04548362/ILSVRC2012_val_00003108_n04548362,attn_entropy_bits,5.48045912
e2r_vitb_mixup_baseline_s1,random200,n04548362/ILSVRC2012_val_00003108_n04548362,ring1_mass,0.2911351036
e2r_vitb_mixup_baseline_s1,random200,n04548362/ILSVRC2012_val_00003108_n04548362,uniform_ring1_mass,0.2244897959
e2r_vitb_mixup_baseline_s1,random200,n04562935/ILSVRC2012_val_00032306_n04562935,attn_entropy_bits,5.340330849
e2r_vitb_mixup_baseline_s1,random200,n04562935/ILSVRC2012_val_00032306_n04562935,ring1_mass,0.6000534374
e2r_vitb_mixup_baseline_s1,random200,n04562935/ILSVRC2012_val_00032306_n04562935,uniform_ring1_mass,0.2244897959
e2r_vitb_mixup_baseline_s1,random200,n04597913/ILSVRC2012_val_00014544_n04597913,attn_entropy_bits,5.035926608
e2r_vitb_mixup_baseline_s1,random200,n04597913/ILSVRC2012_val_00014544_n04597913,ring1_mass,0.172439065
e2r_vitb_mixup_baseline_s1,random200,n04597913/ILSVRC2012_val_00014544_n04597913,uniform_ring1_mass,0.2244897959
e2r_vitb_mixup_baseline_s1,random200,n06596364/ILSVRC2012_val_00034905_n06596364,attn_entropy_bits,4.817391873
e2r_vitb_mixup_baseline_s1,random200,n06596364/ILSVRC2012_val_00034905_n06596364,ring1_mass,0.3395783932
e2r_vitb_mixup_baseline_s1,random200,n06596364/ILSVRC2012_val_00034905_n06596364,uniform_ring1_mass,0.2244897959
e2r_vitb_mixup_baseline_s1,random200,n07565083/ILSVRC2012_val_00010527_n07565083,attn_entropy_bits,5.886760904
e2r_vitb_mixup_baseline_s1,random200,n07565083/ILSVRC2012_val_00010527_n07565083,ring1_mass,0.5123405376
e2r_vitb_mixup_baseline_s1,random200,n07565083/ILSVRC2012_val_00010527_n07565083,uniform_ring1_mass,0.2244897959
e2r_vitb_mixup_baseline_s1,random200,n07613480/ILSVRC2012_val_00019604_n07613480,attn_entropy_bits,4.281903518
e2r_vitb_mixup_baseline_s1,random200,n07613480/ILSVRC2012_val_00019604_n07613480,ring1_mass,0.4646107704
e2r_vitb_mixup_baseline_s1,random200,n07613480/ILSVRC2012_val_00019604_n07613480,uniform_ring1_mass,0.2244897959
e2r_vitb_mixup_baseline_s1,random200,n07614500/ILSVRC2012_val_00014137_n07614500,attn_entropy_bits,5.399382907
e2r_vitb_mixup_baseline_s1,random200,n07614500/ILSVRC2012_val_00014137_n07614500,ring1_mass,0.4419312175
e2r_vitb_mixup_baseline_s1,random200,n07614500/ILSVRC2012_val_00014137_n07614500,uniform_ring1_mass,0.2244897959
e2r_vitb_mixup_baseline_s1,random200,n07711569/ILSVRC2012_val_00013084_n07711569,attn_entropy_bits,4.163913783
e2r_vitb_mixup_baseline_s1,random200,n07711569/ILSVRC2012_val_00013084_n07711569,ring1_mass,0.4343027563
e2r_vitb_mixup_baseline_s1,random200,n07711569/ILSVRC2012_val_00013084_n07711569,uniform_ring1_mass,0.2244897959
e2r_vitb_mixup_baseline_s1,random200,n07714990/ILSVRC2012_val_00023008_n07714990,attn_entropy_bits,4.35737564
e2r_vitb_mixup_baseline_s1,random200,n07714990/ILSVRC2012_val_00023008_n07714990,ring1_mass,0.7339860303
e2r_vitb_mixup_baseline_s1,random200,n07714990/ILSVRC2012_val_00023008_n07714990,uniform_ring1_mass,0.2244897959
e2r_vitb_mixup_baseline_s1,random200,n07745940/ILSVRC2012_val_00033919_n07745940,attn_entropy_bits,5.15900332
e2r_vitb_mixup_baseline_s1,random200,n07745940/ILSVRC2012_val_00033919_n07745940,ring1_mass,0.5345344261
e2r_vitb_mixup_baseline_s1,random200,n07745940/ILSVRC2012_val_00033919_n07745940,uniform_ring1_mass,0.2244897959
e2r_vitb_mixup_baseline_s1,random200,n07802026/ILSVRC2012_val_00005499_n07802026,attn_entropy_bits,4.613837365
e2r_vitb_mixup_baseline_s1,random200,n07802026/ILSVRC2012_val_00005499_n07802026,ring1_mass,0.5216831049
e2r_vitb_mixup_baseline_s1,random200,n07802026/ILSVRC2012_val_00005499_n07802026,uniform_ring1_mass,0.2244897959
e2r_vitb_mixup_baseline_s1,random200,n09229709/ILSVRC2012_val_00010094_n09229709,attn_entropy_bits,4.495315827
e2r_vitb_mixup_baseline_s1,random200,n09229709/ILSVRC2012_val_00010094_n09229709,ring1_mass,0.3683751681
e2r_vitb_mixup_baseline_s1,random200,n09229709/ILSVRC2012_val_00010094_n09229709,uniform_ring1_mass,0.2244897959
e2r_vitb_mixup_baseline_s1,random200,n09246464/ILSVRC2012_val_00001444_n09246464,attn_entropy_bits,5.374055946
e2r_vitb_mixup_baseline_s1,random200,n09246464/ILSVRC2012_val_00001444_n09246464,ring1_mass,0.4995311337
e2r_vitb_mixup_baseline_s1,random200,n09246464/ILSVRC2012_val_00001444_n09246464,uniform_ring1_mass,0.2244897959
e2r_vitb_mixup_baseline_s1,random200,n09428293/ILSVRC2012_val_00028242_n09428293,attn_entropy_bits,6.112579346
e2r_vitb_mixup_baseline_s1,random200,n09428293/ILSVRC2012_val_00028242_n09428293,ring1_mass,0.4032012648
e2r_vitb_mixup_baseline_s1,random200,n09428293/ILSVRC2012_val_00028242_n09428293,uniform_ring1_mass,0.2244897959
e2r_vitb_mixup_baseline_s1,random200,n12620546/ILSVRC2012_val_00023930_n12620546,attn_entropy_bits,4.283512518
e2r_vitb_mixup_baseline_s1,random200,n12620546/ILSVRC2012_val_00023930_n12620546,ring1_mass,0.4002653583
e2r_vitb_mixup_baseline_s1,random200,n12620546/ILSVRC2012_val_00023930_n12620546,uniform_ring1_mass,0.2244897959
e2r_vitb_mixup_baseline_s1,random200,n13044778/ILSVRC2012_val_00019186_n13044778,attn_entropy_bits,4.687911945
e2r_vitb_mixup_baseline_s1,random200,n13044778/ILSVRC2012_val_00019186_n13044778,ring1_mass,0.5144755127
e2r_vitb_mixup_baseline_s1,random200,n13044778/ILSVRC2012_val_00019186_n13044778,uniform_ring1_mass,0.2244897959
e2r_vitb_mixup_saga_s1,boxes20,000000003553,box_area_frac,0.6212631537
e2r_vitb_mixup_saga_s1,boxes20,000000003553,inbox_mass,0.7514511916
e2r_vitb_mixup_saga_s1,boxes20,000000003553,pointing_hit,1
e2r_vitb_mixup_saga_s1,boxes20,000000007108,box_area_frac,0.9992401746
e2r_vitb_mixup_saga_s1,boxes20,000000007108,inbox_mass,0.9999536904
e2r_vitb_mixup_saga_s1,boxes20,000000007108,pointing_hit,1
e2r_vitb_mixup_saga_s1,boxes20,000000047121,box_area_frac,0.8424147003
e2r_vitb_mixup_saga_s1,boxes20,000000047121,inbox_mass,0.7988654349
e2r_vitb_mixup_saga_s1,boxes20,000000047121,pointing_hit,1
e2r_vitb_mixup_saga_s1,boxes20,000000106563,box_area_frac,0.0280213648
e2r_vitb_mixup_saga_s1,boxes20,000000106563,inbox_mass,0.01544989807
e2r_vitb_mixup_saga_s1,boxes20,000000106563,pointing_hit,0
e2r_vitb_mixup_saga_s1,boxes20,000000118405,box_area_frac,0.002400300941
e2r_vitb_mixup_saga_s1,boxes20,000000118405,inbox_mass,0.00105468924
e2r_vitb_mixup_saga_s1,boxes20,000000118405,pointing_hit,0
e2r_vitb_mixup_saga_s1,boxes20,000000144932,box_area_frac,0.009634835379
e2r_vitb_mixup_saga_s1,boxes20,000000144932,inbox_mass,0.0326530099
e2r_vitb_mixup_saga_s1,boxes20,000000144932,pointing_hit,0
e2r_vitb_mixup_saga_s1,boxes20,000000210855,box_area_frac,0.0969786352
e2r_vitb_mixup_saga_s1,boxes20,000000210855,inbox_mass,0.1045280045
e2r_vitb_mixup_saga_s1,boxes20,000000210855,pointing_hit,0
e2r_vitb_mixup_saga_s1,boxes20,000000235857,box_area_frac,0.6055646624
e2r_vitb_mixup_saga_s1,boxes20,000000235857,inbox_mass,0.3615379832
e2r_vitb_mixup_saga_s1,boxes20,000000235857,pointing_hit,0
e2r_vitb_mixup_saga_s1,boxes20,000000281687,box_area_frac,0.5047395667
e2r_vitb_mixup_saga_s1,boxes20,000000281687,inbox_mass,0.2888503604
e2r_vitb_mixup_saga_s1,boxes20,000000281687,pointing_hit,0
e2r_vitb_mixup_saga_s1,boxes20,000000307172,box_area_frac,0.9637451172
e2r_vitb_mixup_saga_s1,boxes20,000000307172,inbox_mass,0.9600473675
e2r_vitb_mixup_saga_s1,boxes20,000000307172,pointing_hit,1
e2r_vitb_mixup_saga_s1,boxes20,000000359833,box_area_frac,0.7600807657
e2r_vitb_mixup_saga_s1,boxes20,000000359833,inbox_mass,0.9142001969
e2r_vitb_mixup_saga_s1,boxes20,000000359833,pointing_hit,1
e2r_vitb_mixup_saga_s1,boxes20,000000369675,box_area_frac,0.8303571429
e2r_vitb_mixup_saga_s1,boxes20,000000369675,inbox_mass,0.7846206873
e2r_vitb_mixup_saga_s1,boxes20,000000369675,pointing_hit,0
e2r_vitb_mixup_saga_s1,boxes20,000000419312,box_area_frac,1
e2r_vitb_mixup_saga_s1,boxes20,000000419312,inbox_mass,1
e2r_vitb_mixup_saga_s1,boxes20,000000419312,pointing_hit,1
e2r_vitb_mixup_saga_s1,boxes20,000000466567,box_area_frac,0.3389606087
e2r_vitb_mixup_saga_s1,boxes20,000000466567,inbox_mass,0.4965751589
e2r_vitb_mixup_saga_s1,boxes20,000000466567,pointing_hit,1
e2r_vitb_mixup_saga_s1,boxes20,000000496597,box_area_frac,0.007969447545
e2r_vitb_mixup_saga_s1,boxes20,000000496597,inbox_mass,0.02128452433
e2r_vitb_mixup_saga_s1,boxes20,000000496597,pointing_hit,0
e2r_vitb_mixup_saga_s1,boxes20,000000509656,box_area_frac,0.5623206314
e2r_vitb_mixup_saga_s1,boxes20,000000509656,inbox_mass,0.4557269853
e2r_vitb_mixup_saga_s1,boxes20,000000509656,pointing_hit,1
e2r_vitb_mixup_saga_s1,boxes20,000000533855,box_area_frac,0.2388044085
e2r_vitb_mixup_saga_s1,boxes20,000000533855,inbox_mass,0.1921868591
e2r_vitb_mixup_saga_s1,boxes20,000000533855,pointing_hit,0
e2r_vitb_mixup_saga_s1,boxes20,000000535858,box_area_frac,0.04809445751
e2r_vitb_mixup_saga_s1,boxes20,000000535858,inbox_mass,0.09547376625
e2r_vitb_mixup_saga_s1,boxes20,000000535858,pointing_hit,0
e2r_vitb_mixup_saga_s1,boxes20,000000545594,box_area_frac,0.647271604
e2r_vitb_mixup_saga_s1,boxes20,000000545594,inbox_mass,0.5243865841
e2r_vitb_mixup_saga_s1,boxes20,000000545594,pointing_hit,1
e2r_vitb_mixup_saga_s1,boxes20,000000552883,box_area_frac,0.008250956633
e2r_vitb_mixup_saga_s1,boxes20,000000552883,inbox_mass,0.002537232809
e2r_vitb_mixup_saga_s1,boxes20,000000552883,pointing_hit,0
e2r_vitb_mixup_saga_s1,random200,n01440764/ILSVRC2012_val_00039905_n01440764,attn_entropy_bits,4.685801779
e2r_vitb_mixup_saga_s1,random200,n01440764/ILSVRC2012_val_00039905_n01440764,ring1_mass,0.5110272498
e2r_vitb_mixup_saga_s1,random200,n01440764/ILSVRC2012_val_00039905_n01440764,uniform_ring1_mass,0.2244897959
e2r_vitb_mixup_saga_s1,random200,n01443537/ILSVRC2012_val_00012880_n01443537,attn_entropy_bits,5.140309212
e2r_vitb_mixup_saga_s1,random200,n01443537/ILSVRC2012_val_00012880_n01443537,ring1_mass,0.2052035274
e2r_vitb_mixup_saga_s1,random200,n01443537/ILSVRC2012_val_00012880_n01443537,uniform_ring1_mass,0.2244897959
e2r_vitb_mixup_saga_s1,random200,n01484850/ILSVRC2012_val_00016168_n01484850,attn_entropy_bits,4.945539973
e2r_vitb_mixup_saga_s1,random200,n01484850/ILSVRC2012_val_00016168_n01484850,ring1_mass,0.6047178673
e2r_vitb_mixup_saga_s1,random200,n01484850/ILSVRC2012_val_00016168_n01484850,uniform_ring1_mass,0.2244897959
e2r_vitb_mixup_saga_s1,random200,n01496331/ILSVRC2012_val_00005432_n01496331,attn_entropy_bits,4.156636661
e2r_vitb_mixup_saga_s1,random200,n01496331/ILSVRC2012_val_00005432_n01496331,ring1_mass,0.7043918094
e2r_vitb_mixup_saga_s1,random200,n01496331/ILSVRC2012_val_00005432_n01496331,uniform_ring1_mass,0.2244897959
e2r_vitb_mixup_saga_s1,random200,n01514859/ILSVRC2012_val_00042568_n01514859,attn_entropy_bits,4.401815823
e2r_vitb_mixup_saga_s1,random200,n01514859/ILSVRC2012_val_00042568_n01514859,ring1_mass,0.3504207106
e2r_vitb_mixup_saga_s1,random200,n01514859/ILSVRC2012_val_00042568_n01514859,uniform_ring1_mass,0.2244897959
e2r_vitb_mixup_saga_s1,random200,n01530575/ILSVRC2012_val_00004006_n01530575,attn_entropy_bits,4.373756168
e2r_vitb_mixup_saga_s1,random200,n01530575/ILSVRC2012_val_00004006_n01530575,ring1_mass,0.5839902939
e2r_vitb_mixup_saga_s1,random200,n01530575/ILSVRC2012_val_00004006_n01530575,uniform_ring1_mass,0.2244897959
e2r_vitb_mixup_saga_s1,random200,n01616318/ILSVRC2012_val_00045589_n01616318,attn_entropy_bits,4.490957089
e2r_vitb_mixup_saga_s1,random200,n01616318/ILSVRC2012_val_00045589_n01616318,ring1_mass,0.382457027
e2r_vitb_mixup_saga_s1,random200,n01616318/ILSVRC2012_val_00045589_n01616318,uniform_ring1_mass,0.2244897959
e2r_vitb_mixup_saga_s1,random200,n01622779/ILSVRC2012_val_00032875_n01622779,attn_entropy_bits,5.136657621
e2r_vitb_mixup_saga_s1,random200,n01622779/ILSVRC2012_val_00032875_n01622779,ring1_mass,0.2227523741
e2r_vitb_mixup_saga_s1,random200,n01622779/ILSVRC2012_val_00032875_n01622779,uniform_ring1_mass,0.2244897959
e2r_vitb_mixup_saga_s1,random200,n01629819/ILSVRC2012_val_00048463_n01629819,attn_entropy_bits,5.287819064
e2r_vitb_mixup_saga_s1,random200,n01629819/ILSVRC2012_val_00048463_n01629819,ring1_mass,0.3538171957
e2r_vitb_mixup_saga_s1,random200,n01629819/ILSVRC2012_val_00048463_n01629819,uniform_ring1_mass,0.2244897959
e2r_vitb_mixup_saga_s1,random200,n01641577/ILSVRC2012_val_00030342_n01641577,attn_entropy_bits,5.105095733
e2r_vitb_mixup_saga_s1,random200,n01641577/ILSVRC2012_val_00030342_n01641577,ring1_mass,0.1619018413
e2r_vitb_mixup_saga_s1,random200,n01641577/ILSVRC2012_val_00030342_n01641577,uniform_ring1_mass,0.2244897959
e2r_vitb_mixup_saga_s1,random200,n01665541/ILSVRC2012_val_00000938_n01665541,attn_entropy_bits,5.481310378
e2r_vitb_mixup_saga_s1,random200,n01665541/ILSVRC2012_val_00000938_n01665541,ring1_mass,0.2790362396
e2r_vitb_mixup_saga_s1,random200,n01665541/ILSVRC2012_val_00000938_n01665541,uniform_ring1_mass,0.2244897959
e2r_vitb_mixup_saga_s1,random200,n01667778/ILSVRC2012_val_00031774_n01667778,attn_entropy_bits,4.925829737
e2r_vitb_mixup_saga_s1,random200,n01667778/ILSVRC2012_val_00031774_n01667778,ring1_mass,0.2584617023
e2r_vitb_mixup_saga_s1,random200,n01667778/ILSVRC2012_val_00031774_n01667778,uniform_ring1_mass,0.2244897959
e2r_vitb_mixup_saga_s1,random200,n01675722/ILSVRC2012_val_00005647_n01675722,attn_entropy_bits,4.621054562
e2r_vitb_mixup_saga_s1,random200,n01675722/ILSVRC2012_val_00005647_n01675722,ring1_mass,0.3991426482
e2r_vitb_mixup_saga_s1,random200,n01675722/ILSVRC2012_val_00005647_n01675722,uniform_ring1_mass,0.2244897959
e2r_vitb_mixup_saga_s1,random200,n01687978/ILSVRC2012_val_00038998_n01687978,attn_entropy_bits,4.987499554
e2r_vitb_mixup_saga_s1,random200,n01687978/ILSVRC2012_val_00038998_n01687978,ring1_mass,0.3118667678
e2r_vitb_mixup_saga_s1,random200,n01687978/ILSVRC2012_val_00038998_n01687978,uniform_ring1_mass,0.2244897959
e2r_vitb_mixup_saga_s1,random200,n01773549/ILSVRC2012_val_00012895_n01773549,attn_entropy_bits,4.67094352
e2r_vitb_mixup_saga_s1,random200,n01773549/ILSVRC2012_val_00012895_n01773549,ring1_mass,0.4315775494
e2r_vitb_mixup_saga_s1,random200,n01773549/ILSVRC2012_val_00012895_n01773549,uniform_ring1_mass,0.2244897959
e2r_vitb_mixup_saga_s1,random200,n01774384/ILSVRC2012_val_00006437_n01774384,attn_entropy_bits,4.504939183
e2r_vitb_mixup_saga_s1,random200,n01774384/ILSVRC2012_val_00006437_n01774384,ring1_mass,0.3618818212
e2r_vitb_mixup_saga_s1,random200,n01774384/ILSVRC2012_val_00006437_n01774384,uniform_ring1_mass,0.2244897959
e2r_vitb_mixup_saga_s1,random200,n01784675/ILSVRC2012_val_00019211_n01784675,attn_entropy_bits,4.46855014
e2r_vitb_mixup_saga_s1,random200,n01784675/ILSVRC2012_val_00019211_n01784675,ring1_mass,0.2636521244
e2r_vitb_mixup_saga_s1,random200,n01784675/ILSVRC2012_val_00019211_n01784675,uniform_ring1_mass,0.2244897959
e2r_vitb_mixup_saga_s1,random200,n01806143/ILSVRC2012_val_00011943_n01806143,attn_entropy_bits,4.495365954
e2r_vitb_mixup_saga_s1,random200,n01806143/ILSVRC2012_val_00011943_n01806143,ring1_mass,0.3521623401
e2r_vitb_mixup_saga_s1,random200,n01806143/ILSVRC2012_val_00011943_n01806143,uniform_ring1_mass,0.2244897959
e2r_vitb_mixup_saga_s1,random200,n01807496/ILSVRC2012_val_00009226_n01807496,attn_entropy_bits,5.050520868
e2r_vitb_mixup_saga_s1,random200,n01807496/ILSVRC2012_val_00009226_n01807496,ring1_mass,0.4715989253
e2r_vitb_mixup_saga_s1,random200,n01807496/ILSVRC2012_val_00009226_n01807496,uniform_ring1_mass,0.2244897959
e2r_vitb_mixup_saga_s1,random200,n01828970/ILSVRC2012_val_00035127_n01828970,attn_entropy_bits,5.385024597
e2r_vitb_mixup_saga_s1,random200,n01828970/ILSVRC2012_val_00035127_n01828970,ring1_mass,0.6548532187
e2r_vitb_mixup_saga_s1,random200,n01828970/ILSVRC2012_val_00035127_n01828970,uniform_ring1_mass,0.2244897959
e2r_vitb_mixup_saga_s1,random200,n01843065/ILSVRC2012_val_00044268_n01843065,attn_entropy_bits,4.882335093
e2r_vitb_mixup_saga_s1,random200,n01843065/ILSVRC2012_val_00044268_n01843065,ring1_mass,0.4606903839
e2r_vitb_mixup_saga_s1,random200,n01843065/ILSVRC2012_val_00044268_n01843065,uniform_ring1_mass,0.2244897959
e2r_vitb_mixup_saga_s1,random200,n01843383/ILSVRC2012_val_00049093_n01843383,attn_entropy_bits,4.73026962
e2r_vitb_mixup_saga_s1,random200,n01843383/ILSVRC2012_val_00049093_n01843383,ring1_mass,0.3539406481
e2r_vitb_mixup_saga_s1,random200,n01843383/ILSVRC2012_val_00049093_n01843383,uniform_ring1_mass,0.2244897959
e2r_vitb_mixup_saga_s1,random200,n01873310/ILSVRC2012_val_00022384_n01873310,attn_entropy_bits,4.360147856
e2r_vitb_mixup_saga_s1,random200,n01873310/ILSVRC2012_val_00022384_n01873310,ring1_mass,0.3946345377
e2r_vitb_mixup_saga_s1,random200,n01873310/ILSVRC2012_val_00022384_n01873310,uniform_ring1_mass,0.2244897959
e2r_vitb_mixup_saga_s1,random200,n01914609/ILSVRC2012_val_00037668_n01914609,attn_entropy_bits,5.1283954
e2r_vitb_mixup_saga_s1,random200,n01914609/ILSVRC2012_val_00037668_n01914609,ring1_mass,0.292443154
e2r_vitb_mixup_saga_s1,random200,n01914609/ILSVRC2012_val_00037668_n01914609,uniform_ring1_mass,0.2244897959
e2r_vitb_mixup_saga_s1,random200,n01943899/ILSVRC2012_val_00038299_n01943899,attn_entropy_bits,4.276946185
e2r_vitb_mixup_saga_s1,random200,n01943899/ILSVRC2012_val_00038299_n01943899,ring1_mass,0.5647817472
e2r_vitb_mixup_saga_s1,random200,n01943899/ILSVRC2012_val_00038299_n01943899,uniform_ring1_mass,0.2244897959
e2r_vitb_mixup_saga_s1,random200,n01945685/ILSVRC2012_val_00047674_n01945685,attn_entropy_bits,4.664142232
e2r_vitb_mixup_saga_s1,random200,n01945685/ILSVRC2012_val_00047674_n01945685,ring1_mass,0.4040099401
e2r_vitb_mixup_saga_s1,random200,n01945685/ILSVRC2012_val_00047674_n01945685,uniform_ring1_mass,0.2244897959
e2r_vitb_mixup_saga_s1,random200,n01978455/ILSVRC2012_val_00047476_n01978455,attn_entropy_bits,4.263614443
e2r_vitb_mixup_saga_s1,random200,n01978455/ILSVRC2012_val_00047476_n01978455,ring1_mass,0.2300639869
e2r_vitb_mixup_saga_s1,random200,n01978455/ILSVRC2012_val_00047476_n01978455,uniform_ring1_mass,0.2244897959
e2r_vitb_mixup_saga_s1,random200,n01983481/ILSVRC2012_val_00039303_n01983481,attn_entropy_bits,4.499577228
e2r_vitb_mixup_saga_s1,random200,n01983481/ILSVRC2012_val_00039303_n01983481,ring1_mass,0.7677072233
e2r_vitb_mixup_saga_s1,random200,n01983481/ILSVRC2012_val_00039303_n01983481,uniform_ring1_mass,0.2244897959
e2r_vitb_mixup_saga_s1,random200,n01984695/ILSVRC2012_val_00008156_n01984695,attn_entropy_bits,4.931201922
e2r_vitb_mixup_saga_s1,random200,n01984695/ILSVRC2012_val_00008156_n01984695,ring1_mass,0.3894924442
e2r_vitb_mixup_saga_s1,random200,n01984695/ILSVRC2012_val_00008156_n01984695,uniform_ring1_mass,0.2244897959
e2r_vitb_mixup_saga_s1,random200,n02002556/ILSVRC2012_val_00026760_n02002556,attn_entropy_bits,5.341726175
e2r_vitb_mixup_saga_s1,random200,n02002556/ILSVRC2012_val_00026760_n02002556,ring1_mass,0.5686190502
e2r_vitb_mixup_saga_s1,random200,n02002556/ILSVRC2012_val_00026760_n02002556,uniform_ring1_mass,0.2244897959
e2r_vitb_mixup_saga_s1,random200,n02002724/ILSVRC2012_val_00017388_n02002724,attn_entropy_bits,4.955263167
e2r_vitb_mixup_saga_s1,random200,n02002724/ILSVRC2012_val_00017388_n02002724,ring1_mass,0.5172768649
e2r_vitb_mixup_saga_s1,random200,n02002724/ILSVRC2012_val_00017388_n02002724,uniform_ring1_mass,0.2244897959
e2r_vitb_mixup_saga_s1,random200,n02006656/ILSVRC2012_val_00022418_n02006656,attn_entropy_bits,5.014517239
e2r_vitb_mixup_saga_s1,random200,n02006656/ILSVRC2012_val_00022418_n02006656,ring1_mass,0.5269845908
e2r_vitb_mixup_saga_s1,random200,n02006656/ILSVRC2012_val_00022418_n02006656,uniform_ring1_mass,0.2244897959
e2r_vitb_mixup_saga_s1,random200,n02007558/ILSVRC2012_val_00037990_n02007558,attn_entropy_bits,4.642141397
e2r_vitb_mixup_saga_s1,random200,n02007558/ILSVRC2012_val_00037990_n02007558,ring1_mass,0.05943022769
e2r_vitb_mixup_saga_s1,random200,n02007558/ILSVRC2012_val_00037990_n02007558,uniform_ring1_mass,0.2244897959
e2r_vitb_mixup_saga_s1,random200,n02012849/ILSVRC2012_val_00036873_n02012849,attn_entropy_bits,5.110281334
e2r_vitb_mixup_saga_s1,random200,n02012849/ILSVRC2012_val_00036873_n02012849,ring1_mass,0.366804558
e2r_vitb_mixup_saga_s1,random200,n02012849/ILSVRC2012_val_00036873_n02012849,uniform_ring1_mass,0.2244897959
e2r_vitb_mixup_saga_s1,random200,n02025239/ILSVRC2012_val_00043769_n02025239,attn_entropy_bits,4.97766029
e2r_vitb_mixup_saga_s1,random200,n02025239/ILSVRC2012_val_00043769_n02025239,ring1_mass,0.6403939386
e2r_vitb_mixup_saga_s1,random200,n02025239/ILSVRC2012_val_00043769_n02025239,uniform_ring1_mass,0.2244897959
e2r_vitb_mixup_saga_s1,random200,n02028035/ILSVRC2012_val_00047784_n02028035,attn_entropy_bits,5.165615936
e2r_vitb_mixup_saga_s1,random200,n02028035/ILSVRC2012_val_00047784_n02028035,ring1_mass,0.651331378
e2r_vitb_mixup_saga_s1,random200,n02028035/ILSVRC2012_val_00047784_n02028035,uniform_ring1_mass,0.2244897959
e2r_vitb_mixup_saga_s1,random200,n02058221/ILSVRC2012_val_00026949_n02058221,attn_entropy_bits,5.314115237
e2r_vitb_mixup_saga_s1,random200,n02058221/ILSVRC2012_val_00026949_n02058221,ring1_mass,0.1752304393
e2r_vitb_mixup_saga_s1,random200,n02058221/ILSVRC2012_val_00026949_n02058221,uniform_ring1_mass,0.2244897959
e2r_vitb_mixup_saga_s1,random200,n02085620/ILSVRC2012_val_00018882_n02085620,attn_entropy_bits,4.668352087
e2r_vitb_mixup_saga_s1,random200,n02085620/ILSVRC2012_val_00018882_n02085620,ring1_mass,0.08318311323
e2r_vitb_mixup_saga_s1,random200,n02085620/ILSVRC2012_val_00018882_n02085620,uniform_ring1_mass,0.2244897959
e2r_vitb_mixup_saga_s1,random200,n02088364/ILSVRC2012_val_00032527_n02088364,attn_entropy_bits,4.223556423
e2r_vitb_mixup_saga_s1,random200,n02088364/ILSVRC2012_val_00032527_n02088364,ring1_mass,0.3239403638
e2r_vitb_mixup_saga_s1,random200,n02088364/ILSVRC2012_val_00032527_n02088364,uniform_ring1_mass,0.2244897959
e2r_vitb_mixup_saga_s1,random200,n02088466/ILSVRC2012_val_00036523_n02088466,attn_entropy_bits,5.144614032
e2r_vitb_mixup_saga_s1,random200,n02088466/ILSVRC2012_val_00036523_n02088466,ring1_mass,0.392482249
e2r_vitb_mixup_saga_s1,random200,n02088466/ILSVRC2012_val_00036523_n02088466,uniform_ring1_mass,0.2244897959
e2r_vitb_mixup_saga_s1,random200,n02089973/ILSVRC2012_val_00043580_n02089973,attn_entropy_bits,4.494835528
e2r_vitb_mixup_saga_s1,random200,n02089973/ILSVRC2012_val_00043580_n02089973,ring1_mass,0.09373203683
e2r_vitb_mixup_saga_s1,random200,n02089973/ILSVRC2012_val_00043580_n02089973,uniform_ring1_mass,0.2244897959
e2r_vitb_mixup_saga_s1,random200,n02090379/ILSVRC2012_val_00039022_n02090379,attn_entropy_bits,4.811952861
e2r_vitb_mixup_saga_s1,random200,n02090379/ILSVRC2012_val_00039022_n02090379,ring1_mass,0.464494667
e2r_vitb_mixup_saga_s1,random200,n02090379/ILSVRC2012_val_00039022_n02090379,uniform_ring1_mass,0.2244897959
e2r_vitb_mixup_saga_s1,random200,n02090622/ILSVRC2012_val_00003164_n02090622,attn_entropy_bits,4.430150711
e2r_vitb_mixup_saga_s1,random200,n02090622/ILSVRC2012_val_00003164_n02090622,ring1_mass,0.47468549
e2r_vitb_mixup_saga_s1,random200,n02090622/ILSVRC2012_val_00003164_n02090622,uniform_ring1_mass,0.2244897959
e2r_vitb_mixup_saga_s1,random200,n02091467/ILSVRC2012_val_00027213_n02091467,attn_entropy_bits,4.636054878
e2r_vitb_mixup_saga_s1,random200,n02091467/ILSVRC2012_val_00027213_n02091467,ring1_mass,0.4538937484
e2r_vitb_mixup_saga_s1,random200,n02091467/ILSVRC2012_val_00027213_n02091467,uniform_ring1_mass,0.2244897959
e2r_vitb_mixup_saga_s1,random200,n02093647/ILSVRC2012_val_00003269_n02093647,attn_entropy_bits,5.040036896
e2r_vitb_mixup_saga_s1,random200,n02093647/ILSVRC2012_val_00003269_n02093647,ring1_mass,0.538710557
e2r_vitb_mixup_saga_s1,random200,n02093647/ILSVRC2012_val_00003269_n02093647,uniform_ring1_mass,0.2244897959
e2r_vitb_mixup_saga_s1,random200,n02094258/ILSVRC2012_val_00009009_n02094258,attn_entropy_bits,4.91425437
e2r_vitb_mixup_saga_s1,random200,n02094258/ILSVRC2012_val_00009009_n02094258,ring1_mass,0.59036728
e2r_vitb_mixup_saga_s1,random200,n02094258/ILSVRC2012_val_00009009_n02094258,uniform_ring1_mass,0.2244897959
e2r_vitb_mixup_saga_s1,random200,n02096437/ILSVRC2012_val_00001028_n02096437,attn_entropy_bits,4.431620979
e2r_vitb_mixup_saga_s1,random200,n02096437/ILSVRC2012_val_00001028_n02096437,ring1_mass,0.2257895377
e2r_vitb_mixup_saga_s1,random200,n02096437/ILSVRC2012_val_00001028_n02096437,uniform_ring1_mass,0.2244897959
e2r_vitb_mixup_saga_s1,random200,n02099712/ILSVRC2012_val_00008346_n02099712,attn_entropy_bits,4.214701875
e2r_vitb_mixup_saga_s1,random200,n02099712/ILSVRC2012_val_00008346_n02099712,ring1_mass,0.05168969654
e2r_vitb_mixup_saga_s1,random200,n02099712/ILSVRC2012_val_00008346_n02099712,uniform_ring1_mass,0.2244897959
e2r_vitb_mixup_saga_s1,random200,n02100583/ILSVRC2012_val_00040937_n02100583,attn_entropy_bits,5.148588604
e2r_vitb_mixup_saga_s1,random200,n02100583/ILSVRC2012_val_00040937_n02100583,ring1_mass,0.2327647366
e2r_vitb_mixup_saga_s1,random200,n02100583/ILSVRC2012_val_00040937_n02100583,uniform_ring1_mass,0.2244897959
e2r_vitb_mixup_saga_s1,random200,n02100735/ILSVRC2012_val_00011024_n02100735,attn_entropy_bits,4.507890433
e2r_vitb_mixup_saga_s1,random200,n02100735/ILSVRC2012_val_00011024_n02100735,ring1_mass,0.6515073363
e2r_vitb_mixup_saga_s1,random200,n02100735/ILSVRC2012_val_00011024_n02100735,uniform_ring1_mass,0.2244897959
e2r_vitb_mixup_saga_s1,random200,n02105056/ILSVRC2012_val_00007903_n02105056,attn_entropy_bits,4.265735832
e2r_vitb_mixup_saga_s1,random200,n02105056/ILSVRC2012_val_00007903_n02105056,ring1_mass,0.6747562013
e2r_vitb_mixup_saga_s1,random200,n02105056/ILSVRC2012_val_00007903_n02105056,uniform_ring1_mass,0.2244897959
e2r_vitb_mixup_saga_s1,random200,n02106662/ILSVRC2012_val_00018107_n02106662,attn_entropy_bits,5.029827582
e2r_vitb_mixup_saga_s1,random200,n02106662/ILSVRC2012_val_00018107_n02106662,ring1_mass,0.283521403
e2r_vitb_mixup_saga_s1,random200,n02106662/ILSVRC2012_val_00018107_n02106662,uniform_ring1_mass,0.2244897959
e2r_vitb_mixup_saga_s1,random200,n02107908/ILSVRC2012_val_00045618_n02107908,attn_entropy_bits,4.914658919
e2r_vitb_mixup_saga_s1,random200,n02107908/ILSVRC2012_val_00045618_n02107908,ring1_mass,0.3277332069
e2r_vitb_mixup_saga_s1,random200,n02107908/ILSVRC2012_val_00045618_n02107908,uniform_ring1_mass,0.2244897959
e2r_vitb_mixup_saga_s1,random200,n02111889/ILSVRC2012_val_00028695_n02111889,attn_entropy_bits,4.196769509
e2r_vitb_mixup_saga_s1,random200,n02111889/ILSVRC2012_val_00028695_n02111889,ring1_mass,0.491784358
e2r_vitb_mixup_saga_s1,random200,n02111889/ILSVRC2012_val_00028695_n02111889,uniform_ring1_mass,0.2244897959
e2r_vitb_mixup_saga_s1,random200,n02112350/ILSVRC2012_val_00013160_n02112350,attn_entropy_bits,4.57677079
e2r_vitb_mixup_saga_s1,random200,n02112350/ILSVRC2012_val_00013160_n02112350,ring1_mass,0.4565861488
e2r_vitb_mixup_saga_s1,random200,n02112350/ILSVRC2012_val_00013160_n02112350,uniform_ring1_mass,0.2244897959
e2r_vitb_mixup_saga_s1,random200,n02113799/ILSVRC2012_val_00000800_n02113799,attn_entropy_bits,5.156216402
e2r_vitb_mixup_saga_s1,random200,n02113799/ILSVRC2012_val_00000800_n02113799,ring1_mass,0.1996690686
e2r_vitb_mixup_saga_s1,random200,n02113799/ILSVRC2012_val_00000800_n02113799,uniform_ring1_mass,0.2244897959
e2r_vitb_mixup_saga_s1,random200,n02114367/ILSVRC2012_val_00017311_n02114367,attn_entropy_bits,4.864465084
e2r_vitb_mixup_saga_s1,random200,n02114367/ILSVRC2012_val_00017311_n02114367,ring1_mass,0.443938057
e2r_vitb_mixup_saga_s1,random200,n02114367/ILSVRC2012_val_00017311_n02114367,uniform_ring1_mass,0.2244897959
e2r_vitb_mixup_saga_s1,random200,n02117135/ILSVRC2012_val_00000983_n02117135,attn_entropy_bits,4.781391569
e2r_vitb_mixup_saga_s1,random200,n02117135/ILSVRC2012_val_00000983_n02117135,ring1_mass,0.4441589047
e2r_vitb_mixup_saga_s1,random200,n02117135/ILSVRC2012_val_00000983_n02117135,uniform_ring1_mass,0.2244897959
e2r_vitb_mixup_saga_s1,random200,n02125311/ILSVRC2012_val_00039595_n02125311,attn_entropy_bits,4.494919083
e2r_vitb_mixup_saga_s1,random200,n02125311/ILSVRC2012_val_00039595_n02125311,ring1_mass,0.4238407069
e2r_vitb_mixup_saga_s1,random200,n02125311/ILSVRC2012_val_00039595_n02125311,uniform_ring1_mass,0.2244897959
e2r_vitb_mixup_saga_s1,random200,n02133161/ILSVRC2012_val_00046668_n02133161,attn_entropy_bits,5.166888304
e2r_vitb_mixup_saga_s1,random200,n02133161/ILSVRC2012_val_00046668_n02133161,ring1_mass,0.2279588519
e2r_vitb_mixup_saga_s1,random200,n02133161/ILSVRC2012_val_00046668_n02133161,uniform_ring1_mass,0.2244897959
e2r_vitb_mixup_saga_s1,random200,n02137549/ILSVRC2012_val_00047555_n02137549,attn_entropy_bits,5.532958152
e2r_vitb_mixup_saga_s1,random200,n02137549/ILSVRC2012_val_00047555_n02137549,ring1_mass,0.4546476034
e2r_vitb_mixup_saga_s1,random200,n02137549/ILSVRC2012_val_00047555_n02137549,uniform_ring1_mass,0.2244897959
e2r_vitb_mixup_saga_s1,random200,n02167151/ILSVRC2012_val_00005169_n02167151,attn_entropy_bits,4.522958382
e2r_vitb_mixup_saga_s1,random200,n02167151/ILSVRC2012_val_00005169_n02167151,ring1_mass,0.5939874745
e2r_vitb_mixup_saga_s1,random200,n02167151/ILSVRC2012_val_00005169_n02167151,uniform_ring1_mass,0.2244897959
e2r_vitb_mixup_saga_s1,random200,n02172182/ILSVRC2012_val_00002042_n02172182,attn_entropy_bits,3.773882417
e2r_vitb_mixup_saga_s1,random200,n02172182/ILSVRC2012_val_00002042_n02172182,ring1_mass,0.5475929174
e2r_vitb_mixup_saga_s1,random200,n02172182/ILSVRC2012_val_00002042_n02172182,uniform_ring1_mass,0.2244897959
e2r_vitb_mixup_saga_s1,random200,n02174001/ILSVRC2012_val_00034738_n02174001,attn_entropy_bits,4.064104056
e2r_vitb_mixup_saga_s1,random200,n02174001/ILSVRC2012_val_00034738_n02174001,ring1_mass,0.1168622197
e2r_vitb_mixup_saga_s1,random200,n02174001/ILSVRC2012_val_00034738_n02174001,uniform_ring1_mass,0.2244897959
e2r_vitb_mixup_saga_s1,random200,n02177972/ILSVRC2012_val_00044760_n02177972,attn_entropy_bits,4.73895619
e2r_vitb_mixup_saga_s1,random200,n02177972/ILSVRC2012_val_00044760_n02177972,ring1_mass,0.5649466209
e2r_vitb_mixup_saga_s1,random200,n02177972/ILSVRC2012_val_00044760_n02177972,uniform_ring1_mass,0.2244897959
e2r_vitb_mixup_saga_s1,random200,n02219486/ILSVRC2012_val_00031820_n02219486,attn_entropy_bits,5.568788293
e2r_vitb_mixup_saga_s1,random200,n02219486/ILSVRC2012_val_00031820_n02219486,ring1_mass,0.2563425847
e2r_vitb_mixup_saga_s1,random200,n02219486/ILSVRC2012_val_00031820_n02219486,uniform_ring1_mass,0.2244897959
e2r_vitb_mixup_saga_s1,random200,n02226429/ILSVRC2012_val_00032265_n02226429,attn_entropy_bits,4.632724888
e2r_vitb_mixup_saga_s1,random200,n02226429/ILSVRC2012_val_00032265_n02226429,ring1_mass,0.4957863531
e2r_vitb_mixup_saga_s1,random200,n02226429/ILSVRC2012_val_00032265_n02226429,uniform_ring1_mass,0.2244897959
e2r_vitb_mixup_saga_s1,random200,n02281787/ILSVRC2012_val_00043381_n02281787,attn_entropy_bits,4.248237954
e2r_vitb_mixup_saga_s1,random200,n02281787/ILSVRC2012_val_00043381_n02281787,ring1_mass,0.3763953523
e2r_vitb_mixup_saga_s1,random200,n02281787/ILSVRC2012_val_00043381_n02281787,uniform_ring1_mass,0.2244897959
e2r_vitb_mixup_saga_s1,random200,n02326432/ILSVRC2012_val_00049948_n02326432,attn_entropy_bits,4.466327928
e2r_vitb_mixup_saga_s1,random200,n02326432/ILSVRC2012_val_00049948_n02326432,ring1_mass,0.1950177376
e2r_vitb_mixup_saga_s1,random200,n02326432/ILSVRC2012_val_00049948_n02326432,uniform_ring1_mass,0.2244897959
e2r_vitb_mixup_saga_s1,random200,n02342885/ILSVRC2012_val_00016348_n02342885,attn_entropy_bits,4.475083887
e2r_vitb_mixup_saga_s1,random200,n02342885/ILSVRC2012_val_00016348_n02342885,ring1_mass,0.4200157938
e2r_vitb_mixup_saga_s1,random200,n02342885/ILSVRC2012_val_00016348_n02342885,uniform_ring1_mass,0.2244897959
e2r_vitb_mixup_saga_s1,random200,n02363005/ILSVRC2012_val_00025114_n02363005,attn_entropy_bits,4.624284739
e2r_vitb_mixup_saga_s1,random200,n02363005/ILSVRC2012_val_00025114_n02363005,ring1_mass,0.5006445899
e2r_vitb_mixup_saga_s1,random200,n02363005/ILSVRC2012_val_00025114_n02363005,uniform_ring1_mass,0.2244897959
e2r_vitb_mixup_saga_s1,random200,n02389026/ILSVRC2012_val_00018928_n02389026,attn_entropy_bits,4.300884598
e2r_vitb_mixup_saga_s1,random200,n02389026/ILSVRC2012_val_00018928_n02389026,ring1_mass,0.4206967053
e2r_vitb_mixup_saga_s1,random200,n02389026/ILSVRC2012_val_00018928_n02389026,uniform_ring1_mass,0.2244897959
e2r_vitb_mixup_saga_s1,random200,n02403003/ILSVRC2012_val_00039271_n02403003,attn_entropy_bits,3.915724453
e2r_vitb_mixup_saga_s1,random200,n02403003/ILSVRC2012_val_00039271_n02403003,ring1_mass,0.2925889642
e2r_vitb_mixup_saga_s1,random200,n02403003/ILSVRC2012_val_00039271_n02403003,uniform_ring1_mass,0.2244897959
e2r_vitb_mixup_saga_s1,random200,n02412080/ILSVRC2012_val_00030484_n02412080,attn_entropy_bits,4.131007082
e2r_vitb_mixup_saga_s1,random200,n02412080/ILSVRC2012_val_00030484_n02412080,ring1_mass,0.3966052856
e2r_vitb_mixup_saga_s1,random200,n02412080/ILSVRC2012_val_00030484_n02412080,uniform_ring1_mass,0.2244897959
e2r_vitb_mixup_saga_s1,random200,n02415577/ILSVRC2012_val_00040551_n02415577,attn_entropy_bits,4.691832283
e2r_vitb_mixup_saga_s1,random200,n02415577/ILSVRC2012_val_00040551_n02415577,ring1_mass,0.3276729677
e2r_vitb_mixup_saga_s1,random200,n02415577/ILSVRC2012_val_00040551_n02415577,uniform_ring1_mass,0.2244897959
e2r_vitb_mixup_saga_s1,random200,n02442845/ILSVRC2012_val_00028458_n02442845,attn_entropy_bits,4.963946588
e2r_vitb_mixup_saga_s1,random200,n02442845/ILSVRC2012_val_00028458_n02442845,ring1_mass,0.3887265645
e2r_vitb_mixup_saga_s1,random200,n02442845/ILSVRC2012_val_00028458_n02442845,uniform_ring1_mass,0.2244897959
e2r_vitb_mixup_saga_s1,random200,n02444819/ILSVRC2012_val_00032606_n02444819,attn_entropy_bits,3.909303131
e2r_vitb_mixup_saga_s1,random200,n02444819/ILSVRC2012_val_00032606_n02444819,ring1_mass,0.07383026977
e2r_vitb_mixup_saga_s1,random200,n02444819/ILSVRC2012_val_00032606_n02444819,uniform_ring1_mass,0.2244897959
e2r_vitb_mixup_saga_s1,random200,n02457408/ILSVRC2012_val_00042044_n02457408,attn_entropy_bits,4.497491633
e2r_vitb_mixup_saga_s1,random200,n02457408/ILSVRC2012_val_00042044_n02457408,ring1_mass,0.5869831904
e2r_vitb_mixup_saga_s1,random200,n02457408/ILSVRC2012_val_00042044_n02457408,uniform_ring1_mass,0.2244897959
e2r_vitb_mixup_saga_s1,random200,n02483708/ILSVRC2012_val_00000087_n02483708,attn_entropy_bits,4.919651547
e2r_vitb_mixup_saga_s1,random200,n02483708/ILSVRC2012_val_00000087_n02483708,ring1_mass,0.5200005586
e2r_vitb_mixup_saga_s1,random200,n02483708/ILSVRC2012_val_00000087_n02483708,uniform_ring1_mass,0.2244897959
e2r_vitb_mixup_saga_s1,random200,n02484975/ILSVRC2012_val_00006410_n02484975,attn_entropy_bits,4.492650921
e2r_vitb_mixup_saga_s1,random200,n02484975/ILSVRC2012_val_00006410_n02484975,ring1_mass,0.3254351895
e2r_vitb_mixup_saga_s1,random200,n02484975/ILSVRC2012_val_00006410_n02484975,uniform_ring1_mass,0.2244897959
e2r_vitb_mixup_saga_s1,random200,n02490219/ILSVRC2012_val_00009701_n02490219,attn_entropy_bits,4.226014309
e2r_vitb_mixup_saga_s1,random200,n02490219/ILSVRC2012_val_00009701_n02490219,ring1_mass,0.5367492078
e2r_vitb_mixup_saga_s1,random200,n02490219/ILSVRC2012_val_00009701_n02490219,uniform_ring1_mass,0.2244897959
e2r_vitb_mixup_saga_s1,random200,n02493509/ILSVRC2012_val_00022082_n02493509,attn_entropy_bits,4.907302338
e2r_vitb_mixup_saga_s1,random200,n02493509/ILSVRC2012_val_00022082_n02493509,ring1_mass,0.3525949279
e2r_vitb_mixup_saga_s1,random200,n02493509/ILSVRC2012_val_00022082_n02493509,uniform_ring1_mass,0.2244897959
e2r_vitb_mixup_saga_s1,random200,n02509815/ILSVRC2012_val_00016071_n02509815,attn_entropy_bits,4.651683731
e2r_vitb_mixup_saga_s1,random200,n02509815/ILSVRC2012_val_00016071_n02509815,ring1_mass,0.3611764261
e2r_vitb_mixup_saga_s1,random200,n02509815/ILSVRC2012_val_00016071_n02509815,uniform_ring1_mass,0.2244897959
e2r_vitb_mixup_saga_s1,random200,n02607072/ILSVRC2012_val_00021505_n02607072,attn_entropy_bits,5.272413808
e2r_vitb_mixup_saga_s1,random200,n02607072/ILSVRC2012_val_00021505_n02607072,ring1_mass,0.3976509858
e2r_vitb_mixup_saga_s1,random200,n02607072/ILSVRC2012_val_00021505_n02607072,uniform_ring1_mass,0.2244897959
e2r_vitb_mixup_saga_s1,random200,n02640242/ILSVRC2012_val_00001436_n02640242,attn_entropy_bits,5.216415407
e2r_vitb_mixup_saga_s1,random200,n02640242/ILSVRC2012_val_00001436_n02640242,ring1_mass,0.5943244947
e2r_vitb_mixup_saga_s1,random200,n02640242/ILSVRC2012_val_00001436_n02640242,uniform_ring1_mass,0.2244897959
e2r_vitb_mixup_saga_s1,random200,n02655020/ILSVRC2012_val_00008730_n02655020,attn_entropy_bits,4.991987818
e2r_vitb_mixup_saga_s1,random200,n02655020/ILSVRC2012_val_00008730_n02655020,ring1_mass,0.4623418545
e2r_vitb_mixup_saga_s1,random200,n02655020/ILSVRC2012_val_00008730_n02655020,uniform_ring1_mass,0.2244897959
e2r_vitb_mixup_saga_s1,random200,n02687172/ILSVRC2012_val_00032680_n02687172,attn_entropy_bits,4.531233725
e2r_vitb_mixup_saga_s1,random200,n02687172/ILSVRC2012_val_00032680_n02687172,ring1_mass,0.5550510043
e2r_vitb_mixup_saga_s1,random200,n02687172/ILSVRC2012_val_00032680_n02687172,uniform_ring1_mass,0.2244897959
e2r_vitb_mixup_saga_s1,random200,n02783161/ILSVRC2012_val_00044024_n02783161,attn_entropy_bits,4.264877912
e2r_vitb_mixup_saga_s1,random200,n02783161/ILSVRC2012_val_00044024_n02783161,ring1_mass,0.4670014328
e2r_vitb_mixup_saga_s1,random200,n02783161/ILSVRC2012_val_00044024_n02783161,uniform_ring1_mass,0.2244897959
e2r_vitb_mixup_saga_s1,random200,n02786058/ILSVRC2012_val_00000706_n02786058,attn_entropy_bits,4.845594775
e2r_vitb_mixup_saga_s1,random200,n02786058/ILSVRC2012_val_00000706_n02786058,ring1_mass,0.4085299599
e2r_vitb_mixup_saga_s1,random200,n02786058/ILSVRC2012_val_00000706_n02786058,uniform_ring1_mass,0.2244897959
e2r_vitb_mixup_saga_s1,random200,n02787622/ILSVRC2012_val_00019653_n02787622,attn_entropy_bits,4.474863672
e2r_vitb_mixup_saga_s1,random200,n02787622/ILSVRC2012_val_00019653_n02787622,ring1_mass,0.06442069416
e2r_vitb_mixup_saga_s1,random200,n02787622/ILSVRC2012_val_00019653_n02787622,uniform_ring1_mass,0.2244897959
e2r_vitb_mixup_saga_s1,random200,n02788148/ILSVRC2012_val_00014558_n02788148,attn_entropy_bits,4.557977778
e2r_vitb_mixup_saga_s1,random200,n02788148/ILSVRC2012_val_00014558_n02788148,ring1_mass,0.5547907366
e2r_vitb_mixup_saga_s1,random200,n02788148/ILSVRC2012_val_00014558_n02788148,uniform_ring1_mass,0.2244897959
e2r_vitb_mixup_saga_s1,random200,n02790996/ILSVRC2012_val_00035930_n02790996,attn_entropy_bits,4.02981583
e2r_vitb_mixup_saga_s1,random200,n02790996/ILSVRC2012_val_00035930_n02790996,ring1_mass,0.276424966
e2r_vitb_mixup_saga_s1,random200,n02790996/ILSVRC2012_val_00035930_n02790996,uniform_ring1_mass,0.2244897959
e2r_vitb_mixup_saga_s1,random200,n02794156/ILSVRC2012_val_00036595_n02794156,attn_entropy_bits,4.188457491
e2r_vitb_mixup_saga_s1,random200,n02794156/ILSVRC2012_val_00036595_n02794156,ring1_mass,0.03144096524
e2r_vitb_mixup_saga_s1,random200,n02794156/ILSVRC2012_val_00036595_n02794156,uniform_ring1_mass,0.2244897959
e2r_vitb_mixup_saga_s1,random200,n02804414/ILSVRC2012_val_00010744_n02804414,attn_entropy_bits,4.405142147
e2r_vitb_mixup_saga_s1,random200,n02804414/ILSVRC2012_val_00010744_n02804414,ring1_mass,0.5009365196
e2r_vitb_mixup_saga_s1,random200,n02804414/ILSVRC2012_val_00010744_n02804414,uniform_ring1_mass,0.2244897959
e2r_vitb_mixup_saga_s1,random200,n02807133/ILSVRC2012_val_00043987_n02807133,attn_entropy_bits,4.665982152
e2r_vitb_mixup_saga_s1,random200,n02807133/ILSVRC2012_val_00043987_n02807133,ring1_mass,0.3331745823
e2r_vitb_mixup_saga_s1,random200,n02807133/ILSVRC2012_val_00043987_n02807133,uniform_ring1_mass,0.2244897959
e2r_vitb_mixup_saga_s1,random200,n02817516/ILSVRC2012_val_00007414_n02817516,attn_entropy_bits,4.354138268
e2r_vitb_mixup_saga_s1,random200,n02817516/ILSVRC2012_val_00007414_n02817516,ring1_mass,0.3794123417
e2r_vitb_mixup_saga_s1,random200,n02817516/ILSVRC2012_val_00007414_n02817516,uniform_ring1_mass,0.2244897959
e2r_vitb_mixup_saga_s1,random200,n02834397/ILSVRC2012_val_00049192_n02834397,attn_entropy_bits,4.415285355
e2r_vitb_mixup_saga_s1,random200,n02834397/ILSVRC2012_val_00049192_n02834397,ring1_mass,0.3010121106
e2r_vitb_mixup_saga_s1,random200,n02834397/ILSVRC2012_val_00049192_n02834397,uniform_ring1_mass,0.2244897959
e2r_vitb_mixup_saga_s1,random200,n02865351/ILSVRC2012_val_00018752_n02865351,attn_entropy_bits,4.880716721
e2r_vitb_mixup_saga_s1,random200,n02865351/ILSVRC2012_val_00018752_n02865351,ring1_mass,0.5597779303
e2r_vitb_mixup_saga_s1,random200,n02865351/ILSVRC2012_val_00018752_n02865351,uniform_ring1_mass,0.2244897959
e2r_vitb_mixup_saga_s1,random200,n02877765/ILSVRC2012_val_00045915_n02877765,attn_entropy_bits,4.6041407
e2r_vitb_mixup_saga_s1,random200,n02877765/ILSVRC2012_val_00045915_n02877765,ring1_mass,0.6182898633
e2r_vitb_mixup_saga_s1,random200,n02877765/ILSVRC2012_val_00045915_n02877765,uniform_ring1_mass,0.2244897959
e2r_vitb_mixup_saga_s1,random200,n02895154/ILSVRC2012_val_00032037_n02895154,attn_entropy_bits,4.530311974
e2r_vitb_mixup_saga_s1,random200,n02895154/ILSVRC2012_val_00032037_n02895154,ring1_mass,0.2293049993
e2r_vitb_mixup_saga_s1,random200,n02895154/ILSVRC2012_val_00032037_n02895154,uniform_ring1_mass,0.2244897959
e2r_vitb_mixup_saga_s1,random200,n02971356/ILSVRC2012_val_00022451_n02971356,attn_entropy_bits,4.475683304
e2r_vitb_mixup_saga_s1,random200,n02971356/ILSVRC2012_val_00022451_n02971356,ring1_mass,0.2921228576
e2r_vitb_mixup_saga_s1,random200,n02971356/ILSVRC2012_val_00022451_n02971356,uniform_ring1_mass,0.2244897959
e2r_vitb_mixup_saga_s1,random200,n02978881/ILSVRC2012_val_00017217_n02978881,attn_entropy_bits,4.491645353
e2r_vitb_mixup_saga_s1,random200,n02978881/ILSVRC2012_val_00017217_n02978881,ring1_mass,0.521580828
e2r_vitb_mixup_saga_s1,random200,n02978881/ILSVRC2012_val_00017217_n02978881,uniform_ring1_mass,0.2244897959
e2r_vitb_mixup_saga_s1,random200,n03041632/ILSVRC2012_val_00008526_n03041632,attn_entropy_bits,4.487647762
e2r_vitb_mixup_saga_s1,random200,n03041632/ILSVRC2012_val_00008526_n03041632,ring1_mass,0.3771935594
e2r_vitb_mixup_saga_s1,random200,n03041632/ILSVRC2012_val_00008526_n03041632,uniform_ring1_mass,0.2244897959
e2r_vitb_mixup_saga_s1,random200,n03042490/ILSVRC2012_val_00027258_n03042490,attn_entropy_bits,4.211165059
e2r_vitb_mixup_saga_s1,random200,n03042490/ILSVRC2012_val_00027258_n03042490,ring1_mass,0.2776734973
e2r_vitb_mixup_saga_s1,random200,n03042490/ILSVRC2012_val_00027258_n03042490,uniform_ring1_mass,0.2244897959
e2r_vitb_mixup_saga_s1,random200,n03085013/ILSVRC2012_val_00002499_n03085013,attn_entropy_bits,4.507881489
e2r_vitb_mixup_saga_s1,random200,n03085013/ILSVRC2012_val_00002499_n03085013,ring1_mass,0.5508945139
e2r_vitb_mixup_saga_s1,random200,n03085013/ILSVRC2012_val_00002499_n03085013,uniform_ring1_mass,0.2244897959
e2r_vitb_mixup_saga_s1,random200,n03095699/ILSVRC2012_val_00001339_n03095699,attn_entropy_bits,3.967174221
e2r_vitb_mixup_saga_s1,random200,n03095699/ILSVRC2012_val_00001339_n03095699,ring1_mass,0.5372920978
e2r_vitb_mixup_saga_s1,random200,n03095699/ILSVRC2012_val_00001339_n03095699,uniform_ring1_mass,0.2244897959
e2r_vitb_mixup_saga_s1,random200,n03124170/ILSVRC2012_val_00032152_n03124170,attn_entropy_bits,4.602629722
e2r_vitb_mixup_saga_s1,random200,n03124170/ILSVRC2012_val_00032152_n03124170,ring1_mass,0.7102012543
e2r_vitb_mixup_saga_s1,random200,n03124170/ILSVRC2012_val_00032152_n03124170,uniform_ring1_mass,0.2244897959
e2r_vitb_mixup_saga_s1,random200,n03125729/ILSVRC2012_val_00032315_n03125729,attn_entropy_bits,4.646842546
e2r_vitb_mixup_saga_s1,random200,n03125729/ILSVRC2012_val_00032315_n03125729,ring1_mass,0.6620240463
e2r_vitb_mixup_saga_s1,random200,n03125729/ILSVRC2012_val_00032315_n03125729,uniform_ring1_mass,0.2244897959
e2r_vitb_mixup_saga_s1,random200,n03134739/ILSVRC2012_val_00023436_n03134739,attn_entropy_bits,4.985574611
e2r_vitb_mixup_saga_s1,random200,n03134739/ILSVRC2012_val_00023436_n03134739,ring1_mass,0.3809174256
e2r_vitb_mixup_saga_s1,random200,n03134739/ILSVRC2012_val_00023436_n03134739,uniform_ring1_mass,0.2244897959
e2r_vitb_mixup_saga_s1,random200,n03196217/ILSVRC2012_val_00049458_n03196217,attn_entropy_bits,4.694865979
e2r_vitb_mixup_saga_s1,random200,n03196217/ILSVRC2012_val_00049458_n03196217,ring1_mass,0.5082128255
e2r_vitb_mixup_saga_s1,random200,n03196217/ILSVRC2012_val_00049458_n03196217,uniform_ring1_mass,0.2244897959
e2r_vitb_mixup_saga_s1,random200,n03220513/ILSVRC2012_val_00007952_n03220513,attn_entropy_bits,4.384422116
e2r_vitb_mixup_saga_s1,random200,n03220513/ILSVRC2012_val_00007952_n03220513,ring1_mass,0.4649103666
e2r_vitb_mixup_saga_s1,random200,n03220513/ILSVRC2012_val_00007952_n03220513,uniform_ring1_mass,0.2244897959
e2r_vitb_mixup_saga_s1,random200,n03250847/ILSVRC2012_val_00020232_n03250847,attn_entropy_bits,5.417129093
e2r_vitb_mixup_saga_s1,random200,n03250847/ILSVRC2012_val_00020232_n03250847,ring1_mass,0.6509392086
e2r_vitb_mixup_saga_s1,random200,n03250847/ILSVRC2012_val_00020232_n03250847,uniform_ring1_mass,0.2244897959
e2r_vitb_mixup_saga_s1,random200,n03290653/ILSVRC2012_val_00046068_n03290653,attn_entropy_bits,4.609239992
e2r_vitb_mixup_saga_s1,random200,n03290653/ILSVRC2012_val_00046068_n03290653,ring1_mass,0.6484389391
e2r_vitb_mixup_saga_s1,random200,n03290653/ILSVRC2012_val_00046068_n03290653,uniform_ring1_mass,0.2244897959
e2r_vitb_mixup_saga_s1,random200,n03297495/ILSVRC2012_val_00023386_n03297495,attn_entropy_bits,6.03482709
e2r_vitb_mixup_saga_s1,random200,n03297495/ILSVRC2012_val_00023386_n03297495,ring1_mass,0.3993591593
e2r_vitb_mixup_saga_s1,random200,n03297495/ILSVRC2012_val_00023386_n03297495,uniform_ring1_mass,0.2244897959
e2r_vitb_mixup_saga_s1,random200,n03337140/ILSVRC2012_val_00021909_n03337140,attn_entropy_bits,4.476416588
e2r_vitb_mixup_saga_s1,random200,n03337140/ILSVRC2012_val_00021909_n03337140,ring1_mass,0.1040005835
e2r_vitb_mixup_saga_s1,random200,n03337140/ILSVRC2012_val_00021909_n03337140,uniform_ring1_mass,0.2244897959
e2r_vitb_mixup_saga_s1,random200,n03372029/ILSVRC2012_val_00009395_n03372029,attn_entropy_bits,4.391756692
e2r_vitb_mixup_saga_s1,random200,n03372029/ILSVRC2012_val_00009395_n03372029,ring1_mass,0.4011833403
e2r_vitb_mixup_saga_s1,random200,n03372029/ILSVRC2012_val_00009395_n03372029,uniform_ring1_mass,0.2244897959
e2r_vitb_mixup_saga_s1,random200,n03388043/ILSVRC2012_val_00029752_n03388043,attn_entropy_bits,4.475776969
e2r_vitb_mixup_saga_s1,random200,n03388043/ILSVRC2012_val_00029752_n03388043,ring1_mass,0.1368751922
e2r_vitb_mixup_saga_s1,random200,n03388043/ILSVRC2012_val_00029752_n03388043,uniform_ring1_mass,0.2244897959
e2r_vitb_mixup_saga_s1,random200,n03425413/ILSVRC2012_val_00044370_n03425413,attn_entropy_bits,4.516624737
e2r_vitb_mixup_saga_s1,random200,n03425413/ILSVRC2012_val_00044370_n03425413,ring1_mass,0.1550911169
e2r_vitb_mixup_saga_s1,random200,n03425413/ILSVRC2012_val_00044370_n03425413,uniform_ring1_mass,0.2244897959
e2r_vitb_mixup_saga_s1,random200,n03444034/ILSVRC2012_val_00047858_n03444034,attn_entropy_bits,5.288998689
e2r_vitb_mixup_saga_s1,random200,n03444034/ILSVRC2012_val_00047858_n03444034,ring1_mass,0.2590876324
e2r_vitb_mixup_saga_s1,random200,n03444034/ILSVRC2012_val_00047858_n03444034,uniform_ring1_mass,0.2244897959
e2r_vitb_mixup_saga_s1,random200,n03445777/ILSVRC2012_val_00031897_n03445777,attn_entropy_bits,4.18156141
e2r_vitb_mixup_saga_s1,random200,n03445777/ILSVRC2012_val_00031897_n03445777,ring1_mass,0.2392554198
e2r_vitb_mixup_saga_s1,random200,n03445777/ILSVRC2012_val_00031897_n03445777,uniform_ring1_mass,0.2244897959
e2r_vitb_mixup_saga_s1,random200,n03447447/ILSVRC2012_val_00016814_n03447447,attn_entropy_bits,4.392626357
e2r_vitb_mixup_saga_s1,random200,n03447447/ILSVRC2012_val_00016814_n03447447,ring1_mass,0.3789761659
e2r_vitb_mixup_saga_s1,random200,n03447447/ILSVRC2012_val_00016814_n03447447,uniform_ring1_mass,0.2244897959
e2r_vitb_mixup_saga_s1,random200,n03492542/ILSVRC2012_val_00011209_n03492542,attn_entropy_bits,5.365413485
e2r_vitb_mixup_saga_s1,random200,n03492542/ILSVRC2012_val_00011209_n03492542,ring1_mass,0.278296954
e2r_vitb_mixup_saga_s1,random200,n03492542/ILSVRC2012_val_00011209_n03492542,uniform_ring1_mass,0.2244897959
e2r_vitb_mixup_saga_s1,random200,n03496892/ILSVRC2012_val_00010776_n03496892,attn_entropy_bits,4.433368598
e2r_vitb_mixup_saga_s1,random200,n03496892/ILSVRC2012_val_00010776_n03496892,ring1_mass,0.697464096
e2r_vitb_mixup_saga_s1,random200,n03496892/ILSVRC2012_val_00010776_n03496892,uniform_ring1_mass,0.2244897959
e2r_vitb_mixup_saga_s1,random200,n03532672/ILSVRC2012_val_00042387_n03532672,attn_entropy_bits,5.195129132
e2r_vitb_mixup_saga_s1,random200,n03532672/ILSVRC2012_val_00042387_n03532672,ring1_mass,0.4539291034
e2r_vitb_mixup_saga_s1,random200,n03532672/ILSVRC2012_val_00042387_n03532672,uniform_ring1_mass,0.2244897959
e2r_vitb_mixup_saga_s1,random200,n03538406/ILSVRC2012_val_00014022_n03538406,attn_entropy_bits,4.110889701
e2r_vitb_mixup_saga_s1,random200,n03538406/ILSVRC2012_val_00014022_n03538406,ring1_mass,0.3211403671
e2r_vitb_mixup_saga_s1,random200,n03538406/ILSVRC2012_val_00014022_n03538406,uniform_ring1_mass,0.2244897959
e2r_vitb_mixup_saga_s1,random200,n03544143/ILSVRC2012_val_00036746_n03544143,attn_entropy_bits,5.138046861
e2r_vitb_mixup_saga_s1,random200,n03544143/ILSVRC2012_val_00036746_n03544143,ring1_mass,0.6525333345
e2r_vitb_mixup_saga_s1,random200,n03544143/ILSVRC2012_val_00036746_n03544143,uniform_ring1_mass,0.2244897959
e2r_vitb_mixup_saga_s1,random200,n03584829/ILSVRC2012_val_00009834_n03584829,attn_entropy_bits,4.577437366
e2r_vitb_mixup_saga_s1,random200,n03584829/ILSVRC2012_val_00009834_n03584829,ring1_mass,0.5246614313
e2r_vitb_mixup_saga_s1,random200,n03584829/ILSVRC2012_val_00009834_n03584829,uniform_ring1_mass,0.2244897959
e2r_vitb_mixup_saga_s1,random200,n03590841/ILSVRC2012_val_00009971_n03590841,attn_entropy_bits,4.593092061
e2r_vitb_mixup_saga_s1,random200,n03590841/ILSVRC2012_val_00009971_n03590841,ring1_mass,0.4341996813
e2r_vitb_mixup_saga_s1,random200,n03590841/ILSVRC2012_val_00009971_n03590841,uniform_ring1_mass,0.2244897959
e2r_vitb_mixup_saga_s1,random200,n03594734/ILSVRC2012_val_00045877_n03594734,attn_entropy_bits,5.382447134
e2r_vitb_mixup_saga_s1,random200,n03594734/ILSVRC2012_val_00045877_n03594734,ring1_mass,0.2475136214
e2r_vitb_mixup_saga_s1,random200,n03594734/ILSVRC2012_val_00045877_n03594734,uniform_ring1_mass,0.2244897959
e2r_vitb_mixup_saga_s1,random200,n03623198/ILSVRC2012_val_00024197_n03623198,attn_entropy_bits,4.49112376
e2r_vitb_mixup_saga_s1,random200,n03623198/ILSVRC2012_val_00024197_n03623198,ring1_mass,0.118064799
e2r_vitb_mixup_saga_s1,random200,n03623198/ILSVRC2012_val_00024197_n03623198,uniform_ring1_mass,0.2244897959
e2r_vitb_mixup_saga_s1,random200,n03633091/ILSVRC2012_val_00025920_n03633091,attn_entropy_bits,5.520731747
e2r_vitb_mixup_saga_s1,random200,n03633091/ILSVRC2012_val_00025920_n03633091,ring1_mass,0.5371144773
e2r_vitb_mixup_saga_s1,random200,n03633091/ILSVRC2012_val_00025920_n03633091,uniform_ring1_mass,0.2244897959
e2r_vitb_mixup_saga_s1,random200,n03661043/ILSVRC2012_val_00044809_n03661043,attn_entropy_bits,4.529105146
e2r_vitb_mixup_saga_s1,random200,n03661043/ILSVRC2012_val_00044809_n03661043,ring1_mass,0.6128204314
e2r_vitb_mixup_saga_s1,random200,n03661043/ILSVRC2012_val_00044809_n03661043,uniform_ring1_mass,0.2244897959
e2r_vitb_mixup_saga_s1,random200,n03670208/ILSVRC2012_val_00049113_n03670208,attn_entropy_bits,5.587005039
e2r_vitb_mixup_saga_s1,random200,n03670208/ILSVRC2012_val_00049113_n03670208,ring1_mass,0.3392473519
e2r_vitb_mixup_saga_s1,random200,n03670208/ILSVRC2012_val_00049113_n03670208,uniform_ring1_mass,0.2244897959
e2r_vitb_mixup_saga_s1,random200,n03676483/ILSVRC2012_val_00019870_n03676483,attn_entropy_bits,4.869366102
e2r_vitb_mixup_saga_s1,random200,n03676483/ILSVRC2012_val_00019870_n03676483,ring1_mass,0.5894164637
e2r_vitb_mixup_saga_s1,random200,n03676483/ILSVRC2012_val_00019870_n03676483,uniform_ring1_mass,0.2244897959
e2r_vitb_mixup_saga_s1,random200,n03690938/ILSVRC2012_val_00003829_n03690938,attn_entropy_bits,4.874105281
e2r_vitb_mixup_saga_s1,random200,n03690938/ILSVRC2012_val_00003829_n03690938,ring1_mass,0.63180925
e2r_vitb_mixup_saga_s1,random200,n03690938/ILSVRC2012_val_00003829_n03690938,uniform_ring1_mass,0.2244897959
e2r_vitb_mixup_saga_s1,random200,n03733281/ILSVRC2012_val_00028102_n03733281,attn_entropy_bits,5.196864418
e2r_vitb_mixup_saga_s1,random200,n03733281/ILSVRC2012_val_00028102_n03733281,ring1_mass,0.1766129401
e2r_vitb_mixup_saga_s1,random200,n03733281/ILSVRC2012_val_00028102_n03733281,uniform_ring1_mass,0.2244897959
e2r_vitb_mixup_saga_s1,random200,n03742115/ILSVRC2012_val_00040196_n03742115,attn_entropy_bits,5.361885249
e2r_vitb_mixup_saga_s1,random200,n03742115/ILSVRC2012_val_00040196_n03742115,ring1_mass,0.1389771646
e2r_vitb_mixup_saga_s1,random200,n03742115/ILSVRC2012_val_00040196_n03742115,uniform_ring1_mass,0.2244897959
e2r_vitb_mixup_saga_s1,random200,n03743016/ILSVRC2012_val_00020408_n03743016,attn_entropy_bits,4.615194269
e2r_vitb_mixup_saga_s1,random200,n03743016/ILSVRC2012_val_00020408_n03743016,ring1_mass,0.601361876
e2r_vitb_mixup_saga_s1,random200,n03743016/ILSVRC2012_val_00020408_n03743016,uniform_ring1_mass,0.2244897959
e2r_vitb_mixup_saga_s1,random200,n03763968/ILSVRC2012_val_00022356_n03763968,attn_entropy_bits,4.500961171
e2r_vitb_mixup_saga_s1,random200,n03763968/ILSVRC2012_val_00022356_n03763968,ring1_mass,0.4258002856
e2r_vitb_mixup_saga_s1,random200,n03763968/ILSVRC2012_val_00022356_n03763968,uniform_ring1_mass,0.2244897959
e2r_vitb_mixup_saga_s1,random200,n03770439/ILSVRC2012_val_00041915_n03770439,attn_entropy_bits,4.69263177
e2r_vitb_mixup_saga_s1,random200,n03770439/ILSVRC2012_val_00041915_n03770439,ring1_mass,0.3028100072
e2r_vitb_mixup_saga_s1,random200,n03770439/ILSVRC2012_val_00041915_n03770439,uniform_ring1_mass,0.2244897959
e2r_vitb_mixup_saga_s1,random200,n03777568/ILSVRC2012_val_00029873_n03777568,attn_entropy_bits,3.532724049
e2r_vitb_mixup_saga_s1,random200,n03777568/ILSVRC2012_val_00029873_n03777568,ring1_mass,0.1125591514
e2r_vitb_mixup_saga_s1,random200,n03777568/ILSVRC2012_val_00029873_n03777568,uniform_ring1_mass,0.2244897959
e2r_vitb_mixup_saga_s1,random200,n03785016/ILSVRC2012_val_00024487_n03785016,attn_entropy_bits,5.548228832
e2r_vitb_mixup_saga_s1,random200,n03785016/ILSVRC2012_val_00024487_n03785016,ring1_mass,0.5657367006
e2r_vitb_mixup_saga_s1,random200,n03785016/ILSVRC2012_val_00024487_n03785016,uniform_ring1_mass,0.2244897959
e2r_vitb_mixup_saga_s1,random200,n03791053/ILSVRC2012_val_00037320_n03791053,attn_entropy_bits,4.357245172
e2r_vitb_mixup_saga_s1,random200,n03791053/ILSVRC2012_val_00037320_n03791053,ring1_mass,0.3631928684
e2r_vitb_mixup_saga_s1,random200,n03791053/ILSVRC2012_val_00037320_n03791053,uniform_ring1_mass,0.2244897959
e2r_vitb_mixup_saga_s1,random200,n03840681/ILSVRC2012_val_00007739_n03840681,attn_entropy_bits,4.851725308
e2r_vitb_mixup_saga_s1,random200,n03840681/ILSVRC2012_val_00007739_n03840681,ring1_mass,0.4998139012
e2r_vitb_mixup_saga_s1,random200,n03840681/ILSVRC2012_val_00007739_n03840681,uniform_ring1_mass,0.2244897959
e2r_vitb_mixup_saga_s1,random200,n03857828/ILSVRC2012_val_00015087_n03857828,attn_entropy_bits,4.584630054
e2r_vitb_mixup_saga_s1,random200,n03857828/ILSVRC2012_val_00015087_n03857828,ring1_mass,0.04114208901
e2r_vitb_mixup_saga_s1,random200,n03857828/ILSVRC2012_val_00015087_n03857828,uniform_ring1_mass,0.2244897959
e2r_vitb_mixup_saga_s1,random200,n03868242/ILSVRC2012_val_00006162_n03868242,attn_entropy_bits,5.15813851
e2r_vitb_mixup_saga_s1,random200,n03868242/ILSVRC2012_val_00006162_n03868242,ring1_mass,0.579930399
e2r_vitb_mixup_saga_s1,random200,n03868242/ILSVRC2012_val_00006162_n03868242,uniform_ring1_mass,0.2244897959
e2r_vitb_mixup_saga_s1,random200,n03888605/ILSVRC2012_val_00031613_n03888605,attn_entropy_bits,4.439158607
e2r_vitb_mixup_saga_s1,random200,n03888605/ILSVRC2012_val_00031613_n03888605,ring1_mass,0.02018750274
e2r_vitb_mixup_saga_s1,random200,n03888605/ILSVRC2012_val_00031613_n03888605,uniform_ring1_mass,0.2244897959
e2r_vitb_mixup_saga_s1,random200,n03902125/ILSVRC2012_val_00035336_n03902125,attn_entropy_bits,4.691717755
e2r_vitb_mixup_saga_s1,random200,n03902125/ILSVRC2012_val_00035336_n03902125,ring1_mass,0.4462235726
e2r_vitb_mixup_saga_s1,random200,n03902125/ILSVRC2012_val_00035336_n03902125,uniform_ring1_mass,0.2244897959
e2r_vitb_mixup_saga_s1,random200,n03929660/ILSVRC2012_val_00036513_n03929660,attn_entropy_bits,5.190397433
e2r_vitb_mixup_saga_s1,random200,n03929660/ILSVRC2012_val_00036513_n03929660,ring1_mass,0.586269219
e2r_vitb_mixup_saga_s1,random200,n03929660/ILSVRC2012_val_00036513_n03929660,uniform_ring1_mass,0.2244897959
e2r_vitb_mixup_saga_s1,random200,n03933933/ILSVRC2012_val_00000702_n03933933,attn_entropy_bits,5.47238006
e2r_vitb_mixup_saga_s1,random200,n03933933/ILSVRC2012_val_00000702_n03933933,ring1_mass,0.5662415059
e2r_vitb_mixup_saga_s1,random200,n03933933/ILSVRC2012_val_00000702_n03933933,uniform_ring1_mass,0.2244897959
e2r_vitb_mixup_saga_s1,random200,n03956157/ILSVRC2012_val_00032007_n03956157,attn_entropy_bits,4.645710028
e2r_vitb_mixup_saga_s1,random200,n03956157/ILSVRC2012_val_00032007_n03956157,ring1_mass,0.4291004646
e2r_vitb_mixup_saga_s1,random200,n03956157/ILSVRC2012_val_00032007_n03956157,uniform_ring1_mass,0.2244897959
e2r_vitb_mixup_saga_s1,random200,n03961711/ILSVRC2012_val_00037251_n03961711,attn_entropy_bits,4.765670106
e2r_vitb_mixup_saga_s1,random200,n03961711/ILSVRC2012_val_00037251_n03961711,ring1_mass,0.3902053424
e2r_vitb_mixup_saga_s1,random200,n03961711/ILSVRC2012_val_00037251_n03961711,uniform_ring1_mass,0.2244897959
e2r_vitb_mixup_saga_s1,random200,n03977966/ILSVRC2012_val_00027383_n03977966,attn_entropy_bits,4.339812594
e2r_vitb_mixup_saga_s1,random200,n03977966/ILSVRC2012_val_00027383_n03977966,ring1_mass,0.3480497827
e2r_vitb_mixup_saga_s1,random200,n03977966/ILSVRC2012_val_00027383_n03977966,uniform_ring1_mass,0.2244897959
e2r_vitb_mixup_saga_s1,random200,n03982430/ILSVRC2012_val_00006974_n03982430,attn_entropy_bits,4.70329642
e2r_vitb_mixup_saga_s1,random200,n03982430/ILSVRC2012_val_00006974_n03982430,ring1_mass,0.5381974325
e2r_vitb_mixup_saga_s1,random200,n03982430/ILSVRC2012_val_00006974_n03982430,uniform_ring1_mass,0.2244897959
e2r_vitb_mixup_saga_s1,random200,n03995372/ILSVRC2012_val_00048981_n03995372,attn_entropy_bits,5.300206241
e2r_vitb_mixup_saga_s1,random200,n03995372/ILSVRC2012_val_00048981_n03995372,ring1_mass,0.2596906524
e2r_vitb_mixup_saga_s1,random200,n03995372/ILSVRC2012_val_00048981_n03995372,uniform_ring1_mass,0.2244897959
e2r_vitb_mixup_saga_s1,random200,n04005630/ILSVRC2012_val_00018325_n04005630,attn_entropy_bits,5.845313535
e2r_vitb_mixup_saga_s1,random200,n04005630/ILSVRC2012_val_00018325_n04005630,ring1_mass,0.2978659832
e2r_vitb_mixup_saga_s1,random200,n04005630/ILSVRC2012_val_00018325_n04005630,uniform_ring1_mass,0.2244897959
e2r_vitb_mixup_saga_s1,random200,n04009552/ILSVRC2012_val_00033020_n04009552,attn_entropy_bits,4.998666609
e2r_vitb_mixup_saga_s1,random200,n04009552/ILSVRC2012_val_00033020_n04009552,ring1_mass,0.2452250134
e2r_vitb_mixup_saga_s1,random200,n04009552/ILSVRC2012_val_00033020_n04009552,uniform_ring1_mass,0.2244897959
e2r_vitb_mixup_saga_s1,random200,n04023962/ILSVRC2012_val_00005537_n04023962,attn_entropy_bits,5.549388474
e2r_vitb_mixup_saga_s1,random200,n04023962/ILSVRC2012_val_00005537_n04023962,ring1_mass,0.2659732348
e2r_vitb_mixup_saga_s1,random200,n04023962/ILSVRC2012_val_00005537_n04023962,uniform_ring1_mass,0.2244897959
e2r_vitb_mixup_saga_s1,random200,n04049303/ILSVRC2012_val_00046223_n04049303,attn_entropy_bits,4.52544116
e2r_vitb_mixup_saga_s1,random200,n04049303/ILSVRC2012_val_00046223_n04049303,ring1_mass,0.3997880737
e2r_vitb_mixup_saga_s1,random200,n04049303/ILSVRC2012_val_00046223_n04049303,uniform_ring1_mass,0.2244897959
e2r_vitb_mixup_saga_s1,random200,n04067472/ILSVRC2012_val_00047971_n04067472,attn_entropy_bits,4.906515147
e2r_vitb_mixup_saga_s1,random200,n04067472/ILSVRC2012_val_00047971_n04067472,ring1_mass,0.5992166656
e2r_vitb_mixup_saga_s1,random200,n04067472/ILSVRC2012_val_00047971_n04067472,uniform_ring1_mass,0.2244897959
e2r_vitb_mixup_saga_s1,random200,n04074963/ILSVRC2012_val_00028651_n04074963,attn_entropy_bits,4.141041099
e2r_vitb_mixup_saga_s1,random200,n04074963/ILSVRC2012_val_00028651_n04074963,ring1_mass,0.1877536576
e2r_vitb_mixup_saga_s1,random200,n04074963/ILSVRC2012_val_00028651_n04074963,uniform_ring1_mass,0.2244897959
e2r_vitb_mixup_saga_s1,random200,n04081281/ILSVRC2012_val_00027988_n04081281,attn_entropy_bits,4.700226241
e2r_vitb_mixup_saga_s1,random200,n04081281/ILSVRC2012_val_00027988_n04081281,ring1_mass,0.2732440046
e2r_vitb_mixup_saga_s1,random200,n04081281/ILSVRC2012_val_00027988_n04081281,uniform_ring1_mass,0.2244897959
e2r_vitb_mixup_saga_s1,random200,n04086273/ILSVRC2012_val_00011273_n04086273,attn_entropy_bits,4.888798584
e2r_vitb_mixup_saga_s1,random200,n04086273/ILSVRC2012_val_00011273_n04086273,ring1_mass,0.2592667655
e2r_vitb_mixup_saga_s1,random200,n04086273/ILSVRC2012_val_00011273_n04086273,uniform_ring1_mass,0.2244897959
e2r_vitb_mixup_saga_s1,random200,n04099969/ILSVRC2012_val_00017447_n04099969,attn_entropy_bits,5.679718422
e2r_vitb_mixup_saga_s1,random200,n04099969/ILSVRC2012_val_00017447_n04099969,ring1_mass,0.5123073159
e2r_vitb_mixup_saga_s1,random200,n04099969/ILSVRC2012_val_00017447_n04099969,uniform_ring1_mass,0.2244897959
e2r_vitb_mixup_saga_s1,random200,n04127249/ILSVRC2012_val_00029521_n04127249,attn_entropy_bits,4.066964033
e2r_vitb_mixup_saga_s1,random200,n04127249/ILSVRC2012_val_00029521_n04127249,ring1_mass,0.6128733137
e2r_vitb_mixup_saga_s1,random200,n04127249/ILSVRC2012_val_00029521_n04127249,uniform_ring1_mass,0.2244897959
e2r_vitb_mixup_saga_s1,random200,n04152593/ILSVRC2012_val_00043526_n04152593,attn_entropy_bits,5.100665132
e2r_vitb_mixup_saga_s1,random200,n04152593/ILSVRC2012_val_00043526_n04152593,ring1_mass,0.3230569733
e2r_vitb_mixup_saga_s1,random200,n04152593/ILSVRC2012_val_00043526_n04152593,uniform_ring1_mass,0.2244897959
e2r_vitb_mixup_saga_s1,random200,n04204347/ILSVRC2012_val_00049135_n04204347,attn_entropy_bits,4.027666294
e2r_vitb_mixup_saga_s1,random200,n04204347/ILSVRC2012_val_00049135_n04204347,ring1_mass,0.4542830747
e2r_vitb_mixup_saga_s1,random200,n04204347/ILSVRC2012_val_00049135_n04204347,uniform_ring1_mass,0.2244897959
e2r_vitb_mixup_saga_s1,random200,n04238763/ILSVRC2012_val_00000266_n04238763,attn_entropy_bits,5.144247591
e2r_vitb_mixup_saga_s1,random200,n04238763/ILSVRC2012_val_00000266_n04238763,ring1_mass,0.4950993052
e2r_vitb_mixup_saga_s1,random200,n04238763/ILSVRC2012_val_00000266_n04238763,uniform_ring1_mass,0.2244897959
e2r_vitb_mixup_saga_s1,random200,n04251144/ILSVRC2012_val_00003710_n04251144,attn_entropy_bits,4.759952773
e2r_vitb_mixup_saga_s1,random200,n04251144/ILSVRC2012_val_00003710_n04251144,ring1_mass,0.3036448765
e2r_vitb_mixup_saga_s1,random200,n04251144/ILSVRC2012_val_00003710_n04251144,uniform_ring1_mass,0.2244897959
e2r_vitb_mixup_saga_s1,random200,n04252225/ILSVRC2012_val_00002510_n04252225,attn_entropy_bits,4.521313046
e2r_vitb_mixup_saga_s1,random200,n04252225/ILSVRC2012_val_00002510_n04252225,ring1_mass,0.3476873753
e2r_vitb_mixup_saga_s1,random200,n04252225/ILSVRC2012_val_00002510_n04252225,uniform_ring1_mass,0.2244897959
e2r_vitb_mixup_saga_s1,random200,n04258138/ILSVRC2012_val_00016247_n04258138,attn_entropy_bits,3.931505355
e2r_vitb_mixup_saga_s1,random200,n04258138/ILSVRC2012_val_00016247_n04258138,ring1_mass,0.2711529498
e2r_vitb_mixup_saga_s1,random200,n04258138/ILSVRC2012_val_00016247_n04258138,uniform_ring1_mass,0.2244897959
e2r_vitb_mixup_saga_s1,random200,n04265275/ILSVRC2012_val_00015782_n04265275,attn_entropy_bits,4.678695488
e2r_vitb_mixup_saga_s1,random200,n04265275/ILSVRC2012_val_00015782_n04265275,ring1_mass,0.55174267
e2r_vitb_mixup_saga_s1,random200,n04265275/ILSVRC2012_val_00015782_n04265275,uniform_ring1_mass,0.2244897959
e2r_vitb_mixup_saga_s1,random200,n04330267/ILSVRC2012_val_00001312_n04330267,attn_entropy_bits,5.907437521
e2r_vitb_mixup_saga_s1,random200,n04330267/ILSVRC2012_val_00001312_n04330267,ring1_mass,0.440915756
e2r_vitb_mixup_saga_s1,random200,n04330267/ILSVRC2012_val_00001312_n04330267,uniform_ring1_mass,0.2244897959
e2r_vitb_mixup_saga_s1,random200,n04344873/ILSVRC2012_val_00041398_n04344873,attn_entropy_bits,4.94280179
e2r_vitb_mixup_saga_s1,random200,n04344873/ILSVRC2012_val_00041398_n04344873,ring1_mass,0.6800432093
e2r_vitb_mixup_saga_s1,random200,n04344873/ILSVRC2012_val_00041398_n04344873,uniform_ring1_mass,0.2244897959
e2r_vitb_mixup_saga_s1,random200,n04356056/ILSVRC2012_val_00016088_n04356056,attn_entropy_bits,4.591923989
e2r_vitb_mixup_saga_s1,random200,n04356056/ILSVRC2012_val_00016088_n04356056,ring1_mass,0.3061248093
e2r_vitb_mixup_saga_s1,random200,n04356056/ILSVRC2012_val_00016088_n04356056,uniform_ring1_mass,0.2244897959
e2r_vitb_mixup_saga_s1,random200,n04357314/ILSVRC2012_val_00023241_n04357314,attn_entropy_bits,5.041546265
e2r_vitb_mixup_saga_s1,random200,n04357314/ILSVRC2012_val_00023241_n04357314,ring1_mass,0.422054911
e2r_vitb_mixup_saga_s1,random200,n04357314/ILSVRC2012_val_00023241_n04357314,uniform_ring1_mass,0.2244897959
e2r_vitb_mixup_saga_s1,random200,n04367480/ILSVRC2012_val_00002251_n04367480,attn_entropy_bits,5.236740264
e2r_vitb_mixup_saga_s1,random200,n04367480/ILSVRC2012_val_00002251_n04367480,ring1_mass,0.2030563976
e2r_vitb_mixup_saga_s1,random200,n04367480/ILSVRC2012_val_00002251_n04367480,uniform_ring1_mass,0.2244897959
e2r_vitb_mixup_saga_s1,random200,n04370456/ILSVRC2012_val_00039686_n04370456,attn_entropy_bits,5.160405943
e2r_vitb_mixup_saga_s1,random200,n04370456/ILSVRC2012_val_00039686_n04370456,ring1_mass,0.08507625375
e2r_vitb_mixup_saga_s1,random200,n04370456/ILSVRC2012_val_00039686_n04370456,uniform_ring1_mass,0.2244897959
e2r_vitb_mixup_saga_s1,random200,n04423845/ILSVRC2012_val_00036633_n04423845,attn_entropy_bits,4.999563596
e2r_vitb_mixup_saga_s1,random200,n04423845/ILSVRC2012_val_00036633_n04423845,ring1_mass,0.6851231125
e2r_vitb_mixup_saga_s1,random200,n04423845/ILSVRC2012_val_00036633_n04423845,uniform_ring1_mass,0.2244897959
e2r_vitb_mixup_saga_s1,random200,n04447861/ILSVRC2012_val_00036382_n04447861,attn_entropy_bits,4.96412509
e2r_vitb_mixup_saga_s1,random200,n04447861/ILSVRC2012_val_00036382_n04447861,ring1_mass,0.3329451038
e2r_vitb_mixup_saga_s1,random200,n04447861/ILSVRC2012_val_00036382_n04447861,uniform_ring1_mass,0.2244897959
e2r_vitb_mixup_saga_s1,random200,n04456115/ILSVRC2012_val_00048645_n04456115,attn_entropy_bits,5.443111847
e2r_vitb_mixup_saga_s1,random200,n04456115/ILSVRC2012_val_00048645_n04456115,ring1_mass,0.4168629536
e2r_vitb_mixup_saga_s1,random200,n04456115/ILSVRC2012_val_00048645_n04456115,uniform_ring1_mass,0.2244897959
e2r_vitb_mixup_saga_s1,random200,n04458633/ILSVRC2012_val_00048297_n04458633,attn_entropy_bits,4.454459046
e2r_vitb_mixup_saga_s1,random200,n04458633/ILSVRC2012_val_00048297_n04458633,ring1_mass,0.3724154202
e2r_vitb_mixup_saga_s1,random200,n04458633/ILSVRC2012_val_00048297_n04458633,uniform_ring1_mass,0.2244897959
e2r_vitb_mixup_saga_s1,random200,n04542943/ILSVRC2012_val_00015462_n04542943,attn_entropy_bits,4.296955269
e2r_vitb_mixup_saga_s1,random200,n04542943/ILSVRC2012_val_00015462_n04542943,ring1_mass,0.4770911314
e2r_vitb_mixup_saga_s1,random200,n04542943/ILSVRC2012_val_00015462_n04542943,uniform_ring1_mass,0.2244897959
e2r_vitb_mixup_saga_s1,random200,n04548280/ILSVRC2012_val_00033732_n04548280,attn_entropy_bits,4.621431576
e2r_vitb_mixup_saga_s1,random200,n04548280/ILSVRC2012_val_00033732_n04548280,ring1_mass,0.6136523032
e2r_vitb_mixup_saga_s1,random200,n04548280/ILSVRC2012_val_00033732_n04548280,uniform_ring1_mass,0.2244897959
e2r_vitb_mixup_saga_s1,random200,n04548362/ILSVRC2012_val_00003108_n04548362,attn_entropy_bits,5.313146514
e2r_vitb_mixup_saga_s1,random200,n04548362/ILSVRC2012_val_00003108_n04548362,ring1_mass,0.2940813156
e2r_vitb_mixup_saga_s1,random200,n04548362/ILSVRC2012_val_00003108_n04548362,uniform_ring1_mass,0.2244897959
e2r_vitb_mixup_saga_s1,random200,n04562935/ILSVRC2012_val_00032306_n04562935,attn_entropy_bits,5.186741346
e2r_vitb_mixup_saga_s1,random200,n04562935/ILSVRC2012_val_00032306_n04562935,ring1_mass,0.5022146344
e2r_vitb_mixup_saga_s1,random200,n04562935/ILSVRC2012_val_00032306_n04562935,uniform_ring1_mass,0.2244897959
e2r_vitb_mixup_saga_s1,random200,n04597913/ILSVRC2012_val_00014544_n04597913,attn_entropy_bits,4.773423993
e2r_vitb_mixup_saga_s1,random200,n04597913/ILSVRC2012_val_00014544_n04597913,ring1_mass,0.3515502863
e2r_vitb_mixup_saga_s1,random200,n04597913/ILSVRC2012_val_00014544_n04597913,uniform_ring1_mass,0.2244897959
e2r_vitb_mixup_saga_s1,random200,n06596364/ILSVRC2012_val_00034905_n06596364,attn_entropy_bits,4.871667165
e2r_vitb_mixup_saga_s1,random200,n06596364/ILSVRC2012_val_00034905_n06596364,ring1_mass,0.4590578052
e2r_vitb_mixup_saga_s1,random200,n06596364/ILSVRC2012_val_00034905_n06596364,uniform_ring1_mass,0.2244897959
e2r_vitb_mixup_saga_s1,random200,n07565083/ILSVRC2012_val_00010527_n07565083,attn_entropy_bits,6.286561178
e2r_vitb_mixup_saga_s1,random200,n07565083/ILSVRC2012_val_00010527_n07565083,ring1_mass,0.3915042579
e2r_vitb_mixup_saga_s1,random200,n07565083/ILSVRC2012_val_00010527_n07565083,uniform_ring1_mass,0.2244897959
e2r_vitb_mixup_saga_s1,random200,n07613480/ILSVRC2012_val_00019604_n07613480,attn_entropy_bits,4.603675377
e2r_vitb_mixup_saga_s1,random200,n07613480/ILSVRC2012_val_00019604_n07613480,ring1_mass,0.4532627797
e2r_vitb_mixup_saga_s1,random200,n07613480/ILSVRC2012_val_00019604_n07613480,uniform_ring1_mass,0.2244897959
e2r_vitb_mixup_saga_s1,random200,n07614500/ILSVRC2012_val_00014137_n07614500,attn_entropy_bits,5.321617517
e2r_vitb_mixup_saga_s1,random200,n07614500/ILSVRC2012_val_00014137_n07614500,ring1_mass,0.2949210728
e2r_vitb_mixup_saga_s1,random200,n07614500/ILSVRC2012_val_00014137_n07614500,uniform_ring1_mass,0.2244897959
e2r_vitb_mixup_saga_s1,random200,n07711569/ILSVRC2012_val_00013084_n07711569,attn_entropy_bits,4.356560594
e2r_vitb_mixup_saga_s1,random200,n07711569/ILSVRC2012_val_00013084_n07711569,ring1_mass,0.290447878
e2r_vitb_mixup_saga_s1,random200,n07711569/ILSVRC2012_val_00013084_n07711569,uniform_ring1_mass,0.2244897959
e2r_vitb_mixup_saga_s1,random200,n07714990/ILSVRC2012_val_00023008_n07714990,attn_entropy_bits,4.830413417
e2r_vitb_mixup_saga_s1,random200,n07714990/ILSVRC2012_val_00023008_n07714990,ring1_mass,0.6662576531
e2r_vitb_mixup_saga_s1,random200,n07714990/ILSVRC2012_val_00023008_n07714990,uniform_ring1_mass,0.2244897959
e2r_vitb_mixup_saga_s1,random200,n07745940/ILSVRC2012_val_00033919_n07745940,attn_entropy_bits,4.463935767
e2r_vitb_mixup_saga_s1,random200,n07745940/ILSVRC2012_val_00033919_n07745940,ring1_mass,0.7281214861
e2r_vitb_mixup_saga_s1,random200,n07745940/ILSVRC2012_val_00033919_n07745940,uniform_ring1_mass,0.2244897959
e2r_vitb_mixup_saga_s1,random200,n07802026/ILSVRC2012_val_00005499_n07802026,attn_entropy_bits,4.57510538
e2r_vitb_mixup_saga_s1,random200,n07802026/ILSVRC2012_val_00005499_n07802026,ring1_mass,0.6648927936
e2r_vitb_mixup_saga_s1,random200,n07802026/ILSVRC2012_val_00005499_n07802026,uniform_ring1_mass,0.2244897959
e2r_vitb_mixup_saga_s1,random200,n09229709/ILSVRC2012_val_00010094_n09229709,attn_entropy_bits,4.696388914
e2r_vitb_mixup_saga_s1,random200,n09229709/ILSVRC2012_val_00010094_n09229709,ring1_mass,0.6425369733
e2r_vitb_mixup_saga_s1,random200,n09229709/ILSVRC2012_val_00010094_n09229709,uniform_ring1_mass,0.2244897959
e2r_vitb_mixup_saga_s1,random200,n09246464/ILSVRC2012_val_00001444_n09246464,attn_entropy_bits,4.797893527
e2r_vitb_mixup_saga_s1,random200,n09246464/ILSVRC2012_val_00001444_n09246464,ring1_mass,0.7263709818
e2r_vitb_mixup_saga_s1,random200,n09246464/ILSVRC2012_val_00001444_n09246464,uniform_ring1_mass,0.2244897959
e2r_vitb_mixup_saga_s1,random200,n09428293/ILSVRC2012_val_00028242_n09428293,attn_entropy_bits,6.188023079
e2r_vitb_mixup_saga_s1,random200,n09428293/ILSVRC2012_val_00028242_n09428293,ring1_mass,0.3583446866
e2r_vitb_mixup_saga_s1,random200,n09428293/ILSVRC2012_val_00028242_n09428293,uniform_ring1_mass,0.2244897959
e2r_vitb_mixup_saga_s1,random200,n12620546/ILSVRC2012_val_00023930_n12620546,attn_entropy_bits,4.137069363
e2r_vitb_mixup_saga_s1,random200,n12620546/ILSVRC2012_val_00023930_n12620546,ring1_mass,0.448405149
e2r_vitb_mixup_saga_s1,random200,n12620546/ILSVRC2012_val_00023930_n12620546,uniform_ring1_mass,0.2244897959
e2r_vitb_mixup_saga_s1,random200,n13044778/ILSVRC2012_val_00019186_n13044778,attn_entropy_bits,4.611426765
e2r_vitb_mixup_saga_s1,random200,n13044778/ILSVRC2012_val_00019186_n13044778,ring1_mass,0.3389198324
e2r_vitb_mixup_saga_s1,random200,n13044778/ILSVRC2012_val_00019186_n13044778,uniform_ring1_mass,0.2244897959
e2r_vits_mixup_baseline_s1,boxes20,000000003553,box_area_frac,0.6212631537
e2r_vits_mixup_baseline_s1,boxes20,000000003553,inbox_mass,0.684511486
e2r_vits_mixup_baseline_s1,boxes20,000000003553,pointing_hit,0
e2r_vits_mixup_baseline_s1,boxes20,000000007108,box_area_frac,0.9992401746
e2r_vits_mixup_baseline_s1,boxes20,000000007108,inbox_mass,0.9999793065
e2r_vits_mixup_baseline_s1,boxes20,000000007108,pointing_hit,1
e2r_vits_mixup_baseline_s1,boxes20,000000047121,box_area_frac,0.8424147003
e2r_vits_mixup_baseline_s1,boxes20,000000047121,inbox_mass,0.823751823
e2r_vits_mixup_baseline_s1,boxes20,000000047121,pointing_hit,0
e2r_vits_mixup_baseline_s1,boxes20,000000106563,box_area_frac,0.0280213648
e2r_vits_mixup_baseline_s1,boxes20,000000106563,inbox_mass,0.05954782551
e2r_vits_mixup_baseline_s1,boxes20,000000106563,pointing_hit,0
e2r_vits_mixup_baseline_s1,boxes20,000000118405,box_area_frac,0.002400300941
e2r_vits_mixup_baseline_s1,boxes20,000000118405,inbox_mass,0.002311809886
e2r_vits_mixup_baseline_s1,boxes20,000000118405,pointing_hit,0
e2r_vits_mixup_baseline_s1,boxes20,000000144932,box_area_frac,0.009634835379
e2r_vits_mixup_baseline_s1,boxes20,000000144932,inbox_mass,0.05894197842
e2r_vits_mixup_baseline_s1,boxes20,000000144932,pointing_hit,0
e2r_vits_mixup_baseline_s1,boxes20,000000210855,box_area_frac,0.0969786352
e2r_vits_mixup_baseline_s1,boxes20,000000210855,inbox_mass,0.05789785484
e2r_vits_mixup_baseline_s1,boxes20,000000210855,pointing_hit,0
e2r_vits_mixup_baseline_s1,boxes20,000000235857,box_area_frac,0.6055646624
e2r_vits_mixup_baseline_s1,boxes20,000000235857,inbox_mass,0.3542251823
e2r_vits_mixup_baseline_s1,boxes20,000000235857,pointing_hit,0
e2r_vits_mixup_baseline_s1,boxes20,000000281687,box_area_frac,0.5047395667
e2r_vits_mixup_baseline_s1,boxes20,000000281687,inbox_mass,0.4632441728
e2r_vits_mixup_baseline_s1,boxes20,000000281687,pointing_hit,0
e2r_vits_mixup_baseline_s1,boxes20,000000307172,box_area_frac,0.9637451172
e2r_vits_mixup_baseline_s1,boxes20,000000307172,inbox_mass,0.9950469315
e2r_vits_mixup_baseline_s1,boxes20,000000307172,pointing_hit,1
e2r_vits_mixup_baseline_s1,boxes20,000000359833,box_area_frac,0.7600807657
e2r_vits_mixup_baseline_s1,boxes20,000000359833,inbox_mass,0.8110500971
e2r_vits_mixup_baseline_s1,boxes20,000000359833,pointing_hit,1
e2r_vits_mixup_baseline_s1,boxes20,000000369675,box_area_frac,0.8303571429
e2r_vits_mixup_baseline_s1,boxes20,000000369675,inbox_mass,0.8907041046
e2r_vits_mixup_baseline_s1,boxes20,000000369675,pointing_hit,1
e2r_vits_mixup_baseline_s1,boxes20,000000419312,box_area_frac,1
e2r_vits_mixup_baseline_s1,boxes20,000000419312,inbox_mass,1
e2r_vits_mixup_baseline_s1,boxes20,000000419312,pointing_hit,1
e2r_vits_mixup_baseline_s1,boxes20,000000466567,box_area_frac,0.3389606087
e2r_vits_mixup_baseline_s1,boxes20,000000466567,inbox_mass,0.3482699136
e2r_vits_mixup_baseline_s1,boxes20,000000466567,pointing_hit,0
e2r_vits_mixup_baseline_s1,boxes20,000000496597,box_area_frac,0.007969447545
e2r_vits_mixup_baseline_s1,boxes20,000000496597,inbox_mass,0.0274375163
e2r_vits_mixup_baseline_s1,boxes20,000000496597,pointing_hit,0
e2r_vits_mixup_baseline_s1,boxes20,000000509656,box_area_frac,0.5623206314
e2r_vits_mixup_baseline_s1,boxes20,000000509656,inbox_mass,0.5534599829
e2r_vits_mixup_baseline_s1,boxes20,000000509656,pointing_hit,0
e2r_vits_mixup_baseline_s1,boxes20,000000533855,box_area_frac,0.2388044085
e2r_vits_mixup_baseline_s1,boxes20,000000533855,inbox_mass,0.1675068189
e2r_vits_mixup_baseline_s1,boxes20,000000533855,pointing_hit,0
e2r_vits_mixup_baseline_s1,boxes20,000000535858,box_area_frac,0.04809445751
e2r_vits_mixup_baseline_s1,boxes20,000000535858,inbox_mass,0.1454900312
e2r_vits_mixup_baseline_s1,boxes20,000000535858,pointing_hit,0
e2r_vits_mixup_baseline_s1,boxes20,000000545594,box_area_frac,0.647271604
e2r_vits_mixup_baseline_s1,boxes20,000000545594,inbox_mass,0.565590088
e2r_vits_mixup_baseline_s1,boxes20,000000545594,pointing_hit,0
e2r_vits_mixup_baseline_s1,boxes20,000000552883,box_area_frac,0.008250956633
e2r_vits_mixup_baseline_s1,boxes20,000000552883,inbox_mass,0.005527373213
e2r_vits_mixup_baseline_s1,boxes20,000000552883,pointing_hit,0
e2r_vits_mixup_baseline_s1,random200,n01440764/ILSVRC2012_val_00039905_n01440764,attn_entropy_bits,4.369252269
e2r_vits_mixup_baseline_s1,random200,n01440764/ILSVRC2012_val_00039905_n01440764,ring1_mass,0.6185179225
e2r_vits_mixup_baseline_s1,random200,n01440764/ILSVRC2012_val_00039905_n01440764,uniform_ring1_mass,0.2244897959
e2r_vits_mixup_baseline_s1,random200,n01443537/ILSVRC2012_val_00012880_n01443537,attn_entropy_bits,5.372055022
e2r_vits_mixup_baseline_s1,random200,n01443537/ILSVRC2012_val_00012880_n01443537,ring1_mass,0.3374950639
e2r_vits_mixup_baseline_s1,random200,n01443537/ILSVRC2012_val_00012880_n01443537,uniform_ring1_mass,0.2244897959
e2r_vits_mixup_baseline_s1,random200,n01484850/ILSVRC2012_val_00016168_n01484850,attn_entropy_bits,4.879815616
e2r_vits_mixup_baseline_s1,random200,n01484850/ILSVRC2012_val_00016168_n01484850,ring1_mass,0.5327270228
e2r_vits_mixup_baseline_s1,random200,n01484850/ILSVRC2012_val_00016168_n01484850,uniform_ring1_mass,0.2244897959
e2r_vits_mixup_baseline_s1,random200,n01496331/ILSVRC2012_val_00005432_n01496331,attn_entropy_bits,5.574036084
e2r_vits_mixup_baseline_s1,random200,n01496331/ILSVRC2012_val_00005432_n01496331,ring1_mass,0.5519004477
e2r_vits_mixup_baseline_s1,random200,n01496331/ILSVRC2012_val_00005432_n01496331,uniform_ring1_mass,0.2244897959
e2r_vits_mixup_baseline_s1,random200,n01514859/ILSVRC2012_val_00042568_n01514859,attn_entropy_bits,4.225988619
e2r_vits_mixup_baseline_s1,random200,n01514859/ILSVRC2012_val_00042568_n01514859,ring1_mass,0.4650699023
e2r_vits_mixup_baseline_s1,random200,n01514859/ILSVRC2012_val_00042568_n01514859,uniform_ring1_mass,0.2244897959
e2r_vits_mixup_baseline_s1,random200,n01530575/ILSVRC2012_val_00004006_n01530575,attn_entropy_bits,4.874327421
e2r_vits_mixup_baseline_s1,random200,n01530575/ILSVRC2012_val_00004006_n01530575,ring1_mass,0.3744362713
e2r_vits_mixup_baseline_s1,random200,n01530575/ILSVRC2012_val_00004006_n01530575,uniform_ring1_mass,0.2244897959
e2r_vits_mixup_baseline_s1,random200,n01616318/ILSVRC2012_val_00045589_n01616318,attn_entropy_bits,5.263289924
e2r_vits_mixup_baseline_s1,random200,n01616318/ILSVRC2012_val_00045589_n01616318,ring1_mass,0.4082460683
e2r_vits_mixup_baseline_s1,random200,n01616318/ILSVRC2012_val_00045589_n01616318,uniform_ring1_mass,0.2244897959
e2r_vits_mixup_baseline_s1,random200,n01622779/ILSVRC2012_val_00032875_n01622779,attn_entropy_bits,4.024883138
e2r_vits_mixup_baseline_s1,random200,n01622779/ILSVRC2012_val_00032875_n01622779,ring1_mass,0.3872918389
e2r_vits_mixup_baseline_s1,random200,n01622779/ILSVRC2012_val_00032875_n01622779,uniform_ring1_mass,0.2244897959
e2r_vits_mixup_baseline_s1,random200,n01629819/ILSVRC2012_val_00048463_n01629819,attn_entropy_bits,5.08412964
e2r_vits_mixup_baseline_s1,random200,n01629819/ILSVRC2012_val_00048463_n01629819,ring1_mass,0.4318886944
e2r_vits_mixup_baseline_s1,random200,n01629819/ILSVRC2012_val_00048463_n01629819,uniform_ring1_mass,0.2244897959
e2r_vits_mixup_baseline_s1,random200,n01641577/ILSVRC2012_val_00030342_n01641577,attn_entropy_bits,4.427777994
e2r_vits_mixup_baseline_s1,random200,n01641577/ILSVRC2012_val_00030342_n01641577,ring1_mass,0.1749810038
e2r_vits_mixup_baseline_s1,random200,n01641577/ILSVRC2012_val_00030342_n01641577,uniform_ring1_mass,0.2244897959
e2r_vits_mixup_baseline_s1,random200,n01665541/ILSVRC2012_val_00000938_n01665541,attn_entropy_bits,5.597573288
e2r_vits_mixup_baseline_s1,random200,n01665541/ILSVRC2012_val_00000938_n01665541,ring1_mass,0.2560674501
e2r_vits_mixup_baseline_s1,random200,n01665541/ILSVRC2012_val_00000938_n01665541,uniform_ring1_mass,0.2244897959
e2r_vits_mixup_baseline_s1,random200,n01667778/ILSVRC2012_val_00031774_n01667778,attn_entropy_bits,5.334123963
e2r_vits_mixup_baseline_s1,random200,n01667778/ILSVRC2012_val_00031774_n01667778,ring1_mass,0.3961827423
e2r_vits_mixup_baseline_s1,random200,n01667778/ILSVRC2012_val_00031774_n01667778,uniform_ring1_mass,0.2244897959
e2r_vits_mixup_baseline_s1,random200,n01675722/ILSVRC2012_val_00005647_n01675722,attn_entropy_bits,4.593861189
e2r_vits_mixup_baseline_s1,random200,n01675722/ILSVRC2012_val_00005647_n01675722,ring1_mass,0.6050598581
e2r_vits_mixup_baseline_s1,random200,n01675722/ILSVRC2012_val_00005647_n01675722,uniform_ring1_mass,0.2244897959
e2r_vits_mixup_baseline_s1,random200,n01687978/ILSVRC2012_val_00038998_n01687978,attn_entropy_bits,5.225772109
e2r_vits_mixup_baseline_s1,random200,n01687978/ILSVRC2012_val_00038998_n01687978,ring1_mass,0.5851754552
e2r_vits_mixup_baseline_s1,random200,n01687978/ILSVRC2012_val_00038998_n01687978,uniform_ring1_mass,0.2244897959
e2r_vits_mixup_baseline_s1,random200,n01773549/ILSVRC2012_val_00012895_n01773549,attn_entropy_bits,4.402425595
e2r_vits_mixup_baseline_s1,random200,n01773549/ILSVRC2012_val_00012895_n01773549,ring1_mass,0.4940966384
e2r_vits_mixup_baseline_s1,random200,n01773549/ILSVRC2012_val_00012895_n01773549,uniform_ring1_mass,0.2244897959
e2r_vits_mixup_baseline_s1,random200,n01774384/ILSVRC2012_val_00006437_n01774384,attn_entropy_bits,4.85477823
e2r_vits_mixup_baseline_s1,random200,n01774384/ILSVRC2012_val_00006437_n01774384,ring1_mass,0.3038777043
e2r_vits_mixup_baseline_s1,random200,n01774384/ILSVRC2012_val_00006437_n01774384,uniform_ring1_mass,0.2244897959
e2r_vits_mixup_baseline_s1,random200,n01784675/ILSVRC2012_val_00019211_n01784675,attn_entropy_bits,4.316612745
e2r_vits_mixup_baseline_s1,random200,n01784675/ILSVRC2012_val_00019211_n01784675,ring1_mass,0.1494273582
e2r_vits_mixup_baseline_s1,random200,n01784675/ILSVRC2012_val_00019211_n01784675,uniform_ring1_mass,0.2244897959
e2r_vits_mixup_baseline_s1,random200,n01806143/ILSVRC2012_val_00011943_n01806143,attn_entropy_bits,4.672969882
e2r_vits_mixup_baseline_s1,random200,n01806143/ILSVRC2012_val_00011943_n01806143,ring1_mass,0.4291578824
e2r_vits_mixup_baseline_s1,random200,n01806143/ILSVRC2012_val_00011943_n01806143,uniform_ring1_mass,0.2244897959
e2r_vits_mixup_baseline_s1,random200,n01807496/ILSVRC2012_val_00009226_n01807496,attn_entropy_bits,5.47393791
e2r_vits_mixup_baseline_s1,random200,n01807496/ILSVRC2012_val_00009226_n01807496,ring1_mass,0.4701494703
e2r_vits_mixup_baseline_s1,random200,n01807496/ILSVRC2012_val_00009226_n01807496,uniform_ring1_mass,0.2244897959
e2r_vits_mixup_baseline_s1,random200,n01828970/ILSVRC2012_val_00035127_n01828970,attn_entropy_bits,5.570574111
e2r_vits_mixup_baseline_s1,random200,n01828970/ILSVRC2012_val_00035127_n01828970,ring1_mass,0.5356063333
e2r_vits_mixup_baseline_s1,random200,n01828970/ILSVRC2012_val_00035127_n01828970,uniform_ring1_mass,0.2244897959
e2r_vits_mixup_baseline_s1,random200,n01843065/ILSVRC2012_val_00044268_n01843065,attn_entropy_bits,4.801250155
e2r_vits_mixup_baseline_s1,random200,n01843065/ILSVRC2012_val_00044268_n01843065,ring1_mass,0.3443914413
e2r_vits_mixup_baseline_s1,random200,n01843065/ILSVRC2012_val_00044268_n01843065,uniform_ring1_mass,0.2244897959
e2r_vits_mixup_baseline_s1,random200,n01843383/ILSVRC2012_val_00049093_n01843383,attn_entropy_bits,4.608046152
e2r_vits_mixup_baseline_s1,random200,n01843383/ILSVRC2012_val_00049093_n01843383,ring1_mass,0.2328239706
e2r_vits_mixup_baseline_s1,random200,n01843383/ILSVRC2012_val_00049093_n01843383,uniform_ring1_mass,0.2244897959
e2r_vits_mixup_baseline_s1,random200,n01873310/ILSVRC2012_val_00022384_n01873310,attn_entropy_bits,4.744897942
e2r_vits_mixup_baseline_s1,random200,n01873310/ILSVRC2012_val_00022384_n01873310,ring1_mass,0.3694491292
e2r_vits_mixup_baseline_s1,random200,n01873310/ILSVRC2012_val_00022384_n01873310,uniform_ring1_mass,0.2244897959
e2r_vits_mixup_baseline_s1,random200,n01914609/ILSVRC2012_val_00037668_n01914609,attn_entropy_bits,5.273162988
e2r_vits_mixup_baseline_s1,random200,n01914609/ILSVRC2012_val_00037668_n01914609,ring1_mass,0.1378564265
e2r_vits_mixup_baseline_s1,random200,n01914609/ILSVRC2012_val_00037668_n01914609,uniform_ring1_mass,0.2244897959
e2r_vits_mixup_baseline_s1,random200,n01943899/ILSVRC2012_val_00038299_n01943899,attn_entropy_bits,4.890841154
e2r_vits_mixup_baseline_s1,random200,n01943899/ILSVRC2012_val_00038299_n01943899,ring1_mass,0.4297475955
e2r_vits_mixup_baseline_s1,random200,n01943899/ILSVRC2012_val_00038299_n01943899,uniform_ring1_mass,0.2244897959
e2r_vits_mixup_baseline_s1,random200,n01945685/ILSVRC2012_val_00047674_n01945685,attn_entropy_bits,4.797112331
e2r_vits_mixup_baseline_s1,random200,n01945685/ILSVRC2012_val_00047674_n01945685,ring1_mass,0.3925091806
e2r_vits_mixup_baseline_s1,random200,n01945685/ILSVRC2012_val_00047674_n01945685,uniform_ring1_mass,0.2244897959
e2r_vits_mixup_baseline_s1,random200,n01978455/ILSVRC2012_val_00047476_n01978455,attn_entropy_bits,4.961063199
e2r_vits_mixup_baseline_s1,random200,n01978455/ILSVRC2012_val_00047476_n01978455,ring1_mass,0.319581758
e2r_vits_mixup_baseline_s1,random200,n01978455/ILSVRC2012_val_00047476_n01978455,uniform_ring1_mass,0.2244897959
e2r_vits_mixup_baseline_s1,random200,n01983481/ILSVRC2012_val_00039303_n01983481,attn_entropy_bits,5.099268675
e2r_vits_mixup_baseline_s1,random200,n01983481/ILSVRC2012_val_00039303_n01983481,ring1_mass,0.4639783105
e2r_vits_mixup_baseline_s1,random200,n01983481/ILSVRC2012_val_00039303_n01983481,uniform_ring1_mass,0.2244897959
e2r_vits_mixup_baseline_s1,random200,n01984695/ILSVRC2012_val_00008156_n01984695,attn_entropy_bits,4.791256145
e2r_vits_mixup_baseline_s1,random200,n01984695/ILSVRC2012_val_00008156_n01984695,ring1_mass,0.3058506199
e2r_vits_mixup_baseline_s1,random200,n01984695/ILSVRC2012_val_00008156_n01984695,uniform_ring1_mass,0.2244897959
e2r_vits_mixup_baseline_s1,random200,n02002556/ILSVRC2012_val_00026760_n02002556,attn_entropy_bits,5.929517936
e2r_vits_mixup_baseline_s1,random200,n02002556/ILSVRC2012_val_00026760_n02002556,ring1_mass,0.3293405794
e2r_vits_mixup_baseline_s1,random200,n02002556/ILSVRC2012_val_00026760_n02002556,uniform_ring1_mass,0.2244897959
e2r_vits_mixup_baseline_s1,random200,n02002724/ILSVRC2012_val_00017388_n02002724,attn_entropy_bits,5.153323045
e2r_vits_mixup_baseline_s1,random200,n02002724/ILSVRC2012_val_00017388_n02002724,ring1_mass,0.5007168755
e2r_vits_mixup_baseline_s1,random200,n02002724/ILSVRC2012_val_00017388_n02002724,uniform_ring1_mass,0.2244897959
e2r_vits_mixup_baseline_s1,random200,n02006656/ILSVRC2012_val_00022418_n02006656,attn_entropy_bits,5.072261138
e2r_vits_mixup_baseline_s1,random200,n02006656/ILSVRC2012_val_00022418_n02006656,ring1_mass,0.4941039813
e2r_vits_mixup_baseline_s1,random200,n02006656/ILSVRC2012_val_00022418_n02006656,uniform_ring1_mass,0.2244897959
e2r_vits_mixup_baseline_s1,random200,n02007558/ILSVRC2012_val_00037990_n02007558,attn_entropy_bits,5.666852525
e2r_vits_mixup_baseline_s1,random200,n02007558/ILSVRC2012_val_00037990_n02007558,ring1_mass,0.2384688162
e2r_vits_mixup_baseline_s1,random200,n02007558/ILSVRC2012_val_00037990_n02007558,uniform_ring1_mass,0.2244897959
e2r_vits_mixup_baseline_s1,random200,n02012849/ILSVRC2012_val_00036873_n02012849,attn_entropy_bits,5.21539828
e2r_vits_mixup_baseline_s1,random200,n02012849/ILSVRC2012_val_00036873_n02012849,ring1_mass,0.3825576356
e2r_vits_mixup_baseline_s1,random200,n02012849/ILSVRC2012_val_00036873_n02012849,uniform_ring1_mass,0.2244897959
e2r_vits_mixup_baseline_s1,random200,n02025239/ILSVRC2012_val_00043769_n02025239,attn_entropy_bits,5.274362323
e2r_vits_mixup_baseline_s1,random200,n02025239/ILSVRC2012_val_00043769_n02025239,ring1_mass,0.4884114494
e2r_vits_mixup_baseline_s1,random200,n02025239/ILSVRC2012_val_00043769_n02025239,uniform_ring1_mass,0.2244897959
e2r_vits_mixup_baseline_s1,random200,n02028035/ILSVRC2012_val_00047784_n02028035,attn_entropy_bits,5.161325984
e2r_vits_mixup_baseline_s1,random200,n02028035/ILSVRC2012_val_00047784_n02028035,ring1_mass,0.5529403825
e2r_vits_mixup_baseline_s1,random200,n02028035/ILSVRC2012_val_00047784_n02028035,uniform_ring1_mass,0.2244897959
e2r_vits_mixup_baseline_s1,random200,n02058221/ILSVRC2012_val_00026949_n02058221,attn_entropy_bits,5.102991755
e2r_vits_mixup_baseline_s1,random200,n02058221/ILSVRC2012_val_00026949_n02058221,ring1_mass,0.1638637446
e2r_vits_mixup_baseline_s1,random200,n02058221/ILSVRC2012_val_00026949_n02058221,uniform_ring1_mass,0.2244897959
e2r_vits_mixup_baseline_s1,random200,n02085620/ILSVRC2012_val_00018882_n02085620,attn_entropy_bits,4.555337626
e2r_vits_mixup_baseline_s1,random200,n02085620/ILSVRC2012_val_00018882_n02085620,ring1_mass,0.1207879438
e2r_vits_mixup_baseline_s1,random200,n02085620/ILSVRC2012_val_00018882_n02085620,uniform_ring1_mass,0.2244897959
e2r_vits_mixup_baseline_s1,random200,n02088364/ILSVRC2012_val_00032527_n02088364,attn_entropy_bits,4.988864593
e2r_vits_mixup_baseline_s1,random200,n02088364/ILSVRC2012_val_00032527_n02088364,ring1_mass,0.3782454204
e2r_vits_mixup_baseline_s1,random200,n02088364/ILSVRC2012_val_00032527_n02088364,uniform_ring1_mass,0.2244897959
e2r_vits_mixup_baseline_s1,random200,n02088466/ILSVRC2012_val_00036523_n02088466,attn_entropy_bits,4.806803623
e2r_vits_mixup_baseline_s1,random200,n02088466/ILSVRC2012_val_00036523_n02088466,ring1_mass,0.3296594331
e2r_vits_mixup_baseline_s1,random200,n02088466/ILSVRC2012_val_00036523_n02088466,uniform_ring1_mass,0.2244897959
e2r_vits_mixup_baseline_s1,random200,n02089973/ILSVRC2012_val_00043580_n02089973,attn_entropy_bits,5.141983014
e2r_vits_mixup_baseline_s1,random200,n02089973/ILSVRC2012_val_00043580_n02089973,ring1_mass,0.3209784435
e2r_vits_mixup_baseline_s1,random200,n02089973/ILSVRC2012_val_00043580_n02089973,uniform_ring1_mass,0.2244897959
e2r_vits_mixup_baseline_s1,random200,n02090379/ILSVRC2012_val_00039022_n02090379,attn_entropy_bits,4.483105124
e2r_vits_mixup_baseline_s1,random200,n02090379/ILSVRC2012_val_00039022_n02090379,ring1_mass,0.2101745798
e2r_vits_mixup_baseline_s1,random200,n02090379/ILSVRC2012_val_00039022_n02090379,uniform_ring1_mass,0.2244897959
e2r_vits_mixup_baseline_s1,random200,n02090622/ILSVRC2012_val_00003164_n02090622,attn_entropy_bits,5.325249048
e2r_vits_mixup_baseline_s1,random200,n02090622/ILSVRC2012_val_00003164_n02090622,ring1_mass,0.4727842037
e2r_vits_mixup_baseline_s1,random200,n02090622/ILSVRC2012_val_00003164_n02090622,uniform_ring1_mass,0.2244897959
e2r_vits_mixup_baseline_s1,random200,n02091467/ILSVRC2012_val_00027213_n02091467,attn_entropy_bits,4.644174876
e2r_vits_mixup_baseline_s1,random200,n02091467/ILSVRC2012_val_00027213_n02091467,ring1_mass,0.4065838117
e2r_vits_mixup_baseline_s1,random200,n02091467/ILSVRC2012_val_00027213_n02091467,uniform_ring1_mass,0.2244897959
e2r_vits_mixup_baseline_s1,random200,n02093647/ILSVRC2012_val_00003269_n02093647,attn_entropy_bits,5.325672586
e2r_vits_mixup_baseline_s1,random200,n02093647/ILSVRC2012_val_00003269_n02093647,ring1_mass,0.5238559304
e2r_vits_mixup_baseline_s1,random200,n02093647/ILSVRC2012_val_00003269_n02093647,uniform_ring1_mass,0.2244897959
e2r_vits_mixup_baseline_s1,random200,n02094258/ILSVRC2012_val_00009009_n02094258,attn_entropy_bits,4.792854858
e2r_vits_mixup_baseline_s1,random200,n02094258/ILSVRC2012_val_00009009_n02094258,ring1_mass,0.3065966064
e2r_vits_mixup_baseline_s1,random200,n02094258/ILSVRC2012_val_00009009_n02094258,uniform_ring1_mass,0.2244897959
e2r_vits_mixup_baseline_s1,random200,n02096437/ILSVRC2012_val_00001028_n02096437,attn_entropy_bits,4.84178827
e2r_vits_mixup_baseline_s1,random200,n02096437/ILSVRC2012_val_00001028_n02096437,ring1_mass,0.3713956878
e2r_vits_mixup_baseline_s1,random200,n02096437/ILSVRC2012_val_00001028_n02096437,uniform_ring1_mass,0.2244897959
e2r_vits_mixup_baseline_s1,random200,n02099712/ILSVRC2012_val_00008346_n02099712,attn_entropy_bits,4.737488473
e2r_vits_mixup_baseline_s1,random200,n02099712/ILSVRC2012_val_00008346_n02099712,ring1_mass,0.3281442347
e2r_vits_mixup_baseline_s1,random200,n02099712/ILSVRC2012_val_00008346_n02099712,uniform_ring1_mass,0.2244897959
e2r_vits_mixup_baseline_s1,random200,n02100583/ILSVRC2012_val_00040937_n02100583,attn_entropy_bits,5.338199068
e2r_vits_mixup_baseline_s1,random200,n02100583/ILSVRC2012_val_00040937_n02100583,ring1_mass,0.2059721956
e2r_vits_mixup_baseline_s1,random200,n02100583/ILSVRC2012_val_00040937_n02100583,uniform_ring1_mass,0.2244897959
e2r_vits_mixup_baseline_s1,random200,n02100735/ILSVRC2012_val_00011024_n02100735,attn_entropy_bits,5.33932348
e2r_vits_mixup_baseline_s1,random200,n02100735/ILSVRC2012_val_00011024_n02100735,ring1_mass,0.5477371995
e2r_vits_mixup_baseline_s1,random200,n02100735/ILSVRC2012_val_00011024_n02100735,uniform_ring1_mass,0.2244897959
e2r_vits_mixup_baseline_s1,random200,n02105056/ILSVRC2012_val_00007903_n02105056,attn_entropy_bits,5.502193637
e2r_vits_mixup_baseline_s1,random200,n02105056/ILSVRC2012_val_00007903_n02105056,ring1_mass,0.5242951051
e2r_vits_mixup_baseline_s1,random200,n02105056/ILSVRC2012_val_00007903_n02105056,uniform_ring1_mass,0.2244897959
e2r_vits_mixup_baseline_s1,random200,n02106662/ILSVRC2012_val_00018107_n02106662,attn_entropy_bits,5.995646785
e2r_vits_mixup_baseline_s1,random200,n02106662/ILSVRC2012_val_00018107_n02106662,ring1_mass,0.3973494241
e2r_vits_mixup_baseline_s1,random200,n02106662/ILSVRC2012_val_00018107_n02106662,uniform_ring1_mass,0.2244897959
e2r_vits_mixup_baseline_s1,random200,n02107908/ILSVRC2012_val_00045618_n02107908,attn_entropy_bits,4.891808583
e2r_vits_mixup_baseline_s1,random200,n02107908/ILSVRC2012_val_00045618_n02107908,ring1_mass,0.2828248836
e2r_vits_mixup_baseline_s1,random200,n02107908/ILSVRC2012_val_00045618_n02107908,uniform_ring1_mass,0.2244897959
e2r_vits_mixup_baseline_s1,random200,n02111889/ILSVRC2012_val_00028695_n02111889,attn_entropy_bits,4.263464974
e2r_vits_mixup_baseline_s1,random200,n02111889/ILSVRC2012_val_00028695_n02111889,ring1_mass,0.4226323456
e2r_vits_mixup_baseline_s1,random200,n02111889/ILSVRC2012_val_00028695_n02111889,uniform_ring1_mass,0.2244897959
e2r_vits_mixup_baseline_s1,random200,n02112350/ILSVRC2012_val_00013160_n02112350,attn_entropy_bits,4.319362874
e2r_vits_mixup_baseline_s1,random200,n02112350/ILSVRC2012_val_00013160_n02112350,ring1_mass,0.4829805608
e2r_vits_mixup_baseline_s1,random200,n02112350/ILSVRC2012_val_00013160_n02112350,uniform_ring1_mass,0.2244897959
e2r_vits_mixup_baseline_s1,random200,n02113799/ILSVRC2012_val_00000800_n02113799,attn_entropy_bits,4.718417419
e2r_vits_mixup_baseline_s1,random200,n02113799/ILSVRC2012_val_00000800_n02113799,ring1_mass,0.2322468301
e2r_vits_mixup_baseline_s1,random200,n02113799/ILSVRC2012_val_00000800_n02113799,uniform_ring1_mass,0.2244897959
e2r_vits_mixup_baseline_s1,random200,n02114367/ILSVRC2012_val_00017311_n02114367,attn_entropy_bits,4.707407512
e2r_vits_mixup_baseline_s1,random200,n02114367/ILSVRC2012_val_00017311_n02114367,ring1_mass,0.3412960155
e2r_vits_mixup_baseline_s1,random200,n02114367/ILSVRC2012_val_00017311_n02114367,uniform_ring1_mass,0.2244897959
e2r_vits_mixup_baseline_s1,random200,n02117135/ILSVRC2012_val_00000983_n02117135,attn_entropy_bits,4.640446946
e2r_vits_mixup_baseline_s1,random200,n02117135/ILSVRC2012_val_00000983_n02117135,ring1_mass,0.3520545994
e2r_vits_mixup_baseline_s1,random200,n02117135/ILSVRC2012_val_00000983_n02117135,uniform_ring1_mass,0.2244897959
e2r_vits_mixup_baseline_s1,random200,n02125311/ILSVRC2012_val_00039595_n02125311,attn_entropy_bits,4.503363446
e2r_vits_mixup_baseline_s1,random200,n02125311/ILSVRC2012_val_00039595_n02125311,ring1_mass,0.3602793076
e2r_vits_mixup_baseline_s1,random200,n02125311/ILSVRC2012_val_00039595_n02125311,uniform_ring1_mass,0.2244897959
e2r_vits_mixup_baseline_s1,random200,n02133161/ILSVRC2012_val_00046668_n02133161,attn_entropy_bits,6.21681925
e2r_vits_mixup_baseline_s1,random200,n02133161/ILSVRC2012_val_00046668_n02133161,ring1_mass,0.4013145593
e2r_vits_mixup_baseline_s1,random200,n02133161/ILSVRC2012_val_00046668_n02133161,uniform_ring1_mass,0.2244897959
e2r_vits_mixup_baseline_s1,random200,n02137549/ILSVRC2012_val_00047555_n02137549,attn_entropy_bits,6.181515861
e2r_vits_mixup_baseline_s1,random200,n02137549/ILSVRC2012_val_00047555_n02137549,ring1_mass,0.4315926184
e2r_vits_mixup_baseline_s1,random200,n02137549/ILSVRC2012_val_00047555_n02137549,uniform_ring1_mass,0.2244897959
e2r_vits_mixup_baseline_s1,random200,n02167151/ILSVRC2012_val_00005169_n02167151,attn_entropy_bits,4.696653747
e2r_vits_mixup_baseline_s1,random200,n02167151/ILSVRC2012_val_00005169_n02167151,ring1_mass,0.5252471856
e2r_vits_mixup_baseline_s1,random200,n02167151/ILSVRC2012_val_00005169_n02167151,uniform_ring1_mass,0.2244897959
e2r_vits_mixup_baseline_s1,random200,n02172182/ILSVRC2012_val_00002042_n02172182,attn_entropy_bits,4.090109223
e2r_vits_mixup_baseline_s1,random200,n02172182/ILSVRC2012_val_00002042_n02172182,ring1_mass,0.4812362325
e2r_vits_mixup_baseline_s1,random200,n02172182/ILSVRC2012_val_00002042_n02172182,uniform_ring1_mass,0.2244897959
e2r_vits_mixup_baseline_s1,random200,n02174001/ILSVRC2012_val_00034738_n02174001,attn_entropy_bits,5.196232588
e2r_vits_mixup_baseline_s1,random200,n02174001/ILSVRC2012_val_00034738_n02174001,ring1_mass,0.463733609
e2r_vits_mixup_baseline_s1,random200,n02174001/ILSVRC2012_val_00034738_n02174001,uniform_ring1_mass,0.2244897959
e2r_vits_mixup_baseline_s1,random200,n02177972/ILSVRC2012_val_00044760_n02177972,attn_entropy_bits,5.319523227
e2r_vits_mixup_baseline_s1,random200,n02177972/ILSVRC2012_val_00044760_n02177972,ring1_mass,0.2259474285
e2r_vits_mixup_baseline_s1,random200,n02177972/ILSVRC2012_val_00044760_n02177972,uniform_ring1_mass,0.2244897959
e2r_vits_mixup_baseline_s1,random200,n02219486/ILSVRC2012_val_00031820_n02219486,attn_entropy_bits,6.085994561
e2r_vits_mixup_baseline_s1,random200,n02219486/ILSVRC2012_val_00031820_n02219486,ring1_mass,0.1649066817
e2r_vits_mixup_baseline_s1,random200,n02219486/ILSVRC2012_val_00031820_n02219486,uniform_ring1_mass,0.2244897959
e2r_vits_mixup_baseline_s1,random200,n02226429/ILSVRC2012_val_00032265_n02226429,attn_entropy_bits,5.313451717
e2r_vits_mixup_baseline_s1,random200,n02226429/ILSVRC2012_val_00032265_n02226429,ring1_mass,0.4941677262
e2r_vits_mixup_baseline_s1,random200,n02226429/ILSVRC2012_val_00032265_n02226429,uniform_ring1_mass,0.2244897959
e2r_vits_mixup_baseline_s1,random200,n02281787/ILSVRC2012_val_00043381_n02281787,attn_entropy_bits,5.479169352
e2r_vits_mixup_baseline_s1,random200,n02281787/ILSVRC2012_val_00043381_n02281787,ring1_mass,0.262715652
e2r_vits_mixup_baseline_s1,random200,n02281787/ILSVRC2012_val_00043381_n02281787,uniform_ring1_mass,0.2244897959
e2r_vits_mixup_baseline_s1,random200,n02326432/ILSVRC2012_val_00049948_n02326432,attn_entropy_bits,4.042335607
e2r_vits_mixup_baseline_s1,random200,n02326432/ILSVRC2012_val_00049948_n02326432,ring1_mass,0.3161895113
e2r_vits_mixup_baseline_s1,random200,n02326432/ILSVRC2012_val_00049948_n02326432,uniform_ring1_mass,0.2244897959
e2r_vits_mixup_baseline_s1,random200,n02342885/ILSVRC2012_val_00016348_n02342885,attn_entropy_bits,5.164997203
e2r_vits_mixup_baseline_s1,random200,n02342885/ILSVRC2012_val_00016348_n02342885,ring1_mass,0.3835222618
e2r_vits_mixup_baseline_s1,random200,n02342885/ILSVRC2012_val_00016348_n02342885,uniform_ring1_mass,0.2244897959
e2r_vits_mixup_baseline_s1,random200,n02363005/ILSVRC2012_val_00025114_n02363005,attn_entropy_bits,5.240137816
e2r_vits_mixup_baseline_s1,random200,n02363005/ILSVRC2012_val_00025114_n02363005,ring1_mass,0.3981060913
e2r_vits_mixup_baseline_s1,random200,n02363005/ILSVRC2012_val_00025114_n02363005,uniform_ring1_mass,0.2244897959
e2r_vits_mixup_baseline_s1,random200,n02389026/ILSVRC2012_val_00018928_n02389026,attn_entropy_bits,4.953196675
e2r_vits_mixup_baseline_s1,random200,n02389026/ILSVRC2012_val_00018928_n02389026,ring1_mass,0.352700754
e2r_vits_mixup_baseline_s1,random200,n02389026/ILSVRC2012_val_00018928_n02389026,uniform_ring1_mass,0.2244897959
e2r_vits_mixup_baseline_s1,random200,n02403003/ILSVRC2012_val_00039271_n02403003,attn_entropy_bits,4.455141222
e2r_vits_mixup_baseline_s1,random200,n02403003/ILSVRC2012_val_00039271_n02403003,ring1_mass,0.4106127492
e2r_vits_mixup_baseline_s1,random200,n02403003/ILSVRC2012_val_00039271_n02403003,uniform_ring1_mass,0.2244897959
e2r_vits_mixup_baseline_s1,random200,n02412080/ILSVRC2012_val_00030484_n02412080,attn_entropy_bits,4.862960817
e2r_vits_mixup_baseline_s1,random200,n02412080/ILSVRC2012_val_00030484_n02412080,ring1_mass,0.3823412961
e2r_vits_mixup_baseline_s1,random200,n02412080/ILSVRC2012_val_00030484_n02412080,uniform_ring1_mass,0.2244897959
e2r_vits_mixup_baseline_s1,random200,n02415577/ILSVRC2012_val_00040551_n02415577,attn_entropy_bits,4.545750766
e2r_vits_mixup_baseline_s1,random200,n02415577/ILSVRC2012_val_00040551_n02415577,ring1_mass,0.3857764233
e2r_vits_mixup_baseline_s1,random200,n02415577/ILSVRC2012_val_00040551_n02415577,uniform_ring1_mass,0.2244897959
e2r_vits_mixup_baseline_s1,random200,n02442845/ILSVRC2012_val_00028458_n02442845,attn_entropy_bits,5.324553301
e2r_vits_mixup_baseline_s1,random200,n02442845/ILSVRC2012_val_00028458_n02442845,ring1_mass,0.4005220853
e2r_vits_mixup_baseline_s1,random200,n02442845/ILSVRC2012_val_00028458_n02442845,uniform_ring1_mass,0.2244897959
e2r_vits_mixup_baseline_s1,random200,n02444819/ILSVRC2012_val_00032606_n02444819,attn_entropy_bits,4.724123856
e2r_vits_mixup_baseline_s1,random200,n02444819/ILSVRC2012_val_00032606_n02444819,ring1_mass,0.3481706383
e2r_vits_mixup_baseline_s1,random200,n02444819/ILSVRC2012_val_00032606_n02444819,uniform_ring1_mass,0.2244897959
e2r_vits_mixup_baseline_s1,random200,n02457408/ILSVRC2012_val_00042044_n02457408,attn_entropy_bits,4.191463073
e2r_vits_mixup_baseline_s1,random200,n02457408/ILSVRC2012_val_00042044_n02457408,ring1_mass,0.4306647033
e2r_vits_mixup_baseline_s1,random200,n02457408/ILSVRC2012_val_00042044_n02457408,uniform_ring1_mass,0.2244897959
e2r_vits_mixup_baseline_s1,random200,n02483708/ILSVRC2012_val_00000087_n02483708,attn_entropy_bits,4.955121206
e2r_vits_mixup_baseline_s1,random200,n02483708/ILSVRC2012_val_00000087_n02483708,ring1_mass,0.2224368132
e2r_vits_mixup_baseline_s1,random200,n02483708/ILSVRC2012_val_00000087_n02483708,uniform_ring1_mass,0.2244897959
e2r_vits_mixup_baseline_s1,random200,n02484975/ILSVRC2012_val_00006410_n02484975,attn_entropy_bits,4.536866059
e2r_vits_mixup_baseline_s1,random200,n02484975/ILSVRC2012_val_00006410_n02484975,ring1_mass,0.2627085648
e2r_vits_mixup_baseline_s1,random200,n02484975/ILSVRC2012_val_00006410_n02484975,uniform_ring1_mass,0.2244897959
e2r_vits_mixup_baseline_s1,random200,n02490219/ILSVRC2012_val_00009701_n02490219,attn_entropy_bits,4.783555486
e2r_vits_mixup_baseline_s1,random200,n02490219/ILSVRC2012_val_00009701_n02490219,ring1_mass,0.5754415516
e2r_vits_mixup_baseline_s1,random200,n02490219/ILSVRC2012_val_00009701_n02490219,uniform_ring1_mass,0.2244897959
e2r_vits_mixup_baseline_s1,random200,n02493509/ILSVRC2012_val_00022082_n02493509,attn_entropy_bits,5.121852959
e2r_vits_mixup_baseline_s1,random200,n02493509/ILSVRC2012_val_00022082_n02493509,ring1_mass,0.393298399
e2r_vits_mixup_baseline_s1,random200,n02493509/ILSVRC2012_val_00022082_n02493509,uniform_ring1_mass,0.2244897959
e2r_vits_mixup_baseline_s1,random200,n02509815/ILSVRC2012_val_00016071_n02509815,attn_entropy_bits,4.580857018
e2r_vits_mixup_baseline_s1,random200,n02509815/ILSVRC2012_val_00016071_n02509815,ring1_mass,0.3932517352
e2r_vits_mixup_baseline_s1,random200,n02509815/ILSVRC2012_val_00016071_n02509815,uniform_ring1_mass,0.2244897959
e2r_vits_mixup_baseline_s1,random200,n02607072/ILSVRC2012_val_00021505_n02607072,attn_entropy_bits,5.765286538
e2r_vits_mixup_baseline_s1,random200,n02607072/ILSVRC2012_val_00021505_n02607072,ring1_mass,0.4791131206
e2r_vits_mixup_baseline_s1,random200,n02607072/ILSVRC2012_val_00021505_n02607072,uniform_ring1_mass,0.2244897959
e2r_vits_mixup_baseline_s1,random200,n02640242/ILSVRC2012_val_00001436_n02640242,attn_entropy_bits,5.463706169
e2r_vits_mixup_baseline_s1,random200,n02640242/ILSVRC2012_val_00001436_n02640242,ring1_mass,0.5841047169
e2r_vits_mixup_baseline_s1,random200,n02640242/ILSVRC2012_val_00001436_n02640242,uniform_ring1_mass,0.2244897959
e2r_vits_mixup_baseline_s1,random200,n02655020/ILSVRC2012_val_00008730_n02655020,attn_entropy_bits,5.813188479
e2r_vits_mixup_baseline_s1,random200,n02655020/ILSVRC2012_val_00008730_n02655020,ring1_mass,0.364463955
e2r_vits_mixup_baseline_s1,random200,n02655020/ILSVRC2012_val_00008730_n02655020,uniform_ring1_mass,0.2244897959
e2r_vits_mixup_baseline_s1,random200,n02687172/ILSVRC2012_val_00032680_n02687172,attn_entropy_bits,5.026968592
e2r_vits_mixup_baseline_s1,random200,n02687172/ILSVRC2012_val_00032680_n02687172,ring1_mass,0.3734404921
e2r_vits_mixup_baseline_s1,random200,n02687172/ILSVRC2012_val_00032680_n02687172,uniform_ring1_mass,0.2244897959
e2r_vits_mixup_baseline_s1,random200,n02783161/ILSVRC2012_val_00044024_n02783161,attn_entropy_bits,5.114297247
e2r_vits_mixup_baseline_s1,random200,n02783161/ILSVRC2012_val_00044024_n02783161,ring1_mass,0.4299815718
e2r_vits_mixup_baseline_s1,random200,n02783161/ILSVRC2012_val_00044024_n02783161,uniform_ring1_mass,0.2244897959
e2r_vits_mixup_baseline_s1,random200,n02786058/ILSVRC2012_val_00000706_n02786058,attn_entropy_bits,6.246965285
e2r_vits_mixup_baseline_s1,random200,n02786058/ILSVRC2012_val_00000706_n02786058,ring1_mass,0.3297850266
e2r_vits_mixup_baseline_s1,random200,n02786058/ILSVRC2012_val_00000706_n02786058,uniform_ring1_mass,0.2244897959
e2r_vits_mixup_baseline_s1,random200,n02787622/ILSVRC2012_val_00019653_n02787622,attn_entropy_bits,5.086870948
e2r_vits_mixup_baseline_s1,random200,n02787622/ILSVRC2012_val_00019653_n02787622,ring1_mass,0.07196098455
e2r_vits_mixup_baseline_s1,random200,n02787622/ILSVRC2012_val_00019653_n02787622,uniform_ring1_mass,0.2244897959
e2r_vits_mixup_baseline_s1,random200,n02788148/ILSVRC2012_val_00014558_n02788148,attn_entropy_bits,5.07816482
e2r_vits_mixup_baseline_s1,random200,n02788148/ILSVRC2012_val_00014558_n02788148,ring1_mass,0.3127331852
e2r_vits_mixup_baseline_s1,random200,n02788148/ILSVRC2012_val_00014558_n02788148,uniform_ring1_mass,0.2244897959
e2r_vits_mixup_baseline_s1,random200,n02790996/ILSVRC2012_val_00035930_n02790996,attn_entropy_bits,4.738081436
e2r_vits_mixup_baseline_s1,random200,n02790996/ILSVRC2012_val_00035930_n02790996,ring1_mass,0.1443033682
e2r_vits_mixup_baseline_s1,random200,n02790996/ILSVRC2012_val_00035930_n02790996,uniform_ring1_mass,0.2244897959
e2r_vits_mixup_baseline_s1,random200,n02794156/ILSVRC2012_val_00036595_n02794156,attn_entropy_bits,4.680736247
e2r_vits_mixup_baseline_s1,random200,n02794156/ILSVRC2012_val_00036595_n02794156,ring1_mass,0.01306920019
e2r_vits_mixup_baseline_s1,random200,n02794156/ILSVRC2012_val_00036595_n02794156,uniform_ring1_mass,0.2244897959
e2r_vits_mixup_baseline_s1,random200,n02804414/ILSVRC2012_val_00010744_n02804414,attn_entropy_bits,4.893723261
e2r_vits_mixup_baseline_s1,random200,n02804414/ILSVRC2012_val_00010744_n02804414,ring1_mass,0.4398806174
e2r_vits_mixup_baseline_s1,random200,n02804414/ILSVRC2012_val_00010744_n02804414,uniform_ring1_mass,0.2244897959
e2r_vits_mixup_baseline_s1,random200,n02807133/ILSVRC2012_val_00043987_n02807133,attn_entropy_bits,5.188355711
e2r_vits_mixup_baseline_s1,random200,n02807133/ILSVRC2012_val_00043987_n02807133,ring1_mass,0.3157684347
e2r_vits_mixup_baseline_s1,random200,n02807133/ILSVRC2012_val_00043987_n02807133,uniform_ring1_mass,0.2244897959
e2r_vits_mixup_baseline_s1,random200,n02817516/ILSVRC2012_val_00007414_n02817516,attn_entropy_bits,4.550712588
e2r_vits_mixup_baseline_s1,random200,n02817516/ILSVRC2012_val_00007414_n02817516,ring1_mass,0.4804741733
e2r_vits_mixup_baseline_s1,random200,n02817516/ILSVRC2012_val_00007414_n02817516,uniform_ring1_mass,0.2244897959
e2r_vits_mixup_baseline_s1,random200,n02834397/ILSVRC2012_val_00049192_n02834397,attn_entropy_bits,5.493494063
e2r_vits_mixup_baseline_s1,random200,n02834397/ILSVRC2012_val_00049192_n02834397,ring1_mass,0.177000593
e2r_vits_mixup_baseline_s1,random200,n02834397/ILSVRC2012_val_00049192_n02834397,uniform_ring1_mass,0.2244897959
e2r_vits_mixup_baseline_s1,random200,n02865351/ILSVRC2012_val_00018752_n02865351,attn_entropy_bits,5.535099426
e2r_vits_mixup_baseline_s1,random200,n02865351/ILSVRC2012_val_00018752_n02865351,ring1_mass,0.6317786343
e2r_vits_mixup_baseline_s1,random200,n02865351/ILSVRC2012_val_00018752_n02865351,uniform_ring1_mass,0.2244897959
e2r_vits_mixup_baseline_s1,random200,n02877765/ILSVRC2012_val_00045915_n02877765,attn_entropy_bits,6.194438005
e2r_vits_mixup_baseline_s1,random200,n02877765/ILSVRC2012_val_00045915_n02877765,ring1_mass,0.3792978447
e2r_vits_mixup_baseline_s1,random200,n02877765/ILSVRC2012_val_00045915_n02877765,uniform_ring1_mass,0.2244897959
e2r_vits_mixup_baseline_s1,random200,n02895154/ILSVRC2012_val_00032037_n02895154,attn_entropy_bits,4.792816496
e2r_vits_mixup_baseline_s1,random200,n02895154/ILSVRC2012_val_00032037_n02895154,ring1_mass,0.3898095678
e2r_vits_mixup_baseline_s1,random200,n02895154/ILSVRC2012_val_00032037_n02895154,uniform_ring1_mass,0.2244897959
e2r_vits_mixup_baseline_s1,random200,n02971356/ILSVRC2012_val_00022451_n02971356,attn_entropy_bits,5.069229022
e2r_vits_mixup_baseline_s1,random200,n02971356/ILSVRC2012_val_00022451_n02971356,ring1_mass,0.2567068978
e2r_vits_mixup_baseline_s1,random200,n02971356/ILSVRC2012_val_00022451_n02971356,uniform_ring1_mass,0.2244897959
e2r_vits_mixup_baseline_s1,random200,n02978881/ILSVRC2012_val_00017217_n02978881,attn_entropy_bits,5.356442149
e2r_vits_mixup_baseline_s1,random200,n02978881/ILSVRC2012_val_00017217_n02978881,ring1_mass,0.391394372
e2r_vits_mixup_baseline_s1,random200,n02978881/ILSVRC2012_val_00017217_n02978881,uniform_ring1_mass,0.2244897959
e2r_vits_mixup_baseline_s1,random200,n03041632/ILSVRC2012_val_00008526_n03041632,attn_entropy_bits,5.230655618
e2r_vits_mixup_baseline_s1,random200,n03041632/ILSVRC2012_val_00008526_n03041632,ring1_mass,0.3449388102
e2r_vits_mixup_baseline_s1,random200,n03041632/ILSVRC2012_val_00008526_n03041632,uniform_ring1_mass,0.2244897959
e2r_vits_mixup_baseline_s1,random200,n03042490/ILSVRC2012_val_00027258_n03042490,attn_entropy_bits,4.914031796
e2r_vits_mixup_baseline_s1,random200,n03042490/ILSVRC2012_val_00027258_n03042490,ring1_mass,0.451484175
e2r_vits_mixup_baseline_s1,random200,n03042490/ILSVRC2012_val_00027258_n03042490,uniform_ring1_mass,0.2244897959
e2r_vits_mixup_baseline_s1,random200,n03085013/ILSVRC2012_val_00002499_n03085013,attn_entropy_bits,5.559210275
e2r_vits_mixup_baseline_s1,random200,n03085013/ILSVRC2012_val_00002499_n03085013,ring1_mass,0.5233013042
e2r_vits_mixup_baseline_s1,random200,n03085013/ILSVRC2012_val_00002499_n03085013,uniform_ring1_mass,0.2244897959
e2r_vits_mixup_baseline_s1,random200,n03095699/ILSVRC2012_val_00001339_n03095699,attn_entropy_bits,4.976288622
e2r_vits_mixup_baseline_s1,random200,n03095699/ILSVRC2012_val_00001339_n03095699,ring1_mass,0.342871028
e2r_vits_mixup_baseline_s1,random200,n03095699/ILSVRC2012_val_00001339_n03095699,uniform_ring1_mass,0.2244897959
e2r_vits_mixup_baseline_s1,random200,n03124170/ILSVRC2012_val_00032152_n03124170,attn_entropy_bits,5.442287709
e2r_vits_mixup_baseline_s1,random200,n03124170/ILSVRC2012_val_00032152_n03124170,ring1_mass,0.4321847789
e2r_vits_mixup_baseline_s1,random200,n03124170/ILSVRC2012_val_00032152_n03124170,uniform_ring1_mass,0.2244897959
e2r_vits_mixup_baseline_s1,random200,n03125729/ILSVRC2012_val_00032315_n03125729,attn_entropy_bits,5.755901673
e2r_vits_mixup_baseline_s1,random200,n03125729/ILSVRC2012_val_00032315_n03125729,ring1_mass,0.199345142
e2r_vits_mixup_baseline_s1,random200,n03125729/ILSVRC2012_val_00032315_n03125729,uniform_ring1_mass,0.2244897959
e2r_vits_mixup_baseline_s1,random200,n03134739/ILSVRC2012_val_00023436_n03134739,attn_entropy_bits,4.751848963
e2r_vits_mixup_baseline_s1,random200,n03134739/ILSVRC2012_val_00023436_n03134739,ring1_mass,0.3601622212
e2r_vits_mixup_baseline_s1,random200,n03134739/ILSVRC2012_val_00023436_n03134739,uniform_ring1_mass,0.2244897959
e2r_vits_mixup_baseline_s1,random200,n03196217/ILSVRC2012_val_00049458_n03196217,attn_entropy_bits,5.800487384
e2r_vits_mixup_baseline_s1,random200,n03196217/ILSVRC2012_val_00049458_n03196217,ring1_mass,0.5679292026
e2r_vits_mixup_baseline_s1,random200,n03196217/ILSVRC2012_val_00049458_n03196217,uniform_ring1_mass,0.2244897959
e2r_vits_mixup_baseline_s1,random200,n03220513/ILSVRC2012_val_00007952_n03220513,attn_entropy_bits,4.918968473
e2r_vits_mixup_baseline_s1,random200,n03220513/ILSVRC2012_val_00007952_n03220513,ring1_mass,0.3458184855
e2r_vits_mixup_baseline_s1,random200,n03220513/ILSVRC2012_val_00007952_n03220513,uniform_ring1_mass,0.2244897959
e2r_vits_mixup_baseline_s1,random200,n03250847/ILSVRC2012_val_00020232_n03250847,attn_entropy_bits,6.023684203
e2r_vits_mixup_baseline_s1,random200,n03250847/ILSVRC2012_val_00020232_n03250847,ring1_mass,0.5664854906
e2r_vits_mixup_baseline_s1,random200,n03250847/ILSVRC2012_val_00020232_n03250847,uniform_ring1_mass,0.2244897959
e2r_vits_mixup_baseline_s1,random200,n03290653/ILSVRC2012_val_00046068_n03290653,attn_entropy_bits,5.541658071
e2r_vits_mixup_baseline_s1,random200,n03290653/ILSVRC2012_val_00046068_n03290653,ring1_mass,0.446484509
e2r_vits_mixup_baseline_s1,random200,n03290653/ILSVRC2012_val_00046068_n03290653,uniform_ring1_mass,0.2244897959
e2r_vits_mixup_baseline_s1,random200,n03297495/ILSVRC2012_val_00023386_n03297495,attn_entropy_bits,6.641866254
e2r_vits_mixup_baseline_s1,random200,n03297495/ILSVRC2012_val_00023386_n03297495,ring1_mass,0.3356611149
e2r_vits_mixup_baseline_s1,random200,n03297495/ILSVRC2012_val_00023386_n03297495,uniform_ring1_mass,0.2244897959
e2r_vits_mixup_baseline_s1,random200,n03337140/ILSVRC2012_val_00021909_n03337140,attn_entropy_bits,5.71077167
e2r_vits_mixup_baseline_s1,random200,n03337140/ILSVRC2012_val_00021909_n03337140,ring1_mass,0.2504026338
e2r_vits_mixup_baseline_s1,random200,n03337140/ILSVRC2012_val_00021909_n03337140,uniform_ring1_mass,0.2244897959
e2r_vits_mixup_baseline_s1,random200,n03372029/ILSVRC2012_val_00009395_n03372029,attn_entropy_bits,5.277401124
e2r_vits_mixup_baseline_s1,random200,n03372029/ILSVRC2012_val_00009395_n03372029,ring1_mass,0.2692835768
e2r_vits_mixup_baseline_s1,random200,n03372029/ILSVRC2012_val_00009395_n03372029,uniform_ring1_mass,0.2244897959
e2r_vits_mixup_baseline_s1,random200,n03388043/ILSVRC2012_val_00029752_n03388043,attn_entropy_bits,5.346963999
e2r_vits_mixup_baseline_s1,random200,n03388043/ILSVRC2012_val_00029752_n03388043,ring1_mass,0.3603119913
e2r_vits_mixup_baseline_s1,random200,n03388043/ILSVRC2012_val_00029752_n03388043,uniform_ring1_mass,0.2244897959
e2r_vits_mixup_baseline_s1,random200,n03425413/ILSVRC2012_val_00044370_n03425413,attn_entropy_bits,5.491022037
e2r_vits_mixup_baseline_s1,random200,n03425413/ILSVRC2012_val_00044370_n03425413,ring1_mass,0.3448350592
e2r_vits_mixup_baseline_s1,random200,n03425413/ILSVRC2012_val_00044370_n03425413,uniform_ring1_mass,0.2244897959
e2r_vits_mixup_baseline_s1,random200,n03444034/ILSVRC2012_val_00047858_n03444034,attn_entropy_bits,5.815049726
e2r_vits_mixup_baseline_s1,random200,n03444034/ILSVRC2012_val_00047858_n03444034,ring1_mass,0.3911082138
e2r_vits_mixup_baseline_s1,random200,n03444034/ILSVRC2012_val_00047858_n03444034,uniform_ring1_mass,0.2244897959
e2r_vits_mixup_baseline_s1,random200,n03445777/ILSVRC2012_val_00031897_n03445777,attn_entropy_bits,5.074447271
e2r_vits_mixup_baseline_s1,random200,n03445777/ILSVRC2012_val_00031897_n03445777,ring1_mass,0.2662781298
e2r_vits_mixup_baseline_s1,random200,n03445777/ILSVRC2012_val_00031897_n03445777,uniform_ring1_mass,0.2244897959
e2r_vits_mixup_baseline_s1,random200,n03447447/ILSVRC2012_val_00016814_n03447447,attn_entropy_bits,4.723888844
e2r_vits_mixup_baseline_s1,random200,n03447447/ILSVRC2012_val_00016814_n03447447,ring1_mass,0.3063722612
e2r_vits_mixup_baseline_s1,random200,n03447447/ILSVRC2012_val_00016814_n03447447,uniform_ring1_mass,0.2244897959
e2r_vits_mixup_baseline_s1,random200,n03492542/ILSVRC2012_val_00011209_n03492542,attn_entropy_bits,6.573044817
e2r_vits_mixup_baseline_s1,random200,n03492542/ILSVRC2012_val_00011209_n03492542,ring1_mass,0.3303689039
e2r_vits_mixup_baseline_s1,random200,n03492542/ILSVRC2012_val_00011209_n03492542,uniform_ring1_mass,0.2244897959
e2r_vits_mixup_baseline_s1,random200,n03496892/ILSVRC2012_val_00010776_n03496892,attn_entropy_bits,4.980707857
e2r_vits_mixup_baseline_s1,random200,n03496892/ILSVRC2012_val_00010776_n03496892,ring1_mass,0.5375997065
e2r_vits_mixup_baseline_s1,random200,n03496892/ILSVRC2012_val_00010776_n03496892,uniform_ring1_mass,0.2244897959
e2r_vits_mixup_baseline_s1,random200,n03532672/ILSVRC2012_val_00042387_n03532672,attn_entropy_bits,6.290384537
e2r_vits_mixup_baseline_s1,random200,n03532672/ILSVRC2012_val_00042387_n03532672,ring1_mass,0.5200275978
e2r_vits_mixup_baseline_s1,random200,n03532672/ILSVRC2012_val_00042387_n03532672,uniform_ring1_mass,0.2244897959
e2r_vits_mixup_baseline_s1,random200,n03538406/ILSVRC2012_val_00014022_n03538406,attn_entropy_bits,4.870563626
e2r_vits_mixup_baseline_s1,random200,n03538406/ILSVRC2012_val_00014022_n03538406,ring1_mass,0.2943670959
e2r_vits_mixup_baseline_s1,random200,n03538406/ILSVRC2012_val_00014022_n03538406,uniform_ring1_mass,0.2244897959
e2r_vits_mixup_baseline_s1,random200,n03544143/ILSVRC2012_val_00036746_n03544143,attn_entropy_bits,5.798349534
e2r_vits_mixup_baseline_s1,random200,n03544143/ILSVRC2012_val_00036746_n03544143,ring1_mass,0.3562718432
e2r_vits_mixup_baseline_s1,random200,n03544143/ILSVRC2012_val_00036746_n03544143,uniform_ring1_mass,0.2244897959
e2r_vits_mixup_baseline_s1,random200,n03584829/ILSVRC2012_val_00009834_n03584829,attn_entropy_bits,4.513432815
e2r_vits_mixup_baseline_s1,random200,n03584829/ILSVRC2012_val_00009834_n03584829,ring1_mass,0.6597238036
e2r_vits_mixup_baseline_s1,random200,n03584829/ILSVRC2012_val_00009834_n03584829,uniform_ring1_mass,0.2244897959
e2r_vits_mixup_baseline_s1,random200,n03590841/ILSVRC2012_val_00009971_n03590841,attn_entropy_bits,5.156508476
e2r_vits_mixup_baseline_s1,random200,n03590841/ILSVRC2012_val_00009971_n03590841,ring1_mass,0.2543332204
e2r_vits_mixup_baseline_s1,random200,n03590841/ILSVRC2012_val_00009971_n03590841,uniform_ring1_mass,0.2244897959
e2r_vits_mixup_baseline_s1,random200,n03594734/ILSVRC2012_val_00045877_n03594734,attn_entropy_bits,6.161751563
e2r_vits_mixup_baseline_s1,random200,n03594734/ILSVRC2012_val_00045877_n03594734,ring1_mass,0.2380630634
e2r_vits_mixup_baseline_s1,random200,n03594734/ILSVRC2012_val_00045877_n03594734,uniform_ring1_mass,0.2244897959
e2r_vits_mixup_baseline_s1,random200,n03623198/ILSVRC2012_val_00024197_n03623198,attn_entropy_bits,6.06391042
e2r_vits_mixup_baseline_s1,random200,n03623198/ILSVRC2012_val_00024197_n03623198,ring1_mass,0.2547399449
e2r_vits_mixup_baseline_s1,random200,n03623198/ILSVRC2012_val_00024197_n03623198,uniform_ring1_mass,0.2244897959
e2r_vits_mixup_baseline_s1,random200,n03633091/ILSVRC2012_val_00025920_n03633091,attn_entropy_bits,6.166442081
e2r_vits_mixup_baseline_s1,random200,n03633091/ILSVRC2012_val_00025920_n03633091,ring1_mass,0.2478162204
e2r_vits_mixup_baseline_s1,random200,n03633091/ILSVRC2012_val_00025920_n03633091,uniform_ring1_mass,0.2244897959
e2r_vits_mixup_baseline_s1,random200,n03661043/ILSVRC2012_val_00044809_n03661043,attn_entropy_bits,5.340908871
e2r_vits_mixup_baseline_s1,random200,n03661043/ILSVRC2012_val_00044809_n03661043,ring1_mass,0.2561475895
e2r_vits_mixup_baseline_s1,random200,n03661043/ILSVRC2012_val_00044809_n03661043,uniform_ring1_mass,0.2244897959
e2r_vits_mixup_baseline_s1,random200,n03670208/ILSVRC2012_val_00049113_n03670208,attn_entropy_bits,5.701308051
e2r_vits_mixup_baseline_s1,random200,n03670208/ILSVRC2012_val_00049113_n03670208,ring1_mass,0.388566013
e2r_vits_mixup_baseline_s1,random200,n03670208/ILSVRC2012_val_00049113_n03670208,uniform_ring1_mass,0.2244897959
e2r_vits_mixup_baseline_s1,random200,n03676483/ILSVRC2012_val_00019870_n03676483,attn_entropy_bits,6.167030312
e2r_vits_mixup_baseline_s1,random200,n03676483/ILSVRC2012_val_00019870_n03676483,ring1_mass,0.3622390799
e2r_vits_mixup_baseline_s1,random200,n03676483/ILSVRC2012_val_00019870_n03676483,uniform_ring1_mass,0.2244897959
e2r_vits_mixup_baseline_s1,random200,n03690938/ILSVRC2012_val_00003829_n03690938,attn_entropy_bits,5.649438341
e2r_vits_mixup_baseline_s1,random200,n03690938/ILSVRC2012_val_00003829_n03690938,ring1_mass,0.587584301
e2r_vits_mixup_baseline_s1,random200,n03690938/ILSVRC2012_val_00003829_n03690938,uniform_ring1_mass,0.2244897959
e2r_vits_mixup_baseline_s1,random200,n03733281/ILSVRC2012_val_00028102_n03733281,attn_entropy_bits,5.102779199
e2r_vits_mixup_baseline_s1,random200,n03733281/ILSVRC2012_val_00028102_n03733281,ring1_mass,0.346145193
e2r_vits_mixup_baseline_s1,random200,n03733281/ILSVRC2012_val_00028102_n03733281,uniform_ring1_mass,0.2244897959
e2r_vits_mixup_baseline_s1,random200,n03742115/ILSVRC2012_val_00040196_n03742115,attn_entropy_bits,5.778445216
e2r_vits_mixup_baseline_s1,random200,n03742115/ILSVRC2012_val_00040196_n03742115,ring1_mass,0.1814125016
e2r_vits_mixup_baseline_s1,random200,n03742115/ILSVRC2012_val_00040196_n03742115,uniform_ring1_mass,0.2244897959
e2r_vits_mixup_baseline_s1,random200,n03743016/ILSVRC2012_val_00020408_n03743016,attn_entropy_bits,5.127128118
e2r_vits_mixup_baseline_s1,random200,n03743016/ILSVRC2012_val_00020408_n03743016,ring1_mass,0.5537418878
e2r_vits_mixup_baseline_s1,random200,n03743016/ILSVRC2012_val_00020408_n03743016,uniform_ring1_mass,0.2244897959
e2r_vits_mixup_baseline_s1,random200,n03763968/ILSVRC2012_val_00022356_n03763968,attn_entropy_bits,5.115381043
e2r_vits_mixup_baseline_s1,random200,n03763968/ILSVRC2012_val_00022356_n03763968,ring1_mass,0.454850396
e2r_vits_mixup_baseline_s1,random200,n03763968/ILSVRC2012_val_00022356_n03763968,uniform_ring1_mass,0.2244897959
e2r_vits_mixup_baseline_s1,random200,n03770439/ILSVRC2012_val_00041915_n03770439,attn_entropy_bits,6.020426797
e2r_vits_mixup_baseline_s1,random200,n03770439/ILSVRC2012_val_00041915_n03770439,ring1_mass,0.3535394742
e2r_vits_mixup_baseline_s1,random200,n03770439/ILSVRC2012_val_00041915_n03770439,uniform_ring1_mass,0.2244897959
e2r_vits_mixup_baseline_s1,random200,n03777568/ILSVRC2012_val_00029873_n03777568,attn_entropy_bits,4.30022863
e2r_vits_mixup_baseline_s1,random200,n03777568/ILSVRC2012_val_00029873_n03777568,ring1_mass,0.2459071356
e2r_vits_mixup_baseline_s1,random200,n03777568/ILSVRC2012_val_00029873_n03777568,uniform_ring1_mass,0.2244897959
e2r_vits_mixup_baseline_s1,random200,n03785016/ILSVRC2012_val_00024487_n03785016,attn_entropy_bits,6.073064587
e2r_vits_mixup_baseline_s1,random200,n03785016/ILSVRC2012_val_00024487_n03785016,ring1_mass,0.3801461753
e2r_vits_mixup_baseline_s1,random200,n03785016/ILSVRC2012_val_00024487_n03785016,uniform_ring1_mass,0.2244897959
e2r_vits_mixup_baseline_s1,random200,n03791053/ILSVRC2012_val_00037320_n03791053,attn_entropy_bits,5.109376623
e2r_vits_mixup_baseline_s1,random200,n03791053/ILSVRC2012_val_00037320_n03791053,ring1_mass,0.3113435328
e2r_vits_mixup_baseline_s1,random200,n03791053/ILSVRC2012_val_00037320_n03791053,uniform_ring1_mass,0.2244897959
e2r_vits_mixup_baseline_s1,random200,n03840681/ILSVRC2012_val_00007739_n03840681,attn_entropy_bits,5.633193205
e2r_vits_mixup_baseline_s1,random200,n03840681/ILSVRC2012_val_00007739_n03840681,ring1_mass,0.5145579388
e2r_vits_mixup_baseline_s1,random200,n03840681/ILSVRC2012_val_00007739_n03840681,uniform_ring1_mass,0.2244897959
e2r_vits_mixup_baseline_s1,random200,n03857828/ILSVRC2012_val_00015087_n03857828,attn_entropy_bits,5.249266781
e2r_vits_mixup_baseline_s1,random200,n03857828/ILSVRC2012_val_00015087_n03857828,ring1_mass,0.0413374388
e2r_vits_mixup_baseline_s1,random200,n03857828/ILSVRC2012_val_00015087_n03857828,uniform_ring1_mass,0.2244897959
e2r_vits_mixup_baseline_s1,random200,n03868242/ILSVRC2012_val_00006162_n03868242,attn_entropy_bits,5.910374665
e2r_vits_mixup_baseline_s1,random200,n03868242/ILSVRC2012_val_00006162_n03868242,ring1_mass,0.2406212161
e2r_vits_mixup_baseline_s1,random200,n03868242/ILSVRC2012_val_00006162_n03868242,uniform_ring1_mass,0.2244897959
e2r_vits_mixup_baseline_s1,random200,n03888605/ILSVRC2012_val_00031613_n03888605,attn_entropy_bits,5.107783845
e2r_vits_mixup_baseline_s1,random200,n03888605/ILSVRC2012_val_00031613_n03888605,ring1_mass,0.09936252726
e2r_vits_mixup_baseline_s1,random200,n03888605/ILSVRC2012_val_00031613_n03888605,uniform_ring1_mass,0.2244897959
e2r_vits_mixup_baseline_s1,random200,n03902125/ILSVRC2012_val_00035336_n03902125,attn_entropy_bits,4.549201495
e2r_vits_mixup_baseline_s1,random200,n03902125/ILSVRC2012_val_00035336_n03902125,ring1_mass,0.2191363585
e2r_vits_mixup_baseline_s1,random200,n03902125/ILSVRC2012_val_00035336_n03902125,uniform_ring1_mass,0.2244897959
e2r_vits_mixup_baseline_s1,random200,n03929660/ILSVRC2012_val_00036513_n03929660,attn_entropy_bits,6.024119729
e2r_vits_mixup_baseline_s1,random200,n03929660/ILSVRC2012_val_00036513_n03929660,ring1_mass,0.2807587737
e2r_vits_mixup_baseline_s1,random200,n03929660/ILSVRC2012_val_00036513_n03929660,uniform_ring1_mass,0.2244897959
e2r_vits_mixup_baseline_s1,random200,n03933933/ILSVRC2012_val_00000702_n03933933,attn_entropy_bits,6.00593182
e2r_vits_mixup_baseline_s1,random200,n03933933/ILSVRC2012_val_00000702_n03933933,ring1_mass,0.447745501
e2r_vits_mixup_baseline_s1,random200,n03933933/ILSVRC2012_val_00000702_n03933933,uniform_ring1_mass,0.2244897959
e2r_vits_mixup_baseline_s1,random200,n03956157/ILSVRC2012_val_00032007_n03956157,attn_entropy_bits,4.702424846
e2r_vits_mixup_baseline_s1,random200,n03956157/ILSVRC2012_val_00032007_n03956157,ring1_mass,0.5060085254
e2r_vits_mixup_baseline_s1,random200,n03956157/ILSVRC2012_val_00032007_n03956157,uniform_ring1_mass,0.2244897959
e2r_vits_mixup_baseline_s1,random200,n03961711/ILSVRC2012_val_00037251_n03961711,attn_entropy_bits,5.735852372
e2r_vits_mixup_baseline_s1,random200,n03961711/ILSVRC2012_val_00037251_n03961711,ring1_mass,0.3829370252
e2r_vits_mixup_baseline_s1,random200,n03961711/ILSVRC2012_val_00037251_n03961711,uniform_ring1_mass,0.2244897959
e2r_vits_mixup_baseline_s1,random200,n03977966/ILSVRC2012_val_00027383_n03977966,attn_entropy_bits,5.108252574
e2r_vits_mixup_baseline_s1,random200,n03977966/ILSVRC2012_val_00027383_n03977966,ring1_mass,0.3750540408
e2r_vits_mixup_baseline_s1,random200,n03977966/ILSVRC2012_val_00027383_n03977966,uniform_ring1_mass,0.2244897959
e2r_vits_mixup_baseline_s1,random200,n03982430/ILSVRC2012_val_00006974_n03982430,attn_entropy_bits,5.675878303
e2r_vits_mixup_baseline_s1,random200,n03982430/ILSVRC2012_val_00006974_n03982430,ring1_mass,0.4241439378
e2r_vits_mixup_baseline_s1,random200,n03982430/ILSVRC2012_val_00006974_n03982430,uniform_ring1_mass,0.2244897959
e2r_vits_mixup_baseline_s1,random200,n03995372/ILSVRC2012_val_00048981_n03995372,attn_entropy_bits,5.713485336
e2r_vits_mixup_baseline_s1,random200,n03995372/ILSVRC2012_val_00048981_n03995372,ring1_mass,0.2552928547
e2r_vits_mixup_baseline_s1,random200,n03995372/ILSVRC2012_val_00048981_n03995372,uniform_ring1_mass,0.2244897959
e2r_vits_mixup_baseline_s1,random200,n04005630/ILSVRC2012_val_00018325_n04005630,attn_entropy_bits,5.971670362
e2r_vits_mixup_baseline_s1,random200,n04005630/ILSVRC2012_val_00018325_n04005630,ring1_mass,0.3397810613
e2r_vits_mixup_baseline_s1,random200,n04005630/ILSVRC2012_val_00018325_n04005630,uniform_ring1_mass,0.2244897959
e2r_vits_mixup_baseline_s1,random200,n04009552/ILSVRC2012_val_00033020_n04009552,attn_entropy_bits,6.113764711
e2r_vits_mixup_baseline_s1,random200,n04009552/ILSVRC2012_val_00033020_n04009552,ring1_mass,0.154999375
e2r_vits_mixup_baseline_s1,random200,n04009552/ILSVRC2012_val_00033020_n04009552,uniform_ring1_mass,0.2244897959
e2r_vits_mixup_baseline_s1,random200,n04023962/ILSVRC2012_val_00005537_n04023962,attn_entropy_bits,5.501662793
e2r_vits_mixup_baseline_s1,random200,n04023962/ILSVRC2012_val_00005537_n04023962,ring1_mass,0.4666397389
e2r_vits_mixup_baseline_s1,random200,n04023962/ILSVRC2012_val_00005537_n04023962,uniform_ring1_mass,0.2244897959
e2r_vits_mixup_baseline_s1,random200,n04049303/ILSVRC2012_val_00046223_n04049303,attn_entropy_bits,4.447657021
e2r_vits_mixup_baseline_s1,random200,n04049303/ILSVRC2012_val_00046223_n04049303,ring1_mass,0.198116181
e2r_vits_mixup_baseline_s1,random200,n04049303/ILSVRC2012_val_00046223_n04049303,uniform_ring1_mass,0.2244897959
e2r_vits_mixup_baseline_s1,random200,n04067472/ILSVRC2012_val_00047971_n04067472,attn_entropy_bits,5.405190646
e2r_vits_mixup_baseline_s1,random200,n04067472/ILSVRC2012_val_00047971_n04067472,ring1_mass,0.4386125015
e2r_vits_mixup_baseline_s1,random200,n04067472/ILSVRC2012_val_00047971_n04067472,uniform_ring1_mass,0.2244897959
e2r_vits_mixup_baseline_s1,random200,n04074963/ILSVRC2012_val_00028651_n04074963,attn_entropy_bits,4.608628927
e2r_vits_mixup_baseline_s1,random200,n04074963/ILSVRC2012_val_00028651_n04074963,ring1_mass,0.2368022207
e2r_vits_mixup_baseline_s1,random200,n04074963/ILSVRC2012_val_00028651_n04074963,uniform_ring1_mass,0.2244897959
e2r_vits_mixup_baseline_s1,random200,n04081281/ILSVRC2012_val_00027988_n04081281,attn_entropy_bits,6.064695544
e2r_vits_mixup_baseline_s1,random200,n04081281/ILSVRC2012_val_00027988_n04081281,ring1_mass,0.1574094775
e2r_vits_mixup_baseline_s1,random200,n04081281/ILSVRC2012_val_00027988_n04081281,uniform_ring1_mass,0.2244897959
e2r_vits_mixup_baseline_s1,random200,n04086273/ILSVRC2012_val_00011273_n04086273,attn_entropy_bits,5.686894371
e2r_vits_mixup_baseline_s1,random200,n04086273/ILSVRC2012_val_00011273_n04086273,ring1_mass,0.4057836039
e2r_vits_mixup_baseline_s1,random200,n04086273/ILSVRC2012_val_00011273_n04086273,uniform_ring1_mass,0.2244897959
e2r_vits_mixup_baseline_s1,random200,n04099969/ILSVRC2012_val_00017447_n04099969,attn_entropy_bits,5.898677761
e2r_vits_mixup_baseline_s1,random200,n04099969/ILSVRC2012_val_00017447_n04099969,ring1_mass,0.4792462036
e2r_vits_mixup_baseline_s1,random200,n04099969/ILSVRC2012_val_00017447_n04099969,uniform_ring1_mass,0.2244897959
e2r_vits_mixup_baseline_s1,random200,n04127249/ILSVRC2012_val_00029521_n04127249,attn_entropy_bits,5.287418226
e2r_vits_mixup_baseline_s1,random200,n04127249/ILSVRC2012_val_00029521_n04127249,ring1_mass,0.5067503867
e2r_vits_mixup_baseline_s1,random200,n04127249/ILSVRC2012_val_00029521_n04127249,uniform_ring1_mass,0.2244897959
e2r_vits_mixup_baseline_s1,random200,n04152593/ILSVRC2012_val_00043526_n04152593,attn_entropy_bits,6.088906697
e2r_vits_mixup_baseline_s1,random200,n04152593/ILSVRC2012_val_00043526_n04152593,ring1_mass,0.2081102644
e2r_vits_mixup_baseline_s1,random200,n04152593/ILSVRC2012_val_00043526_n04152593,uniform_ring1_mass,0.2244897959
e2r_vits_mixup_baseline_s1,random200,n04204347/ILSVRC2012_val_00049135_n04204347,attn_entropy_bits,4.890012594
e2r_vits_mixup_baseline_s1,random200,n04204347/ILSVRC2012_val_00049135_n04204347,ring1_mass,0.3217579189
e2r_vits_mixup_baseline_s1,random200,n04204347/ILSVRC2012_val_00049135_n04204347,uniform_ring1_mass,0.2244897959
e2r_vits_mixup_baseline_s1,random200,n04238763/ILSVRC2012_val_00000266_n04238763,attn_entropy_bits,5.087839833
e2r_vits_mixup_baseline_s1,random200,n04238763/ILSVRC2012_val_00000266_n04238763,ring1_mass,0.4023948296
e2r_vits_mixup_baseline_s1,random200,n04238763/ILSVRC2012_val_00000266_n04238763,uniform_ring1_mass,0.2244897959
e2r_vits_mixup_baseline_s1,random200,n04251144/ILSVRC2012_val_00003710_n04251144,attn_entropy_bits,5.349306836
e2r_vits_mixup_baseline_s1,random200,n04251144/ILSVRC2012_val_00003710_n04251144,ring1_mass,0.2878401777
e2r_vits_mixup_baseline_s1,random200,n04251144/ILSVRC2012_val_00003710_n04251144,uniform_ring1_mass,0.2244897959
e2r_vits_mixup_baseline_s1,random200,n04252225/ILSVRC2012_val_00002510_n04252225,attn_entropy_bits,5.540189424
e2r_vits_mixup_baseline_s1,random200,n04252225/ILSVRC2012_val_00002510_n04252225,ring1_mass,0.3919605413
e2r_vits_mixup_baseline_s1,random200,n04252225/ILSVRC2012_val_00002510_n04252225,uniform_ring1_mass,0.2244897959
e2r_vits_mixup_baseline_s1,random200,n04258138/ILSVRC2012_val_00016247_n04258138,attn_entropy_bits,4.126004549
e2r_vits_mixup_baseline_s1,random200,n04258138/ILSVRC2012_val_00016247_n04258138,ring1_mass,0.2710897795
e2r_vits_mixup_baseline_s1,random200,n04258138/ILSVRC2012_val_00016247_n04258138,uniform_ring1_mass,0.2244897959
e2r_vits_mixup_baseline_s1,random200,n04265275/ILSVRC2012_val_00015782_n04265275,attn_entropy_bits,5.767168718
e2r_vits_mixup_baseline_s1,random200,n04265275/ILSVRC2012_val_00015782_n04265275,ring1_mass,0.4124955681
e2r_vits_mixup_baseline_s1,random200,n04265275/ILSVRC2012_val_00015782_n04265275,uniform_ring1_mass,0.2244897959
e2r_vits_mixup_baseline_s1,random200,n04330267/ILSVRC2012_val_00001312_n04330267,attn_entropy_bits,6.239860931
e2r_vits_mixup_baseline_s1,random200,n04330267/ILSVRC2012_val_00001312_n04330267,ring1_mass,0.4217798847
e2r_vits_mixup_baseline_s1,random200,n04330267/ILSVRC2012_val_00001312_n04330267,uniform_ring1_mass,0.2244897959
e2r_vits_mixup_baseline_s1,random200,n04344873/ILSVRC2012_val_00041398_n04344873,attn_entropy_bits,6.486047485
e2r_vits_mixup_baseline_s1,random200,n04344873/ILSVRC2012_val_00041398_n04344873,ring1_mass,0.3812573892
e2r_vits_mixup_baseline_s1,random200,n04344873/ILSVRC2012_val_00041398_n04344873,uniform_ring1_mass,0.2244897959
e2r_vits_mixup_baseline_s1,random200,n04356056/ILSVRC2012_val_00016088_n04356056,attn_entropy_bits,5.592885523
e2r_vits_mixup_baseline_s1,random200,n04356056/ILSVRC2012_val_00016088_n04356056,ring1_mass,0.419458213
e2r_vits_mixup_baseline_s1,random200,n04356056/ILSVRC2012_val_00016088_n04356056,uniform_ring1_mass,0.2244897959
e2r_vits_mixup_baseline_s1,random200,n04357314/ILSVRC2012_val_00023241_n04357314,attn_entropy_bits,5.423747723
e2r_vits_mixup_baseline_s1,random200,n04357314/ILSVRC2012_val_00023241_n04357314,ring1_mass,0.3521195678
e2r_vits_mixup_baseline_s1,random200,n04357314/ILSVRC2012_val_00023241_n04357314,uniform_ring1_mass,0.2244897959
e2r_vits_mixup_baseline_s1,random200,n04367480/ILSVRC2012_val_00002251_n04367480,attn_entropy_bits,6.52254117
e2r_vits_mixup_baseline_s1,random200,n04367480/ILSVRC2012_val_00002251_n04367480,ring1_mass,0.2589703789
e2r_vits_mixup_baseline_s1,random200,n04367480/ILSVRC2012_val_00002251_n04367480,uniform_ring1_mass,0.2244897959
e2r_vits_mixup_baseline_s1,random200,n04370456/ILSVRC2012_val_00039686_n04370456,attn_entropy_bits,6.286865308
e2r_vits_mixup_baseline_s1,random200,n04370456/ILSVRC2012_val_00039686_n04370456,ring1_mass,0.1379155532
e2r_vits_mixup_baseline_s1,random200,n04370456/ILSVRC2012_val_00039686_n04370456,uniform_ring1_mass,0.2244897959
e2r_vits_mixup_baseline_s1,random200,n04423845/ILSVRC2012_val_00036633_n04423845,attn_entropy_bits,5.278718219
e2r_vits_mixup_baseline_s1,random200,n04423845/ILSVRC2012_val_00036633_n04423845,ring1_mass,0.7088101286
e2r_vits_mixup_baseline_s1,random200,n04423845/ILSVRC2012_val_00036633_n04423845,uniform_ring1_mass,0.2244897959
e2r_vits_mixup_baseline_s1,random200,n04447861/ILSVRC2012_val_00036382_n04447861,attn_entropy_bits,5.967744508
e2r_vits_mixup_baseline_s1,random200,n04447861/ILSVRC2012_val_00036382_n04447861,ring1_mass,0.2921274686
e2r_vits_mixup_baseline_s1,random200,n04447861/ILSVRC2012_val_00036382_n04447861,uniform_ring1_mass,0.2244897959
e2r_vits_mixup_baseline_s1,random200,n04456115/ILSVRC2012_val_00048645_n04456115,attn_entropy_bits,5.668454509
e2r_vits_mixup_baseline_s1,random200,n04456115/ILSVRC2012_val_00048645_n04456115,ring1_mass,0.4636972492
e2r_vits_mixup_baseline_s1,random200,n04456115/ILSVRC2012_val_00048645_n04456115,uniform_ring1_mass,0.2244897959
e2r_vits_mixup_baseline_s1,random200,n04458633/ILSVRC2012_val_00048297_n04458633,attn_entropy_bits,4.39001866
e2r_vits_mixup_baseline_s1,random200,n04458633/ILSVRC2012_val_00048297_n04458633,ring1_mass,0.2577927262
e2r_vits_mixup_baseline_s1,random200,n04458633/ILSVRC2012_val_00048297_n04458633,uniform_ring1_mass,0.2244897959
e2r_vits_mixup_baseline_s1,random200,n04542943/ILSVRC2012_val_00015462_n04542943,attn_entropy_bits,4.754847522
e2r_vits_mixup_baseline_s1,random200,n04542943/ILSVRC2012_val_00015462_n04542943,ring1_mass,0.2294833039
e2r_vits_mixup_baseline_s1,random200,n04542943/ILSVRC2012_val_00015462_n04542943,uniform_ring1_mass,0.2244897959
e2r_vits_mixup_baseline_s1,random200,n04548280/ILSVRC2012_val_00033732_n04548280,attn_entropy_bits,6.062637108
e2r_vits_mixup_baseline_s1,random200,n04548280/ILSVRC2012_val_00033732_n04548280,ring1_mass,0.3635039108
e2r_vits_mixup_baseline_s1,random200,n04548280/ILSVRC2012_val_00033732_n04548280,uniform_ring1_mass,0.2244897959
e2r_vits_mixup_baseline_s1,random200,n04548362/ILSVRC2012_val_00003108_n04548362,attn_entropy_bits,5.549891089
e2r_vits_mixup_baseline_s1,random200,n04548362/ILSVRC2012_val_00003108_n04548362,ring1_mass,0.1552106632
e2r_vits_mixup_baseline_s1,random200,n04548362/ILSVRC2012_val_00003108_n04548362,uniform_ring1_mass,0.2244897959
e2r_vits_mixup_baseline_s1,random200,n04562935/ILSVRC2012_val_00032306_n04562935,attn_entropy_bits,5.228482919
e2r_vits_mixup_baseline_s1,random200,n04562935/ILSVRC2012_val_00032306_n04562935,ring1_mass,0.4995018693
e2r_vits_mixup_baseline_s1,random200,n04562935/ILSVRC2012_val_00032306_n04562935,uniform_ring1_mass,0.2244897959
e2r_vits_mixup_baseline_s1,random200,n04597913/ILSVRC2012_val_00014544_n04597913,attn_entropy_bits,5.155205066
e2r_vits_mixup_baseline_s1,random200,n04597913/ILSVRC2012_val_00014544_n04597913,ring1_mass,0.2647679808
e2r_vits_mixup_baseline_s1,random200,n04597913/ILSVRC2012_val_00014544_n04597913,uniform_ring1_mass,0.2244897959
e2r_vits_mixup_baseline_s1,random200,n06596364/ILSVRC2012_val_00034905_n06596364,attn_entropy_bits,6.278227787
e2r_vits_mixup_baseline_s1,random200,n06596364/ILSVRC2012_val_00034905_n06596364,ring1_mass,0.2295474815
e2r_vits_mixup_baseline_s1,random200,n06596364/ILSVRC2012_val_00034905_n06596364,uniform_ring1_mass,0.2244897959
e2r_vits_mixup_baseline_s1,random200,n07565083/ILSVRC2012_val_00010527_n07565083,attn_entropy_bits,6.731674399
e2r_vits_mixup_baseline_s1,random200,n07565083/ILSVRC2012_val_00010527_n07565083,ring1_mass,0.3253866567
e2r_vits_mixup_baseline_s1,random200,n07565083/ILSVRC2012_val_00010527_n07565083,uniform_ring1_mass,0.2244897959
e2r_vits_mixup_baseline_s1,random200,n07613480/ILSVRC2012_val_00019604_n07613480,attn_entropy_bits,4.636056687
e2r_vits_mixup_baseline_s1,random200,n07613480/ILSVRC2012_val_00019604_n07613480,ring1_mass,0.1974389606
e2r_vits_mixup_baseline_s1,random200,n07613480/ILSVRC2012_val_00019604_n07613480,uniform_ring1_mass,0.2244897959
e2r_vits_mixup_baseline_s1,random200,n07614500/ILSVRC2012_val_00014137_n07614500,attn_entropy_bits,5.464020753
e2r_vits_mixup_baseline_s1,random200,n07614500/ILSVRC2012_val_00014137_n07614500,ring1_mass,0.3173641084
e2r_vits_mixup_baseline_s1,random200,n07614500/ILSVRC2012_val_00014137_n07614500,uniform_ring1_mass,0.2244897959
e2r_vits_mixup_baseline_s1,random200,n07711569/ILSVRC2012_val_00013084_n07711569,attn_entropy_bits,4.299964793
e2r_vits_mixup_baseline_s1,random200,n07711569/ILSVRC2012_val_00013084_n07711569,ring1_mass,0.166875193
e2r_vits_mixup_baseline_s1,random200,n07711569/ILSVRC2012_val_00013084_n07711569,uniform_ring1_mass,0.2244897959
e2r_vits_mixup_baseline_s1,random200,n07714990/ILSVRC2012_val_00023008_n07714990,attn_entropy_bits,4.861999627
e2r_vits_mixup_baseline_s1,random200,n07714990/ILSVRC2012_val_00023008_n07714990,ring1_mass,0.5334871695
e2r_vits_mixup_baseline_s1,random200,n07714990/ILSVRC2012_val_00023008_n07714990,uniform_ring1_mass,0.2244897959
e2r_vits_mixup_baseline_s1,random200,n07745940/ILSVRC2012_val_00033919_n07745940,attn_entropy_bits,5.777619964
e2r_vits_mixup_baseline_s1,random200,n07745940/ILSVRC2012_val_00033919_n07745940,ring1_mass,0.6053847326
e2r_vits_mixup_baseline_s1,random200,n07745940/ILSVRC2012_val_00033919_n07745940,uniform_ring1_mass,0.2244897959
e2r_vits_mixup_baseline_s1,random200,n07802026/ILSVRC2012_val_00005499_n07802026,attn_entropy_bits,4.880150211
e2r_vits_mixup_baseline_s1,random200,n07802026/ILSVRC2012_val_00005499_n07802026,ring1_mass,0.4472729419
e2r_vits_mixup_baseline_s1,random200,n07802026/ILSVRC2012_val_00005499_n07802026,uniform_ring1_mass,0.2244897959
e2r_vits_mixup_baseline_s1,random200,n09229709/ILSVRC2012_val_00010094_n09229709,attn_entropy_bits,5.16102063
e2r_vits_mixup_baseline_s1,random200,n09229709/ILSVRC2012_val_00010094_n09229709,ring1_mass,0.4786221155
e2r_vits_mixup_baseline_s1,random200,n09229709/ILSVRC2012_val_00010094_n09229709,uniform_ring1_mass,0.2244897959
e2r_vits_mixup_baseline_s1,random200,n09246464/ILSVRC2012_val_00001444_n09246464,attn_entropy_bits,5.707472925
e2r_vits_mixup_baseline_s1,random200,n09246464/ILSVRC2012_val_00001444_n09246464,ring1_mass,0.3605564529
e2r_vits_mixup_baseline_s1,random200,n09246464/ILSVRC2012_val_00001444_n09246464,uniform_ring1_mass,0.2244897959
e2r_vits_mixup_baseline_s1,random200,n09428293/ILSVRC2012_val_00028242_n09428293,attn_entropy_bits,6.601499753
e2r_vits_mixup_baseline_s1,random200,n09428293/ILSVRC2012_val_00028242_n09428293,ring1_mass,0.3375163071
e2r_vits_mixup_baseline_s1,random200,n09428293/ILSVRC2012_val_00028242_n09428293,uniform_ring1_mass,0.2244897959
e2r_vits_mixup_baseline_s1,random200,n12620546/ILSVRC2012_val_00023930_n12620546,attn_entropy_bits,4.068233618
e2r_vits_mixup_baseline_s1,random200,n12620546/ILSVRC2012_val_00023930_n12620546,ring1_mass,0.3077800549
e2r_vits_mixup_baseline_s1,random200,n12620546/ILSVRC2012_val_00023930_n12620546,uniform_ring1_mass,0.2244897959
e2r_vits_mixup_baseline_s1,random200,n13044778/ILSVRC2012_val_00019186_n13044778,attn_entropy_bits,4.250659814
e2r_vits_mixup_baseline_s1,random200,n13044778/ILSVRC2012_val_00019186_n13044778,ring1_mass,0.5957365107
e2r_vits_mixup_baseline_s1,random200,n13044778/ILSVRC2012_val_00019186_n13044778,uniform_ring1_mass,0.2244897959
e2r_vits_mixup_saga_s1,boxes20,000000003553,box_area_frac,0.6212631537
e2r_vits_mixup_saga_s1,boxes20,000000003553,inbox_mass,0.6427076978
e2r_vits_mixup_saga_s1,boxes20,000000003553,pointing_hit,1
e2r_vits_mixup_saga_s1,boxes20,000000007108,box_area_frac,0.9992401746
e2r_vits_mixup_saga_s1,boxes20,000000007108,inbox_mass,0.9999758603
e2r_vits_mixup_saga_s1,boxes20,000000007108,pointing_hit,1
e2r_vits_mixup_saga_s1,boxes20,000000047121,box_area_frac,0.8424147003
e2r_vits_mixup_saga_s1,boxes20,000000047121,inbox_mass,0.8583543773
e2r_vits_mixup_saga_s1,boxes20,000000047121,pointing_hit,1
e2r_vits_mixup_saga_s1,boxes20,000000106563,box_area_frac,0.0280213648
e2r_vits_mixup_saga_s1,boxes20,000000106563,inbox_mass,0.04389832972
e2r_vits_mixup_saga_s1,boxes20,000000106563,pointing_hit,0
e2r_vits_mixup_saga_s1,boxes20,000000118405,box_area_frac,0.002400300941
e2r_vits_mixup_saga_s1,boxes20,000000118405,inbox_mass,0.004368535827
e2r_vits_mixup_saga_s1,boxes20,000000118405,pointing_hit,0
e2r_vits_mixup_saga_s1,boxes20,000000144932,box_area_frac,0.009634835379
e2r_vits_mixup_saga_s1,boxes20,000000144932,inbox_mass,0.06834497647
e2r_vits_mixup_saga_s1,boxes20,000000144932,pointing_hit,0
e2r_vits_mixup_saga_s1,boxes20,000000210855,box_area_frac,0.0969786352
e2r_vits_mixup_saga_s1,boxes20,000000210855,inbox_mass,0.09321361457
e2r_vits_mixup_saga_s1,boxes20,000000210855,pointing_hit,0
e2r_vits_mixup_saga_s1,boxes20,000000235857,box_area_frac,0.6055646624
e2r_vits_mixup_saga_s1,boxes20,000000235857,inbox_mass,0.4590223701
e2r_vits_mixup_saga_s1,boxes20,000000235857,pointing_hit,0
e2r_vits_mixup_saga_s1,boxes20,000000281687,box_area_frac,0.5047395667
e2r_vits_mixup_saga_s1,boxes20,000000281687,inbox_mass,0.4737229945
e2r_vits_mixup_saga_s1,boxes20,000000281687,pointing_hit,0
e2r_vits_mixup_saga_s1,boxes20,000000307172,box_area_frac,0.9637451172
e2r_vits_mixup_saga_s1,boxes20,000000307172,inbox_mass,0.997933804
e2r_vits_mixup_saga_s1,boxes20,000000307172,pointing_hit,1
e2r_vits_mixup_saga_s1,boxes20,000000359833,box_area_frac,0.7600807657
e2r_vits_mixup_saga_s1,boxes20,000000359833,inbox_mass,0.7761060827
e2r_vits_mixup_saga_s1,boxes20,000000359833,pointing_hit,1
e2r_vits_mixup_saga_s1,boxes20,000000369675,box_area_frac,0.8303571429
e2r_vits_mixup_saga_s1,boxes20,000000369675,inbox_mass,0.9365586338
e2r_vits_mixup_saga_s1,boxes20,000000369675,pointing_hit,1
e2r_vits_mixup_saga_s1,boxes20,000000419312,box_area_frac,1
e2r_vits_mixup_saga_s1,boxes20,000000419312,inbox_mass,1
e2r_vits_mixup_saga_s1,boxes20,000000419312,pointing_hit,1
e2r_vits_mixup_saga_s1,boxes20,000000466567,box_area_frac,0.3389606087
e2r_vits_mixup_saga_s1,boxes20,000000466567,inbox_mass,0.2730041513
e2r_vits_mixup_saga_s1,boxes20,000000466567,pointing_hit,0
e2r_vits_mixup_saga_s1,boxes20,000000496597,box_area_frac,0.007969447545
e2r_vits_mixup_saga_s1,boxes20,000000496597,inbox_mass,0.02720312496
e2r_vits_mixup_saga_s1,boxes20,000000496597,pointing_hit,0
e2r_vits_mixup_saga_s1,boxes20,000000509656,box_area_frac,0.5623206314
e2r_vits_mixup_saga_s1,boxes20,000000509656,inbox_mass,0.4161814506
e2r_vits_mixup_saga_s1,boxes20,000000509656,pointing_hit,0
e2r_vits_mixup_saga_s1,boxes20,000000533855,box_area_frac,0.2388044085
e2r_vits_mixup_saga_s1,boxes20,000000533855,inbox_mass,0.210617407
e2r_vits_mixup_saga_s1,boxes20,000000533855,pointing_hit,0
e2r_vits_mixup_saga_s1,boxes20,000000535858,box_area_frac,0.04809445751
e2r_vits_mixup_saga_s1,boxes20,000000535858,inbox_mass,0.1302226061
e2r_vits_mixup_saga_s1,boxes20,000000535858,pointing_hit,0
e2r_vits_mixup_saga_s1,boxes20,000000545594,box_area_frac,0.647271604
e2r_vits_mixup_saga_s1,boxes20,000000545594,inbox_mass,0.4581348627
e2r_vits_mixup_saga_s1,boxes20,000000545594,pointing_hit,0
e2r_vits_mixup_saga_s1,boxes20,000000552883,box_area_frac,0.008250956633
e2r_vits_mixup_saga_s1,boxes20,000000552883,inbox_mass,0.005569418077
e2r_vits_mixup_saga_s1,boxes20,000000552883,pointing_hit,0
e2r_vits_mixup_saga_s1,random200,n01440764/ILSVRC2012_val_00039905_n01440764,attn_entropy_bits,4.871474879
e2r_vits_mixup_saga_s1,random200,n01440764/ILSVRC2012_val_00039905_n01440764,ring1_mass,0.5362297202
e2r_vits_mixup_saga_s1,random200,n01440764/ILSVRC2012_val_00039905_n01440764,uniform_ring1_mass,0.2244897959
e2r_vits_mixup_saga_s1,random200,n01443537/ILSVRC2012_val_00012880_n01443537,attn_entropy_bits,6.412483586
e2r_vits_mixup_saga_s1,random200,n01443537/ILSVRC2012_val_00012880_n01443537,ring1_mass,0.3130163218
e2r_vits_mixup_saga_s1,random200,n01443537/ILSVRC2012_val_00012880_n01443537,uniform_ring1_mass,0.2244897959
e2r_vits_mixup_saga_s1,random200,n01484850/ILSVRC2012_val_00016168_n01484850,attn_entropy_bits,5.412637253
e2r_vits_mixup_saga_s1,random200,n01484850/ILSVRC2012_val_00016168_n01484850,ring1_mass,0.4772914716
e2r_vits_mixup_saga_s1,random200,n01484850/ILSVRC2012_val_00016168_n01484850,uniform_ring1_mass,0.2244897959
e2r_vits_mixup_saga_s1,random200,n01496331/ILSVRC2012_val_00005432_n01496331,attn_entropy_bits,5.52233016
e2r_vits_mixup_saga_s1,random200,n01496331/ILSVRC2012_val_00005432_n01496331,ring1_mass,0.4991889628
e2r_vits_mixup_saga_s1,random200,n01496331/ILSVRC2012_val_00005432_n01496331,uniform_ring1_mass,0.2244897959
e2r_vits_mixup_saga_s1,random200,n01514859/ILSVRC2012_val_00042568_n01514859,attn_entropy_bits,4.884881041
e2r_vits_mixup_saga_s1,random200,n01514859/ILSVRC2012_val_00042568_n01514859,ring1_mass,0.4350148771
e2r_vits_mixup_saga_s1,random200,n01514859/ILSVRC2012_val_00042568_n01514859,uniform_ring1_mass,0.2244897959
e2r_vits_mixup_saga_s1,random200,n01530575/ILSVRC2012_val_00004006_n01530575,attn_entropy_bits,4.928671952
e2r_vits_mixup_saga_s1,random200,n01530575/ILSVRC2012_val_00004006_n01530575,ring1_mass,0.3464709366
e2r_vits_mixup_saga_s1,random200,n01530575/ILSVRC2012_val_00004006_n01530575,uniform_ring1_mass,0.2244897959
e2r_vits_mixup_saga_s1,random200,n01616318/ILSVRC2012_val_00045589_n01616318,attn_entropy_bits,5.077119013
e2r_vits_mixup_saga_s1,random200,n01616318/ILSVRC2012_val_00045589_n01616318,ring1_mass,0.3941324005
e2r_vits_mixup_saga_s1,random200,n01616318/ILSVRC2012_val_00045589_n01616318,uniform_ring1_mass,0.2244897959
e2r_vits_mixup_saga_s1,random200,n01622779/ILSVRC2012_val_00032875_n01622779,attn_entropy_bits,4.967346759
e2r_vits_mixup_saga_s1,random200,n01622779/ILSVRC2012_val_00032875_n01622779,ring1_mass,0.3186283579
e2r_vits_mixup_saga_s1,random200,n01622779/ILSVRC2012_val_00032875_n01622779,uniform_ring1_mass,0.2244897959
e2r_vits_mixup_saga_s1,random200,n01629819/ILSVRC2012_val_00048463_n01629819,attn_entropy_bits,5.224175645
e2r_vits_mixup_saga_s1,random200,n01629819/ILSVRC2012_val_00048463_n01629819,ring1_mass,0.3183783725
e2r_vits_mixup_saga_s1,random200,n01629819/ILSVRC2012_val_00048463_n01629819,uniform_ring1_mass,0.2244897959
e2r_vits_mixup_saga_s1,random200,n01641577/ILSVRC2012_val_00030342_n01641577,attn_entropy_bits,4.253811822
e2r_vits_mixup_saga_s1,random200,n01641577/ILSVRC2012_val_00030342_n01641577,ring1_mass,0.2089702284
e2r_vits_mixup_saga_s1,random200,n01641577/ILSVRC2012_val_00030342_n01641577,uniform_ring1_mass,0.2244897959
e2r_vits_mixup_saga_s1,random200,n01665541/ILSVRC2012_val_00000938_n01665541,attn_entropy_bits,6.011087787
e2r_vits_mixup_saga_s1,random200,n01665541/ILSVRC2012_val_00000938_n01665541,ring1_mass,0.317528472
e2r_vits_mixup_saga_s1,random200,n01665541/ILSVRC2012_val_00000938_n01665541,uniform_ring1_mass,0.2244897959
e2r_vits_mixup_saga_s1,random200,n01667778/ILSVRC2012_val_00031774_n01667778,attn_entropy_bits,5.375411769
e2r_vits_mixup_saga_s1,random200,n01667778/ILSVRC2012_val_00031774_n01667778,ring1_mass,0.4581399463
e2r_vits_mixup_saga_s1,random200,n01667778/ILSVRC2012_val_00031774_n01667778,uniform_ring1_mass,0.2244897959
e2r_vits_mixup_saga_s1,random200,n01675722/ILSVRC2012_val_00005647_n01675722,attn_entropy_bits,4.217151443
e2r_vits_mixup_saga_s1,random200,n01675722/ILSVRC2012_val_00005647_n01675722,ring1_mass,0.4053269374
e2r_vits_mixup_saga_s1,random200,n01675722/ILSVRC2012_val_00005647_n01675722,uniform_ring1_mass,0.2244897959
e2r_vits_mixup_saga_s1,random200,n01687978/ILSVRC2012_val_00038998_n01687978,attn_entropy_bits,4.610567153
e2r_vits_mixup_saga_s1,random200,n01687978/ILSVRC2012_val_00038998_n01687978,ring1_mass,0.5841691505
e2r_vits_mixup_saga_s1,random200,n01687978/ILSVRC2012_val_00038998_n01687978,uniform_ring1_mass,0.2244897959
e2r_vits_mixup_saga_s1,random200,n01773549/ILSVRC2012_val_00012895_n01773549,attn_entropy_bits,5.104622243
e2r_vits_mixup_saga_s1,random200,n01773549/ILSVRC2012_val_00012895_n01773549,ring1_mass,0.4618866535
e2r_vits_mixup_saga_s1,random200,n01773549/ILSVRC2012_val_00012895_n01773549,uniform_ring1_mass,0.2244897959
e2r_vits_mixup_saga_s1,random200,n01774384/ILSVRC2012_val_00006437_n01774384,attn_entropy_bits,5.058562696
e2r_vits_mixup_saga_s1,random200,n01774384/ILSVRC2012_val_00006437_n01774384,ring1_mass,0.3362120422
e2r_vits_mixup_saga_s1,random200,n01774384/ILSVRC2012_val_00006437_n01774384,uniform_ring1_mass,0.2244897959
e2r_vits_mixup_saga_s1,random200,n01784675/ILSVRC2012_val_00019211_n01784675,attn_entropy_bits,4.602076849
e2r_vits_mixup_saga_s1,random200,n01784675/ILSVRC2012_val_00019211_n01784675,ring1_mass,0.2627002781
e2r_vits_mixup_saga_s1,random200,n01784675/ILSVRC2012_val_00019211_n01784675,uniform_ring1_mass,0.2244897959
e2r_vits_mixup_saga_s1,random200,n01806143/ILSVRC2012_val_00011943_n01806143,attn_entropy_bits,4.931206942
e2r_vits_mixup_saga_s1,random200,n01806143/ILSVRC2012_val_00011943_n01806143,ring1_mass,0.3621059319
e2r_vits_mixup_saga_s1,random200,n01806143/ILSVRC2012_val_00011943_n01806143,uniform_ring1_mass,0.2244897959
e2r_vits_mixup_saga_s1,random200,n01807496/ILSVRC2012_val_00009226_n01807496,attn_entropy_bits,4.992932703
e2r_vits_mixup_saga_s1,random200,n01807496/ILSVRC2012_val_00009226_n01807496,ring1_mass,0.3128036137
e2r_vits_mixup_saga_s1,random200,n01807496/ILSVRC2012_val_00009226_n01807496,uniform_ring1_mass,0.2244897959
e2r_vits_mixup_saga_s1,random200,n01828970/ILSVRC2012_val_00035127_n01828970,attn_entropy_bits,5.359936043
e2r_vits_mixup_saga_s1,random200,n01828970/ILSVRC2012_val_00035127_n01828970,ring1_mass,0.4113329393
e2r_vits_mixup_saga_s1,random200,n01828970/ILSVRC2012_val_00035127_n01828970,uniform_ring1_mass,0.2244897959
e2r_vits_mixup_saga_s1,random200,n01843065/ILSVRC2012_val_00044268_n01843065,attn_entropy_bits,5.15010145
e2r_vits_mixup_saga_s1,random200,n01843065/ILSVRC2012_val_00044268_n01843065,ring1_mass,0.3918404654
e2r_vits_mixup_saga_s1,random200,n01843065/ILSVRC2012_val_00044268_n01843065,uniform_ring1_mass,0.2244897959
e2r_vits_mixup_saga_s1,random200,n01843383/ILSVRC2012_val_00049093_n01843383,attn_entropy_bits,4.877968281
e2r_vits_mixup_saga_s1,random200,n01843383/ILSVRC2012_val_00049093_n01843383,ring1_mass,0.3354565306
e2r_vits_mixup_saga_s1,random200,n01843383/ILSVRC2012_val_00049093_n01843383,uniform_ring1_mass,0.2244897959
e2r_vits_mixup_saga_s1,random200,n01873310/ILSVRC2012_val_00022384_n01873310,attn_entropy_bits,4.959682056
e2r_vits_mixup_saga_s1,random200,n01873310/ILSVRC2012_val_00022384_n01873310,ring1_mass,0.505213468
e2r_vits_mixup_saga_s1,random200,n01873310/ILSVRC2012_val_00022384_n01873310,uniform_ring1_mass,0.2244897959
e2r_vits_mixup_saga_s1,random200,n01914609/ILSVRC2012_val_00037668_n01914609,attn_entropy_bits,5.290643026
e2r_vits_mixup_saga_s1,random200,n01914609/ILSVRC2012_val_00037668_n01914609,ring1_mass,0.4366432989
e2r_vits_mixup_saga_s1,random200,n01914609/ILSVRC2012_val_00037668_n01914609,uniform_ring1_mass,0.2244897959
e2r_vits_mixup_saga_s1,random200,n01943899/ILSVRC2012_val_00038299_n01943899,attn_entropy_bits,4.8913828
e2r_vits_mixup_saga_s1,random200,n01943899/ILSVRC2012_val_00038299_n01943899,ring1_mass,0.4935159316
e2r_vits_mixup_saga_s1,random200,n01943899/ILSVRC2012_val_00038299_n01943899,uniform_ring1_mass,0.2244897959
e2r_vits_mixup_saga_s1,random200,n01945685/ILSVRC2012_val_00047674_n01945685,attn_entropy_bits,4.754818837
e2r_vits_mixup_saga_s1,random200,n01945685/ILSVRC2012_val_00047674_n01945685,ring1_mass,0.3610155301
e2r_vits_mixup_saga_s1,random200,n01945685/ILSVRC2012_val_00047674_n01945685,uniform_ring1_mass,0.2244897959
e2r_vits_mixup_saga_s1,random200,n01978455/ILSVRC2012_val_00047476_n01978455,attn_entropy_bits,4.851777004
e2r_vits_mixup_saga_s1,random200,n01978455/ILSVRC2012_val_00047476_n01978455,ring1_mass,0.2344868768
e2r_vits_mixup_saga_s1,random200,n01978455/ILSVRC2012_val_00047476_n01978455,uniform_ring1_mass,0.2244897959
e2r_vits_mixup_saga_s1,random200,n01983481/ILSVRC2012_val_00039303_n01983481,attn_entropy_bits,5.143091425
e2r_vits_mixup_saga_s1,random200,n01983481/ILSVRC2012_val_00039303_n01983481,ring1_mass,0.5520977888
e2r_vits_mixup_saga_s1,random200,n01983481/ILSVRC2012_val_00039303_n01983481,uniform_ring1_mass,0.2244897959
e2r_vits_mixup_saga_s1,random200,n01984695/ILSVRC2012_val_00008156_n01984695,attn_entropy_bits,5.649304744
e2r_vits_mixup_saga_s1,random200,n01984695/ILSVRC2012_val_00008156_n01984695,ring1_mass,0.4072325015
e2r_vits_mixup_saga_s1,random200,n01984695/ILSVRC2012_val_00008156_n01984695,uniform_ring1_mass,0.2244897959
e2r_vits_mixup_saga_s1,random200,n02002556/ILSVRC2012_val_00026760_n02002556,attn_entropy_bits,5.866250311
e2r_vits_mixup_saga_s1,random200,n02002556/ILSVRC2012_val_00026760_n02002556,ring1_mass,0.2718559208
e2r_vits_mixup_saga_s1,random200,n02002556/ILSVRC2012_val_00026760_n02002556,uniform_ring1_mass,0.2244897959
e2r_vits_mixup_saga_s1,random200,n02002724/ILSVRC2012_val_00017388_n02002724,attn_entropy_bits,4.803662786
e2r_vits_mixup_saga_s1,random200,n02002724/ILSVRC2012_val_00017388_n02002724,ring1_mass,0.4609508202
e2r_vits_mixup_saga_s1,random200,n02002724/ILSVRC2012_val_00017388_n02002724,uniform_ring1_mass,0.2244897959
e2r_vits_mixup_saga_s1,random200,n02006656/ILSVRC2012_val_00022418_n02006656,attn_entropy_bits,4.990421747
e2r_vits_mixup_saga_s1,random200,n02006656/ILSVRC2012_val_00022418_n02006656,ring1_mass,0.5089523946
e2r_vits_mixup_saga_s1,random200,n02006656/ILSVRC2012_val_00022418_n02006656,uniform_ring1_mass,0.2244897959
e2r_vits_mixup_saga_s1,random200,n02007558/ILSVRC2012_val_00037990_n02007558,attn_entropy_bits,5.79961333
e2r_vits_mixup_saga_s1,random200,n02007558/ILSVRC2012_val_00037990_n02007558,ring1_mass,0.2215926943
e2r_vits_mixup_saga_s1,random200,n02007558/ILSVRC2012_val_00037990_n02007558,uniform_ring1_mass,0.2244897959
e2r_vits_mixup_saga_s1,random200,n02012849/ILSVRC2012_val_00036873_n02012849,attn_entropy_bits,4.893440047
e2r_vits_mixup_saga_s1,random200,n02012849/ILSVRC2012_val_00036873_n02012849,ring1_mass,0.2767131214
e2r_vits_mixup_saga_s1,random200,n02012849/ILSVRC2012_val_00036873_n02012849,uniform_ring1_mass,0.2244897959
e2r_vits_mixup_saga_s1,random200,n02025239/ILSVRC2012_val_00043769_n02025239,attn_entropy_bits,5.162145965
e2r_vits_mixup_saga_s1,random200,n02025239/ILSVRC2012_val_00043769_n02025239,ring1_mass,0.5889476441
e2r_vits_mixup_saga_s1,random200,n02025239/ILSVRC2012_val_00043769_n02025239,uniform_ring1_mass,0.2244897959
e2r_vits_mixup_saga_s1,random200,n02028035/ILSVRC2012_val_00047784_n02028035,attn_entropy_bits,5.284020425
e2r_vits_mixup_saga_s1,random200,n02028035/ILSVRC2012_val_00047784_n02028035,ring1_mass,0.4034426939
e2r_vits_mixup_saga_s1,random200,n02028035/ILSVRC2012_val_00047784_n02028035,uniform_ring1_mass,0.2244897959
e2r_vits_mixup_saga_s1,random200,n02058221/ILSVRC2012_val_00026949_n02058221,attn_entropy_bits,4.743017887
e2r_vits_mixup_saga_s1,random200,n02058221/ILSVRC2012_val_00026949_n02058221,ring1_mass,0.199914913
e2r_vits_mixup_saga_s1,random200,n02058221/ILSVRC2012_val_00026949_n02058221,uniform_ring1_mass,0.2244897959
e2r_vits_mixup_saga_s1,random200,n02085620/ILSVRC2012_val_00018882_n02085620,attn_entropy_bits,5.241284803
e2r_vits_mixup_saga_s1,random200,n02085620/ILSVRC2012_val_00018882_n02085620,ring1_mass,0.1877309634
e2r_vits_mixup_saga_s1,random200,n02085620/ILSVRC2012_val_00018882_n02085620,uniform_ring1_mass,0.2244897959
e2r_vits_mixup_saga_s1,random200,n02088364/ILSVRC2012_val_00032527_n02088364,attn_entropy_bits,5.071542278
e2r_vits_mixup_saga_s1,random200,n02088364/ILSVRC2012_val_00032527_n02088364,ring1_mass,0.3394665837
e2r_vits_mixup_saga_s1,random200,n02088364/ILSVRC2012_val_00032527_n02088364,uniform_ring1_mass,0.2244897959
e2r_vits_mixup_saga_s1,random200,n02088466/ILSVRC2012_val_00036523_n02088466,attn_entropy_bits,4.751421879
e2r_vits_mixup_saga_s1,random200,n02088466/ILSVRC2012_val_00036523_n02088466,ring1_mass,0.3455259478
e2r_vits_mixup_saga_s1,random200,n02088466/ILSVRC2012_val_00036523_n02088466,uniform_ring1_mass,0.2244897959
e2r_vits_mixup_saga_s1,random200,n02089973/ILSVRC2012_val_00043580_n02089973,attn_entropy_bits,5.19200049
e2r_vits_mixup_saga_s1,random200,n02089973/ILSVRC2012_val_00043580_n02089973,ring1_mass,0.2862891502
e2r_vits_mixup_saga_s1,random200,n02089973/ILSVRC2012_val_00043580_n02089973,uniform_ring1_mass,0.2244897959
e2r_vits_mixup_saga_s1,random200,n02090379/ILSVRC2012_val_00039022_n02090379,attn_entropy_bits,4.696448135
e2r_vits_mixup_saga_s1,random200,n02090379/ILSVRC2012_val_00039022_n02090379,ring1_mass,0.2397069955
e2r_vits_mixup_saga_s1,random200,n02090379/ILSVRC2012_val_00039022_n02090379,uniform_ring1_mass,0.2244897959
e2r_vits_mixup_saga_s1,random200,n02090622/ILSVRC2012_val_00003164_n02090622,attn_entropy_bits,5.295726154
e2r_vits_mixup_saga_s1,random200,n02090622/ILSVRC2012_val_00003164_n02090622,ring1_mass,0.5085052894
e2r_vits_mixup_saga_s1,random200,n02090622/ILSVRC2012_val_00003164_n02090622,uniform_ring1_mass,0.2244897959
e2r_vits_mixup_saga_s1,random200,n02091467/ILSVRC2012_val_00027213_n02091467,attn_entropy_bits,4.245024476
e2r_vits_mixup_saga_s1,random200,n02091467/ILSVRC2012_val_00027213_n02091467,ring1_mass,0.2828420779
e2r_vits_mixup_saga_s1,random200,n02091467/ILSVRC2012_val_00027213_n02091467,uniform_ring1_mass,0.2244897959
e2r_vits_mixup_saga_s1,random200,n02093647/ILSVRC2012_val_00003269_n02093647,attn_entropy_bits,5.259461445
e2r_vits_mixup_saga_s1,random200,n02093647/ILSVRC2012_val_00003269_n02093647,ring1_mass,0.6163289177
e2r_vits_mixup_saga_s1,random200,n02093647/ILSVRC2012_val_00003269_n02093647,uniform_ring1_mass,0.2244897959
e2r_vits_mixup_saga_s1,random200,n02094258/ILSVRC2012_val_00009009_n02094258,attn_entropy_bits,5.265509036
e2r_vits_mixup_saga_s1,random200,n02094258/ILSVRC2012_val_00009009_n02094258,ring1_mass,0.3380420155
e2r_vits_mixup_saga_s1,random200,n02094258/ILSVRC2012_val_00009009_n02094258,uniform_ring1_mass,0.2244897959
e2r_vits_mixup_saga_s1,random200,n02096437/ILSVRC2012_val_00001028_n02096437,attn_entropy_bits,4.312597369
e2r_vits_mixup_saga_s1,random200,n02096437/ILSVRC2012_val_00001028_n02096437,ring1_mass,0.4184896118
e2r_vits_mixup_saga_s1,random200,n02096437/ILSVRC2012_val_00001028_n02096437,uniform_ring1_mass,0.2244897959
e2r_vits_mixup_saga_s1,random200,n02099712/ILSVRC2012_val_00008346_n02099712,attn_entropy_bits,5.465300761
e2r_vits_mixup_saga_s1,random200,n02099712/ILSVRC2012_val_00008346_n02099712,ring1_mass,0.1475969715
e2r_vits_mixup_saga_s1,random200,n02099712/ILSVRC2012_val_00008346_n02099712,uniform_ring1_mass,0.2244897959
e2r_vits_mixup_saga_s1,random200,n02100583/ILSVRC2012_val_00040937_n02100583,attn_entropy_bits,5.892090569
e2r_vits_mixup_saga_s1,random200,n02100583/ILSVRC2012_val_00040937_n02100583,ring1_mass,0.3231899619
e2r_vits_mixup_saga_s1,random200,n02100583/ILSVRC2012_val_00040937_n02100583,uniform_ring1_mass,0.2244897959
e2r_vits_mixup_saga_s1,random200,n02100735/ILSVRC2012_val_00011024_n02100735,attn_entropy_bits,4.83521511
e2r_vits_mixup_saga_s1,random200,n02100735/ILSVRC2012_val_00011024_n02100735,ring1_mass,0.7429924213
e2r_vits_mixup_saga_s1,random200,n02100735/ILSVRC2012_val_00011024_n02100735,uniform_ring1_mass,0.2244897959
e2r_vits_mixup_saga_s1,random200,n02105056/ILSVRC2012_val_00007903_n02105056,attn_entropy_bits,5.451854674
e2r_vits_mixup_saga_s1,random200,n02105056/ILSVRC2012_val_00007903_n02105056,ring1_mass,0.5268671004
e2r_vits_mixup_saga_s1,random200,n02105056/ILSVRC2012_val_00007903_n02105056,uniform_ring1_mass,0.2244897959
e2r_vits_mixup_saga_s1,random200,n02106662/ILSVRC2012_val_00018107_n02106662,attn_entropy_bits,5.243630163
e2r_vits_mixup_saga_s1,random200,n02106662/ILSVRC2012_val_00018107_n02106662,ring1_mass,0.2646732963
e2r_vits_mixup_saga_s1,random200,n02106662/ILSVRC2012_val_00018107_n02106662,uniform_ring1_mass,0.2244897959
e2r_vits_mixup_saga_s1,random200,n02107908/ILSVRC2012_val_00045618_n02107908,attn_entropy_bits,4.964550047
e2r_vits_mixup_saga_s1,random200,n02107908/ILSVRC2012_val_00045618_n02107908,ring1_mass,0.3779594893
e2r_vits_mixup_saga_s1,random200,n02107908/ILSVRC2012_val_00045618_n02107908,uniform_ring1_mass,0.2244897959
e2r_vits_mixup_saga_s1,random200,n02111889/ILSVRC2012_val_00028695_n02111889,attn_entropy_bits,4.389916103
e2r_vits_mixup_saga_s1,random200,n02111889/ILSVRC2012_val_00028695_n02111889,ring1_mass,0.5268681127
e2r_vits_mixup_saga_s1,random200,n02111889/ILSVRC2012_val_00028695_n02111889,uniform_ring1_mass,0.2244897959
e2r_vits_mixup_saga_s1,random200,n02112350/ILSVRC2012_val_00013160_n02112350,attn_entropy_bits,4.437518126
e2r_vits_mixup_saga_s1,random200,n02112350/ILSVRC2012_val_00013160_n02112350,ring1_mass,0.4677444299
e2r_vits_mixup_saga_s1,random200,n02112350/ILSVRC2012_val_00013160_n02112350,uniform_ring1_mass,0.2244897959
e2r_vits_mixup_saga_s1,random200,n02113799/ILSVRC2012_val_00000800_n02113799,attn_entropy_bits,4.723866177
e2r_vits_mixup_saga_s1,random200,n02113799/ILSVRC2012_val_00000800_n02113799,ring1_mass,0.1680484852
e2r_vits_mixup_saga_s1,random200,n02113799/ILSVRC2012_val_00000800_n02113799,uniform_ring1_mass,0.2244897959
e2r_vits_mixup_saga_s1,random200,n02114367/ILSVRC2012_val_00017311_n02114367,attn_entropy_bits,4.847237008
e2r_vits_mixup_saga_s1,random200,n02114367/ILSVRC2012_val_00017311_n02114367,ring1_mass,0.5057609517
e2r_vits_mixup_saga_s1,random200,n02114367/ILSVRC2012_val_00017311_n02114367,uniform_ring1_mass,0.2244897959
e2r_vits_mixup_saga_s1,random200,n02117135/ILSVRC2012_val_00000983_n02117135,attn_entropy_bits,4.518477345
e2r_vits_mixup_saga_s1,random200,n02117135/ILSVRC2012_val_00000983_n02117135,ring1_mass,0.3332852197
e2r_vits_mixup_saga_s1,random200,n02117135/ILSVRC2012_val_00000983_n02117135,uniform_ring1_mass,0.2244897959
e2r_vits_mixup_saga_s1,random200,n02125311/ILSVRC2012_val_00039595_n02125311,attn_entropy_bits,4.832608163
e2r_vits_mixup_saga_s1,random200,n02125311/ILSVRC2012_val_00039595_n02125311,ring1_mass,0.3270476059
e2r_vits_mixup_saga_s1,random200,n02125311/ILSVRC2012_val_00039595_n02125311,uniform_ring1_mass,0.2244897959
e2r_vits_mixup_saga_s1,random200,n02133161/ILSVRC2012_val_00046668_n02133161,attn_entropy_bits,5.65910938
e2r_vits_mixup_saga_s1,random200,n02133161/ILSVRC2012_val_00046668_n02133161,ring1_mass,0.2772332217
e2r_vits_mixup_saga_s1,random200,n02133161/ILSVRC2012_val_00046668_n02133161,uniform_ring1_mass,0.2244897959
e2r_vits_mixup_saga_s1,random200,n02137549/ILSVRC2012_val_00047555_n02137549,attn_entropy_bits,6.070654432
e2r_vits_mixup_saga_s1,random200,n02137549/ILSVRC2012_val_00047555_n02137549,ring1_mass,0.3462625161
e2r_vits_mixup_saga_s1,random200,n02137549/ILSVRC2012_val_00047555_n02137549,uniform_ring1_mass,0.2244897959
e2r_vits_mixup_saga_s1,random200,n02167151/ILSVRC2012_val_00005169_n02167151,attn_entropy_bits,4.800150185
e2r_vits_mixup_saga_s1,random200,n02167151/ILSVRC2012_val_00005169_n02167151,ring1_mass,0.4503225525
e2r_vits_mixup_saga_s1,random200,n02167151/ILSVRC2012_val_00005169_n02167151,uniform_ring1_mass,0.2244897959
e2r_vits_mixup_saga_s1,random200,n02172182/ILSVRC2012_val_00002042_n02172182,attn_entropy_bits,4.340084441
e2r_vits_mixup_saga_s1,random200,n02172182/ILSVRC2012_val_00002042_n02172182,ring1_mass,0.4162321097
e2r_vits_mixup_saga_s1,random200,n02172182/ILSVRC2012_val_00002042_n02172182,uniform_ring1_mass,0.2244897959
e2r_vits_mixup_saga_s1,random200,n02174001/ILSVRC2012_val_00034738_n02174001,attn_entropy_bits,5.013892025
e2r_vits_mixup_saga_s1,random200,n02174001/ILSVRC2012_val_00034738_n02174001,ring1_mass,0.5091868094
e2r_vits_mixup_saga_s1,random200,n02174001/ILSVRC2012_val_00034738_n02174001,uniform_ring1_mass,0.2244897959
e2r_vits_mixup_saga_s1,random200,n02177972/ILSVRC2012_val_00044760_n02177972,attn_entropy_bits,4.808282172
e2r_vits_mixup_saga_s1,random200,n02177972/ILSVRC2012_val_00044760_n02177972,ring1_mass,0.310791147
e2r_vits_mixup_saga_s1,random200,n02177972/ILSVRC2012_val_00044760_n02177972,uniform_ring1_mass,0.2244897959
e2r_vits_mixup_saga_s1,random200,n02219486/ILSVRC2012_val_00031820_n02219486,attn_entropy_bits,5.71192168
e2r_vits_mixup_saga_s1,random200,n02219486/ILSVRC2012_val_00031820_n02219486,ring1_mass,0.1918134824
e2r_vits_mixup_saga_s1,random200,n02219486/ILSVRC2012_val_00031820_n02219486,uniform_ring1_mass,0.2244897959
e2r_vits_mixup_saga_s1,random200,n02226429/ILSVRC2012_val_00032265_n02226429,attn_entropy_bits,4.817574582
e2r_vits_mixup_saga_s1,random200,n02226429/ILSVRC2012_val_00032265_n02226429,ring1_mass,0.4347488753
e2r_vits_mixup_saga_s1,random200,n02226429/ILSVRC2012_val_00032265_n02226429,uniform_ring1_mass,0.2244897959
e2r_vits_mixup_saga_s1,random200,n02281787/ILSVRC2012_val_00043381_n02281787,attn_entropy_bits,5.3376128
e2r_vits_mixup_saga_s1,random200,n02281787/ILSVRC2012_val_00043381_n02281787,ring1_mass,0.3390466043
e2r_vits_mixup_saga_s1,random200,n02281787/ILSVRC2012_val_00043381_n02281787,uniform_ring1_mass,0.2244897959
e2r_vits_mixup_saga_s1,random200,n02326432/ILSVRC2012_val_00049948_n02326432,attn_entropy_bits,4.164924514
e2r_vits_mixup_saga_s1,random200,n02326432/ILSVRC2012_val_00049948_n02326432,ring1_mass,0.4651823911
e2r_vits_mixup_saga_s1,random200,n02326432/ILSVRC2012_val_00049948_n02326432,uniform_ring1_mass,0.2244897959
e2r_vits_mixup_saga_s1,random200,n02342885/ILSVRC2012_val_00016348_n02342885,attn_entropy_bits,4.943822907
e2r_vits_mixup_saga_s1,random200,n02342885/ILSVRC2012_val_00016348_n02342885,ring1_mass,0.4720831604
e2r_vits_mixup_saga_s1,random200,n02342885/ILSVRC2012_val_00016348_n02342885,uniform_ring1_mass,0.2244897959
e2r_vits_mixup_saga_s1,random200,n02363005/ILSVRC2012_val_00025114_n02363005,attn_entropy_bits,4.702211288
e2r_vits_mixup_saga_s1,random200,n02363005/ILSVRC2012_val_00025114_n02363005,ring1_mass,0.3880803241
e2r_vits_mixup_saga_s1,random200,n02363005/ILSVRC2012_val_00025114_n02363005,uniform_ring1_mass,0.2244897959
e2r_vits_mixup_saga_s1,random200,n02389026/ILSVRC2012_val_00018928_n02389026,attn_entropy_bits,5.319579066
e2r_vits_mixup_saga_s1,random200,n02389026/ILSVRC2012_val_00018928_n02389026,ring1_mass,0.312458241
e2r_vits_mixup_saga_s1,random200,n02389026/ILSVRC2012_val_00018928_n02389026,uniform_ring1_mass,0.2244897959
e2r_vits_mixup_saga_s1,random200,n02403003/ILSVRC2012_val_00039271_n02403003,attn_entropy_bits,4.370857851
e2r_vits_mixup_saga_s1,random200,n02403003/ILSVRC2012_val_00039271_n02403003,ring1_mass,0.3000691599
e2r_vits_mixup_saga_s1,random200,n02403003/ILSVRC2012_val_00039271_n02403003,uniform_ring1_mass,0.2244897959
e2r_vits_mixup_saga_s1,random200,n02412080/ILSVRC2012_val_00030484_n02412080,attn_entropy_bits,4.455878172
e2r_vits_mixup_saga_s1,random200,n02412080/ILSVRC2012_val_00030484_n02412080,ring1_mass,0.4017723285
e2r_vits_mixup_saga_s1,random200,n02412080/ILSVRC2012_val_00030484_n02412080,uniform_ring1_mass,0.2244897959
e2r_vits_mixup_saga_s1,random200,n02415577/ILSVRC2012_val_00040551_n02415577,attn_entropy_bits,4.730600313
e2r_vits_mixup_saga_s1,random200,n02415577/ILSVRC2012_val_00040551_n02415577,ring1_mass,0.162681341
e2r_vits_mixup_saga_s1,random200,n02415577/ILSVRC2012_val_00040551_n02415577,uniform_ring1_mass,0.2244897959
e2r_vits_mixup_saga_s1,random200,n02442845/ILSVRC2012_val_00028458_n02442845,attn_entropy_bits,4.630898003
e2r_vits_mixup_saga_s1,random200,n02442845/ILSVRC2012_val_00028458_n02442845,ring1_mass,0.5642085683
e2r_vits_mixup_saga_s1,random200,n02442845/ILSVRC2012_val_00028458_n02442845,uniform_ring1_mass,0.2244897959
e2r_vits_mixup_saga_s1,random200,n02444819/ILSVRC2012_val_00032606_n02444819,attn_entropy_bits,4.665688017
e2r_vits_mixup_saga_s1,random200,n02444819/ILSVRC2012_val_00032606_n02444819,ring1_mass,0.2197115868
e2r_vits_mixup_saga_s1,random200,n02444819/ILSVRC2012_val_00032606_n02444819,uniform_ring1_mass,0.2244897959
e2r_vits_mixup_saga_s1,random200,n02457408/ILSVRC2012_val_00042044_n02457408,attn_entropy_bits,3.955026528
e2r_vits_mixup_saga_s1,random200,n02457408/ILSVRC2012_val_00042044_n02457408,ring1_mass,0.3366328435
e2r_vits_mixup_saga_s1,random200,n02457408/ILSVRC2012_val_00042044_n02457408,uniform_ring1_mass,0.2244897959
e2r_vits_mixup_saga_s1,random200,n02483708/ILSVRC2012_val_00000087_n02483708,attn_entropy_bits,4.808263264
e2r_vits_mixup_saga_s1,random200,n02483708/ILSVRC2012_val_00000087_n02483708,ring1_mass,0.1993598614
e2r_vits_mixup_saga_s1,random200,n02483708/ILSVRC2012_val_00000087_n02483708,uniform_ring1_mass,0.2244897959
e2r_vits_mixup_saga_s1,random200,n02484975/ILSVRC2012_val_00006410_n02484975,attn_entropy_bits,4.412998914
e2r_vits_mixup_saga_s1,random200,n02484975/ILSVRC2012_val_00006410_n02484975,ring1_mass,0.2673277854
e2r_vits_mixup_saga_s1,random200,n02484975/ILSVRC2012_val_00006410_n02484975,uniform_ring1_mass,0.2244897959
e2r_vits_mixup_saga_s1,random200,n02490219/ILSVRC2012_val_00009701_n02490219,attn_entropy_bits,4.803778815
e2r_vits_mixup_saga_s1,random200,n02490219/ILSVRC2012_val_00009701_n02490219,ring1_mass,0.6632206856
e2r_vits_mixup_saga_s1,random200,n02490219/ILSVRC2012_val_00009701_n02490219,uniform_ring1_mass,0.2244897959
e2r_vits_mixup_saga_s1,random200,n02493509/ILSVRC2012_val_00022082_n02493509,attn_entropy_bits,5.037143339
e2r_vits_mixup_saga_s1,random200,n02493509/ILSVRC2012_val_00022082_n02493509,ring1_mass,0.4417759412
e2r_vits_mixup_saga_s1,random200,n02493509/ILSVRC2012_val_00022082_n02493509,uniform_ring1_mass,0.2244897959
e2r_vits_mixup_saga_s1,random200,n02509815/ILSVRC2012_val_00016071_n02509815,attn_entropy_bits,4.388230094
e2r_vits_mixup_saga_s1,random200,n02509815/ILSVRC2012_val_00016071_n02509815,ring1_mass,0.3760025945
e2r_vits_mixup_saga_s1,random200,n02509815/ILSVRC2012_val_00016071_n02509815,uniform_ring1_mass,0.2244897959
e2r_vits_mixup_saga_s1,random200,n02607072/ILSVRC2012_val_00021505_n02607072,attn_entropy_bits,5.891633586
e2r_vits_mixup_saga_s1,random200,n02607072/ILSVRC2012_val_00021505_n02607072,ring1_mass,0.4707335232
e2r_vits_mixup_saga_s1,random200,n02607072/ILSVRC2012_val_00021505_n02607072,uniform_ring1_mass,0.2244897959
e2r_vits_mixup_saga_s1,random200,n02640242/ILSVRC2012_val_00001436_n02640242,attn_entropy_bits,5.895610398
e2r_vits_mixup_saga_s1,random200,n02640242/ILSVRC2012_val_00001436_n02640242,ring1_mass,0.3787205193
e2r_vits_mixup_saga_s1,random200,n02640242/ILSVRC2012_val_00001436_n02640242,uniform_ring1_mass,0.2244897959
e2r_vits_mixup_saga_s1,random200,n02655020/ILSVRC2012_val_00008730_n02655020,attn_entropy_bits,5.151929102
e2r_vits_mixup_saga_s1,random200,n02655020/ILSVRC2012_val_00008730_n02655020,ring1_mass,0.451580437
e2r_vits_mixup_saga_s1,random200,n02655020/ILSVRC2012_val_00008730_n02655020,uniform_ring1_mass,0.2244897959
e2r_vits_mixup_saga_s1,random200,n02687172/ILSVRC2012_val_00032680_n02687172,attn_entropy_bits,4.459333018
e2r_vits_mixup_saga_s1,random200,n02687172/ILSVRC2012_val_00032680_n02687172,ring1_mass,0.2828490047
e2r_vits_mixup_saga_s1,random200,n02687172/ILSVRC2012_val_00032680_n02687172,uniform_ring1_mass,0.2244897959
e2r_vits_mixup_saga_s1,random200,n02783161/ILSVRC2012_val_00044024_n02783161,attn_entropy_bits,5.598007303
e2r_vits_mixup_saga_s1,random200,n02783161/ILSVRC2012_val_00044024_n02783161,ring1_mass,0.4178229788
e2r_vits_mixup_saga_s1,random200,n02783161/ILSVRC2012_val_00044024_n02783161,uniform_ring1_mass,0.2244897959
e2r_vits_mixup_saga_s1,random200,n02786058/ILSVRC2012_val_00000706_n02786058,attn_entropy_bits,5.50276786
e2r_vits_mixup_saga_s1,random200,n02786058/ILSVRC2012_val_00000706_n02786058,ring1_mass,0.3320242108
e2r_vits_mixup_saga_s1,random200,n02786058/ILSVRC2012_val_00000706_n02786058,uniform_ring1_mass,0.2244897959
e2r_vits_mixup_saga_s1,random200,n02787622/ILSVRC2012_val_00019653_n02787622,attn_entropy_bits,5.655557192
e2r_vits_mixup_saga_s1,random200,n02787622/ILSVRC2012_val_00019653_n02787622,ring1_mass,0.1762161151
e2r_vits_mixup_saga_s1,random200,n02787622/ILSVRC2012_val_00019653_n02787622,uniform_ring1_mass,0.2244897959
e2r_vits_mixup_saga_s1,random200,n02788148/ILSVRC2012_val_00014558_n02788148,attn_entropy_bits,5.131691273
e2r_vits_mixup_saga_s1,random200,n02788148/ILSVRC2012_val_00014558_n02788148,ring1_mass,0.292676775
e2r_vits_mixup_saga_s1,random200,n02788148/ILSVRC2012_val_00014558_n02788148,uniform_ring1_mass,0.2244897959
e2r_vits_mixup_saga_s1,random200,n02790996/ILSVRC2012_val_00035930_n02790996,attn_entropy_bits,4.947949216
e2r_vits_mixup_saga_s1,random200,n02790996/ILSVRC2012_val_00035930_n02790996,ring1_mass,0.09090376848
e2r_vits_mixup_saga_s1,random200,n02790996/ILSVRC2012_val_00035930_n02790996,uniform_ring1_mass,0.2244897959
e2r_vits_mixup_saga_s1,random200,n02794156/ILSVRC2012_val_00036595_n02794156,attn_entropy_bits,5.001368753
e2r_vits_mixup_saga_s1,random200,n02794156/ILSVRC2012_val_00036595_n02794156,ring1_mass,0.02561690278
e2r_vits_mixup_saga_s1,random200,n02794156/ILSVRC2012_val_00036595_n02794156,uniform_ring1_mass,0.2244897959
e2r_vits_mixup_saga_s1,random200,n02804414/ILSVRC2012_val_00010744_n02804414,attn_entropy_bits,4.858054611
e2r_vits_mixup_saga_s1,random200,n02804414/ILSVRC2012_val_00010744_n02804414,ring1_mass,0.5188622979
e2r_vits_mixup_saga_s1,random200,n02804414/ILSVRC2012_val_00010744_n02804414,uniform_ring1_mass,0.2244897959
e2r_vits_mixup_saga_s1,random200,n02807133/ILSVRC2012_val_00043987_n02807133,attn_entropy_bits,4.789137434
e2r_vits_mixup_saga_s1,random200,n02807133/ILSVRC2012_val_00043987_n02807133,ring1_mass,0.3706930729
e2r_vits_mixup_saga_s1,random200,n02807133/ILSVRC2012_val_00043987_n02807133,uniform_ring1_mass,0.2244897959
e2r_vits_mixup_saga_s1,random200,n02817516/ILSVRC2012_val_00007414_n02817516,attn_entropy_bits,4.746578244
e2r_vits_mixup_saga_s1,random200,n02817516/ILSVRC2012_val_00007414_n02817516,ring1_mass,0.4805112558
e2r_vits_mixup_saga_s1,random200,n02817516/ILSVRC2012_val_00007414_n02817516,uniform_ring1_mass,0.2244897959
e2r_vits_mixup_saga_s1,random200,n02834397/ILSVRC2012_val_00049192_n02834397,attn_entropy_bits,5.312709123
e2r_vits_mixup_saga_s1,random200,n02834397/ILSVRC2012_val_00049192_n02834397,ring1_mass,0.2195592976
e2r_vits_mixup_saga_s1,random200,n02834397/ILSVRC2012_val_00049192_n02834397,uniform_ring1_mass,0.2244897959
e2r_vits_mixup_saga_s1,random200,n02865351/ILSVRC2012_val_00018752_n02865351,attn_entropy_bits,5.620115275
e2r_vits_mixup_saga_s1,random200,n02865351/ILSVRC2012_val_00018752_n02865351,ring1_mass,0.5417709239
e2r_vits_mixup_saga_s1,random200,n02865351/ILSVRC2012_val_00018752_n02865351,uniform_ring1_mass,0.2244897959
e2r_vits_mixup_saga_s1,random200,n02877765/ILSVRC2012_val_00045915_n02877765,attn_entropy_bits,5.875496718
e2r_vits_mixup_saga_s1,random200,n02877765/ILSVRC2012_val_00045915_n02877765,ring1_mass,0.4165702581
e2r_vits_mixup_saga_s1,random200,n02877765/ILSVRC2012_val_00045915_n02877765,uniform_ring1_mass,0.2244897959
e2r_vits_mixup_saga_s1,random200,n02895154/ILSVRC2012_val_00032037_n02895154,attn_entropy_bits,5.733346977
e2r_vits_mixup_saga_s1,random200,n02895154/ILSVRC2012_val_00032037_n02895154,ring1_mass,0.247893214
e2r_vits_mixup_saga_s1,random200,n02895154/ILSVRC2012_val_00032037_n02895154,uniform_ring1_mass,0.2244897959
e2r_vits_mixup_saga_s1,random200,n02971356/ILSVRC2012_val_00022451_n02971356,attn_entropy_bits,4.902982196
e2r_vits_mixup_saga_s1,random200,n02971356/ILSVRC2012_val_00022451_n02971356,ring1_mass,0.3089872842
e2r_vits_mixup_saga_s1,random200,n02971356/ILSVRC2012_val_00022451_n02971356,uniform_ring1_mass,0.2244897959
e2r_vits_mixup_saga_s1,random200,n02978881/ILSVRC2012_val_00017217_n02978881,attn_entropy_bits,5.867576288
e2r_vits_mixup_saga_s1,random200,n02978881/ILSVRC2012_val_00017217_n02978881,ring1_mass,0.2511591639
e2r_vits_mixup_saga_s1,random200,n02978881/ILSVRC2012_val_00017217_n02978881,uniform_ring1_mass,0.2244897959
e2r_vits_mixup_saga_s1,random200,n03041632/ILSVRC2012_val_00008526_n03041632,attn_entropy_bits,5.654829096
e2r_vits_mixup_saga_s1,random200,n03041632/ILSVRC2012_val_00008526_n03041632,ring1_mass,0.1897874201
e2r_vits_mixup_saga_s1,random200,n03041632/ILSVRC2012_val_00008526_n03041632,uniform_ring1_mass,0.2244897959
e2r_vits_mixup_saga_s1,random200,n03042490/ILSVRC2012_val_00027258_n03042490,attn_entropy_bits,4.144568682
e2r_vits_mixup_saga_s1,random200,n03042490/ILSVRC2012_val_00027258_n03042490,ring1_mass,0.5328373869
e2r_vits_mixup_saga_s1,random200,n03042490/ILSVRC2012_val_00027258_n03042490,uniform_ring1_mass,0.2244897959
e2r_vits_mixup_saga_s1,random200,n03085013/ILSVRC2012_val_00002499_n03085013,attn_entropy_bits,5.670252729
e2r_vits_mixup_saga_s1,random200,n03085013/ILSVRC2012_val_00002499_n03085013,ring1_mass,0.5557292177
e2r_vits_mixup_saga_s1,random200,n03085013/ILSVRC2012_val_00002499_n03085013,uniform_ring1_mass,0.2244897959
e2r_vits_mixup_saga_s1,random200,n03095699/ILSVRC2012_val_00001339_n03095699,attn_entropy_bits,5.098367776
e2r_vits_mixup_saga_s1,random200,n03095699/ILSVRC2012_val_00001339_n03095699,ring1_mass,0.3004821442
e2r_vits_mixup_saga_s1,random200,n03095699/ILSVRC2012_val_00001339_n03095699,uniform_ring1_mass,0.2244897959
e2r_vits_mixup_saga_s1,random200,n03124170/ILSVRC2012_val_00032152_n03124170,attn_entropy_bits,5.563754343
e2r_vits_mixup_saga_s1,random200,n03124170/ILSVRC2012_val_00032152_n03124170,ring1_mass,0.2985782748
e2r_vits_mixup_saga_s1,random200,n03124170/ILSVRC2012_val_00032152_n03124170,uniform_ring1_mass,0.2244897959
e2r_vits_mixup_saga_s1,random200,n03125729/ILSVRC2012_val_00032315_n03125729,attn_entropy_bits,4.866866974
e2r_vits_mixup_saga_s1,random200,n03125729/ILSVRC2012_val_00032315_n03125729,ring1_mass,0.1932501312
e2r_vits_mixup_saga_s1,random200,n03125729/ILSVRC2012_val_00032315_n03125729,uniform_ring1_mass,0.2244897959
e2r_vits_mixup_saga_s1,random200,n03134739/ILSVRC2012_val_00023436_n03134739,attn_entropy_bits,5.281690656
e2r_vits_mixup_saga_s1,random200,n03134739/ILSVRC2012_val_00023436_n03134739,ring1_mass,0.3505593135
e2r_vits_mixup_saga_s1,random200,n03134739/ILSVRC2012_val_00023436_n03134739,uniform_ring1_mass,0.2244897959
e2r_vits_mixup_saga_s1,random200,n03196217/ILSVRC2012_val_00049458_n03196217,attn_entropy_bits,6.136923439
e2r_vits_mixup_saga_s1,random200,n03196217/ILSVRC2012_val_00049458_n03196217,ring1_mass,0.3917450423
e2r_vits_mixup_saga_s1,random200,n03196217/ILSVRC2012_val_00049458_n03196217,uniform_ring1_mass,0.2244897959
e2r_vits_mixup_saga_s1,random200,n03220513/ILSVRC2012_val_00007952_n03220513,attn_entropy_bits,4.841319445
e2r_vits_mixup_saga_s1,random200,n03220513/ILSVRC2012_val_00007952_n03220513,ring1_mass,0.2037242977
e2r_vits_mixup_saga_s1,random200,n03220513/ILSVRC2012_val_00007952_n03220513,uniform_ring1_mass,0.2244897959
e2r_vits_mixup_saga_s1,random200,n03250847/ILSVRC2012_val_00020232_n03250847,attn_entropy_bits,6.121711996
e2r_vits_mixup_saga_s1,random200,n03250847/ILSVRC2012_val_00020232_n03250847,ring1_mass,0.4191320702
e2r_vits_mixup_saga_s1,random200,n03250847/ILSVRC2012_val_00020232_n03250847,uniform_ring1_mass,0.2244897959
e2r_vits_mixup_saga_s1,random200,n03290653/ILSVRC2012_val_00046068_n03290653,attn_entropy_bits,5.231474263
e2r_vits_mixup_saga_s1,random200,n03290653/ILSVRC2012_val_00046068_n03290653,ring1_mass,0.2451170425
e2r_vits_mixup_saga_s1,random200,n03290653/ILSVRC2012_val_00046068_n03290653,uniform_ring1_mass,0.2244897959
e2r_vits_mixup_saga_s1,random200,n03297495/ILSVRC2012_val_00023386_n03297495,attn_entropy_bits,6.708324089
e2r_vits_mixup_saga_s1,random200,n03297495/ILSVRC2012_val_00023386_n03297495,ring1_mass,0.2744732811
e2r_vits_mixup_saga_s1,random200,n03297495/ILSVRC2012_val_00023386_n03297495,uniform_ring1_mass,0.2244897959
e2r_vits_mixup_saga_s1,random200,n03337140/ILSVRC2012_val_00021909_n03337140,attn_entropy_bits,6.157009993
e2r_vits_mixup_saga_s1,random200,n03337140/ILSVRC2012_val_00021909_n03337140,ring1_mass,0.2481269364
e2r_vits_mixup_saga_s1,random200,n03337140/ILSVRC2012_val_00021909_n03337140,uniform_ring1_mass,0.2244897959
e2r_vits_mixup_saga_s1,random200,n03372029/ILSVRC2012_val_00009395_n03372029,attn_entropy_bits,5.168338585
e2r_vits_mixup_saga_s1,random200,n03372029/ILSVRC2012_val_00009395_n03372029,ring1_mass,0.3029140033
e2r_vits_mixup_saga_s1,random200,n03372029/ILSVRC2012_val_00009395_n03372029,uniform_ring1_mass,0.2244897959
e2r_vits_mixup_saga_s1,random200,n03388043/ILSVRC2012_val_00029752_n03388043,attn_entropy_bits,5.941468501
e2r_vits_mixup_saga_s1,random200,n03388043/ILSVRC2012_val_00029752_n03388043,ring1_mass,0.1689590346
e2r_vits_mixup_saga_s1,random200,n03388043/ILSVRC2012_val_00029752_n03388043,uniform_ring1_mass,0.2244897959
e2r_vits_mixup_saga_s1,random200,n03425413/ILSVRC2012_val_00044370_n03425413,attn_entropy_bits,5.397232157
e2r_vits_mixup_saga_s1,random200,n03425413/ILSVRC2012_val_00044370_n03425413,ring1_mass,0.338772886
e2r_vits_mixup_saga_s1,random200,n03425413/ILSVRC2012_val_00044370_n03425413,uniform_ring1_mass,0.2244897959
e2r_vits_mixup_saga_s1,random200,n03444034/ILSVRC2012_val_00047858_n03444034,attn_entropy_bits,6.301315912
e2r_vits_mixup_saga_s1,random200,n03444034/ILSVRC2012_val_00047858_n03444034,ring1_mass,0.2030153806
e2r_vits_mixup_saga_s1,random200,n03444034/ILSVRC2012_val_00047858_n03444034,uniform_ring1_mass,0.2244897959
e2r_vits_mixup_saga_s1,random200,n03445777/ILSVRC2012_val_00031897_n03445777,attn_entropy_bits,4.967235515
e2r_vits_mixup_saga_s1,random200,n03445777/ILSVRC2012_val_00031897_n03445777,ring1_mass,0.3210608695
e2r_vits_mixup_saga_s1,random200,n03445777/ILSVRC2012_val_00031897_n03445777,uniform_ring1_mass,0.2244897959
e2r_vits_mixup_saga_s1,random200,n03447447/ILSVRC2012_val_00016814_n03447447,attn_entropy_bits,4.641674486
e2r_vits_mixup_saga_s1,random200,n03447447/ILSVRC2012_val_00016814_n03447447,ring1_mass,0.3547728731
e2r_vits_mixup_saga_s1,random200,n03447447/ILSVRC2012_val_00016814_n03447447,uniform_ring1_mass,0.2244897959
e2r_vits_mixup_saga_s1,random200,n03492542/ILSVRC2012_val_00011209_n03492542,attn_entropy_bits,6.296519343
e2r_vits_mixup_saga_s1,random200,n03492542/ILSVRC2012_val_00011209_n03492542,ring1_mass,0.344437955
e2r_vits_mixup_saga_s1,random200,n03492542/ILSVRC2012_val_00011209_n03492542,uniform_ring1_mass,0.2244897959
e2r_vits_mixup_saga_s1,random200,n03496892/ILSVRC2012_val_00010776_n03496892,attn_entropy_bits,5.226767684
e2r_vits_mixup_saga_s1,random200,n03496892/ILSVRC2012_val_00010776_n03496892,ring1_mass,0.4420035981
e2r_vits_mixup_saga_s1,random200,n03496892/ILSVRC2012_val_00010776_n03496892,uniform_ring1_mass,0.2244897959
e2r_vits_mixup_saga_s1,random200,n03532672/ILSVRC2012_val_00042387_n03532672,attn_entropy_bits,6.461318028
e2r_vits_mixup_saga_s1,random200,n03532672/ILSVRC2012_val_00042387_n03532672,ring1_mass,0.4523545596
e2r_vits_mixup_saga_s1,random200,n03532672/ILSVRC2012_val_00042387_n03532672,uniform_ring1_mass,0.2244897959
e2r_vits_mixup_saga_s1,random200,n03538406/ILSVRC2012_val_00014022_n03538406,attn_entropy_bits,4.720649207
e2r_vits_mixup_saga_s1,random200,n03538406/ILSVRC2012_val_00014022_n03538406,ring1_mass,0.3110178738
e2r_vits_mixup_saga_s1,random200,n03538406/ILSVRC2012_val_00014022_n03538406,uniform_ring1_mass,0.2244897959
e2r_vits_mixup_saga_s1,random200,n03544143/ILSVRC2012_val_00036746_n03544143,attn_entropy_bits,6.057720752
e2r_vits_mixup_saga_s1,random200,n03544143/ILSVRC2012_val_00036746_n03544143,ring1_mass,0.5122238292
e2r_vits_mixup_saga_s1,random200,n03544143/ILSVRC2012_val_00036746_n03544143,uniform_ring1_mass,0.2244897959
e2r_vits_mixup_saga_s1,random200,n03584829/ILSVRC2012_val_00009834_n03584829,attn_entropy_bits,4.619460014
e2r_vits_mixup_saga_s1,random200,n03584829/ILSVRC2012_val_00009834_n03584829,ring1_mass,0.4982110125
e2r_vits_mixup_saga_s1,random200,n03584829/ILSVRC2012_val_00009834_n03584829,uniform_ring1_mass,0.2244897959
e2r_vits_mixup_saga_s1,random200,n03590841/ILSVRC2012_val_00009971_n03590841,attn_entropy_bits,4.659096437
e2r_vits_mixup_saga_s1,random200,n03590841/ILSVRC2012_val_00009971_n03590841,ring1_mass,0.4909901004
e2r_vits_mixup_saga_s1,random200,n03590841/ILSVRC2012_val_00009971_n03590841,uniform_ring1_mass,0.2244897959
e2r_vits_mixup_saga_s1,random200,n03594734/ILSVRC2012_val_00045877_n03594734,attn_entropy_bits,6.005223653
e2r_vits_mixup_saga_s1,random200,n03594734/ILSVRC2012_val_00045877_n03594734,ring1_mass,0.3365071828
e2r_vits_mixup_saga_s1,random200,n03594734/ILSVRC2012_val_00045877_n03594734,uniform_ring1_mass,0.2244897959
e2r_vits_mixup_saga_s1,random200,n03623198/ILSVRC2012_val_00024197_n03623198,attn_entropy_bits,5.752919822
e2r_vits_mixup_saga_s1,random200,n03623198/ILSVRC2012_val_00024197_n03623198,ring1_mass,0.1664403938
e2r_vits_mixup_saga_s1,random200,n03623198/ILSVRC2012_val_00024197_n03623198,uniform_ring1_mass,0.2244897959
e2r_vits_mixup_saga_s1,random200,n03633091/ILSVRC2012_val_00025920_n03633091,attn_entropy_bits,5.907010643
e2r_vits_mixup_saga_s1,random200,n03633091/ILSVRC2012_val_00025920_n03633091,ring1_mass,0.3277106108
e2r_vits_mixup_saga_s1,random200,n03633091/ILSVRC2012_val_00025920_n03633091,uniform_ring1_mass,0.2244897959
e2r_vits_mixup_saga_s1,random200,n03661043/ILSVRC2012_val_00044809_n03661043,attn_entropy_bits,6.011038346
e2r_vits_mixup_saga_s1,random200,n03661043/ILSVRC2012_val_00044809_n03661043,ring1_mass,0.3146443537
e2r_vits_mixup_saga_s1,random200,n03661043/ILSVRC2012_val_00044809_n03661043,uniform_ring1_mass,0.2244897959
e2r_vits_mixup_saga_s1,random200,n03670208/ILSVRC2012_val_00049113_n03670208,attn_entropy_bits,6.237467599
e2r_vits_mixup_saga_s1,random200,n03670208/ILSVRC2012_val_00049113_n03670208,ring1_mass,0.3628606884
e2r_vits_mixup_saga_s1,random200,n03670208/ILSVRC2012_val_00049113_n03670208,uniform_ring1_mass,0.2244897959
e2r_vits_mixup_saga_s1,random200,n03676483/ILSVRC2012_val_00019870_n03676483,attn_entropy_bits,6.1625844
e2r_vits_mixup_saga_s1,random200,n03676483/ILSVRC2012_val_00019870_n03676483,ring1_mass,0.325759354
e2r_vits_mixup_saga_s1,random200,n03676483/ILSVRC2012_val_00019870_n03676483,uniform_ring1_mass,0.2244897959
e2r_vits_mixup_saga_s1,random200,n03690938/ILSVRC2012_val_00003829_n03690938,attn_entropy_bits,5.746820507
e2r_vits_mixup_saga_s1,random200,n03690938/ILSVRC2012_val_00003829_n03690938,ring1_mass,0.5240987994
e2r_vits_mixup_saga_s1,random200,n03690938/ILSVRC2012_val_00003829_n03690938,uniform_ring1_mass,0.2244897959
e2r_vits_mixup_saga_s1,random200,n03733281/ILSVRC2012_val_00028102_n03733281,attn_entropy_bits,5.149998405
e2r_vits_mixup_saga_s1,random200,n03733281/ILSVRC2012_val_00028102_n03733281,ring1_mass,0.2614147572
e2r_vits_mixup_saga_s1,random200,n03733281/ILSVRC2012_val_00028102_n03733281,uniform_ring1_mass,0.2244897959
e2r_vits_mixup_saga_s1,random200,n03742115/ILSVRC2012_val_00040196_n03742115,attn_entropy_bits,5.248910274
e2r_vits_mixup_saga_s1,random200,n03742115/ILSVRC2012_val_00040196_n03742115,ring1_mass,0.1253889682
e2r_vits_mixup_saga_s1,random200,n03742115/ILSVRC2012_val_00040196_n03742115,uniform_ring1_mass,0.2244897959
e2r_vits_mixup_saga_s1,random200,n03743016/ILSVRC2012_val_00020408_n03743016,attn_entropy_bits,5.645585077
e2r_vits_mixup_saga_s1,random200,n03743016/ILSVRC2012_val_00020408_n03743016,ring1_mass,0.2857253608
e2r_vits_mixup_saga_s1,random200,n03743016/ILSVRC2012_val_00020408_n03743016,uniform_ring1_mass,0.2244897959
e2r_vits_mixup_saga_s1,random200,n03763968/ILSVRC2012_val_00022356_n03763968,attn_entropy_bits,4.62036726
e2r_vits_mixup_saga_s1,random200,n03763968/ILSVRC2012_val_00022356_n03763968,ring1_mass,0.3735554796
e2r_vits_mixup_saga_s1,random200,n03763968/ILSVRC2012_val_00022356_n03763968,uniform_ring1_mass,0.2244897959
e2r_vits_mixup_saga_s1,random200,n03770439/ILSVRC2012_val_00041915_n03770439,attn_entropy_bits,6.119345712
e2r_vits_mixup_saga_s1,random200,n03770439/ILSVRC2012_val_00041915_n03770439,ring1_mass,0.3192897568
e2r_vits_mixup_saga_s1,random200,n03770439/ILSVRC2012_val_00041915_n03770439,uniform_ring1_mass,0.2244897959
e2r_vits_mixup_saga_s1,random200,n03777568/ILSVRC2012_val_00029873_n03777568,attn_entropy_bits,4.569485192
e2r_vits_mixup_saga_s1,random200,n03777568/ILSVRC2012_val_00029873_n03777568,ring1_mass,0.2694280001
e2r_vits_mixup_saga_s1,random200,n03777568/ILSVRC2012_val_00029873_n03777568,uniform_ring1_mass,0.2244897959
e2r_vits_mixup_saga_s1,random200,n03785016/ILSVRC2012_val_00024487_n03785016,attn_entropy_bits,5.522661732
e2r_vits_mixup_saga_s1,random200,n03785016/ILSVRC2012_val_00024487_n03785016,ring1_mass,0.419125755
e2r_vits_mixup_saga_s1,random200,n03785016/ILSVRC2012_val_00024487_n03785016,uniform_ring1_mass,0.2244897959
e2r_vits_mixup_saga_s1,random200,n03791053/ILSVRC2012_val_00037320_n03791053,attn_entropy_bits,4.773612556
e2r_vits_mixup_saga_s1,random200,n03791053/ILSVRC2012_val_00037320_n03791053,ring1_mass,0.2973386121
e2r_vits_mixup_saga_s1,random200,n03791053/ILSVRC2012_val_00037320_n03791053,uniform_ring1_mass,0.2244897959
e2r_vits_mixup_saga_s1,random200,n03840681/ILSVRC2012_val_00007739_n03840681,attn_entropy_bits,5.041976467
e2r_vits_mixup_saga_s1,random200,n03840681/ILSVRC2012_val_00007739_n03840681,ring1_mass,0.3385363491
e2r_vits_mixup_saga_s1,random200,n03840681/ILSVRC2012_val_00007739_n03840681,uniform_ring1_mass,0.2244897959
e2r_vits_mixup_saga_s1,random200,n03857828/ILSVRC2012_val_00015087_n03857828,attn_entropy_bits,4.949935274
e2r_vits_mixup_saga_s1,random200,n03857828/ILSVRC2012_val_00015087_n03857828,ring1_mass,0.03967308836
e2r_vits_mixup_saga_s1,random200,n03857828/ILSVRC2012_val_00015087_n03857828,uniform_ring1_mass,0.2244897959
e2r_vits_mixup_saga_s1,random200,n03868242/ILSVRC2012_val_00006162_n03868242,attn_entropy_bits,5.702386993
e2r_vits_mixup_saga_s1,random200,n03868242/ILSVRC2012_val_00006162_n03868242,ring1_mass,0.2700646948
e2r_vits_mixup_saga_s1,random200,n03868242/ILSVRC2012_val_00006162_n03868242,uniform_ring1_mass,0.2244897959
e2r_vits_mixup_saga_s1,random200,n03888605/ILSVRC2012_val_00031613_n03888605,attn_entropy_bits,5.346974298
e2r_vits_mixup_saga_s1,random200,n03888605/ILSVRC2012_val_00031613_n03888605,ring1_mass,0.03448609937
e2r_vits_mixup_saga_s1,random200,n03888605/ILSVRC2012_val_00031613_n03888605,uniform_ring1_mass,0.2244897959
e2r_vits_mixup_saga_s1,random200,n03902125/ILSVRC2012_val_00035336_n03902125,attn_entropy_bits,5.00648193
e2r_vits_mixup_saga_s1,random200,n03902125/ILSVRC2012_val_00035336_n03902125,ring1_mass,0.2308516479
e2r_vits_mixup_saga_s1,random200,n03902125/ILSVRC2012_val_00035336_n03902125,uniform_ring1_mass,0.2244897959
e2r_vits_mixup_saga_s1,random200,n03929660/ILSVRC2012_val_00036513_n03929660,attn_entropy_bits,6.619392507
e2r_vits_mixup_saga_s1,random200,n03929660/ILSVRC2012_val_00036513_n03929660,ring1_mass,0.2928761269
e2r_vits_mixup_saga_s1,random200,n03929660/ILSVRC2012_val_00036513_n03929660,uniform_ring1_mass,0.2244897959
e2r_vits_mixup_saga_s1,random200,n03933933/ILSVRC2012_val_00000702_n03933933,attn_entropy_bits,6.196310801
e2r_vits_mixup_saga_s1,random200,n03933933/ILSVRC2012_val_00000702_n03933933,ring1_mass,0.3604483778
e2r_vits_mixup_saga_s1,random200,n03933933/ILSVRC2012_val_00000702_n03933933,uniform_ring1_mass,0.2244897959
e2r_vits_mixup_saga_s1,random200,n03956157/ILSVRC2012_val_00032007_n03956157,attn_entropy_bits,4.558104113
e2r_vits_mixup_saga_s1,random200,n03956157/ILSVRC2012_val_00032007_n03956157,ring1_mass,0.5875888988
e2r_vits_mixup_saga_s1,random200,n03956157/ILSVRC2012_val_00032007_n03956157,uniform_ring1_mass,0.2244897959
e2r_vits_mixup_saga_s1,random200,n03961711/ILSVRC2012_val_00037251_n03961711,attn_entropy_bits,5.598189393
e2r_vits_mixup_saga_s1,random200,n03961711/ILSVRC2012_val_00037251_n03961711,ring1_mass,0.2415184114
e2r_vits_mixup_saga_s1,random200,n03961711/ILSVRC2012_val_00037251_n03961711,uniform_ring1_mass,0.2244897959
e2r_vits_mixup_saga_s1,random200,n03977966/ILSVRC2012_val_00027383_n03977966,attn_entropy_bits,5.860720817
e2r_vits_mixup_saga_s1,random200,n03977966/ILSVRC2012_val_00027383_n03977966,ring1_mass,0.3314086414
e2r_vits_mixup_saga_s1,random200,n03977966/ILSVRC2012_val_00027383_n03977966,uniform_ring1_mass,0.2244897959
e2r_vits_mixup_saga_s1,random200,n03982430/ILSVRC2012_val_00006974_n03982430,attn_entropy_bits,4.938164596
e2r_vits_mixup_saga_s1,random200,n03982430/ILSVRC2012_val_00006974_n03982430,ring1_mass,0.5394448523
e2r_vits_mixup_saga_s1,random200,n03982430/ILSVRC2012_val_00006974_n03982430,uniform_ring1_mass,0.2244897959
e2r_vits_mixup_saga_s1,random200,n03995372/ILSVRC2012_val_00048981_n03995372,attn_entropy_bits,6.088662335
e2r_vits_mixup_saga_s1,random200,n03995372/ILSVRC2012_val_00048981_n03995372,ring1_mass,0.3003208238
e2r_vits_mixup_saga_s1,random200,n03995372/ILSVRC2012_val_00048981_n03995372,uniform_ring1_mass,0.2244897959
e2r_vits_mixup_saga_s1,random200,n04005630/ILSVRC2012_val_00018325_n04005630,attn_entropy_bits,6.186072826
e2r_vits_mixup_saga_s1,random200,n04005630/ILSVRC2012_val_00018325_n04005630,ring1_mass,0.1935580758
e2r_vits_mixup_saga_s1,random200,n04005630/ILSVRC2012_val_00018325_n04005630,uniform_ring1_mass,0.2244897959
e2r_vits_mixup_saga_s1,random200,n04009552/ILSVRC2012_val_00033020_n04009552,attn_entropy_bits,6.285399883
e2r_vits_mixup_saga_s1,random200,n04009552/ILSVRC2012_val_00033020_n04009552,ring1_mass,0.1067804233
e2r_vits_mixup_saga_s1,random200,n04009552/ILSVRC2012_val_00033020_n04009552,uniform_ring1_mass,0.2244897959
e2r_vits_mixup_saga_s1,random200,n04023962/ILSVRC2012_val_00005537_n04023962,attn_entropy_bits,5.371905754
e2r_vits_mixup_saga_s1,random200,n04023962/ILSVRC2012_val_00005537_n04023962,ring1_mass,0.4507922029
e2r_vits_mixup_saga_s1,random200,n04023962/ILSVRC2012_val_00005537_n04023962,uniform_ring1_mass,0.2244897959
e2r_vits_mixup_saga_s1,random200,n04049303/ILSVRC2012_val_00046223_n04049303,attn_entropy_bits,4.514726485
e2r_vits_mixup_saga_s1,random200,n04049303/ILSVRC2012_val_00046223_n04049303,ring1_mass,0.2691610211
e2r_vits_mixup_saga_s1,random200,n04049303/ILSVRC2012_val_00046223_n04049303,uniform_ring1_mass,0.2244897959
e2r_vits_mixup_saga_s1,random200,n04067472/ILSVRC2012_val_00047971_n04067472,attn_entropy_bits,5.41209011
e2r_vits_mixup_saga_s1,random200,n04067472/ILSVRC2012_val_00047971_n04067472,ring1_mass,0.4608181323
e2r_vits_mixup_saga_s1,random200,n04067472/ILSVRC2012_val_00047971_n04067472,uniform_ring1_mass,0.2244897959
e2r_vits_mixup_saga_s1,random200,n04074963/ILSVRC2012_val_00028651_n04074963,attn_entropy_bits,5.013711434
e2r_vits_mixup_saga_s1,random200,n04074963/ILSVRC2012_val_00028651_n04074963,ring1_mass,0.1894725319
e2r_vits_mixup_saga_s1,random200,n04074963/ILSVRC2012_val_00028651_n04074963,uniform_ring1_mass,0.2244897959
e2r_vits_mixup_saga_s1,random200,n04081281/ILSVRC2012_val_00027988_n04081281,attn_entropy_bits,6.035375815
e2r_vits_mixup_saga_s1,random200,n04081281/ILSVRC2012_val_00027988_n04081281,ring1_mass,0.327659309
e2r_vits_mixup_saga_s1,random200,n04081281/ILSVRC2012_val_00027988_n04081281,uniform_ring1_mass,0.2244897959
e2r_vits_mixup_saga_s1,random200,n04086273/ILSVRC2012_val_00011273_n04086273,attn_entropy_bits,5.653909459
e2r_vits_mixup_saga_s1,random200,n04086273/ILSVRC2012_val_00011273_n04086273,ring1_mass,0.4153608155
e2r_vits_mixup_saga_s1,random200,n04086273/ILSVRC2012_val_00011273_n04086273,uniform_ring1_mass,0.2244897959
e2r_vits_mixup_saga_s1,random200,n04099969/ILSVRC2012_val_00017447_n04099969,attn_entropy_bits,5.703324941
e2r_vits_mixup_saga_s1,random200,n04099969/ILSVRC2012_val_00017447_n04099969,ring1_mass,0.3773511838
e2r_vits_mixup_saga_s1,random200,n04099969/ILSVRC2012_val_00017447_n04099969,uniform_ring1_mass,0.2244897959
e2r_vits_mixup_saga_s1,random200,n04127249/ILSVRC2012_val_00029521_n04127249,attn_entropy_bits,5.675900188
e2r_vits_mixup_saga_s1,random200,n04127249/ILSVRC2012_val_00029521_n04127249,ring1_mass,0.3827992135
e2r_vits_mixup_saga_s1,random200,n04127249/ILSVRC2012_val_00029521_n04127249,uniform_ring1_mass,0.2244897959
e2r_vits_mixup_saga_s1,random200,n04152593/ILSVRC2012_val_00043526_n04152593,attn_entropy_bits,6.11184906
e2r_vits_mixup_saga_s1,random200,n04152593/ILSVRC2012_val_00043526_n04152593,ring1_mass,0.2337120506
e2r_vits_mixup_saga_s1,random200,n04152593/ILSVRC2012_val_00043526_n04152593,uniform_ring1_mass,0.2244897959
e2r_vits_mixup_saga_s1,random200,n04204347/ILSVRC2012_val_00049135_n04204347,attn_entropy_bits,5.542421772
e2r_vits_mixup_saga_s1,random200,n04204347/ILSVRC2012_val_00049135_n04204347,ring1_mass,0.1792573697
e2r_vits_mixup_saga_s1,random200,n04204347/ILSVRC2012_val_00049135_n04204347,uniform_ring1_mass,0.2244897959
e2r_vits_mixup_saga_s1,random200,n04238763/ILSVRC2012_val_00000266_n04238763,attn_entropy_bits,5.43546652
e2r_vits_mixup_saga_s1,random200,n04238763/ILSVRC2012_val_00000266_n04238763,ring1_mass,0.4309659654
e2r_vits_mixup_saga_s1,random200,n04238763/ILSVRC2012_val_00000266_n04238763,uniform_ring1_mass,0.2244897959
e2r_vits_mixup_saga_s1,random200,n04251144/ILSVRC2012_val_00003710_n04251144,attn_entropy_bits,5.350009479
e2r_vits_mixup_saga_s1,random200,n04251144/ILSVRC2012_val_00003710_n04251144,ring1_mass,0.3081356132
e2r_vits_mixup_saga_s1,random200,n04251144/ILSVRC2012_val_00003710_n04251144,uniform_ring1_mass,0.2244897959
e2r_vits_mixup_saga_s1,random200,n04252225/ILSVRC2012_val_00002510_n04252225,attn_entropy_bits,6.256134741
e2r_vits_mixup_saga_s1,random200,n04252225/ILSVRC2012_val_00002510_n04252225,ring1_mass,0.3100382881
e2r_vits_mixup_saga_s1,random200,n04252225/ILSVRC2012_val_00002510_n04252225,uniform_ring1_mass,0.2244897959
e2r_vits_mixup_saga_s1,random200,n04258138/ILSVRC2012_val_00016247_n04258138,attn_entropy_bits,4.411569302
e2r_vits_mixup_saga_s1,random200,n04258138/ILSVRC2012_val_00016247_n04258138,ring1_mass,0.2410344814
e2r_vits_mixup_saga_s1,random200,n04258138/ILSVRC2012_val_00016247_n04258138,uniform_ring1_mass,0.2244897959
e2r_vits_mixup_saga_s1,random200,n04265275/ILSVRC2012_val_00015782_n04265275,attn_entropy_bits,5.635406983
e2r_vits_mixup_saga_s1,random200,n04265275/ILSVRC2012_val_00015782_n04265275,ring1_mass,0.3669544826
e2r_vits_mixup_saga_s1,random200,n04265275/ILSVRC2012_val_00015782_n04265275,uniform_ring1_mass,0.2244897959
e2r_vits_mixup_saga_s1,random200,n04330267/ILSVRC2012_val_00001312_n04330267,attn_entropy_bits,6.086986646
e2r_vits_mixup_saga_s1,random200,n04330267/ILSVRC2012_val_00001312_n04330267,ring1_mass,0.3499649144
e2r_vits_mixup_saga_s1,random200,n04330267/ILSVRC2012_val_00001312_n04330267,uniform_ring1_mass,0.2244897959
e2r_vits_mixup_saga_s1,random200,n04344873/ILSVRC2012_val_00041398_n04344873,attn_entropy_bits,6.170619234
e2r_vits_mixup_saga_s1,random200,n04344873/ILSVRC2012_val_00041398_n04344873,ring1_mass,0.4220235348
e2r_vits_mixup_saga_s1,random200,n04344873/ILSVRC2012_val_00041398_n04344873,uniform_ring1_mass,0.2244897959
e2r_vits_mixup_saga_s1,random200,n04356056/ILSVRC2012_val_00016088_n04356056,attn_entropy_bits,5.74628039
e2r_vits_mixup_saga_s1,random200,n04356056/ILSVRC2012_val_00016088_n04356056,ring1_mass,0.1287316926
e2r_vits_mixup_saga_s1,random200,n04356056/ILSVRC2012_val_00016088_n04356056,uniform_ring1_mass,0.2244897959
e2r_vits_mixup_saga_s1,random200,n04357314/ILSVRC2012_val_00023241_n04357314,attn_entropy_bits,5.704905862
e2r_vits_mixup_saga_s1,random200,n04357314/ILSVRC2012_val_00023241_n04357314,ring1_mass,0.3276297296
e2r_vits_mixup_saga_s1,random200,n04357314/ILSVRC2012_val_00023241_n04357314,uniform_ring1_mass,0.2244897959
e2r_vits_mixup_saga_s1,random200,n04367480/ILSVRC2012_val_00002251_n04367480,attn_entropy_bits,6.291821053
e2r_vits_mixup_saga_s1,random200,n04367480/ILSVRC2012_val_00002251_n04367480,ring1_mass,0.2194195306
e2r_vits_mixup_saga_s1,random200,n04367480/ILSVRC2012_val_00002251_n04367480,uniform_ring1_mass,0.2244897959
e2r_vits_mixup_saga_s1,random200,n04370456/ILSVRC2012_val_00039686_n04370456,attn_entropy_bits,6.450109169
e2r_vits_mixup_saga_s1,random200,n04370456/ILSVRC2012_val_00039686_n04370456,ring1_mass,0.1771046579
e2r_vits_mixup_saga_s1,random200,n04370456/ILSVRC2012_val_00039686_n04370456,uniform_ring1_mass,0.2244897959
e2r_vits_mixup_saga_s1,random200,n04423845/ILSVRC2012_val_00036633_n04423845,attn_entropy_bits,5.501802054
e2r_vits_mixup_saga_s1,random200,n04423845/ILSVRC2012_val_00036633_n04423845,ring1_mass,0.5490487628
e2r_vits_mixup_saga_s1,random200,n04423845/ILSVRC2012_val_00036633_n04423845,uniform_ring1_mass,0.2244897959
e2r_vits_mixup_saga_s1,random200,n04447861/ILSVRC2012_val_00036382_n04447861,attn_entropy_bits,6.131064103
e2r_vits_mixup_saga_s1,random200,n04447861/ILSVRC2012_val_00036382_n04447861,ring1_mass,0.3261175011
e2r_vits_mixup_saga_s1,random200,n04447861/ILSVRC2012_val_00036382_n04447861,uniform_ring1_mass,0.2244897959
e2r_vits_mixup_saga_s1,random200,n04456115/ILSVRC2012_val_00048645_n04456115,attn_entropy_bits,6.139687884
e2r_vits_mixup_saga_s1,random200,n04456115/ILSVRC2012_val_00048645_n04456115,ring1_mass,0.2621738132
e2r_vits_mixup_saga_s1,random200,n04456115/ILSVRC2012_val_00048645_n04456115,uniform_ring1_mass,0.2244897959
e2r_vits_mixup_saga_s1,random200,n04458633/ILSVRC2012_val_00048297_n04458633,attn_entropy_bits,5.026422748
e2r_vits_mixup_saga_s1,random200,n04458633/ILSVRC2012_val_00048297_n04458633,ring1_mass,0.2643645869
e2r_vits_mixup_saga_s1,random200,n04458633/ILSVRC2012_val_00048297_n04458633,uniform_ring1_mass,0.2244897959
e2r_vits_mixup_saga_s1,random200,n04542943/ILSVRC2012_val_00015462_n04542943,attn_entropy_bits,5.021402248
e2r_vits_mixup_saga_s1,random200,n04542943/ILSVRC2012_val_00015462_n04542943,ring1_mass,0.1750348487
e2r_vits_mixup_saga_s1,random200,n04542943/ILSVRC2012_val_00015462_n04542943,uniform_ring1_mass,0.2244897959
e2r_vits_mixup_saga_s1,random200,n04548280/ILSVRC2012_val_00033732_n04548280,attn_entropy_bits,6.089016797
e2r_vits_mixup_saga_s1,random200,n04548280/ILSVRC2012_val_00033732_n04548280,ring1_mass,0.3293216218
e2r_vits_mixup_saga_s1,random200,n04548280/ILSVRC2012_val_00033732_n04548280,uniform_ring1_mass,0.2244897959
e2r_vits_mixup_saga_s1,random200,n04548362/ILSVRC2012_val_00003108_n04548362,attn_entropy_bits,5.868345873
e2r_vits_mixup_saga_s1,random200,n04548362/ILSVRC2012_val_00003108_n04548362,ring1_mass,0.2797313893
e2r_vits_mixup_saga_s1,random200,n04548362/ILSVRC2012_val_00003108_n04548362,uniform_ring1_mass,0.2244897959
e2r_vits_mixup_saga_s1,random200,n04562935/ILSVRC2012_val_00032306_n04562935,attn_entropy_bits,6.048631635
e2r_vits_mixup_saga_s1,random200,n04562935/ILSVRC2012_val_00032306_n04562935,ring1_mass,0.3867681183
e2r_vits_mixup_saga_s1,random200,n04562935/ILSVRC2012_val_00032306_n04562935,uniform_ring1_mass,0.2244897959
e2r_vits_mixup_saga_s1,random200,n04597913/ILSVRC2012_val_00014544_n04597913,attn_entropy_bits,4.829064592
e2r_vits_mixup_saga_s1,random200,n04597913/ILSVRC2012_val_00014544_n04597913,ring1_mass,0.2285563737
e2r_vits_mixup_saga_s1,random200,n04597913/ILSVRC2012_val_00014544_n04597913,uniform_ring1_mass,0.2244897959
e2r_vits_mixup_saga_s1,random200,n06596364/ILSVRC2012_val_00034905_n06596364,attn_entropy_bits,6.384495217
e2r_vits_mixup_saga_s1,random200,n06596364/ILSVRC2012_val_00034905_n06596364,ring1_mass,0.2205425935
e2r_vits_mixup_saga_s1,random200,n06596364/ILSVRC2012_val_00034905_n06596364,uniform_ring1_mass,0.2244897959
e2r_vits_mixup_saga_s1,random200,n07565083/ILSVRC2012_val_00010527_n07565083,attn_entropy_bits,6.137956789
e2r_vits_mixup_saga_s1,random200,n07565083/ILSVRC2012_val_00010527_n07565083,ring1_mass,0.3851297253
e2r_vits_mixup_saga_s1,random200,n07565083/ILSVRC2012_val_00010527_n07565083,uniform_ring1_mass,0.2244897959
e2r_vits_mixup_saga_s1,random200,n07613480/ILSVRC2012_val_00019604_n07613480,attn_entropy_bits,4.299559046
e2r_vits_mixup_saga_s1,random200,n07613480/ILSVRC2012_val_00019604_n07613480,ring1_mass,0.2434206623
e2r_vits_mixup_saga_s1,random200,n07613480/ILSVRC2012_val_00019604_n07613480,uniform_ring1_mass,0.2244897959
e2r_vits_mixup_saga_s1,random200,n07614500/ILSVRC2012_val_00014137_n07614500,attn_entropy_bits,6.111631683
e2r_vits_mixup_saga_s1,random200,n07614500/ILSVRC2012_val_00014137_n07614500,ring1_mass,0.2815510191
e2r_vits_mixup_saga_s1,random200,n07614500/ILSVRC2012_val_00014137_n07614500,uniform_ring1_mass,0.2244897959
e2r_vits_mixup_saga_s1,random200,n07711569/ILSVRC2012_val_00013084_n07711569,attn_entropy_bits,4.212920976
e2r_vits_mixup_saga_s1,random200,n07711569/ILSVRC2012_val_00013084_n07711569,ring1_mass,0.3155565582
e2r_vits_mixup_saga_s1,random200,n07711569/ILSVRC2012_val_00013084_n07711569,uniform_ring1_mass,0.2244897959
e2r_vits_mixup_saga_s1,random200,n07714990/ILSVRC2012_val_00023008_n07714990,attn_entropy_bits,4.865845981
e2r_vits_mixup_saga_s1,random200,n07714990/ILSVRC2012_val_00023008_n07714990,ring1_mass,0.4841769982
e2r_vits_mixup_saga_s1,random200,n07714990/ILSVRC2012_val_00023008_n07714990,uniform_ring1_mass,0.2244897959
e2r_vits_mixup_saga_s1,random200,n07745940/ILSVRC2012_val_00033919_n07745940,attn_entropy_bits,5.723618857
e2r_vits_mixup_saga_s1,random200,n07745940/ILSVRC2012_val_00033919_n07745940,ring1_mass,0.5106444906
e2r_vits_mixup_saga_s1,random200,n07745940/ILSVRC2012_val_00033919_n07745940,uniform_ring1_mass,0.2244897959
e2r_vits_mixup_saga_s1,random200,n07802026/ILSVRC2012_val_00005499_n07802026,attn_entropy_bits,4.898514645
e2r_vits_mixup_saga_s1,random200,n07802026/ILSVRC2012_val_00005499_n07802026,ring1_mass,0.3277557921
e2r_vits_mixup_saga_s1,random200,n07802026/ILSVRC2012_val_00005499_n07802026,uniform_ring1_mass,0.2244897959
e2r_vits_mixup_saga_s1,random200,n09229709/ILSVRC2012_val_00010094_n09229709,attn_entropy_bits,5.428408429
e2r_vits_mixup_saga_s1,random200,n09229709/ILSVRC2012_val_00010094_n09229709,ring1_mass,0.4559763899
e2r_vits_mixup_saga_s1,random200,n09229709/ILSVRC2012_val_00010094_n09229709,uniform_ring1_mass,0.2244897959
e2r_vits_mixup_saga_s1,random200,n09246464/ILSVRC2012_val_00001444_n09246464,attn_entropy_bits,6.137534009
e2r_vits_mixup_saga_s1,random200,n09246464/ILSVRC2012_val_00001444_n09246464,ring1_mass,0.3303539392
e2r_vits_mixup_saga_s1,random200,n09246464/ILSVRC2012_val_00001444_n09246464,uniform_ring1_mass,0.2244897959
e2r_vits_mixup_saga_s1,random200,n09428293/ILSVRC2012_val_00028242_n09428293,attn_entropy_bits,6.802337947
e2r_vits_mixup_saga_s1,random200,n09428293/ILSVRC2012_val_00028242_n09428293,ring1_mass,0.312975659
e2r_vits_mixup_saga_s1,random200,n09428293/ILSVRC2012_val_00028242_n09428293,uniform_ring1_mass,0.2244897959
e2r_vits_mixup_saga_s1,random200,n12620546/ILSVRC2012_val_00023930_n12620546,attn_entropy_bits,4.512187113
e2r_vits_mixup_saga_s1,random200,n12620546/ILSVRC2012_val_00023930_n12620546,ring1_mass,0.3097136592
e2r_vits_mixup_saga_s1,random200,n12620546/ILSVRC2012_val_00023930_n12620546,uniform_ring1_mass,0.2244897959
e2r_vits_mixup_saga_s1,random200,n13044778/ILSVRC2012_val_00019186_n13044778,attn_entropy_bits,4.28893221
e2r_vits_mixup_saga_s1,random200,n13044778/ILSVRC2012_val_00019186_n13044778,ring1_mass,0.3769329756
e2r_vits_mixup_saga_s1,random200,n13044778/ILSVRC2012_val_00019186_n13044778,uniform_ring1_mass,0.2244897959
legacy_vits_registers,boxes20,000000003553,box_area_frac,0.6212631537
legacy_vits_registers,boxes20,000000003553,inbox_mass,0.7512221731
legacy_vits_registers,boxes20,000000003553,pointing_hit,1
legacy_vits_registers,boxes20,000000007108,box_area_frac,0.9992401746
legacy_vits_registers,boxes20,000000007108,inbox_mass,0.999917663
legacy_vits_registers,boxes20,000000007108,pointing_hit,1
legacy_vits_registers,boxes20,000000047121,box_area_frac,0.8424147003
legacy_vits_registers,boxes20,000000047121,inbox_mass,0.9548609511
legacy_vits_registers,boxes20,000000047121,pointing_hit,1
legacy_vits_registers,boxes20,000000106563,box_area_frac,0.0280213648
legacy_vits_registers,boxes20,000000106563,inbox_mass,0.0573694433
legacy_vits_registers,boxes20,000000106563,pointing_hit,0
legacy_vits_registers,boxes20,000000118405,box_area_frac,0.002400300941
legacy_vits_registers,boxes20,000000118405,inbox_mass,0.004526375631
legacy_vits_registers,boxes20,000000118405,pointing_hit,0
legacy_vits_registers,boxes20,000000144932,box_area_frac,0.009634835379
legacy_vits_registers,boxes20,000000144932,inbox_mass,0.1477217249
legacy_vits_registers,boxes20,000000144932,pointing_hit,1
legacy_vits_registers,boxes20,000000210855,box_area_frac,0.0969786352
legacy_vits_registers,boxes20,000000210855,inbox_mass,0.1297351511
legacy_vits_registers,boxes20,000000210855,pointing_hit,0
legacy_vits_registers,boxes20,000000235857,box_area_frac,0.6055646624
legacy_vits_registers,boxes20,000000235857,inbox_mass,0.8027878552
legacy_vits_registers,boxes20,000000235857,pointing_hit,1
legacy_vits_registers,boxes20,000000281687,box_area_frac,0.5047395667
legacy_vits_registers,boxes20,000000281687,inbox_mass,0.6622674016
legacy_vits_registers,boxes20,000000281687,pointing_hit,1
legacy_vits_registers,boxes20,000000307172,box_area_frac,0.9637451172
legacy_vits_registers,boxes20,000000307172,inbox_mass,0.9820819866
legacy_vits_registers,boxes20,000000307172,pointing_hit,1
legacy_vits_registers,boxes20,000000359833,box_area_frac,0.7600807657
legacy_vits_registers,boxes20,000000359833,inbox_mass,0.7528834772
legacy_vits_registers,boxes20,000000359833,pointing_hit,1
legacy_vits_registers,boxes20,000000369675,box_area_frac,0.8303571429
legacy_vits_registers,boxes20,000000369675,inbox_mass,0.9566599938
legacy_vits_registers,boxes20,000000369675,pointing_hit,1
legacy_vits_registers,boxes20,000000419312,box_area_frac,1
legacy_vits_registers,boxes20,000000419312,inbox_mass,1
legacy_vits_registers,boxes20,000000419312,pointing_hit,1
legacy_vits_registers,boxes20,000000466567,box_area_frac,0.3389606087
legacy_vits_registers,boxes20,000000466567,inbox_mass,0.6082554303
legacy_vits_registers,boxes20,000000466567,pointing_hit,0
legacy_vits_registers,boxes20,000000496597,box_area_frac,0.007969447545
legacy_vits_registers,boxes20,000000496597,inbox_mass,0.1199966339
legacy_vits_registers,boxes20,000000496597,pointing_hit,0
legacy_vits_registers,boxes20,000000509656,box_area_frac,0.5623206314
legacy_vits_registers,boxes20,000000509656,inbox_mass,0.5553694623
legacy_vits_registers,boxes20,000000509656,pointing_hit,0
legacy_vits_registers,boxes20,000000533855,box_area_frac,0.2388044085
legacy_vits_registers,boxes20,000000533855,inbox_mass,0.4219514811
legacy_vits_registers,boxes20,000000533855,pointing_hit,0
legacy_vits_registers,boxes20,000000535858,box_area_frac,0.04809445751
legacy_vits_registers,boxes20,000000535858,inbox_mass,0.4374322949
legacy_vits_registers,boxes20,000000535858,pointing_hit,1
legacy_vits_registers,boxes20,000000545594,box_area_frac,0.647271604
legacy_vits_registers,boxes20,000000545594,inbox_mass,0.632954265
legacy_vits_registers,boxes20,000000545594,pointing_hit,0
legacy_vits_registers,boxes20,000000552883,box_area_frac,0.008250956633
legacy_vits_registers,boxes20,000000552883,inbox_mass,0.01180408969
legacy_vits_registers,boxes20,000000552883,pointing_hit,0
legacy_vits_registers,random200,n01440764/ILSVRC2012_val_00039905_n01440764,attn_entropy_bits,5.83962824
legacy_vits_registers,random200,n01440764/ILSVRC2012_val_00039905_n01440764,ring1_mass,0.2593355516
legacy_vits_registers,random200,n01440764/ILSVRC2012_val_00039905_n01440764,uniform_ring1_mass,0.2244897959
legacy_vits_registers,random200,n01443537/ILSVRC2012_val_00012880_n01443537,attn_entropy_bits,6.788552846
legacy_vits_registers,random200,n01443537/ILSVRC2012_val_00012880_n01443537,ring1_mass,0.2087378957
legacy_vits_registers,random200,n01443537/ILSVRC2012_val_00012880_n01443537,uniform_ring1_mass,0.2244897959
legacy_vits_registers,random200,n01484850/ILSVRC2012_val_00016168_n01484850,attn_entropy_bits,5.832513321
legacy_vits_registers,random200,n01484850/ILSVRC2012_val_00016168_n01484850,ring1_mass,0.4013154505
legacy_vits_registers,random200,n01484850/ILSVRC2012_val_00016168_n01484850,uniform_ring1_mass,0.2244897959
legacy_vits_registers,random200,n01496331/ILSVRC2012_val_00005432_n01496331,attn_entropy_bits,5.165839453
legacy_vits_registers,random200,n01496331/ILSVRC2012_val_00005432_n01496331,ring1_mass,0.2453021724
legacy_vits_registers,random200,n01496331/ILSVRC2012_val_00005432_n01496331,uniform_ring1_mass,0.2244897959
legacy_vits_registers,random200,n01514859/ILSVRC2012_val_00042568_n01514859,attn_entropy_bits,6.727156649
legacy_vits_registers,random200,n01514859/ILSVRC2012_val_00042568_n01514859,ring1_mass,0.1838231942
legacy_vits_registers,random200,n01514859/ILSVRC2012_val_00042568_n01514859,uniform_ring1_mass,0.2244897959
legacy_vits_registers,random200,n01530575/ILSVRC2012_val_00004006_n01530575,attn_entropy_bits,6.13888392
legacy_vits_registers,random200,n01530575/ILSVRC2012_val_00004006_n01530575,ring1_mass,0.1835878174
legacy_vits_registers,random200,n01530575/ILSVRC2012_val_00004006_n01530575,uniform_ring1_mass,0.2244897959
legacy_vits_registers,random200,n01616318/ILSVRC2012_val_00045589_n01616318,attn_entropy_bits,4.806412621
legacy_vits_registers,random200,n01616318/ILSVRC2012_val_00045589_n01616318,ring1_mass,0.188405835
legacy_vits_registers,random200,n01616318/ILSVRC2012_val_00045589_n01616318,uniform_ring1_mass,0.2244897959
legacy_vits_registers,random200,n01622779/ILSVRC2012_val_00032875_n01622779,attn_entropy_bits,4.695737092
legacy_vits_registers,random200,n01622779/ILSVRC2012_val_00032875_n01622779,ring1_mass,0.3992007218
legacy_vits_registers,random200,n01622779/ILSVRC2012_val_00032875_n01622779,uniform_ring1_mass,0.2244897959
legacy_vits_registers,random200,n01629819/ILSVRC2012_val_00048463_n01629819,attn_entropy_bits,5.39902195
legacy_vits_registers,random200,n01629819/ILSVRC2012_val_00048463_n01629819,ring1_mass,0.1352239869
legacy_vits_registers,random200,n01629819/ILSVRC2012_val_00048463_n01629819,uniform_ring1_mass,0.2244897959
legacy_vits_registers,random200,n01641577/ILSVRC2012_val_00030342_n01641577,attn_entropy_bits,4.896043894
legacy_vits_registers,random200,n01641577/ILSVRC2012_val_00030342_n01641577,ring1_mass,0.07409279295
legacy_vits_registers,random200,n01641577/ILSVRC2012_val_00030342_n01641577,uniform_ring1_mass,0.2244897959
legacy_vits_registers,random200,n01665541/ILSVRC2012_val_00000938_n01665541,attn_entropy_bits,6.702983904
legacy_vits_registers,random200,n01665541/ILSVRC2012_val_00000938_n01665541,ring1_mass,0.2659314425
legacy_vits_registers,random200,n01665541/ILSVRC2012_val_00000938_n01665541,uniform_ring1_mass,0.2244897959
legacy_vits_registers,random200,n01667778/ILSVRC2012_val_00031774_n01667778,attn_entropy_bits,6.389661123
legacy_vits_registers,random200,n01667778/ILSVRC2012_val_00031774_n01667778,ring1_mass,0.1934696745
legacy_vits_registers,random200,n01667778/ILSVRC2012_val_00031774_n01667778,uniform_ring1_mass,0.2244897959
legacy_vits_registers,random200,n01675722/ILSVRC2012_val_00005647_n01675722,attn_entropy_bits,5.048492834
legacy_vits_registers,random200,n01675722/ILSVRC2012_val_00005647_n01675722,ring1_mass,0.1887825791
legacy_vits_registers,random200,n01675722/ILSVRC2012_val_00005647_n01675722,uniform_ring1_mass,0.2244897959
legacy_vits_registers,random200,n01687978/ILSVRC2012_val_00038998_n01687978,attn_entropy_bits,6.406683517
legacy_vits_registers,random200,n01687978/ILSVRC2012_val_00038998_n01687978,ring1_mass,0.2285967038
legacy_vits_registers,random200,n01687978/ILSVRC2012_val_00038998_n01687978,uniform_ring1_mass,0.2244897959
legacy_vits_registers,random200,n01773549/ILSVRC2012_val_00012895_n01773549,attn_entropy_bits,6.606761649
legacy_vits_registers,random200,n01773549/ILSVRC2012_val_00012895_n01773549,ring1_mass,0.1840871802
legacy_vits_registers,random200,n01773549/ILSVRC2012_val_00012895_n01773549,uniform_ring1_mass,0.2244897959
legacy_vits_registers,random200,n01774384/ILSVRC2012_val_00006437_n01774384,attn_entropy_bits,5.627259907
legacy_vits_registers,random200,n01774384/ILSVRC2012_val_00006437_n01774384,ring1_mass,0.1901436081
legacy_vits_registers,random200,n01774384/ILSVRC2012_val_00006437_n01774384,uniform_ring1_mass,0.2244897959
legacy_vits_registers,random200,n01784675/ILSVRC2012_val_00019211_n01784675,attn_entropy_bits,4.073069107
legacy_vits_registers,random200,n01784675/ILSVRC2012_val_00019211_n01784675,ring1_mass,0.3508374203
legacy_vits_registers,random200,n01784675/ILSVRC2012_val_00019211_n01784675,uniform_ring1_mass,0.2244897959
legacy_vits_registers,random200,n01806143/ILSVRC2012_val_00011943_n01806143,attn_entropy_bits,5.897649964
legacy_vits_registers,random200,n01806143/ILSVRC2012_val_00011943_n01806143,ring1_mass,0.1340530126
legacy_vits_registers,random200,n01806143/ILSVRC2012_val_00011943_n01806143,uniform_ring1_mass,0.2244897959
legacy_vits_registers,random200,n01807496/ILSVRC2012_val_00009226_n01807496,attn_entropy_bits,5.972102323
legacy_vits_registers,random200,n01807496/ILSVRC2012_val_00009226_n01807496,ring1_mass,0.2235319187
legacy_vits_registers,random200,n01807496/ILSVRC2012_val_00009226_n01807496,uniform_ring1_mass,0.2244897959
legacy_vits_registers,random200,n01828970/ILSVRC2012_val_00035127_n01828970,attn_entropy_bits,5.024167151
legacy_vits_registers,random200,n01828970/ILSVRC2012_val_00035127_n01828970,ring1_mass,0.1125639927
legacy_vits_registers,random200,n01828970/ILSVRC2012_val_00035127_n01828970,uniform_ring1_mass,0.2244897959
legacy_vits_registers,random200,n01843065/ILSVRC2012_val_00044268_n01843065,attn_entropy_bits,5.29674021
legacy_vits_registers,random200,n01843065/ILSVRC2012_val_00044268_n01843065,ring1_mass,0.1959548164
legacy_vits_registers,random200,n01843065/ILSVRC2012_val_00044268_n01843065,uniform_ring1_mass,0.2244897959
legacy_vits_registers,random200,n01843383/ILSVRC2012_val_00049093_n01843383,attn_entropy_bits,5.604024961
legacy_vits_registers,random200,n01843383/ILSVRC2012_val_00049093_n01843383,ring1_mass,0.1328432286
legacy_vits_registers,random200,n01843383/ILSVRC2012_val_00049093_n01843383,uniform_ring1_mass,0.2244897959
legacy_vits_registers,random200,n01873310/ILSVRC2012_val_00022384_n01873310,attn_entropy_bits,5.002754829
legacy_vits_registers,random200,n01873310/ILSVRC2012_val_00022384_n01873310,ring1_mass,0.1413218533
legacy_vits_registers,random200,n01873310/ILSVRC2012_val_00022384_n01873310,uniform_ring1_mass,0.2244897959
legacy_vits_registers,random200,n01914609/ILSVRC2012_val_00037668_n01914609,attn_entropy_bits,6.086747867
legacy_vits_registers,random200,n01914609/ILSVRC2012_val_00037668_n01914609,ring1_mass,0.1059598451
legacy_vits_registers,random200,n01914609/ILSVRC2012_val_00037668_n01914609,uniform_ring1_mass,0.2244897959
legacy_vits_registers,random200,n01943899/ILSVRC2012_val_00038299_n01943899,attn_entropy_bits,6.744321625
legacy_vits_registers,random200,n01943899/ILSVRC2012_val_00038299_n01943899,ring1_mass,0.2490218911
legacy_vits_registers,random200,n01943899/ILSVRC2012_val_00038299_n01943899,uniform_ring1_mass,0.2244897959
legacy_vits_registers,random200,n01945685/ILSVRC2012_val_00047674_n01945685,attn_entropy_bits,4.991194687
legacy_vits_registers,random200,n01945685/ILSVRC2012_val_00047674_n01945685,ring1_mass,0.3508769875
legacy_vits_registers,random200,n01945685/ILSVRC2012_val_00047674_n01945685,uniform_ring1_mass,0.2244897959
legacy_vits_registers,random200,n01978455/ILSVRC2012_val_00047476_n01978455,attn_entropy_bits,6.228514812
legacy_vits_registers,random200,n01978455/ILSVRC2012_val_00047476_n01978455,ring1_mass,0.3303487619
legacy_vits_registers,random200,n01978455/ILSVRC2012_val_00047476_n01978455,uniform_ring1_mass,0.2244897959
legacy_vits_registers,random200,n01983481/ILSVRC2012_val_00039303_n01983481,attn_entropy_bits,6.202529068
legacy_vits_registers,random200,n01983481/ILSVRC2012_val_00039303_n01983481,ring1_mass,0.4598537361
legacy_vits_registers,random200,n01983481/ILSVRC2012_val_00039303_n01983481,uniform_ring1_mass,0.2244897959
legacy_vits_registers,random200,n01984695/ILSVRC2012_val_00008156_n01984695,attn_entropy_bits,5.676196852
legacy_vits_registers,random200,n01984695/ILSVRC2012_val_00008156_n01984695,ring1_mass,0.2650406976
legacy_vits_registers,random200,n01984695/ILSVRC2012_val_00008156_n01984695,uniform_ring1_mass,0.2244897959
legacy_vits_registers,random200,n02002556/ILSVRC2012_val_00026760_n02002556,attn_entropy_bits,5.89988332
legacy_vits_registers,random200,n02002556/ILSVRC2012_val_00026760_n02002556,ring1_mass,0.09718813484
legacy_vits_registers,random200,n02002556/ILSVRC2012_val_00026760_n02002556,uniform_ring1_mass,0.2244897959
legacy_vits_registers,random200,n02002724/ILSVRC2012_val_00017388_n02002724,attn_entropy_bits,5.78635294
legacy_vits_registers,random200,n02002724/ILSVRC2012_val_00017388_n02002724,ring1_mass,0.1877174554
legacy_vits_registers,random200,n02002724/ILSVRC2012_val_00017388_n02002724,uniform_ring1_mass,0.2244897959
legacy_vits_registers,random200,n02006656/ILSVRC2012_val_00022418_n02006656,attn_entropy_bits,4.888194459
legacy_vits_registers,random200,n02006656/ILSVRC2012_val_00022418_n02006656,ring1_mass,0.2393563497
legacy_vits_registers,random200,n02006656/ILSVRC2012_val_00022418_n02006656,uniform_ring1_mass,0.2244897959
legacy_vits_registers,random200,n02007558/ILSVRC2012_val_00037990_n02007558,attn_entropy_bits,5.858484904
legacy_vits_registers,random200,n02007558/ILSVRC2012_val_00037990_n02007558,ring1_mass,0.2401578109
legacy_vits_registers,random200,n02007558/ILSVRC2012_val_00037990_n02007558,uniform_ring1_mass,0.2244897959
legacy_vits_registers,random200,n02012849/ILSVRC2012_val_00036873_n02012849,attn_entropy_bits,5.896691542
legacy_vits_registers,random200,n02012849/ILSVRC2012_val_00036873_n02012849,ring1_mass,0.2661272073
legacy_vits_registers,random200,n02012849/ILSVRC2012_val_00036873_n02012849,uniform_ring1_mass,0.2244897959
legacy_vits_registers,random200,n02025239/ILSVRC2012_val_00043769_n02025239,attn_entropy_bits,6.878342697
legacy_vits_registers,random200,n02025239/ILSVRC2012_val_00043769_n02025239,ring1_mass,0.1576496342
legacy_vits_registers,random200,n02025239/ILSVRC2012_val_00043769_n02025239,uniform_ring1_mass,0.2244897959
legacy_vits_registers,random200,n02028035/ILSVRC2012_val_00047784_n02028035,attn_entropy_bits,5.568177357
legacy_vits_registers,random200,n02028035/ILSVRC2012_val_00047784_n02028035,ring1_mass,0.1734462028
legacy_vits_registers,random200,n02028035/ILSVRC2012_val_00047784_n02028035,uniform_ring1_mass,0.2244897959
legacy_vits_registers,random200,n02058221/ILSVRC2012_val_00026949_n02058221,attn_entropy_bits,4.577647192
legacy_vits_registers,random200,n02058221/ILSVRC2012_val_00026949_n02058221,ring1_mass,0.31719122
legacy_vits_registers,random200,n02058221/ILSVRC2012_val_00026949_n02058221,uniform_ring1_mass,0.2244897959
legacy_vits_registers,random200,n02085620/ILSVRC2012_val_00018882_n02085620,attn_entropy_bits,6.720506947
legacy_vits_registers,random200,n02085620/ILSVRC2012_val_00018882_n02085620,ring1_mass,0.1679025605
legacy_vits_registers,random200,n02085620/ILSVRC2012_val_00018882_n02085620,uniform_ring1_mass,0.2244897959
legacy_vits_registers,random200,n02088364/ILSVRC2012_val_00032527_n02088364,attn_entropy_bits,6.927210159
legacy_vits_registers,random200,n02088364/ILSVRC2012_val_00032527_n02088364,ring1_mass,0.1816215282
legacy_vits_registers,random200,n02088364/ILSVRC2012_val_00032527_n02088364,uniform_ring1_mass,0.2244897959
legacy_vits_registers,random200,n02088466/ILSVRC2012_val_00036523_n02088466,attn_entropy_bits,5.103539673
legacy_vits_registers,random200,n02088466/ILSVRC2012_val_00036523_n02088466,ring1_mass,0.1787890754
legacy_vits_registers,random200,n02088466/ILSVRC2012_val_00036523_n02088466,uniform_ring1_mass,0.2244897959
legacy_vits_registers,random200,n02089973/ILSVRC2012_val_00043580_n02089973,attn_entropy_bits,6.990048156
legacy_vits_registers,random200,n02089973/ILSVRC2012_val_00043580_n02089973,ring1_mass,0.2447503433
legacy_vits_registers,random200,n02089973/ILSVRC2012_val_00043580_n02089973,uniform_ring1_mass,0.2244897959
legacy_vits_registers,random200,n02090379/ILSVRC2012_val_00039022_n02090379,attn_entropy_bits,6.481530166
legacy_vits_registers,random200,n02090379/ILSVRC2012_val_00039022_n02090379,ring1_mass,0.2038753353
legacy_vits_registers,random200,n02090379/ILSVRC2012_val_00039022_n02090379,uniform_ring1_mass,0.2244897959
legacy_vits_registers,random200,n02090622/ILSVRC2012_val_00003164_n02090622,attn_entropy_bits,6.91734362
legacy_vits_registers,random200,n02090622/ILSVRC2012_val_00003164_n02090622,ring1_mass,0.1660001775
legacy_vits_registers,random200,n02090622/ILSVRC2012_val_00003164_n02090622,uniform_ring1_mass,0.2244897959
legacy_vits_registers,random200,n02091467/ILSVRC2012_val_00027213_n02091467,attn_entropy_bits,6.682516054
legacy_vits_registers,random200,n02091467/ILSVRC2012_val_00027213_n02091467,ring1_mass,0.1549760545
legacy_vits_registers,random200,n02091467/ILSVRC2012_val_00027213_n02091467,uniform_ring1_mass,0.2244897959
legacy_vits_registers,random200,n02093647/ILSVRC2012_val_00003269_n02093647,attn_entropy_bits,5.85210401
legacy_vits_registers,random200,n02093647/ILSVRC2012_val_00003269_n02093647,ring1_mass,0.2658742948
legacy_vits_registers,random200,n02093647/ILSVRC2012_val_00003269_n02093647,uniform_ring1_mass,0.2244897959
legacy_vits_registers,random200,n02094258/ILSVRC2012_val_00009009_n02094258,attn_entropy_bits,6.502432087
legacy_vits_registers,random200,n02094258/ILSVRC2012_val_00009009_n02094258,ring1_mass,0.1441796359
legacy_vits_registers,random200,n02094258/ILSVRC2012_val_00009009_n02094258,uniform_ring1_mass,0.2244897959
legacy_vits_registers,random200,n02096437/ILSVRC2012_val_00001028_n02096437,attn_entropy_bits,6.048440623
legacy_vits_registers,random200,n02096437/ILSVRC2012_val_00001028_n02096437,ring1_mass,0.2066262274
legacy_vits_registers,random200,n02096437/ILSVRC2012_val_00001028_n02096437,uniform_ring1_mass,0.2244897959
legacy_vits_registers,random200,n02099712/ILSVRC2012_val_00008346_n02099712,attn_entropy_bits,6.722871266
legacy_vits_registers,random200,n02099712/ILSVRC2012_val_00008346_n02099712,ring1_mass,0.124933058
legacy_vits_registers,random200,n02099712/ILSVRC2012_val_00008346_n02099712,uniform_ring1_mass,0.2244897959
legacy_vits_registers,random200,n02100583/ILSVRC2012_val_00040937_n02100583,attn_entropy_bits,6.58026129
legacy_vits_registers,random200,n02100583/ILSVRC2012_val_00040937_n02100583,ring1_mass,0.216069325
legacy_vits_registers,random200,n02100583/ILSVRC2012_val_00040937_n02100583,uniform_ring1_mass,0.2244897959
legacy_vits_registers,random200,n02100735/ILSVRC2012_val_00011024_n02100735,attn_entropy_bits,5.976586296
legacy_vits_registers,random200,n02100735/ILSVRC2012_val_00011024_n02100735,ring1_mass,0.2730550501
legacy_vits_registers,random200,n02100735/ILSVRC2012_val_00011024_n02100735,uniform_ring1_mass,0.2244897959
legacy_vits_registers,random200,n02105056/ILSVRC2012_val_00007903_n02105056,attn_entropy_bits,5.975157872
legacy_vits_registers,random200,n02105056/ILSVRC2012_val_00007903_n02105056,ring1_mass,0.2334827991
legacy_vits_registers,random200,n02105056/ILSVRC2012_val_00007903_n02105056,uniform_ring1_mass,0.2244897959
legacy_vits_registers,random200,n02106662/ILSVRC2012_val_00018107_n02106662,attn_entropy_bits,6.930918252
legacy_vits_registers,random200,n02106662/ILSVRC2012_val_00018107_n02106662,ring1_mass,0.2104063975
legacy_vits_registers,random200,n02106662/ILSVRC2012_val_00018107_n02106662,uniform_ring1_mass,0.2244897959
legacy_vits_registers,random200,n02107908/ILSVRC2012_val_00045618_n02107908,attn_entropy_bits,6.279983242
legacy_vits_registers,random200,n02107908/ILSVRC2012_val_00045618_n02107908,ring1_mass,0.2064549636
legacy_vits_registers,random200,n02107908/ILSVRC2012_val_00045618_n02107908,uniform_ring1_mass,0.2244897959
legacy_vits_registers,random200,n02111889/ILSVRC2012_val_00028695_n02111889,attn_entropy_bits,4.946632522
legacy_vits_registers,random200,n02111889/ILSVRC2012_val_00028695_n02111889,ring1_mass,0.08347055294
legacy_vits_registers,random200,n02111889/ILSVRC2012_val_00028695_n02111889,uniform_ring1_mass,0.2244897959
legacy_vits_registers,random200,n02112350/ILSVRC2012_val_00013160_n02112350,attn_entropy_bits,5.087383608
legacy_vits_registers,random200,n02112350/ILSVRC2012_val_00013160_n02112350,ring1_mass,0.246609075
legacy_vits_registers,random200,n02112350/ILSVRC2012_val_00013160_n02112350,uniform_ring1_mass,0.2244897959
legacy_vits_registers,random200,n02113799/ILSVRC2012_val_00000800_n02113799,attn_entropy_bits,6.675493044
legacy_vits_registers,random200,n02113799/ILSVRC2012_val_00000800_n02113799,ring1_mass,0.2251277184
legacy_vits_registers,random200,n02113799/ILSVRC2012_val_00000800_n02113799,uniform_ring1_mass,0.2244897959
legacy_vits_registers,random200,n02114367/ILSVRC2012_val_00017311_n02114367,attn_entropy_bits,5.471652439
legacy_vits_registers,random200,n02114367/ILSVRC2012_val_00017311_n02114367,ring1_mass,0.239210813
legacy_vits_registers,random200,n02114367/ILSVRC2012_val_00017311_n02114367,uniform_ring1_mass,0.2244897959
legacy_vits_registers,random200,n02117135/ILSVRC2012_val_00000983_n02117135,attn_entropy_bits,5.427798779
legacy_vits_registers,random200,n02117135/ILSVRC2012_val_00000983_n02117135,ring1_mass,0.2682924881
legacy_vits_registers,random200,n02117135/ILSVRC2012_val_00000983_n02117135,uniform_ring1_mass,0.2244897959
legacy_vits_registers,random200,n02125311/ILSVRC2012_val_00039595_n02125311,attn_entropy_bits,4.358658249
legacy_vits_registers,random200,n02125311/ILSVRC2012_val_00039595_n02125311,ring1_mass,0.253810212
legacy_vits_registers,random200,n02125311/ILSVRC2012_val_00039595_n02125311,uniform_ring1_mass,0.2244897959
legacy_vits_registers,random200,n02133161/ILSVRC2012_val_00046668_n02133161,attn_entropy_bits,6.481479874
legacy_vits_registers,random200,n02133161/ILSVRC2012_val_00046668_n02133161,ring1_mass,0.1943114023
legacy_vits_registers,random200,n02133161/ILSVRC2012_val_00046668_n02133161,uniform_ring1_mass,0.2244897959
legacy_vits_registers,random200,n02137549/ILSVRC2012_val_00047555_n02137549,attn_entropy_bits,6.848162465
legacy_vits_registers,random200,n02137549/ILSVRC2012_val_00047555_n02137549,ring1_mass,0.1607103838
legacy_vits_registers,random200,n02137549/ILSVRC2012_val_00047555_n02137549,uniform_ring1_mass,0.2244897959
legacy_vits_registers,random200,n02167151/ILSVRC2012_val_00005169_n02167151,attn_entropy_bits,6.212704669
legacy_vits_registers,random200,n02167151/ILSVRC2012_val_00005169_n02167151,ring1_mass,0.1673855417
legacy_vits_registers,random200,n02167151/ILSVRC2012_val_00005169_n02167151,uniform_ring1_mass,0.2244897959
legacy_vits_registers,random200,n02172182/ILSVRC2012_val_00002042_n02172182,attn_entropy_bits,6.240402094
legacy_vits_registers,random200,n02172182/ILSVRC2012_val_00002042_n02172182,ring1_mass,0.168531412
legacy_vits_registers,random200,n02172182/ILSVRC2012_val_00002042_n02172182,uniform_ring1_mass,0.2244897959
legacy_vits_registers,random200,n02174001/ILSVRC2012_val_00034738_n02174001,attn_entropy_bits,6.322367023
legacy_vits_registers,random200,n02174001/ILSVRC2012_val_00034738_n02174001,ring1_mass,0.08844950986
legacy_vits_registers,random200,n02174001/ILSVRC2012_val_00034738_n02174001,uniform_ring1_mass,0.2244897959
legacy_vits_registers,random200,n02177972/ILSVRC2012_val_00044760_n02177972,attn_entropy_bits,6.026886011
legacy_vits_registers,random200,n02177972/ILSVRC2012_val_00044760_n02177972,ring1_mass,0.1117960489
legacy_vits_registers,random200,n02177972/ILSVRC2012_val_00044760_n02177972,uniform_ring1_mass,0.2244897959
legacy_vits_registers,random200,n02219486/ILSVRC2012_val_00031820_n02219486,attn_entropy_bits,6.48827915
legacy_vits_registers,random200,n02219486/ILSVRC2012_val_00031820_n02219486,ring1_mass,0.3420211121
legacy_vits_registers,random200,n02219486/ILSVRC2012_val_00031820_n02219486,uniform_ring1_mass,0.2244897959
legacy_vits_registers,random200,n02226429/ILSVRC2012_val_00032265_n02226429,attn_entropy_bits,5.464187488
legacy_vits_registers,random200,n02226429/ILSVRC2012_val_00032265_n02226429,ring1_mass,0.1734475048
legacy_vits_registers,random200,n02226429/ILSVRC2012_val_00032265_n02226429,uniform_ring1_mass,0.2244897959
legacy_vits_registers,random200,n02281787/ILSVRC2012_val_00043381_n02281787,attn_entropy_bits,5.37416462
legacy_vits_registers,random200,n02281787/ILSVRC2012_val_00043381_n02281787,ring1_mass,0.3014066065
legacy_vits_registers,random200,n02281787/ILSVRC2012_val_00043381_n02281787,uniform_ring1_mass,0.2244897959
legacy_vits_registers,random200,n02326432/ILSVRC2012_val_00049948_n02326432,attn_entropy_bits,4.310468613
legacy_vits_registers,random200,n02326432/ILSVRC2012_val_00049948_n02326432,ring1_mass,0.3988903701
legacy_vits_registers,random200,n02326432/ILSVRC2012_val_00049948_n02326432,uniform_ring1_mass,0.2244897959
legacy_vits_registers,random200,n02342885/ILSVRC2012_val_00016348_n02342885,attn_entropy_bits,6.146590581
legacy_vits_registers,random200,n02342885/ILSVRC2012_val_00016348_n02342885,ring1_mass,0.1175996946
legacy_vits_registers,random200,n02342885/ILSVRC2012_val_00016348_n02342885,uniform_ring1_mass,0.2244897959
legacy_vits_registers,random200,n02363005/ILSVRC2012_val_00025114_n02363005,attn_entropy_bits,5.622117711
legacy_vits_registers,random200,n02363005/ILSVRC2012_val_00025114_n02363005,ring1_mass,0.1915237203
legacy_vits_registers,random200,n02363005/ILSVRC2012_val_00025114_n02363005,uniform_ring1_mass,0.2244897959
legacy_vits_registers,random200,n02389026/ILSVRC2012_val_00018928_n02389026,attn_entropy_bits,5.733359189
legacy_vits_registers,random200,n02389026/ILSVRC2012_val_00018928_n02389026,ring1_mass,0.2143683479
legacy_vits_registers,random200,n02389026/ILSVRC2012_val_00018928_n02389026,uniform_ring1_mass,0.2244897959
legacy_vits_registers,random200,n02403003/ILSVRC2012_val_00039271_n02403003,attn_entropy_bits,5.347750983
legacy_vits_registers,random200,n02403003/ILSVRC2012_val_00039271_n02403003,ring1_mass,0.2663687741
legacy_vits_registers,random200,n02403003/ILSVRC2012_val_00039271_n02403003,uniform_ring1_mass,0.2244897959
legacy_vits_registers,random200,n02412080/ILSVRC2012_val_00030484_n02412080,attn_entropy_bits,6.263314659
legacy_vits_registers,random200,n02412080/ILSVRC2012_val_00030484_n02412080,ring1_mass,0.1777032395
legacy_vits_registers,random200,n02412080/ILSVRC2012_val_00030484_n02412080,uniform_ring1_mass,0.2244897959
legacy_vits_registers,random200,n02415577/ILSVRC2012_val_00040551_n02415577,attn_entropy_bits,4.99249312
legacy_vits_registers,random200,n02415577/ILSVRC2012_val_00040551_n02415577,ring1_mass,0.07302769561
legacy_vits_registers,random200,n02415577/ILSVRC2012_val_00040551_n02415577,uniform_ring1_mass,0.2244897959
legacy_vits_registers,random200,n02442845/ILSVRC2012_val_00028458_n02442845,attn_entropy_bits,6.637336842
legacy_vits_registers,random200,n02442845/ILSVRC2012_val_00028458_n02442845,ring1_mass,0.1473327005
legacy_vits_registers,random200,n02442845/ILSVRC2012_val_00028458_n02442845,uniform_ring1_mass,0.2244897959
legacy_vits_registers,random200,n02444819/ILSVRC2012_val_00032606_n02444819,attn_entropy_bits,4.850325385
legacy_vits_registers,random200,n02444819/ILSVRC2012_val_00032606_n02444819,ring1_mass,0.1023275086
legacy_vits_registers,random200,n02444819/ILSVRC2012_val_00032606_n02444819,uniform_ring1_mass,0.2244897959
legacy_vits_registers,random200,n02457408/ILSVRC2012_val_00042044_n02457408,attn_entropy_bits,3.474243162
legacy_vits_registers,random200,n02457408/ILSVRC2012_val_00042044_n02457408,ring1_mass,0.3803552178
legacy_vits_registers,random200,n02457408/ILSVRC2012_val_00042044_n02457408,uniform_ring1_mass,0.2244897959
legacy_vits_registers,random200,n02483708/ILSVRC2012_val_00000087_n02483708,attn_entropy_bits,7.186057487
legacy_vits_registers,random200,n02483708/ILSVRC2012_val_00000087_n02483708,ring1_mass,0.1901001974
legacy_vits_registers,random200,n02483708/ILSVRC2012_val_00000087_n02483708,uniform_ring1_mass,0.2244897959
legacy_vits_registers,random200,n02484975/ILSVRC2012_val_00006410_n02484975,attn_entropy_bits,4.912514529
legacy_vits_registers,random200,n02484975/ILSVRC2012_val_00006410_n02484975,ring1_mass,0.07345752921
legacy_vits_registers,random200,n02484975/ILSVRC2012_val_00006410_n02484975,uniform_ring1_mass,0.2244897959
legacy_vits_registers,random200,n02490219/ILSVRC2012_val_00009701_n02490219,attn_entropy_bits,4.876520067
legacy_vits_registers,random200,n02490219/ILSVRC2012_val_00009701_n02490219,ring1_mass,0.4288296734
legacy_vits_registers,random200,n02490219/ILSVRC2012_val_00009701_n02490219,uniform_ring1_mass,0.2244897959
legacy_vits_registers,random200,n02493509/ILSVRC2012_val_00022082_n02493509,attn_entropy_bits,4.941080784
legacy_vits_registers,random200,n02493509/ILSVRC2012_val_00022082_n02493509,ring1_mass,0.2826526511
legacy_vits_registers,random200,n02493509/ILSVRC2012_val_00022082_n02493509,uniform_ring1_mass,0.2244897959
legacy_vits_registers,random200,n02509815/ILSVRC2012_val_00016071_n02509815,attn_entropy_bits,6.224128081
legacy_vits_registers,random200,n02509815/ILSVRC2012_val_00016071_n02509815,ring1_mass,0.1631739072
legacy_vits_registers,random200,n02509815/ILSVRC2012_val_00016071_n02509815,uniform_ring1_mass,0.2244897959
legacy_vits_registers,random200,n02607072/ILSVRC2012_val_00021505_n02607072,attn_entropy_bits,6.487698918
legacy_vits_registers,random200,n02607072/ILSVRC2012_val_00021505_n02607072,ring1_mass,0.2082323817
legacy_vits_registers,random200,n02607072/ILSVRC2012_val_00021505_n02607072,uniform_ring1_mass,0.2244897959
legacy_vits_registers,random200,n02640242/ILSVRC2012_val_00001436_n02640242,attn_entropy_bits,5.776338676
legacy_vits_registers,random200,n02640242/ILSVRC2012_val_00001436_n02640242,ring1_mass,0.2715806737
legacy_vits_registers,random200,n02640242/ILSVRC2012_val_00001436_n02640242,uniform_ring1_mass,0.2244897959
legacy_vits_registers,random200,n02655020/ILSVRC2012_val_00008730_n02655020,attn_entropy_bits,3.921786877
legacy_vits_registers,random200,n02655020/ILSVRC2012_val_00008730_n02655020,ring1_mass,0.3242808881
legacy_vits_registers,random200,n02655020/ILSVRC2012_val_00008730_n02655020,uniform_ring1_mass,0.2244897959
legacy_vits_registers,random200,n02687172/ILSVRC2012_val_00032680_n02687172,attn_entropy_bits,5.188910749
legacy_vits_registers,random200,n02687172/ILSVRC2012_val_00032680_n02687172,ring1_mass,0.1938029729
legacy_vits_registers,random200,n02687172/ILSVRC2012_val_00032680_n02687172,uniform_ring1_mass,0.2244897959
legacy_vits_registers,random200,n02783161/ILSVRC2012_val_00044024_n02783161,attn_entropy_bits,6.412222877
legacy_vits_registers,random200,n02783161/ILSVRC2012_val_00044024_n02783161,ring1_mass,0.2099589744
legacy_vits_registers,random200,n02783161/ILSVRC2012_val_00044024_n02783161,uniform_ring1_mass,0.2244897959
legacy_vits_registers,random200,n02786058/ILSVRC2012_val_00000706_n02786058,attn_entropy_bits,6.321728995
legacy_vits_registers,random200,n02786058/ILSVRC2012_val_00000706_n02786058,ring1_mass,0.1889716978
legacy_vits_registers,random200,n02786058/ILSVRC2012_val_00000706_n02786058,uniform_ring1_mass,0.2244897959
legacy_vits_registers,random200,n02787622/ILSVRC2012_val_00019653_n02787622,attn_entropy_bits,6.251083606
legacy_vits_registers,random200,n02787622/ILSVRC2012_val_00019653_n02787622,ring1_mass,0.196212325
legacy_vits_registers,random200,n02787622/ILSVRC2012_val_00019653_n02787622,uniform_ring1_mass,0.2244897959
legacy_vits_registers,random200,n02788148/ILSVRC2012_val_00014558_n02788148,attn_entropy_bits,5.214491292
legacy_vits_registers,random200,n02788148/ILSVRC2012_val_00014558_n02788148,ring1_mass,0.2286652845
legacy_vits_registers,random200,n02788148/ILSVRC2012_val_00014558_n02788148,uniform_ring1_mass,0.2244897959
legacy_vits_registers,random200,n02790996/ILSVRC2012_val_00035930_n02790996,attn_entropy_bits,4.847997536
legacy_vits_registers,random200,n02790996/ILSVRC2012_val_00035930_n02790996,ring1_mass,0.08342535279
legacy_vits_registers,random200,n02790996/ILSVRC2012_val_00035930_n02790996,uniform_ring1_mass,0.2244897959
legacy_vits_registers,random200,n02794156/ILSVRC2012_val_00036595_n02794156,attn_entropy_bits,6.404921207
legacy_vits_registers,random200,n02794156/ILSVRC2012_val_00036595_n02794156,ring1_mass,0.1211881968
legacy_vits_registers,random200,n02794156/ILSVRC2012_val_00036595_n02794156,uniform_ring1_mass,0.2244897959
legacy_vits_registers,random200,n02804414/ILSVRC2012_val_00010744_n02804414,attn_entropy_bits,6.459279735
legacy_vits_registers,random200,n02804414/ILSVRC2012_val_00010744_n02804414,ring1_mass,0.3302851121
legacy_vits_registers,random200,n02804414/ILSVRC2012_val_00010744_n02804414,uniform_ring1_mass,0.2244897959
legacy_vits_registers,random200,n02807133/ILSVRC2012_val_00043987_n02807133,attn_entropy_bits,5.143562047
legacy_vits_registers,random200,n02807133/ILSVRC2012_val_00043987_n02807133,ring1_mass,0.2367638888
legacy_vits_registers,random200,n02807133/ILSVRC2012_val_00043987_n02807133,uniform_ring1_mass,0.2244897959
legacy_vits_registers,random200,n02817516/ILSVRC2012_val_00007414_n02817516,attn_entropy_bits,4.550279544
legacy_vits_registers,random200,n02817516/ILSVRC2012_val_00007414_n02817516,ring1_mass,0.3053758615
legacy_vits_registers,random200,n02817516/ILSVRC2012_val_00007414_n02817516,uniform_ring1_mass,0.2244897959
legacy_vits_registers,random200,n02834397/ILSVRC2012_val_00049192_n02834397,attn_entropy_bits,5.211794668
legacy_vits_registers,random200,n02834397/ILSVRC2012_val_00049192_n02834397,ring1_mass,0.2073399674
legacy_vits_registers,random200,n02834397/ILSVRC2012_val_00049192_n02834397,uniform_ring1_mass,0.2244897959
legacy_vits_registers,random200,n02865351/ILSVRC2012_val_00018752_n02865351,attn_entropy_bits,6.339163126
legacy_vits_registers,random200,n02865351/ILSVRC2012_val_00018752_n02865351,ring1_mass,0.2998720624
legacy_vits_registers,random200,n02865351/ILSVRC2012_val_00018752_n02865351,uniform_ring1_mass,0.2244897959
legacy_vits_registers,random200,n02877765/ILSVRC2012_val_00045915_n02877765,attn_entropy_bits,5.946221837
legacy_vits_registers,random200,n02877765/ILSVRC2012_val_00045915_n02877765,ring1_mass,0.4024524466
legacy_vits_registers,random200,n02877765/ILSVRC2012_val_00045915_n02877765,uniform_ring1_mass,0.2244897959
legacy_vits_registers,random200,n02895154/ILSVRC2012_val_00032037_n02895154,attn_entropy_bits,6.27401664
legacy_vits_registers,random200,n02895154/ILSVRC2012_val_00032037_n02895154,ring1_mass,0.1358227799
legacy_vits_registers,random200,n02895154/ILSVRC2012_val_00032037_n02895154,uniform_ring1_mass,0.2244897959
legacy_vits_registers,random200,n02971356/ILSVRC2012_val_00022451_n02971356,attn_entropy_bits,7.093769067
legacy_vits_registers,random200,n02971356/ILSVRC2012_val_00022451_n02971356,ring1_mass,0.231115731
legacy_vits_registers,random200,n02971356/ILSVRC2012_val_00022451_n02971356,uniform_ring1_mass,0.2244897959
legacy_vits_registers,random200,n02978881/ILSVRC2012_val_00017217_n02978881,attn_entropy_bits,7.113817691
legacy_vits_registers,random200,n02978881/ILSVRC2012_val_00017217_n02978881,ring1_mass,0.2144738329
legacy_vits_registers,random200,n02978881/ILSVRC2012_val_00017217_n02978881,uniform_ring1_mass,0.2244897959
legacy_vits_registers,random200,n03041632/ILSVRC2012_val_00008526_n03041632,attn_entropy_bits,6.194646718
legacy_vits_registers,random200,n03041632/ILSVRC2012_val_00008526_n03041632,ring1_mass,0.3801005211
legacy_vits_registers,random200,n03041632/ILSVRC2012_val_00008526_n03041632,uniform_ring1_mass,0.2244897959
legacy_vits_registers,random200,n03042490/ILSVRC2012_val_00027258_n03042490,attn_entropy_bits,5.949355505
legacy_vits_registers,random200,n03042490/ILSVRC2012_val_00027258_n03042490,ring1_mass,0.1410446008
legacy_vits_registers,random200,n03042490/ILSVRC2012_val_00027258_n03042490,uniform_ring1_mass,0.2244897959
legacy_vits_registers,random200,n03085013/ILSVRC2012_val_00002499_n03085013,attn_entropy_bits,7.004855932
legacy_vits_registers,random200,n03085013/ILSVRC2012_val_00002499_n03085013,ring1_mass,0.3068023059
legacy_vits_registers,random200,n03085013/ILSVRC2012_val_00002499_n03085013,uniform_ring1_mass,0.2244897959
legacy_vits_registers,random200,n03095699/ILSVRC2012_val_00001339_n03095699,attn_entropy_bits,6.723854238
legacy_vits_registers,random200,n03095699/ILSVRC2012_val_00001339_n03095699,ring1_mass,0.153778733
legacy_vits_registers,random200,n03095699/ILSVRC2012_val_00001339_n03095699,uniform_ring1_mass,0.2244897959
legacy_vits_registers,random200,n03124170/ILSVRC2012_val_00032152_n03124170,attn_entropy_bits,6.71205362
legacy_vits_registers,random200,n03124170/ILSVRC2012_val_00032152_n03124170,ring1_mass,0.1390221475
legacy_vits_registers,random200,n03124170/ILSVRC2012_val_00032152_n03124170,uniform_ring1_mass,0.2244897959
legacy_vits_registers,random200,n03125729/ILSVRC2012_val_00032315_n03125729,attn_entropy_bits,4.733278067
legacy_vits_registers,random200,n03125729/ILSVRC2012_val_00032315_n03125729,ring1_mass,0.1076216676
legacy_vits_registers,random200,n03125729/ILSVRC2012_val_00032315_n03125729,uniform_ring1_mass,0.2244897959
legacy_vits_registers,random200,n03134739/ILSVRC2012_val_00023436_n03134739,attn_entropy_bits,5.810315443
legacy_vits_registers,random200,n03134739/ILSVRC2012_val_00023436_n03134739,ring1_mass,0.1974674526
legacy_vits_registers,random200,n03134739/ILSVRC2012_val_00023436_n03134739,uniform_ring1_mass,0.2244897959
legacy_vits_registers,random200,n03196217/ILSVRC2012_val_00049458_n03196217,attn_entropy_bits,6.59241405
legacy_vits_registers,random200,n03196217/ILSVRC2012_val_00049458_n03196217,ring1_mass,0.2871500535
legacy_vits_registers,random200,n03196217/ILSVRC2012_val_00049458_n03196217,uniform_ring1_mass,0.2244897959
legacy_vits_registers,random200,n03220513/ILSVRC2012_val_00007952_n03220513,attn_entropy_bits,4.823325042
legacy_vits_registers,random200,n03220513/ILSVRC2012_val_00007952_n03220513,ring1_mass,0.07124197106
legacy_vits_registers,random200,n03220513/ILSVRC2012_val_00007952_n03220513,uniform_ring1_mass,0.2244897959
legacy_vits_registers,random200,n03250847/ILSVRC2012_val_00020232_n03250847,attn_entropy_bits,5.611480039
legacy_vits_registers,random200,n03250847/ILSVRC2012_val_00020232_n03250847,ring1_mass,0.1259726888
legacy_vits_registers,random200,n03250847/ILSVRC2012_val_00020232_n03250847,uniform_ring1_mass,0.2244897959
legacy_vits_registers,random200,n03290653/ILSVRC2012_val_00046068_n03290653,attn_entropy_bits,6.696493675
legacy_vits_registers,random200,n03290653/ILSVRC2012_val_00046068_n03290653,ring1_mass,0.2093731965
legacy_vits_registers,random200,n03290653/ILSVRC2012_val_00046068_n03290653,uniform_ring1_mass,0.2244897959
legacy_vits_registers,random200,n03297495/ILSVRC2012_val_00023386_n03297495,attn_entropy_bits,6.618645831
legacy_vits_registers,random200,n03297495/ILSVRC2012_val_00023386_n03297495,ring1_mass,0.1811501864
legacy_vits_registers,random200,n03297495/ILSVRC2012_val_00023386_n03297495,uniform_ring1_mass,0.2244897959
legacy_vits_registers,random200,n03337140/ILSVRC2012_val_00021909_n03337140,attn_entropy_bits,6.904736608
legacy_vits_registers,random200,n03337140/ILSVRC2012_val_00021909_n03337140,ring1_mass,0.2386655144
legacy_vits_registers,random200,n03337140/ILSVRC2012_val_00021909_n03337140,uniform_ring1_mass,0.2244897959
legacy_vits_registers,random200,n03372029/ILSVRC2012_val_00009395_n03372029,attn_entropy_bits,6.385332812
legacy_vits_registers,random200,n03372029/ILSVRC2012_val_00009395_n03372029,ring1_mass,0.1717955519
legacy_vits_registers,random200,n03372029/ILSVRC2012_val_00009395_n03372029,uniform_ring1_mass,0.2244897959
legacy_vits_registers,random200,n03388043/ILSVRC2012_val_00029752_n03388043,attn_entropy_bits,6.140115486
legacy_vits_registers,random200,n03388043/ILSVRC2012_val_00029752_n03388043,ring1_mass,0.2896303359
legacy_vits_registers,random200,n03388043/ILSVRC2012_val_00029752_n03388043,uniform_ring1_mass,0.2244897959
legacy_vits_registers,random200,n03425413/ILSVRC2012_val_00044370_n03425413,attn_entropy_bits,5.067443625
legacy_vits_registers,random200,n03425413/ILSVRC2012_val_00044370_n03425413,ring1_mass,0.1286231991
legacy_vits_registers,random200,n03425413/ILSVRC2012_val_00044370_n03425413,uniform_ring1_mass,0.2244897959
legacy_vits_registers,random200,n03444034/ILSVRC2012_val_00047858_n03444034,attn_entropy_bits,6.551978548
legacy_vits_registers,random200,n03444034/ILSVRC2012_val_00047858_n03444034,ring1_mass,0.1877931705
legacy_vits_registers,random200,n03444034/ILSVRC2012_val_00047858_n03444034,uniform_ring1_mass,0.2244897959
legacy_vits_registers,random200,n03445777/ILSVRC2012_val_00031897_n03445777,attn_entropy_bits,5.800083819
legacy_vits_registers,random200,n03445777/ILSVRC2012_val_00031897_n03445777,ring1_mass,0.2582482642
legacy_vits_registers,random200,n03445777/ILSVRC2012_val_00031897_n03445777,uniform_ring1_mass,0.2244897959
legacy_vits_registers,random200,n03447447/ILSVRC2012_val_00016814_n03447447,attn_entropy_bits,4.651724068
legacy_vits_registers,random200,n03447447/ILSVRC2012_val_00016814_n03447447,ring1_mass,0.2396610141
legacy_vits_registers,random200,n03447447/ILSVRC2012_val_00016814_n03447447,uniform_ring1_mass,0.2244897959
legacy_vits_registers,random200,n03492542/ILSVRC2012_val_00011209_n03492542,attn_entropy_bits,7.046750431
legacy_vits_registers,random200,n03492542/ILSVRC2012_val_00011209_n03492542,ring1_mass,0.2325744585
legacy_vits_registers,random200,n03492542/ILSVRC2012_val_00011209_n03492542,uniform_ring1_mass,0.2244897959
legacy_vits_registers,random200,n03496892/ILSVRC2012_val_00010776_n03496892,attn_entropy_bits,6.382591169
legacy_vits_registers,random200,n03496892/ILSVRC2012_val_00010776_n03496892,ring1_mass,0.1952902668
legacy_vits_registers,random200,n03496892/ILSVRC2012_val_00010776_n03496892,uniform_ring1_mass,0.2244897959
legacy_vits_registers,random200,n03532672/ILSVRC2012_val_00042387_n03532672,attn_entropy_bits,6.694899827
legacy_vits_registers,random200,n03532672/ILSVRC2012_val_00042387_n03532672,ring1_mass,0.3246816108
legacy_vits_registers,random200,n03532672/ILSVRC2012_val_00042387_n03532672,uniform_ring1_mass,0.2244897959
legacy_vits_registers,random200,n03538406/ILSVRC2012_val_00014022_n03538406,attn_entropy_bits,6.343713264
legacy_vits_registers,random200,n03538406/ILSVRC2012_val_00014022_n03538406,ring1_mass,0.1687773047
legacy_vits_registers,random200,n03538406/ILSVRC2012_val_00014022_n03538406,uniform_ring1_mass,0.2244897959
legacy_vits_registers,random200,n03544143/ILSVRC2012_val_00036746_n03544143,attn_entropy_bits,6.967568423
legacy_vits_registers,random200,n03544143/ILSVRC2012_val_00036746_n03544143,ring1_mass,0.1867090544
legacy_vits_registers,random200,n03544143/ILSVRC2012_val_00036746_n03544143,uniform_ring1_mass,0.2244897959
legacy_vits_registers,random200,n03584829/ILSVRC2012_val_00009834_n03584829,attn_entropy_bits,4.370015284
legacy_vits_registers,random200,n03584829/ILSVRC2012_val_00009834_n03584829,ring1_mass,0.5432418322
legacy_vits_registers,random200,n03584829/ILSVRC2012_val_00009834_n03584829,uniform_ring1_mass,0.2244897959
legacy_vits_registers,random200,n03590841/ILSVRC2012_val_00009971_n03590841,attn_entropy_bits,5.75168431
legacy_vits_registers,random200,n03590841/ILSVRC2012_val_00009971_n03590841,ring1_mass,0.3263046457
legacy_vits_registers,random200,n03590841/ILSVRC2012_val_00009971_n03590841,uniform_ring1_mass,0.2244897959
legacy_vits_registers,random200,n03594734/ILSVRC2012_val_00045877_n03594734,attn_entropy_bits,6.996959977
legacy_vits_registers,random200,n03594734/ILSVRC2012_val_00045877_n03594734,ring1_mass,0.1780644806
legacy_vits_registers,random200,n03594734/ILSVRC2012_val_00045877_n03594734,uniform_ring1_mass,0.2244897959
legacy_vits_registers,random200,n03623198/ILSVRC2012_val_00024197_n03623198,attn_entropy_bits,7.099269906
legacy_vits_registers,random200,n03623198/ILSVRC2012_val_00024197_n03623198,ring1_mass,0.2303920824
legacy_vits_registers,random200,n03623198/ILSVRC2012_val_00024197_n03623198,uniform_ring1_mass,0.2244897959
legacy_vits_registers,random200,n03633091/ILSVRC2012_val_00025920_n03633091,attn_entropy_bits,6.772766488
legacy_vits_registers,random200,n03633091/ILSVRC2012_val_00025920_n03633091,ring1_mass,0.3127440645
legacy_vits_registers,random200,n03633091/ILSVRC2012_val_00025920_n03633091,uniform_ring1_mass,0.2244897959
legacy_vits_registers,random200,n03661043/ILSVRC2012_val_00044809_n03661043,attn_entropy_bits,6.703761574
legacy_vits_registers,random200,n03661043/ILSVRC2012_val_00044809_n03661043,ring1_mass,0.2473031546
legacy_vits_registers,random200,n03661043/ILSVRC2012_val_00044809_n03661043,uniform_ring1_mass,0.2244897959
legacy_vits_registers,random200,n03670208/ILSVRC2012_val_00049113_n03670208,attn_entropy_bits,6.74388156
legacy_vits_registers,random200,n03670208/ILSVRC2012_val_00049113_n03670208,ring1_mass,0.1416900139
legacy_vits_registers,random200,n03670208/ILSVRC2012_val_00049113_n03670208,uniform_ring1_mass,0.2244897959
legacy_vits_registers,random200,n03676483/ILSVRC2012_val_00019870_n03676483,attn_entropy_bits,6.995381387
legacy_vits_registers,random200,n03676483/ILSVRC2012_val_00019870_n03676483,ring1_mass,0.2585949434
legacy_vits_registers,random200,n03676483/ILSVRC2012_val_00019870_n03676483,uniform_ring1_mass,0.2244897959
legacy_vits_registers,random200,n03690938/ILSVRC2012_val_00003829_n03690938,attn_entropy_bits,6.458957768
legacy_vits_registers,random200,n03690938/ILSVRC2012_val_00003829_n03690938,ring1_mass,0.3376391295
legacy_vits_registers,random200,n03690938/ILSVRC2012_val_00003829_n03690938,uniform_ring1_mass,0.2244897959
legacy_vits_registers,random200,n03733281/ILSVRC2012_val_00028102_n03733281,attn_entropy_bits,5.581250065
legacy_vits_registers,random200,n03733281/ILSVRC2012_val_00028102_n03733281,ring1_mass,0.3086250283
legacy_vits_registers,random200,n03733281/ILSVRC2012_val_00028102_n03733281,uniform_ring1_mass,0.2244897959
legacy_vits_registers,random200,n03742115/ILSVRC2012_val_00040196_n03742115,attn_entropy_bits,6.758819831
legacy_vits_registers,random200,n03742115/ILSVRC2012_val_00040196_n03742115,ring1_mass,0.2008260742
legacy_vits_registers,random200,n03742115/ILSVRC2012_val_00040196_n03742115,uniform_ring1_mass,0.2244897959
legacy_vits_registers,random200,n03743016/ILSVRC2012_val_00020408_n03743016,attn_entropy_bits,6.542805461
legacy_vits_registers,random200,n03743016/ILSVRC2012_val_00020408_n03743016,ring1_mass,0.2462695206
legacy_vits_registers,random200,n03743016/ILSVRC2012_val_00020408_n03743016,uniform_ring1_mass,0.2244897959
legacy_vits_registers,random200,n03763968/ILSVRC2012_val_00022356_n03763968,attn_entropy_bits,5.400540738
legacy_vits_registers,random200,n03763968/ILSVRC2012_val_00022356_n03763968,ring1_mass,0.2010568163
legacy_vits_registers,random200,n03763968/ILSVRC2012_val_00022356_n03763968,uniform_ring1_mass,0.2244897959
legacy_vits_registers,random200,n03770439/ILSVRC2012_val_00041915_n03770439,attn_entropy_bits,6.612478258
legacy_vits_registers,random200,n03770439/ILSVRC2012_val_00041915_n03770439,ring1_mass,0.2702477287
legacy_vits_registers,random200,n03770439/ILSVRC2012_val_00041915_n03770439,uniform_ring1_mass,0.2244897959
legacy_vits_registers,random200,n03777568/ILSVRC2012_val_00029873_n03777568,attn_entropy_bits,6.104198208
legacy_vits_registers,random200,n03777568/ILSVRC2012_val_00029873_n03777568,ring1_mass,0.1166688559
legacy_vits_registers,random200,n03777568/ILSVRC2012_val_00029873_n03777568,uniform_ring1_mass,0.2244897959
legacy_vits_registers,random200,n03785016/ILSVRC2012_val_00024487_n03785016,attn_entropy_bits,6.988647106
legacy_vits_registers,random200,n03785016/ILSVRC2012_val_00024487_n03785016,ring1_mass,0.2420911059
legacy_vits_registers,random200,n03785016/ILSVRC2012_val_00024487_n03785016,uniform_ring1_mass,0.2244897959
legacy_vits_registers,random200,n03791053/ILSVRC2012_val_00037320_n03791053,attn_entropy_bits,6.04930399
legacy_vits_registers,random200,n03791053/ILSVRC2012_val_00037320_n03791053,ring1_mass,0.2110895896
legacy_vits_registers,random200,n03791053/ILSVRC2012_val_00037320_n03791053,uniform_ring1_mass,0.2244897959
legacy_vits_registers,random200,n03840681/ILSVRC2012_val_00007739_n03840681,attn_entropy_bits,5.525862522
legacy_vits_registers,random200,n03840681/ILSVRC2012_val_00007739_n03840681,ring1_mass,0.4021631424
legacy_vits_registers,random200,n03840681/ILSVRC2012_val_00007739_n03840681,uniform_ring1_mass,0.2244897959
legacy_vits_registers,random200,n03857828/ILSVRC2012_val_00015087_n03857828,attn_entropy_bits,6.321053311
legacy_vits_registers,random200,n03857828/ILSVRC2012_val_00015087_n03857828,ring1_mass,0.1602576289
legacy_vits_registers,random200,n03857828/ILSVRC2012_val_00015087_n03857828,uniform_ring1_mass,0.2244897959
legacy_vits_registers,random200,n03868242/ILSVRC2012_val_00006162_n03868242,attn_entropy_bits,6.612400845
legacy_vits_registers,random200,n03868242/ILSVRC2012_val_00006162_n03868242,ring1_mass,0.231066421
legacy_vits_registers,random200,n03868242/ILSVRC2012_val_00006162_n03868242,uniform_ring1_mass,0.2244897959
legacy_vits_registers,random200,n03888605/ILSVRC2012_val_00031613_n03888605,attn_entropy_bits,6.498937778
legacy_vits_registers,random200,n03888605/ILSVRC2012_val_00031613_n03888605,ring1_mass,0.1448676021
legacy_vits_registers,random200,n03888605/ILSVRC2012_val_00031613_n03888605,uniform_ring1_mass,0.2244897959
legacy_vits_registers,random200,n03902125/ILSVRC2012_val_00035336_n03902125,attn_entropy_bits,5.814331098
legacy_vits_registers,random200,n03902125/ILSVRC2012_val_00035336_n03902125,ring1_mass,0.09575198046
legacy_vits_registers,random200,n03902125/ILSVRC2012_val_00035336_n03902125,uniform_ring1_mass,0.2244897959
legacy_vits_registers,random200,n03929660/ILSVRC2012_val_00036513_n03929660,attn_entropy_bits,7.08249239
legacy_vits_registers,random200,n03929660/ILSVRC2012_val_00036513_n03929660,ring1_mass,0.2230942075
legacy_vits_registers,random200,n03929660/ILSVRC2012_val_00036513_n03929660,uniform_ring1_mass,0.2244897959
legacy_vits_registers,random200,n03933933/ILSVRC2012_val_00000702_n03933933,attn_entropy_bits,6.629101189
legacy_vits_registers,random200,n03933933/ILSVRC2012_val_00000702_n03933933,ring1_mass,0.1834169163
legacy_vits_registers,random200,n03933933/ILSVRC2012_val_00000702_n03933933,uniform_ring1_mass,0.2244897959
legacy_vits_registers,random200,n03956157/ILSVRC2012_val_00032007_n03956157,attn_entropy_bits,5.114065299
legacy_vits_registers,random200,n03956157/ILSVRC2012_val_00032007_n03956157,ring1_mass,0.5383476563
legacy_vits_registers,random200,n03956157/ILSVRC2012_val_00032007_n03956157,uniform_ring1_mass,0.2244897959
legacy_vits_registers,random200,n03961711/ILSVRC2012_val_00037251_n03961711,attn_entropy_bits,6.39295948
legacy_vits_registers,random200,n03961711/ILSVRC2012_val_00037251_n03961711,ring1_mass,0.1181685849
legacy_vits_registers,random200,n03961711/ILSVRC2012_val_00037251_n03961711,uniform_ring1_mass,0.2244897959
legacy_vits_registers,random200,n03977966/ILSVRC2012_val_00027383_n03977966,attn_entropy_bits,5.544287297
legacy_vits_registers,random200,n03977966/ILSVRC2012_val_00027383_n03977966,ring1_mass,0.2597825725
legacy_vits_registers,random200,n03977966/ILSVRC2012_val_00027383_n03977966,uniform_ring1_mass,0.2244897959
legacy_vits_registers,random200,n03982430/ILSVRC2012_val_00006974_n03982430,attn_entropy_bits,5.259218628
legacy_vits_registers,random200,n03982430/ILSVRC2012_val_00006974_n03982430,ring1_mass,0.1633965899
legacy_vits_registers,random200,n03982430/ILSVRC2012_val_00006974_n03982430,uniform_ring1_mass,0.2244897959
legacy_vits_registers,random200,n03995372/ILSVRC2012_val_00048981_n03995372,attn_entropy_bits,6.950539906
legacy_vits_registers,random200,n03995372/ILSVRC2012_val_00048981_n03995372,ring1_mass,0.2667732109
legacy_vits_registers,random200,n03995372/ILSVRC2012_val_00048981_n03995372,uniform_ring1_mass,0.2244897959
legacy_vits_registers,random200,n04005630/ILSVRC2012_val_00018325_n04005630,attn_entropy_bits,6.844264819
legacy_vits_registers,random200,n04005630/ILSVRC2012_val_00018325_n04005630,ring1_mass,0.1534225031
legacy_vits_registers,random200,n04005630/ILSVRC2012_val_00018325_n04005630,uniform_ring1_mass,0.2244897959
legacy_vits_registers,random200,n04009552/ILSVRC2012_val_00033020_n04009552,attn_entropy_bits,6.451648655
legacy_vits_registers,random200,n04009552/ILSVRC2012_val_00033020_n04009552,ring1_mass,0.1318208446
legacy_vits_registers,random200,n04009552/ILSVRC2012_val_00033020_n04009552,uniform_ring1_mass,0.2244897959
legacy_vits_registers,random200,n04023962/ILSVRC2012_val_00005537_n04023962,attn_entropy_bits,6.183694627
legacy_vits_registers,random200,n04023962/ILSVRC2012_val_00005537_n04023962,ring1_mass,0.3500738392
legacy_vits_registers,random200,n04023962/ILSVRC2012_val_00005537_n04023962,uniform_ring1_mass,0.2244897959
legacy_vits_registers,random200,n04049303/ILSVRC2012_val_00046223_n04049303,attn_entropy_bits,4.731040696
legacy_vits_registers,random200,n04049303/ILSVRC2012_val_00046223_n04049303,ring1_mass,0.04896673196
legacy_vits_registers,random200,n04049303/ILSVRC2012_val_00046223_n04049303,uniform_ring1_mass,0.2244897959
legacy_vits_registers,random200,n04067472/ILSVRC2012_val_00047971_n04067472,attn_entropy_bits,4.861869955
legacy_vits_registers,random200,n04067472/ILSVRC2012_val_00047971_n04067472,ring1_mass,0.1698802336
legacy_vits_registers,random200,n04067472/ILSVRC2012_val_00047971_n04067472,uniform_ring1_mass,0.2244897959
legacy_vits_registers,random200,n04074963/ILSVRC2012_val_00028651_n04074963,attn_entropy_bits,5.195627896
legacy_vits_registers,random200,n04074963/ILSVRC2012_val_00028651_n04074963,ring1_mass,0.07593046427
legacy_vits_registers,random200,n04074963/ILSVRC2012_val_00028651_n04074963,uniform_ring1_mass,0.2244897959
legacy_vits_registers,random200,n04081281/ILSVRC2012_val_00027988_n04081281,attn_entropy_bits,6.593462156
legacy_vits_registers,random200,n04081281/ILSVRC2012_val_00027988_n04081281,ring1_mass,0.2347092333
legacy_vits_registers,random200,n04081281/ILSVRC2012_val_00027988_n04081281,uniform_ring1_mass,0.2244897959
legacy_vits_registers,random200,n04086273/ILSVRC2012_val_00011273_n04086273,attn_entropy_bits,7.00895398
legacy_vits_registers,random200,n04086273/ILSVRC2012_val_00011273_n04086273,ring1_mass,0.1911644805
legacy_vits_registers,random200,n04086273/ILSVRC2012_val_00011273_n04086273,uniform_ring1_mass,0.2244897959
legacy_vits_registers,random200,n04099969/ILSVRC2012_val_00017447_n04099969,attn_entropy_bits,6.758831893
legacy_vits_registers,random200,n04099969/ILSVRC2012_val_00017447_n04099969,ring1_mass,0.2517229067
legacy_vits_registers,random200,n04099969/ILSVRC2012_val_00017447_n04099969,uniform_ring1_mass,0.2244897959
legacy_vits_registers,random200,n04127249/ILSVRC2012_val_00029521_n04127249,attn_entropy_bits,6.60582364
legacy_vits_registers,random200,n04127249/ILSVRC2012_val_00029521_n04127249,ring1_mass,0.1578494438
legacy_vits_registers,random200,n04127249/ILSVRC2012_val_00029521_n04127249,uniform_ring1_mass,0.2244897959
legacy_vits_registers,random200,n04152593/ILSVRC2012_val_00043526_n04152593,attn_entropy_bits,6.856076979
legacy_vits_registers,random200,n04152593/ILSVRC2012_val_00043526_n04152593,ring1_mass,0.1475184824
legacy_vits_registers,random200,n04152593/ILSVRC2012_val_00043526_n04152593,uniform_ring1_mass,0.2244897959
legacy_vits_registers,random200,n04204347/ILSVRC2012_val_00049135_n04204347,attn_entropy_bits,6.107181289
legacy_vits_registers,random200,n04204347/ILSVRC2012_val_00049135_n04204347,ring1_mass,0.2450181405
legacy_vits_registers,random200,n04204347/ILSVRC2012_val_00049135_n04204347,uniform_ring1_mass,0.2244897959
legacy_vits_registers,random200,n04238763/ILSVRC2012_val_00000266_n04238763,attn_entropy_bits,6.963561162
legacy_vits_registers,random200,n04238763/ILSVRC2012_val_00000266_n04238763,ring1_mass,0.2354900156
legacy_vits_registers,random200,n04238763/ILSVRC2012_val_00000266_n04238763,uniform_ring1_mass,0.2244897959
legacy_vits_registers,random200,n04251144/ILSVRC2012_val_00003710_n04251144,attn_entropy_bits,5.723763784
legacy_vits_registers,random200,n04251144/ILSVRC2012_val_00003710_n04251144,ring1_mass,0.2900205271
legacy_vits_registers,random200,n04251144/ILSVRC2012_val_00003710_n04251144,uniform_ring1_mass,0.2244897959
legacy_vits_registers,random200,n04252225/ILSVRC2012_val_00002510_n04252225,attn_entropy_bits,6.386851879
legacy_vits_registers,random200,n04252225/ILSVRC2012_val_00002510_n04252225,ring1_mass,0.1709286337
legacy_vits_registers,random200,n04252225/ILSVRC2012_val_00002510_n04252225,uniform_ring1_mass,0.2244897959
legacy_vits_registers,random200,n04258138/ILSVRC2012_val_00016247_n04258138,attn_entropy_bits,5.305692193
legacy_vits_registers,random200,n04258138/ILSVRC2012_val_00016247_n04258138,ring1_mass,0.08992979663
legacy_vits_registers,random200,n04258138/ILSVRC2012_val_00016247_n04258138,uniform_ring1_mass,0.2244897959
legacy_vits_registers,random200,n04265275/ILSVRC2012_val_00015782_n04265275,attn_entropy_bits,6.928909946
legacy_vits_registers,random200,n04265275/ILSVRC2012_val_00015782_n04265275,ring1_mass,0.2339790747
legacy_vits_registers,random200,n04265275/ILSVRC2012_val_00015782_n04265275,uniform_ring1_mass,0.2244897959
legacy_vits_registers,random200,n04330267/ILSVRC2012_val_00001312_n04330267,attn_entropy_bits,7.006491245
legacy_vits_registers,random200,n04330267/ILSVRC2012_val_00001312_n04330267,ring1_mass,0.1609677455
legacy_vits_registers,random200,n04330267/ILSVRC2012_val_00001312_n04330267,uniform_ring1_mass,0.2244897959
legacy_vits_registers,random200,n04344873/ILSVRC2012_val_00041398_n04344873,attn_entropy_bits,6.984932378
legacy_vits_registers,random200,n04344873/ILSVRC2012_val_00041398_n04344873,ring1_mass,0.1873086467
legacy_vits_registers,random200,n04344873/ILSVRC2012_val_00041398_n04344873,uniform_ring1_mass,0.2244897959
legacy_vits_registers,random200,n04356056/ILSVRC2012_val_00016088_n04356056,attn_entropy_bits,6.698329687
legacy_vits_registers,random200,n04356056/ILSVRC2012_val_00016088_n04356056,ring1_mass,0.2063241326
legacy_vits_registers,random200,n04356056/ILSVRC2012_val_00016088_n04356056,uniform_ring1_mass,0.2244897959
legacy_vits_registers,random200,n04357314/ILSVRC2012_val_00023241_n04357314,attn_entropy_bits,6.610602899
legacy_vits_registers,random200,n04357314/ILSVRC2012_val_00023241_n04357314,ring1_mass,0.1449735631
legacy_vits_registers,random200,n04357314/ILSVRC2012_val_00023241_n04357314,uniform_ring1_mass,0.2244897959
legacy_vits_registers,random200,n04367480/ILSVRC2012_val_00002251_n04367480,attn_entropy_bits,6.419249945
legacy_vits_registers,random200,n04367480/ILSVRC2012_val_00002251_n04367480,ring1_mass,0.242019281
legacy_vits_registers,random200,n04367480/ILSVRC2012_val_00002251_n04367480,uniform_ring1_mass,0.2244897959
legacy_vits_registers,random200,n04370456/ILSVRC2012_val_00039686_n04370456,attn_entropy_bits,6.961382126
legacy_vits_registers,random200,n04370456/ILSVRC2012_val_00039686_n04370456,ring1_mass,0.1806618429
legacy_vits_registers,random200,n04370456/ILSVRC2012_val_00039686_n04370456,uniform_ring1_mass,0.2244897959
legacy_vits_registers,random200,n04423845/ILSVRC2012_val_00036633_n04423845,attn_entropy_bits,5.371574511
legacy_vits_registers,random200,n04423845/ILSVRC2012_val_00036633_n04423845,ring1_mass,0.5799348877
legacy_vits_registers,random200,n04423845/ILSVRC2012_val_00036633_n04423845,uniform_ring1_mass,0.2244897959
legacy_vits_registers,random200,n04447861/ILSVRC2012_val_00036382_n04447861,attn_entropy_bits,6.847656376
legacy_vits_registers,random200,n04447861/ILSVRC2012_val_00036382_n04447861,ring1_mass,0.1921249402
legacy_vits_registers,random200,n04447861/ILSVRC2012_val_00036382_n04447861,uniform_ring1_mass,0.2244897959
legacy_vits_registers,random200,n04456115/ILSVRC2012_val_00048645_n04456115,attn_entropy_bits,6.559828661
legacy_vits_registers,random200,n04456115/ILSVRC2012_val_00048645_n04456115,ring1_mass,0.2178190045
legacy_vits_registers,random200,n04456115/ILSVRC2012_val_00048645_n04456115,uniform_ring1_mass,0.2244897959
legacy_vits_registers,random200,n04458633/ILSVRC2012_val_00048297_n04458633,attn_entropy_bits,5.023372692
legacy_vits_registers,random200,n04458633/ILSVRC2012_val_00048297_n04458633,ring1_mass,0.1760226144
legacy_vits_registers,random200,n04458633/ILSVRC2012_val_00048297_n04458633,uniform_ring1_mass,0.2244897959
legacy_vits_registers,random200,n04542943/ILSVRC2012_val_00015462_n04542943,attn_entropy_bits,6.700697019
legacy_vits_registers,random200,n04542943/ILSVRC2012_val_00015462_n04542943,ring1_mass,0.198780803
legacy_vits_registers,random200,n04542943/ILSVRC2012_val_00015462_n04542943,uniform_ring1_mass,0.2244897959
legacy_vits_registers,random200,n04548280/ILSVRC2012_val_00033732_n04548280,attn_entropy_bits,5.441414446
legacy_vits_registers,random200,n04548280/ILSVRC2012_val_00033732_n04548280,ring1_mass,0.3127597639
legacy_vits_registers,random200,n04548280/ILSVRC2012_val_00033732_n04548280,uniform_ring1_mass,0.2244897959
legacy_vits_registers,random200,n04548362/ILSVRC2012_val_00003108_n04548362,attn_entropy_bits,6.51391101
legacy_vits_registers,random200,n04548362/ILSVRC2012_val_00003108_n04548362,ring1_mass,0.1807138605
legacy_vits_registers,random200,n04548362/ILSVRC2012_val_00003108_n04548362,uniform_ring1_mass,0.2244897959
legacy_vits_registers,random200,n04562935/ILSVRC2012_val_00032306_n04562935,attn_entropy_bits,6.301737876
legacy_vits_registers,random200,n04562935/ILSVRC2012_val_00032306_n04562935,ring1_mass,0.186311115
legacy_vits_registers,random200,n04562935/ILSVRC2012_val_00032306_n04562935,uniform_ring1_mass,0.2244897959
legacy_vits_registers,random200,n04597913/ILSVRC2012_val_00014544_n04597913,attn_entropy_bits,4.886039574
legacy_vits_registers,random200,n04597913/ILSVRC2012_val_00014544_n04597913,ring1_mass,0.2129198729
legacy_vits_registers,random200,n04597913/ILSVRC2012_val_00014544_n04597913,uniform_ring1_mass,0.2244897959
legacy_vits_registers,random200,n06596364/ILSVRC2012_val_00034905_n06596364,attn_entropy_bits,6.986003597
legacy_vits_registers,random200,n06596364/ILSVRC2012_val_00034905_n06596364,ring1_mass,0.227496324
legacy_vits_registers,random200,n06596364/ILSVRC2012_val_00034905_n06596364,uniform_ring1_mass,0.2244897959
legacy_vits_registers,random200,n07565083/ILSVRC2012_val_00010527_n07565083,attn_entropy_bits,6.443909986
legacy_vits_registers,random200,n07565083/ILSVRC2012_val_00010527_n07565083,ring1_mass,0.4085104739
legacy_vits_registers,random200,n07565083/ILSVRC2012_val_00010527_n07565083,uniform_ring1_mass,0.2244897959
legacy_vits_registers,random200,n07613480/ILSVRC2012_val_00019604_n07613480,attn_entropy_bits,2.859397696
legacy_vits_registers,random200,n07613480/ILSVRC2012_val_00019604_n07613480,ring1_mass,0.2593692068
legacy_vits_registers,random200,n07613480/ILSVRC2012_val_00019604_n07613480,uniform_ring1_mass,0.2244897959
legacy_vits_registers,random200,n07614500/ILSVRC2012_val_00014137_n07614500,attn_entropy_bits,6.802075688
legacy_vits_registers,random200,n07614500/ILSVRC2012_val_00014137_n07614500,ring1_mass,0.1563242126
legacy_vits_registers,random200,n07614500/ILSVRC2012_val_00014137_n07614500,uniform_ring1_mass,0.2244897959
legacy_vits_registers,random200,n07711569/ILSVRC2012_val_00013084_n07711569,attn_entropy_bits,3.90596193
legacy_vits_registers,random200,n07711569/ILSVRC2012_val_00013084_n07711569,ring1_mass,0.03323562827
legacy_vits_registers,random200,n07711569/ILSVRC2012_val_00013084_n07711569,uniform_ring1_mass,0.2244897959
legacy_vits_registers,random200,n07714990/ILSVRC2012_val_00023008_n07714990,attn_entropy_bits,3.905447338
legacy_vits_registers,random200,n07714990/ILSVRC2012_val_00023008_n07714990,ring1_mass,0.2521850332
legacy_vits_registers,random200,n07714990/ILSVRC2012_val_00023008_n07714990,uniform_ring1_mass,0.2244897959
legacy_vits_registers,random200,n07745940/ILSVRC2012_val_00033919_n07745940,attn_entropy_bits,6.716531826
legacy_vits_registers,random200,n07745940/ILSVRC2012_val_00033919_n07745940,ring1_mass,0.2428559967
legacy_vits_registers,random200,n07745940/ILSVRC2012_val_00033919_n07745940,uniform_ring1_mass,0.2244897959
legacy_vits_registers,random200,n07802026/ILSVRC2012_val_00005499_n07802026,attn_entropy_bits,4.926791474
legacy_vits_registers,random200,n07802026/ILSVRC2012_val_00005499_n07802026,ring1_mass,0.3283350581
legacy_vits_registers,random200,n07802026/ILSVRC2012_val_00005499_n07802026,uniform_ring1_mass,0.2244897959
legacy_vits_registers,random200,n09229709/ILSVRC2012_val_00010094_n09229709,attn_entropy_bits,4.733757115
legacy_vits_registers,random200,n09229709/ILSVRC2012_val_00010094_n09229709,ring1_mass,0.1317461472
legacy_vits_registers,random200,n09229709/ILSVRC2012_val_00010094_n09229709,uniform_ring1_mass,0.2244897959
legacy_vits_registers,random200,n09246464/ILSVRC2012_val_00001444_n09246464,attn_entropy_bits,6.287228693
legacy_vits_registers,random200,n09246464/ILSVRC2012_val_00001444_n09246464,ring1_mass,0.2618523653
legacy_vits_registers,random200,n09246464/ILSVRC2012_val_00001444_n09246464,uniform_ring1_mass,0.2244897959
legacy_vits_registers,random200,n09428293/ILSVRC2012_val_00028242_n09428293,attn_entropy_bits,6.49720757
legacy_vits_registers,random200,n09428293/ILSVRC2012_val_00028242_n09428293,ring1_mass,0.1409051528
legacy_vits_registers,random200,n09428293/ILSVRC2012_val_00028242_n09428293,uniform_ring1_mass,0.2244897959
legacy_vits_registers,random200,n12620546/ILSVRC2012_val_00023930_n12620546,attn_entropy_bits,5.810875869
legacy_vits_registers,random200,n12620546/ILSVRC2012_val_00023930_n12620546,ring1_mass,0.1104399018
legacy_vits_registers,random200,n12620546/ILSVRC2012_val_00023930_n12620546,uniform_ring1_mass,0.2244897959
legacy_vits_registers,random200,n13044778/ILSVRC2012_val_00019186_n13044778,attn_entropy_bits,4.161589116
legacy_vits_registers,random200,n13044778/ILSVRC2012_val_00019186_n13044778,ring1_mass,0.4880358385
legacy_vits_registers,random200,n13044778/ILSVRC2012_val_00019186_n13044778,uniform_ring1_mass,0.2244897959
