recipe,epoch,iter,layer,grad_phi_norm
mixup,0,0,0,5.196481288294308e-05
mixup,0,0,1,2.0174453311483376e-05
mixup,0,0,2,1.1052940863010008e-05
mixup,0,0,3,7.861903213779442e-06
mixup,0,0,4,7.1482609200757e-06
mixup,0,0,5,7.910772183095105e-06
mixup,0,0,6,1.1791375072789378e-05
mixup,0,0,7,5.328758106770692e-06
mixup,0,0,8,4.2123469938815106e-06
mixup,0,0,9,5.341667929315008e-06
mixup,0,0,10,3.635250322986394e-06
mixup,0,0,11,0.0
mixup,0,100,0,5.224532287684269e-05
mixup,0,100,1,1.4989373994467314e-05
mixup,0,100,2,1.8725744666880928e-05
mixup,0,100,3,8.225177225540392e-06
mixup,0,100,4,1.0749253306130413e-05
mixup,0,100,5,9.07202047528699e-06
mixup,0,100,6,8.555415661248844e-06
mixup,0,100,7,6.261775070015574e-06
mixup,0,100,8,5.981578851788072e-06
mixup,0,100,9,3.1361269066110253e-06
mixup,0,100,10,4.49049503004062e-06
mixup,0,100,11,0.0
mixup,0,200,0,4.473209992283955e-05
mixup,0,200,1,3.249209839850664e-05
mixup,0,200,2,1.39997573569417e-05
mixup,0,200,3,1.2198076547065284e-05
mixup,0,200,4,1.2301738934183959e-05
mixup,0,200,5,8.056756996666081e-06
mixup,0,200,6,6.367343303281814e-06
mixup,0,200,7,6.241465143830283e-06
mixup,0,200,8,5.2445457185967825e-06
mixup,0,200,9,4.205186996841803e-06
mixup,0,200,10,2.8085521535103908e-06
mixup,0,200,11,0.0
mixup,0,300,0,3.29956783389207e-05
mixup,0,300,1,2.6533813070273027e-05
mixup,0,300,2,1.2874399544671178e-05
mixup,0,300,3,1.697234620223753e-05
mixup,0,300,4,1.0609743185341358e-05
mixup,0,300,5,8.244621312769596e-06
mixup,0,300,6,5.411934125731932e-06
mixup,0,300,7,5.730344582843827e-06
mixup,0,300,8,4.775504294229904e-06
mixup,0,300,9,4.299748979974538e-06
mixup,0,300,10,2.59767170973646e-06
mixup,0,300,11,0.0
mixup,0,400,0,3.350372935528867e-05
mixup,0,400,1,2.7862903152708896e-05
mixup,0,400,2,1.8859203919419087e-05
mixup,0,400,3,1.3900389603804797e-05
mixup,0,400,4,1.229713325301418e-05
mixup,0,400,5,1.0502246368560009e-05
mixup,0,400,6,1.239355424331734e-05
mixup,0,400,7,7.109004855010426e-06
mixup,0,400,8,7.394210115307942e-06
mixup,0,400,9,3.982504495070316e-06
mixup,0,400,10,2.5399278911208967e-06
mixup,0,400,11,0.0
mixup,0,500,0,4.819516107090749e-05
mixup,0,500,1,1.629259713809006e-05
mixup,0,500,2,1.8795226424117573e-05
mixup,0,500,3,9.340793440060224e-06
mixup,0,500,4,7.756312697893009e-06
mixup,0,500,5,5.8616415117285214e-06
mixup,0,500,6,7.682840077904984e-06
mixup,0,500,7,1.0020452464232221e-05
mixup,0,500,8,4.680183792515891e-06
mixup,0,500,9,5.395472271629842e-06
mixup,0,500,10,2.6409586553199915e-06
mixup,0,500,11,0.0
mixup,0,600,0,3.658149944385514e-05
mixup,0,600,1,1.3440170732792467e-05
mixup,0,600,2,1.1340515811752994e-05
mixup,0,600,3,1.1571917639230378e-05
mixup,0,600,4,5.659755970555125e-06
mixup,0,600,5,1.0918397492787335e-05
mixup,0,600,6,7.878855285525788e-06
mixup,0,600,7,3.759113724299823e-06
mixup,0,600,8,4.532879302132642e-06
mixup,0,600,9,5.6059257076412905e-06
mixup,0,600,10,2.226680862804642e-06
mixup,0,600,11,0.0
mixup,0,700,0,5.8676589105743915e-05
mixup,0,700,1,2.5993329472839832e-05
mixup,0,700,2,1.764479929988738e-05
mixup,0,700,3,1.5008184163889382e-05
mixup,0,700,4,1.006505135592306e-05
mixup,0,700,5,1.0365854905103333e-05
mixup,0,700,6,9.14729116630042e-06
mixup,0,700,7,1.1918377822439652e-05
mixup,0,700,8,5.613710072793765e-06
mixup,0,700,9,4.365836957731517e-06
mixup,0,700,10,2.7923188099521212e-06
mixup,0,700,11,0.0
mixup,0,800,0,4.1618051909608766e-05
mixup,0,800,1,2.1718886273447424e-05
mixup,0,800,2,1.3783424947177991e-05
mixup,0,800,3,1.094042818294838e-05
mixup,0,800,4,7.142342838051263e-06
mixup,0,800,5,7.320768872887129e-06
mixup,0,800,6,4.982400241715368e-06
mixup,0,800,7,5.324704943632241e-06
mixup,0,800,8,3.947324785258388e-06
mixup,0,800,9,3.536886424626573e-06
mixup,0,800,10,1.290951217924885e-06
mixup,0,800,11,0.0
mixup,0,900,0,3.927499346900731e-05
mixup,0,900,1,3.3435284422012046e-05
mixup,0,900,2,1.4084039321460295e-05
mixup,0,900,3,1.2172142305644229e-05
mixup,0,900,4,7.569803528895136e-06
mixup,0,900,5,9.23861352930544e-06
mixup,0,900,6,4.307740709919017e-06
mixup,0,900,7,2.5529218419251265e-06
mixup,0,900,8,1.7561517324793385e-06
mixup,0,900,9,2.576206270532566e-06
mixup,0,900,10,1.5854764114919817e-06
mixup,0,900,11,0.0
mixup,0,1000,0,3.872617890010588e-05
mixup,0,1000,1,3.431352160987444e-05
mixup,0,1000,2,2.2901764168636873e-05
mixup,0,1000,3,1.6422653061454184e-05
mixup,0,1000,4,5.8249647736374754e-06
mixup,0,1000,5,6.360534825944342e-06
mixup,0,1000,6,3.797801355176489e-06
mixup,0,1000,7,2.6840370992431417e-06
mixup,0,1000,8,2.5350441319460515e-06
mixup,0,1000,9,2.19317644223338e-06
mixup,0,1000,10,9.336386597169621e-07
mixup,0,1000,11,0.0
mixup,0,1100,0,5.978904300718568e-05
mixup,0,1100,1,3.3769978472264484e-05
mixup,0,1100,2,2.2187163267517462e-05
mixup,0,1100,3,1.0766130799311213e-05
mixup,0,1100,4,9.775487342267297e-06
mixup,0,1100,5,6.407276032405207e-06
mixup,0,1100,6,3.1211784516926855e-06
mixup,0,1100,7,2.9287405141076306e-06
mixup,0,1100,8,2.5023216494446388e-06
mixup,0,1100,9,1.487022473156685e-06
mixup,0,1100,10,1.6716368236302515e-06
mixup,0,1100,11,0.0
mixup,0,1200,0,7.15140558895655e-05
mixup,0,1200,1,2.6260040613124147e-05
mixup,0,1200,2,1.0604264389257878e-05
mixup,0,1200,3,6.506997124233749e-06
mixup,0,1200,4,4.337224709161092e-06
mixup,0,1200,5,5.003482783649815e-06
mixup,0,1200,6,4.4312782847555354e-06
mixup,0,1200,7,3.320797077321913e-06
mixup,0,1200,8,1.0945591384370346e-06
mixup,0,1200,9,9.769854614205542e-07
mixup,0,1200,10,7.986594141584646e-07
mixup,0,1200,11,0.0
mixup,1,0,0,7.285997708095238e-05
mixup,1,0,1,2.8804566682083532e-05
mixup,1,0,2,2.5762530640349723e-05
mixup,1,0,3,1.8573866327642463e-05
mixup,1,0,4,9.257884812541306e-06
mixup,1,0,5,8.386528861592524e-06
mixup,1,0,6,4.2919609768432565e-06
mixup,1,0,7,3.168011062371079e-06
mixup,1,0,8,2.1370165086409543e-06
mixup,1,0,9,1.7544787169754272e-06
mixup,1,0,10,1.4971698192312033e-06
mixup,1,0,11,0.0
mixup,1,100,0,6.79677032167092e-05
mixup,1,100,1,2.5813047614065e-05
mixup,1,100,2,2.762901749520097e-05
mixup,1,100,3,1.3763840797764715e-05
mixup,1,100,4,5.672486622643191e-06
mixup,1,100,5,3.3164922115247464e-06
mixup,1,100,6,2.9539112347265473e-06
mixup,1,100,7,2.544783001212636e-06
mixup,1,100,8,1.2964281950189616e-06
mixup,1,100,9,2.063026158793946e-06
mixup,1,100,10,7.620387236784154e-07
mixup,1,100,11,0.0
mixup,1,200,0,8.01634814706631e-05
mixup,1,200,1,3.470929368631914e-05
mixup,1,200,2,3.084875788772479e-05
mixup,1,200,3,1.3052945178060327e-05
mixup,1,200,4,4.760781848744955e-06
mixup,1,200,5,3.6935148273187224e-06
mixup,1,200,6,2.6530851755524054e-06
mixup,1,200,7,2.2495107714348705e-06
mixup,1,200,8,2.038508455370902e-06
mixup,1,200,9,1.312986228185764e-06
mixup,1,200,10,7.438402462867089e-07
mixup,1,200,11,0.0
mixup,1,300,0,0.00011685997014865279
mixup,1,300,1,2.8524018489406444e-05
mixup,1,300,2,1.780448656063527e-05
mixup,1,300,3,7.115044354577549e-06
mixup,1,300,4,7.141023615986342e-06
mixup,1,300,5,2.6755947146739345e-06
mixup,1,300,6,2.833530288626207e-06
mixup,1,300,7,4.094741598237306e-06
mixup,1,300,8,1.87195746548241e-06
mixup,1,300,9,2.1373655272327596e-06
mixup,1,300,10,5.948714942860533e-07
mixup,1,300,11,0.0
mixup,1,400,0,0.00015100656310096383
mixup,1,400,1,3.444727190071717e-05
mixup,1,400,2,2.141929871868342e-05
mixup,1,400,3,9.473526006331667e-06
mixup,1,400,4,5.4300162446452305e-06
mixup,1,400,5,3.1984936867957003e-06
mixup,1,400,6,2.2162130335345864e-06
mixup,1,400,7,1.7109958889705013e-06
mixup,1,400,8,2.3565080482512712e-06
mixup,1,400,9,7.197760965027555e-07
mixup,1,400,10,1.0852166951735853e-06
mixup,1,400,11,0.0
mixup,1,500,0,0.00010863755596801639
mixup,1,500,1,7.013920549070463e-05
mixup,1,500,2,4.51917621830944e-05
mixup,1,500,3,9.659846909926273e-06
mixup,1,500,4,6.287151791184442e-06
mixup,1,500,5,2.4985606614791322e-06
mixup,1,500,6,2.946964741568081e-06
mixup,1,500,7,1.3640598126585246e-06
mixup,1,500,8,1.5212754078675061e-06
mixup,1,500,9,9.502690545559744e-07
mixup,1,500,10,8.268775104625092e-07
mixup,1,500,11,0.0
mixup,1,600,0,0.00012008428166154772
mixup,1,600,1,8.810686267679557e-05
mixup,1,600,2,4.55147928732913e-05
mixup,1,600,3,1.4417328202398494e-05
mixup,1,600,4,8.784574674791656e-06
mixup,1,600,5,5.3060834943607915e-06
mixup,1,600,6,3.1406721063831355e-06
mixup,1,600,7,2.683653519852669e-06
mixup,1,600,8,2.4420703539362876e-06
mixup,1,600,9,1.0991740282406681e-06
mixup,1,600,10,6.553019034072349e-07
mixup,1,600,11,0.0
mixup,1,700,0,0.00015284180699381977
mixup,1,700,1,5.830981535837054e-05
mixup,1,700,2,4.474193701753393e-05
mixup,1,700,3,8.706462722329888e-06
mixup,1,700,4,4.404067112773191e-06
mixup,1,700,5,3.1852669053478166e-06
mixup,1,700,6,2.8783449579350417e-06
mixup,1,700,7,1.5203412431219476e-06
mixup,1,700,8,2.038472985077533e-06
mixup,1,700,9,6.226773621165194e-07
mixup,1,700,10,9.984514690586366e-07
mixup,1,700,11,0.0
mixup,1,800,0,0.00015046635235194117
mixup,1,800,1,7.766458293190226e-05
mixup,1,800,2,5.292058995109983e-05
mixup,1,800,3,1.2795252587238792e-05
mixup,1,800,4,6.911441232659854e-06
mixup,1,800,5,2.4980483885883586e-06
mixup,1,800,6,2.7315152237861184e-06
mixup,1,800,7,1.4189513422024902e-06
mixup,1,800,8,8.208603503589984e-07
mixup,1,800,9,6.576735245289456e-07
mixup,1,800,10,3.929316108042258e-07
mixup,1,800,11,0.0
mixup,1,900,0,0.00019824030459858477
mixup,1,900,1,7.707094482611865e-05
mixup,1,900,2,3.272823596489616e-05
mixup,1,900,3,8.429191439063288e-06
mixup,1,900,4,5.282191523292568e-06
mixup,1,900,5,3.6929700399923604e-06
mixup,1,900,6,1.4901700069458457e-06
mixup,1,900,7,2.0255586150597082e-06
mixup,1,900,8,1.5689565771026537e-06
mixup,1,900,9,1.7857474858828937e-06
mixup,1,900,10,8.049968869272561e-07
mixup,1,900,11,0.0
mixup,1,1000,0,0.0002738088369369507
mixup,1,1000,1,0.00013552159362006932
mixup,1,1000,2,4.924780660076067e-05
mixup,1,1000,3,1.3394816960499156e-05
mixup,1,1000,4,8.253289706772193e-06
mixup,1,1000,5,3.5905470667785266e-06
mixup,1,1000,6,3.0834635253995657e-06
mixup,1,1000,7,2.8564979857037542e-06
mixup,1,1000,8,1.425123286935559e-06
mixup,1,1000,9,1.1719006351995631e-06
mixup,1,1000,10,5.896540642424952e-07
mixup,1,1000,11,0.0
mixup,1,1100,0,0.0002522297145333141
mixup,1,1100,1,0.00010286000178894028
mixup,1,1100,2,4.659260230255313e-05
mixup,1,1100,3,1.4881587958370801e-05
mixup,1,1100,4,6.892137207614724e-06
mixup,1,1100,5,2.5488093342573848e-06
mixup,1,1100,6,2.2679266749037197e-06
mixup,1,1100,7,1.6634437542961678e-06
mixup,1,1100,8,1.2770235571224475e-06
mixup,1,1100,9,9.694175560071017e-07
mixup,1,1100,10,6.953660545150342e-07
mixup,1,1100,11,0.0
mixup,1,1200,0,0.00029814295703545213
mixup,1,1200,1,0.00013838629820384085
mixup,1,1200,2,5.578955460805446e-05
mixup,1,1200,3,2.476834924891591e-05
mixup,1,1200,4,8.376649020647164e-06
mixup,1,1200,5,3.839198143396061e-06
mixup,1,1200,6,2.5232607185898814e-06
mixup,1,1200,7,1.4158666772345896e-06
mixup,1,1200,8,1.7739831719154608e-06
mixup,1,1200,9,8.692599635651277e-07
mixup,1,1200,10,4.4204622895449575e-07
mixup,1,1200,11,0.0
mixup,2,0,0,0.00024308782303705812
mixup,2,0,1,0.00011782548972405493
mixup,2,0,2,5.8227578847436234e-05
mixup,2,0,3,1.5082754543982446e-05
mixup,2,0,4,5.936979960097233e-06
mixup,2,0,5,3.5911891700379783e-06
mixup,2,0,6,2.8192216632305644e-06
mixup,2,0,7,1.9802073438768275e-06
mixup,2,0,8,8.826713724374713e-07
mixup,2,0,9,9.882608082989464e-07
mixup,2,0,10,6.543170911754714e-07
mixup,2,0,11,0.0
mixup,2,100,0,0.0002390419103903696
mixup,2,100,1,0.0001462579530198127
mixup,2,100,2,7.809329690644518e-05
mixup,2,100,3,2.9435263058985583e-05
mixup,2,100,4,6.874941846035654e-06
mixup,2,100,5,3.183810122209252e-06
mixup,2,100,6,3.0797323233855423e-06
mixup,2,100,7,1.6837732346175471e-06
mixup,2,100,8,9.563443654769799e-07
mixup,2,100,9,7.438705438289617e-07
mixup,2,100,10,6.361864279824658e-07
mixup,2,100,11,0.0
mixup,2,200,0,0.00027540267910808325
mixup,2,200,1,0.00013618145021609962
mixup,2,200,2,6.714004121022299e-05
mixup,2,200,3,2.948126166302245e-05
mixup,2,200,4,7.859962352085859e-06
mixup,2,200,5,3.785743047046708e-06
mixup,2,200,6,2.2037213511794107e-06
mixup,2,200,7,2.003989266086137e-06
mixup,2,200,8,1.4108137520452146e-06
mixup,2,200,9,6.234743636923668e-07
mixup,2,200,10,7.811116802258766e-07
mixup,2,200,11,0.0
mixup,2,300,0,0.00016690568008925766
mixup,2,300,1,0.00010642553388606757
mixup,2,300,2,6.076644785935059e-05
mixup,2,300,3,2.1027513867011294e-05
mixup,2,300,4,7.32756643628818e-06
mixup,2,300,5,4.0372988223680295e-06
mixup,2,300,6,2.0189538645354332e-06
mixup,2,300,7,1.0706399962145952e-06
mixup,2,300,8,1.0253168056806317e-06
mixup,2,300,9,6.396213052539679e-07
mixup,2,300,10,2.4051678337855265e-07
mixup,2,300,11,0.0
mixup,2,400,0,0.00031450303504243493
mixup,2,400,1,0.00014095610822550952
mixup,2,400,2,0.00010324141476303339
mixup,2,400,3,3.458411083556712e-05
mixup,2,400,4,8.907301889848895e-06
mixup,2,400,5,5.93656795899733e-06
mixup,2,400,6,2.5340755200886633e-06
mixup,2,400,7,2.3848344881116645e-06
mixup,2,400,8,1.3847595710103633e-06
mixup,2,400,9,1.0475279168531415e-06
mixup,2,400,10,4.54419478046475e-07
mixup,2,400,11,0.0
mixup,2,500,0,0.00033677287865430117
mixup,2,500,1,0.0001942218659678474
mixup,2,500,2,0.00010839050082722679
mixup,2,500,3,3.57652097591199e-05
mixup,2,500,4,1.4387699593498837e-05
mixup,2,500,5,4.158463070780272e-06
mixup,2,500,6,2.3173461158876307e-06
mixup,2,500,7,1.4245003967516823e-06
mixup,2,500,8,9.296400094171986e-07
mixup,2,500,9,7.413925686705625e-07
mixup,2,500,10,4.1734429601092415e-07
mixup,2,500,11,0.0
mixup,2,600,0,0.000308416347252205
mixup,2,600,1,0.0001351901883026585
mixup,2,600,2,8.154556417139247e-05
mixup,2,600,3,2.7385569410398602e-05
mixup,2,600,4,9.425886673852801e-06
mixup,2,600,5,3.314672994747525e-06
mixup,2,600,6,2.418033318463131e-06
mixup,2,600,7,1.8751928791971295e-06
mixup,2,600,8,1.0113918733622995e-06
mixup,2,600,9,4.79505104067357e-07
mixup,2,600,10,3.0335598921737983e-07
mixup,2,600,11,0.0
mixup,2,700,0,0.0003093237173743546
mixup,2,700,1,0.00014390793512575328
mixup,2,700,2,9.989735553972423e-05
mixup,2,700,3,3.9696544263279065e-05
mixup,2,700,4,1.3316734111867845e-05
mixup,2,700,5,4.875662853009999e-06
mixup,2,700,6,3.2429070415673777e-06
mixup,2,700,7,1.4725170558449463e-06
mixup,2,700,8,9.140430847764947e-07
mixup,2,700,9,5.100232556287665e-07
mixup,2,700,10,2.8959115638826916e-07
mixup,2,700,11,0.0
mixup,2,800,0,0.00031559489434584975
mixup,2,800,1,0.00017189348000101745
mixup,2,800,2,9.706697164801881e-05
mixup,2,800,3,4.320646985433996e-05
mixup,2,800,4,1.6426623915322125e-05
mixup,2,800,5,5.572740974457702e-06
mixup,2,800,6,2.761683845164953e-06
mixup,2,800,7,1.7206152733706404e-06
mixup,2,800,8,1.3899242503612186e-06
mixup,2,800,9,1.070508119482838e-06
mixup,2,800,10,2.885760181925434e-07
mixup,2,800,11,0.0
mixup,2,900,0,0.000429467239882797
mixup,2,900,1,0.00021281014778651297
mixup,2,900,2,0.00014604520401917398
mixup,2,900,3,6.06717039772775e-05
mixup,2,900,4,2.4719754947000183e-05
mixup,2,900,5,9.104757737077307e-06
mixup,2,900,6,4.485323188418988e-06
mixup,2,900,7,2.3736149614705937e-06
mixup,2,900,8,1.185149017146614e-06
mixup,2,900,9,8.632179628875747e-07
mixup,2,900,10,4.801241857421701e-07
mixup,2,900,11,0.0
mixup,2,1000,0,0.00037353442166931927
mixup,2,1000,1,0.00022047318634577096
mixup,2,1000,2,0.00011588131019379944
mixup,2,1000,3,5.4067706514615566e-05
mixup,2,1000,4,2.532744656491559e-05
mixup,2,1000,5,7.395572538371198e-06
mixup,2,1000,6,3.6741837448062142e-06
mixup,2,1000,7,1.519108991487883e-06
mixup,2,1000,8,9.515591159470205e-07
mixup,2,1000,9,5.570941539190244e-07
mixup,2,1000,10,3.332063158723031e-07
mixup,2,1000,11,0.0
mixup,2,1100,0,0.00041490269359201193
mixup,2,1100,1,0.00026103577692992985
mixup,2,1100,2,0.00015772951883263886
mixup,2,1100,3,6.749018939444795e-05
mixup,2,1100,4,3.8245838368311524e-05
mixup,2,1100,5,1.3013579518883489e-05
mixup,2,1100,6,6.569658125954447e-06
mixup,2,1100,7,2.9502625693567097e-06
mixup,2,1100,8,1.1969859770033509e-06
mixup,2,1100,9,9.75949888015748e-07
mixup,2,1100,10,5.063454295850534e-07
mixup,2,1100,11,0.0
mixup,2,1200,0,0.00045827028225176036
mixup,2,1200,1,0.00027684067026712
mixup,2,1200,2,0.00016919239715207368
mixup,2,1200,3,7.974068284966052e-05
mixup,2,1200,4,4.4846980017609894e-05
mixup,2,1200,5,1.6571480955462903e-05
mixup,2,1200,6,6.857786502223462e-06
mixup,2,1200,7,2.777045892798924e-06
mixup,2,1200,8,1.515608346380759e-06
mixup,2,1200,9,1.1338055401211022e-06
mixup,2,1200,10,5.633643809233035e-07
mixup,2,1200,11,0.0
mixup,3,0,0,0.0006001889705657959
mixup,3,0,1,0.0003608388942666352
mixup,3,0,2,0.0002183754404541105
mixup,3,0,3,0.00010756788105936721
mixup,3,0,4,6.232310261111706e-05
mixup,3,0,5,2.0953286366420798e-05
mixup,3,0,6,1.0963709428324364e-05
mixup,3,0,7,3.459424988250248e-06
mixup,3,0,8,2.061982286249986e-06
mixup,3,0,9,1.7004894061756204e-06
mixup,3,0,10,8.649993219478347e-07
mixup,3,0,11,0.0
mixup,3,100,0,0.0004794023698195815
mixup,3,100,1,0.000293619028525427
mixup,3,100,2,0.00018507876666262746
mixup,3,100,3,8.487051673000678e-05
mixup,3,100,4,6.319060048554093e-05
mixup,3,100,5,1.8988952433574013e-05
mixup,3,100,6,9.337388291896787e-06
mixup,3,100,7,3.851084329653531e-06
mixup,3,100,8,1.7178260804939782e-06
mixup,3,100,9,1.1786578397732228e-06
mixup,3,100,10,6.068926836633182e-07
mixup,3,100,11,0.0
mixup,3,200,0,0.0002720289339777082
mixup,3,200,1,0.00017598124395590276
mixup,3,200,2,0.00011815274046966806
mixup,3,200,3,5.384533142205328e-05
mixup,3,200,4,3.4466454962966964e-05
mixup,3,200,5,1.1936386727029458e-05
mixup,3,200,6,6.8000590545125306e-06
mixup,3,200,7,1.983445145015139e-06
mixup,3,200,8,1.578397018420219e-06
mixup,3,200,9,5.492171339938068e-07
mixup,3,200,10,3.073240009143774e-07
mixup,3,200,11,0.0
mixup,3,300,0,0.00045768561540171504
mixup,3,300,1,0.00031910493271425366
mixup,3,300,2,0.0002038261154666543
mixup,3,300,3,9.240285726264119e-05
mixup,3,300,4,6.286092684604228e-05
mixup,3,300,5,1.8447537513566203e-05
mixup,3,300,6,9.350577784061898e-06
mixup,3,300,7,3.3257947507081553e-06
mixup,3,300,8,1.6600681647105375e-06
mixup,3,300,9,6.887827339596697e-07
mixup,3,300,10,5.70945815070445e-07
mixup,3,300,11,0.0
mixup,3,400,0,0.0005300409975461662
mixup,3,400,1,0.00034615080221556127
mixup,3,400,2,0.0002018932718783617
mixup,3,400,3,0.00010619131353450939
mixup,3,400,4,7.259246922330931e-05
mixup,3,400,5,2.336568468308542e-05
mixup,3,400,6,1.4352898688230198e-05
mixup,3,400,7,4.540930603980087e-06
mixup,3,400,8,1.5206389889499405e-06
mixup,3,400,9,9.454308838030556e-07
mixup,3,400,10,5.848774549122027e-07
mixup,3,400,11,0.0
mixup,3,500,0,0.000626648950856179
mixup,3,500,1,0.00048313153092749417
mixup,3,500,2,0.0002713233989197761
mixup,3,500,3,0.00013788270007353276
mixup,3,500,4,0.00010243339784210548
mixup,3,500,5,3.659180219983682e-05
mixup,3,500,6,1.981488094315864e-05
mixup,3,500,7,7.644252946192864e-06
mixup,3,500,8,3.5666130315803457e-06
mixup,3,500,9,1.6903320556593826e-06
mixup,3,500,10,8.877418053998554e-07
mixup,3,500,11,0.0
mixup,3,600,0,0.00045241069165058434
mixup,3,600,1,0.0003459180297795683
mixup,3,600,2,0.00019455316942185163
mixup,3,600,3,9.63382626650855e-05
mixup,3,600,4,7.33956549083814e-05
mixup,3,600,5,3.147121606161818e-05
mixup,3,600,6,1.4366828509082552e-05
mixup,3,600,7,5.471500571729848e-06
mixup,3,600,8,2.301100266777212e-06
mixup,3,600,9,1.2667890132433968e-06
mixup,3,600,10,7.672987294427003e-07
mixup,3,600,11,0.0
mixup,3,700,0,0.00041115612839348614
mixup,3,700,1,0.0002878400555346161
mixup,3,700,2,0.00017096661031246185
mixup,3,700,3,8.769406849751249e-05
mixup,3,700,4,6.121015030657873e-05
mixup,3,700,5,2.5021337933139876e-05
mixup,3,700,6,1.2985640751139726e-05
mixup,3,700,7,5.710592176910723e-06
mixup,3,700,8,2.117467374773696e-06
mixup,3,700,9,1.1373639381417888e-06
mixup,3,700,10,6.784130732739868e-07
mixup,3,700,11,0.0
mixup,3,800,0,0.00029418832855299115
mixup,3,800,1,0.0002529065532144159
mixup,3,800,2,0.0001411605189787224
mixup,3,800,3,7.716811524005607e-05
mixup,3,800,4,5.392252205638215e-05
mixup,3,800,5,2.5014498532982543e-05
mixup,3,800,6,1.3331521586223971e-05
mixup,3,800,7,5.75587228013319e-06
mixup,3,800,8,2.363253770454321e-06
mixup,3,800,9,1.2911934845760697e-06
mixup,3,800,10,6.955207254577545e-07
mixup,3,800,11,0.0
mixup,3,900,0,0.0006243555108085275
mixup,3,900,1,0.0004342614847701043
mixup,3,900,2,0.0002662259212229401
mixup,3,900,3,0.00015559690655209124
mixup,3,900,4,0.00011669256491586566
mixup,3,900,5,5.27621632500086e-05
mixup,3,900,6,2.782487717922777e-05
mixup,3,900,7,1.2698235877905972e-05
mixup,3,900,8,4.526248631009366e-06
mixup,3,900,9,2.146738552255556e-06
mixup,3,900,10,1.2603354662132915e-06
mixup,3,900,11,0.0
mixup,3,1000,0,0.0005092202918604016
mixup,3,1000,1,0.0004256882530171424
mixup,3,1000,2,0.0002587626513559371
mixup,3,1000,3,0.00014525528240483254
mixup,3,1000,4,0.00010164148989133537
mixup,3,1000,5,4.663175786845386e-05
mixup,3,1000,6,2.9898626962676644e-05
mixup,3,1000,7,1.2098209481337108e-05
mixup,3,1000,8,5.832812348671723e-06
mixup,3,1000,9,2.4929552182584302e-06
mixup,3,1000,10,1.6108494946820429e-06
mixup,3,1000,11,0.0
mixup,3,1100,0,0.0005316726164892316
mixup,3,1100,1,0.0004924327949993312
mixup,3,1100,2,0.00027518594288267195
mixup,3,1100,3,0.00015868552145548165
mixup,3,1100,4,0.00012868245539721102
mixup,3,1100,5,5.455991777125746e-05
mixup,3,1100,6,3.305530844954774e-05
mixup,3,1100,7,1.846474697231315e-05
mixup,3,1100,8,5.85990164836403e-06
mixup,3,1100,9,2.5277386157540604e-06
mixup,3,1100,10,1.5093798992893426e-06
mixup,3,1100,11,0.0
mixup,3,1200,0,0.00044722025631926954
mixup,3,1200,1,0.000382734666345641
mixup,3,1200,2,0.00021827741875313222
mixup,3,1200,3,0.00013055141607765108
mixup,3,1200,4,0.00010850538819795474
mixup,3,1200,5,4.868623364018276e-05
mixup,3,1200,6,3.275326525908895e-05
mixup,3,1200,7,1.6722666259738617e-05
mixup,3,1200,8,6.565518560819328e-06
mixup,3,1200,9,2.9092420845699962e-06
mixup,3,1200,10,1.9437557057244703e-06
mixup,3,1200,11,0.0
mixup,4,0,0,0.0005647121579386294
mixup,4,0,1,0.00046143922372721136
mixup,4,0,2,0.0002578857820481062
mixup,4,0,3,0.00015170032565947622
mixup,4,0,4,0.00012668153794948012
mixup,4,0,5,5.665428761858493e-05
mixup,4,0,6,3.1060513720149174e-05
mixup,4,0,7,1.723312379908748e-05
mixup,4,0,8,7.323651516344398e-06
mixup,4,0,9,3.6340434235171415e-06
mixup,4,0,10,2.5103722691710573e-06
mixup,4,0,11,0.0
mixup,4,100,0,0.0007726282346993685
mixup,4,100,1,0.0006532768020406365
mixup,4,100,2,0.0003567076928447932
mixup,4,100,3,0.00020498539379332215
mixup,4,100,4,0.00017210539954248816
mixup,4,100,5,7.581057434435934e-05
mixup,4,100,6,4.8361445806222036e-05
mixup,4,100,7,2.647975634317845e-05
mixup,4,100,8,1.1065862054238096e-05
mixup,4,100,9,5.120671175973257e-06
mixup,4,100,10,3.955513875553152e-06
mixup,4,100,11,0.0
mixup,4,200,0,0.000624707667157054
mixup,4,200,1,0.0006145662628114223
mixup,4,200,2,0.00032207436743192375
mixup,4,200,3,0.00018812355119735003
mixup,4,200,4,0.00014958008250687271
mixup,4,200,5,7.839613681426272e-05
mixup,4,200,6,4.95735730510205e-05
mixup,4,200,7,2.7297721317154355e-05
mixup,4,200,8,1.1786905815824866e-05
mixup,4,200,9,5.685835276381113e-06
mixup,4,200,10,3.6664603157987585e-06
mixup,4,200,11,0.0
mixup,4,300,0,0.0006874173996038735
mixup,4,300,1,0.0005883355042897165
mixup,4,300,2,0.00032204558374360204
mixup,4,300,3,0.00018090193043462932
mixup,4,300,4,0.00015796403749845922
mixup,4,300,5,7.400786853395402e-05
mixup,4,300,6,4.9972593842539936e-05
mixup,4,300,7,2.3069782400853e-05
mixup,4,300,8,1.02635476650903e-05
mixup,4,300,9,5.687314114766195e-06
mixup,4,300,10,3.917481990356464e-06
mixup,4,300,11,0.0
mixup,4,400,0,0.0007035058806650341
mixup,4,400,1,0.0006761593394912779
mixup,4,400,2,0.00035850354470312595
mixup,4,400,3,0.0002003199770115316
mixup,4,400,4,0.00019019312458112836
mixup,4,400,5,9.250491712009534e-05
mixup,4,400,6,6.31963339401409e-05
mixup,4,400,7,3.2168347388505936e-05
mixup,4,400,8,1.7823178495746106e-05
mixup,4,400,9,8.966522727860138e-06
mixup,4,400,10,6.7565815697889775e-06
mixup,4,400,11,0.0
mixup,4,500,0,0.0007701422437094152
mixup,4,500,1,0.0007363749318756163
mixup,4,500,2,0.00034811842488124967
mixup,4,500,3,0.00022581082885153592
mixup,4,500,4,0.000198389810975641
mixup,4,500,5,9.62347985478118e-05
mixup,4,500,6,6.61259182379581e-05
mixup,4,500,7,3.289227606728673e-05
mixup,4,500,8,1.660011002968531e-05
mixup,4,500,9,9.00885606824886e-06
mixup,4,500,10,5.862818397872616e-06
mixup,4,500,11,0.0
mixup,4,600,0,0.0005854824557900429
mixup,4,600,1,0.0006573403370566666
mixup,4,600,2,0.00029593840008601546
mixup,4,600,3,0.00017616647528484464
mixup,4,600,4,0.0001421608467353508
mixup,4,600,5,8.169169450411573e-05
mixup,4,600,6,5.183809480513446e-05
mixup,4,600,7,2.783004856610205e-05
mixup,4,600,8,1.5648874978069216e-05
mixup,4,600,9,7.079979695845395e-06
mixup,4,600,10,4.985118266631616e-06
mixup,4,600,11,0.0
mixup,4,700,0,0.0006607372779399157
mixup,4,700,1,0.0006693770992569625
mixup,4,700,2,0.00035545494756661355
mixup,4,700,3,0.00024353453773073852
mixup,4,700,4,0.00021987965737935156
mixup,4,700,5,9.32506809476763e-05
mixup,4,700,6,6.683351239189506e-05
mixup,4,700,7,3.8455349567811936e-05
mixup,4,700,8,1.9233517377870157e-05
mixup,4,700,9,1.0849552381841931e-05
mixup,4,700,10,7.410728812828893e-06
mixup,4,700,11,0.0
mixup,4,800,0,0.0004869874392170459
mixup,4,800,1,0.0005335703608579934
mixup,4,800,2,0.0002802955568768084
mixup,4,800,3,0.00017947531887330115
mixup,4,800,4,0.00015057482232805341
mixup,4,800,5,8.099495607893914e-05
mixup,4,800,6,5.4331798310158774e-05
mixup,4,800,7,3.098445449722931e-05
mixup,4,800,8,1.5098138646862935e-05
mixup,4,800,9,7.743939022475388e-06
mixup,4,800,10,4.7766052375664e-06
mixup,4,800,11,0.0
mixup,4,900,0,0.0005460117827169597
mixup,4,900,1,0.0006008648779243231
mixup,4,900,2,0.00032347626984119415
mixup,4,900,3,0.00018202202045358717
mixup,4,900,4,0.00016762979794293642
mixup,4,900,5,8.445380080956966e-05
mixup,4,900,6,5.4841064411448315e-05
mixup,4,900,7,3.18507372867316e-05
mixup,4,900,8,1.8102691683452576e-05
mixup,4,900,9,9.816658348427154e-06
mixup,4,900,10,6.571134690602776e-06
mixup,4,900,11,0.0
mixup,4,1000,0,0.0006382365827448666
mixup,4,1000,1,0.0006844309973530471
mixup,4,1000,2,0.00036550353979691863
mixup,4,1000,3,0.0001928982965182513
mixup,4,1000,4,0.0001874728041002527
mixup,4,1000,5,0.00010775447299238294
mixup,4,1000,6,7.4494477303233e-05
mixup,4,1000,7,4.3922002078033984e-05
mixup,4,1000,8,2.6169505872530863e-05
mixup,4,1000,9,1.3509127711586189e-05
mixup,4,1000,10,1.0372760698373895e-05
mixup,4,1000,11,0.0
mixup,4,1100,0,0.0005825214320793748
mixup,4,1100,1,0.0006507521029561758
mixup,4,1100,2,0.0003092107072006911
mixup,4,1100,3,0.00018133694538846612
mixup,4,1100,4,0.0001678394473856315
mixup,4,1100,5,9.707151912152767e-05
mixup,4,1100,6,6.453902460634708e-05
mixup,4,1100,7,3.477340578683652e-05
mixup,4,1100,8,2.0271660105208866e-05
mixup,4,1100,9,1.0860779184440617e-05
mixup,4,1100,10,7.2433435889252e-06
mixup,4,1100,11,0.0
mixup,4,1200,0,0.0008446354186162353
mixup,4,1200,1,0.0010091998847201467
mixup,4,1200,2,0.00045788323041051626
mixup,4,1200,3,0.00029370057745836675
mixup,4,1200,4,0.0002493616775609553
mixup,4,1200,5,0.00014942459529265761
mixup,4,1200,6,0.00010082100197905675
mixup,4,1200,7,6.020132059347816e-05
mixup,4,1200,8,3.473662945907563e-05
mixup,4,1200,9,1.9464931028778665e-05
mixup,4,1200,10,1.2160865480836947e-05
mixup,4,1200,11,0.0
mixup,5,0,0,0.0008577966364100575
mixup,5,0,1,0.0009578955941833556
mixup,5,0,2,0.00043537761666812
mixup,5,0,3,0.00027164441416971385
mixup,5,0,4,0.000249017117312178
mixup,5,0,5,0.00014636595733463764
mixup,5,0,6,0.00010211103654000908
mixup,5,0,7,6.325220601866022e-05
mixup,5,0,8,3.373036452103406e-05
mixup,5,0,9,2.15105992538156e-05
mixup,5,0,10,1.2836373571190052e-05
mixup,5,0,11,0.0
mixup,5,100,0,0.0006780048715882003
mixup,5,100,1,0.0008483839919790626
mixup,5,100,2,0.00035405822563916445
mixup,5,100,3,0.00022760219871997833
mixup,5,100,4,0.00018851323693525046
mixup,5,100,5,0.0001269378262804821
mixup,5,100,6,8.954299846664071e-05
mixup,5,100,7,5.3127991122892126e-05
mixup,5,100,8,3.212039518984966e-05
mixup,5,100,9,1.776293538569007e-05
mixup,5,100,10,1.1081069715146441e-05
mixup,5,100,11,0.0
mixup,5,200,0,0.0009445617906749249
mixup,5,200,1,0.001107842312194407
mixup,5,200,2,0.0005141317378729582
mixup,5,200,3,0.0003102112386841327
mixup,5,200,4,0.00029271989478729665
mixup,5,200,5,0.00018198363250121474
mixup,5,200,6,0.0001327820646110922
mixup,5,200,7,7.75740118115209e-05
mixup,5,200,8,5.0452628784114495e-05
mixup,5,200,9,2.7778325602412224e-05
mixup,5,200,10,1.6986130503937602e-05
mixup,5,200,11,0.0
mixup,5,300,0,0.0009501908207312226
mixup,5,300,1,0.0012436711695045233
mixup,5,300,2,0.0005047377781011164
mixup,5,300,3,0.0002911318151745945
mixup,5,300,4,0.00028240057872608304
mixup,5,300,5,0.00015824049478396773
mixup,5,300,6,0.00011927438026759773
mixup,5,300,7,7.132567407097667e-05
mixup,5,300,8,4.3263837142148986e-05
mixup,5,300,9,2.1573823687504046e-05
mixup,5,300,10,1.5070878362166695e-05
mixup,5,300,11,0.0
mixup,5,400,0,0.0008913587080314755
mixup,5,400,1,0.001063672243617475
mixup,5,400,2,0.00045468402095139027
mixup,5,400,3,0.0003069817030336708
mixup,5,400,4,0.0002560676075518131
mixup,5,400,5,0.0001704050664557144
mixup,5,400,6,0.00012482488818932325
mixup,5,400,7,6.952613330213353e-05
mixup,5,400,8,3.917053254554048e-05
mixup,5,400,9,2.3523596610175446e-05
mixup,5,400,10,1.3537221093429253e-05
mixup,5,400,11,0.0
mixup,5,500,0,0.0012419376289471984
mixup,5,500,1,0.0013436884619295597
mixup,5,500,2,0.0006219817441888154
mixup,5,500,3,0.00040634392644278705
mixup,5,500,4,0.0003540754260029644
mixup,5,500,5,0.00021029359777458012
mixup,5,500,6,0.00015273220196831971
mixup,5,500,7,9.293512994190678e-05
mixup,5,500,8,5.7567202020436525e-05
mixup,5,500,9,3.227403431083076e-05
mixup,5,500,10,2.160880103474483e-05
mixup,5,500,11,0.0
mixup,5,600,0,0.0013128878781571984
mixup,5,600,1,0.0013415010180324316
mixup,5,600,2,0.0007294994429685175
mixup,5,600,3,0.00042433387716300786
mixup,5,600,4,0.00042027904419228435
mixup,5,600,5,0.0002375038166064769
mixup,5,600,6,0.00015867935144342482
mixup,5,600,7,9.511135431239381e-05
mixup,5,600,8,5.9382222389103845e-05
mixup,5,600,9,3.251477755839005e-05
mixup,5,600,10,1.997792969632428e-05
mixup,5,600,11,0.0
mixup,5,700,0,0.0011007526190951467
mixup,5,700,1,0.0012965499190613627
mixup,5,700,2,0.0006371762719936669
mixup,5,700,3,0.00037604596582241356
mixup,5,700,4,0.0003243247920181602
mixup,5,700,5,0.00021250081772450358
mixup,5,700,6,0.00015386496670544147
mixup,5,700,7,9.00929153431207e-05
mixup,5,700,8,5.429713928606361e-05
mixup,5,700,9,3.117345113423653e-05
mixup,5,700,10,2.0222931198077276e-05
mixup,5,700,11,0.0
mixup,5,800,0,0.0009603219223208725
mixup,5,800,1,0.0010205787839367986
mixup,5,800,2,0.0005584928439930081
mixup,5,800,3,0.0003226138069294393
mixup,5,800,4,0.0003278514777775854
mixup,5,800,5,0.00020143447909504175
mixup,5,800,6,0.00014297408051788807
mixup,5,800,7,9.056986164068803e-05
mixup,5,800,8,5.965713717159815e-05
mixup,5,800,9,3.146473318338394e-05
mixup,5,800,10,2.1230172933428548e-05
mixup,5,800,11,0.0
mixup,5,900,0,0.0009151900885626674
mixup,5,900,1,0.0011852196184918284
mixup,5,900,2,0.0005741624045185745
mixup,5,900,3,0.0003526149957906455
mixup,5,900,4,0.00030095127294771373
mixup,5,900,5,0.0001853040448622778
mixup,5,900,6,0.000137183305923827
mixup,5,900,7,8.46555340103805e-05
mixup,5,900,8,5.3505300456890836e-05
mixup,5,900,9,3.132595884380862e-05
mixup,5,900,10,1.784403320925776e-05
mixup,5,900,11,0.0
mixup,5,1000,0,0.0012873508967459202
mixup,5,1000,1,0.0015370134497061372
mixup,5,1000,2,0.0007926421822048724
mixup,5,1000,3,0.00046882129390724003
mixup,5,1000,4,0.0004668600740842521
mixup,5,1000,5,0.000305697089061141
mixup,5,1000,6,0.00020040346134919673
mixup,5,1000,7,0.0001311043743044138
mixup,5,1000,8,7.841539627406746e-05
mixup,5,1000,9,4.679587800637819e-05
mixup,5,1000,10,2.9847764380974695e-05
mixup,5,1000,11,0.0
mixup,5,1100,0,0.0011102826101705432
mixup,5,1100,1,0.001263595069758594
mixup,5,1100,2,0.0006718235090374947
mixup,5,1100,3,0.00038049163413234055
mixup,5,1100,4,0.0003505683271214366
mixup,5,1100,5,0.0002133950765710324
mixup,5,1100,6,0.0001799036399461329
mixup,5,1100,7,0.00011120715498691425
mixup,5,1100,8,6.310660683084279e-05
mixup,5,1100,9,3.650600046967156e-05
mixup,5,1100,10,2.054168544418644e-05
mixup,5,1100,11,0.0
mixup,5,1200,0,0.0012137660523876548
mixup,5,1200,1,0.0013309121131896973
mixup,5,1200,2,0.0006961515755392611
mixup,5,1200,3,0.00040250367601402104
mixup,5,1200,4,0.00039869456668384373
mixup,5,1200,5,0.0002549974014982581
mixup,5,1200,6,0.0001828419481171295
mixup,5,1200,7,0.0001047905461746268
mixup,5,1200,8,6.613359437324107e-05
mixup,5,1200,9,3.866582119371742e-05
mixup,5,1200,10,2.6367100872448646e-05
mixup,5,1200,11,0.0
mixup,6,0,0,0.0010352799436077476
mixup,6,0,1,0.0012456036638468504
mixup,6,0,2,0.0006135677685961127
mixup,6,0,3,0.0003871354565490037
mixup,6,0,4,0.0003529032110236585
mixup,6,0,5,0.00021519616711884737
mixup,6,0,6,0.00016073875303845853
mixup,6,0,7,0.00010216025111731142
mixup,6,0,8,6.324677815428004e-05
mixup,6,0,9,3.7537916796281934e-05
mixup,6,0,10,2.3546495867776684e-05
mixup,6,0,11,0.0
mixup,6,100,0,0.000952226750086993
mixup,6,100,1,0.0010916601167991757
mixup,6,100,2,0.0005694255814887583
mixup,6,100,3,0.0003247650747653097
mixup,6,100,4,0.00035430985735729337
mixup,6,100,5,0.00019765070464927703
mixup,6,100,6,0.00015107792569324374
mixup,6,100,7,8.274341962533072e-05
mixup,6,100,8,5.165158654563129e-05
mixup,6,100,9,3.409400596865453e-05
mixup,6,100,10,1.8121078028343618e-05
mixup,6,100,11,0.0
mixup,6,200,0,0.0014902424300089478
mixup,6,200,1,0.0018609310500323772
mixup,6,200,2,0.0008389390422962606
mixup,6,200,3,0.0005083270370960236
mixup,6,200,4,0.0005479643004946411
mixup,6,200,5,0.0003350135521031916
mixup,6,200,6,0.00023986055748537183
mixup,6,200,7,0.00013799674343317747
mixup,6,200,8,9.31766553549096e-05
mixup,6,200,9,4.999585871701129e-05
mixup,6,200,10,3.2417163311038166e-05
mixup,6,200,11,0.0
mixup,6,300,0,0.0009470036602579057
mixup,6,300,1,0.0012843982549384236
mixup,6,300,2,0.0006559961475431919
mixup,6,300,3,0.0003350328770466149
mixup,6,300,4,0.0004384086059872061
mixup,6,300,5,0.00023762340424582362
mixup,6,300,6,0.00018870324129238725
mixup,6,300,7,9.94993606582284e-05
mixup,6,300,8,6.421866419259459e-05
mixup,6,300,9,3.764083157875575e-05
mixup,6,300,10,2.280427361256443e-05
mixup,6,300,11,0.0
mixup,6,400,0,0.000847530085593462
mixup,6,400,1,0.0010705979075282812
mixup,6,400,2,0.0005020673270337284
mixup,6,400,3,0.0002835408376995474
mixup,6,400,4,0.0003459164872765541
mixup,6,400,5,0.00017965197912417352
mixup,6,400,6,0.00012885704927612096
mixup,6,400,7,7.764776091789827e-05
mixup,6,400,8,5.3850999393034726e-05
mixup,6,400,9,3.1849005608819425e-05
mixup,6,400,10,1.821423211367801e-05
mixup,6,400,11,0.0
mixup,6,500,0,0.0011491032782942057
mixup,6,500,1,0.0015581755433231592
mixup,6,500,2,0.0008839477668516338
mixup,6,500,3,0.0004361094324849546
mixup,6,500,4,0.0005677624722011387
mixup,6,500,5,0.0002908218011725694
mixup,6,500,6,0.00023852377489674836
mixup,6,500,7,0.00014474074123427272
mixup,6,500,8,8.75041660037823e-05
mixup,6,500,9,5.032343324273825e-05
mixup,6,500,10,3.404775634407997e-05
mixup,6,500,11,0.0
mixup,6,600,0,0.0013483435614034534
mixup,6,600,1,0.0015880276914685965
mixup,6,600,2,0.0009137339657172561
mixup,6,600,3,0.00046395990648306906
mixup,6,600,4,0.0006078363512642682
mixup,6,600,5,0.00033494154922664165
mixup,6,600,6,0.0002286976232426241
mixup,6,600,7,0.0001400466135237366
mixup,6,600,8,9.669103019405156e-05
mixup,6,600,9,5.5500815506093204e-05
mixup,6,600,10,3.185169043717906e-05
mixup,6,600,11,0.0
mixup,6,700,0,0.0011319835903123021
mixup,6,700,1,0.0015724721597507596
mixup,6,700,2,0.0009469894575886428
mixup,6,700,3,0.00048733322182670236
mixup,6,700,4,0.0006799708353355527
mixup,6,700,5,0.000375559669919312
mixup,6,700,6,0.00022461253684014082
mixup,6,700,7,0.00013721220602747053
mixup,6,700,8,9.209255949826911e-05
mixup,6,700,9,5.5776850786060095e-05
mixup,6,700,10,3.468797876848839e-05
mixup,6,700,11,0.0
mixup,6,800,0,0.001244017155840993
mixup,6,800,1,0.001674993080087006
mixup,6,800,2,0.0009298285003751516
mixup,6,800,3,0.0005079637630842626
mixup,6,800,4,0.0006386070162989199
mixup,6,800,5,0.0003547582309693098
mixup,6,800,6,0.00024736218620091677
mixup,6,800,7,0.00014730944531038404
mixup,6,800,8,0.00010238953109364957
mixup,6,800,9,6.00611419940833e-05
mixup,6,800,10,3.398292028577998e-05
mixup,6,800,11,0.0
mixup,6,900,0,0.0009745753486640751
mixup,6,900,1,0.0013462209608405828
mixup,6,900,2,0.0007019391050562263
mixup,6,900,3,0.00039651128463447094
mixup,6,900,4,0.0006953300908207893
mixup,6,900,5,0.00033221993362531066
mixup,6,900,6,0.00023071705072652549
mixup,6,900,7,0.00012053340469719842
mixup,6,900,8,7.974157051648945e-05
mixup,6,900,9,4.890889977104962e-05
mixup,6,900,10,2.59423723036889e-05
mixup,6,900,11,0.0
mixup,6,1000,0,0.0011764512164518237
mixup,6,1000,1,0.001565766055136919
mixup,6,1000,2,0.0010272639337927103
mixup,6,1000,3,0.0004762686730828136
mixup,6,1000,4,0.0008260440663434565
mixup,6,1000,5,0.0003921166353393346
mixup,6,1000,6,0.0002567098708823323
mixup,6,1000,7,0.00013859612226951867
mixup,6,1000,8,0.00010389236558694392
mixup,6,1000,9,5.938046524534002e-05
mixup,6,1000,10,3.2566560548730195e-05
mixup,6,1000,11,0.0
mixup,6,1100,0,0.0014392936136573553
mixup,6,1100,1,0.0018367802258580923
mixup,6,1100,2,0.0010474640876054764
mixup,6,1100,3,0.0004993053735233843
mixup,6,1100,4,0.000931067334022373
mixup,6,1100,5,0.0004080101498402655
mixup,6,1100,6,0.0002815294428728521
mixup,6,1100,7,0.0001518941717222333
mixup,6,1100,8,0.00011529705807333812
mixup,6,1100,9,7.142835966078565e-05
mixup,6,1100,10,3.896651469403878e-05
mixup,6,1100,11,0.0
mixup,6,1200,0,0.0013723579468205571
mixup,6,1200,1,0.001771721406839788
mixup,6,1200,2,0.0010870975675061345
mixup,6,1200,3,0.0005061400588601828
mixup,6,1200,4,0.0010224891593679786
mixup,6,1200,5,0.0004896540776826441
mixup,6,1200,6,0.0003215867036487907
mixup,6,1200,7,0.00016863731434568763
mixup,6,1200,8,0.00012511825480032712
mixup,6,1200,9,7.238859689095989e-05
mixup,6,1200,10,4.3460378947202116e-05
mixup,6,1200,11,0.0
mixup,7,0,0,0.0010699176928028464
mixup,7,0,1,0.0014168588677421212
mixup,7,0,2,0.0008264986681751907
mixup,7,0,3,0.0004153856716584414
mixup,7,0,4,0.0007945707766339183
mixup,7,0,5,0.00038123008562251925
mixup,7,0,6,0.0002578681451268494
mixup,7,0,7,0.00012736229109577835
mixup,7,0,8,9.305221465183422e-05
mixup,7,0,9,5.956519453320652e-05
mixup,7,0,10,3.304898928035982e-05
mixup,7,0,11,0.0
mixup,7,100,0,0.0013770960504189134
mixup,7,100,1,0.0017580024432390928
mixup,7,100,2,0.0012825155863538384
mixup,7,100,3,0.0005542036378756166
mixup,7,100,4,0.0010302391601726413
mixup,7,100,5,0.0004533364262897521
mixup,7,100,6,0.00032902363454923034
mixup,7,100,7,0.00016708298062440008
mixup,7,100,8,0.00011944289144594222
mixup,7,100,9,7.097385969245806e-05
mixup,7,100,10,4.0924780478235334e-05
mixup,7,100,11,0.0
mixup,7,200,0,0.0014197714626789093
mixup,7,200,1,0.001755990320816636
mixup,7,200,2,0.0010517742484807968
mixup,7,200,3,0.0005569188506342471
mixup,7,200,4,0.0010836974252015352
mixup,7,200,5,0.0004920180072076619
mixup,7,200,6,0.000345117092365399
mixup,7,200,7,0.00018290751904714853
mixup,7,200,8,0.0001255826064152643
mixup,7,200,9,8.116439857985824e-05
mixup,7,200,10,4.7222212742781267e-05
mixup,7,200,11,0.0
mixup,7,300,0,0.0013025067746639252
mixup,7,300,1,0.0017382437363266945
mixup,7,300,2,0.0013792125973850489
mixup,7,300,3,0.0005621989839710295
mixup,7,300,4,0.001309413812123239
mixup,7,300,5,0.0004685645690187812
mixup,7,300,6,0.0003616976027842611
mixup,7,300,7,0.00017163963639177382
mixup,7,300,8,0.00011824951798189431
mixup,7,300,9,7.525570981670171e-05
mixup,7,300,10,4.353202893980779e-05
mixup,7,300,11,0.0
mixup,7,400,0,0.0014920359244570136
mixup,7,400,1,0.0018678363412618637
mixup,7,400,2,0.0012117117876186967
mixup,7,400,3,0.0006479310104623437
mixup,7,400,4,0.0013091814471408725
mixup,7,400,5,0.0005329751293174922
mixup,7,400,6,0.0003714704653248191
mixup,7,400,7,0.00019550355500541627
mixup,7,400,8,0.00012952911492902786
mixup,7,400,9,7.853358692955226e-05
mixup,7,400,10,4.7279831051127985e-05
mixup,7,400,11,0.0
mixup,7,500,0,0.0014602415030822158
mixup,7,500,1,0.002069159410893917
mixup,7,500,2,0.001405529212206602
mixup,7,500,3,0.0006004479946568608
mixup,7,500,4,0.001270441454835236
mixup,7,500,5,0.0005308584659360349
mixup,7,500,6,0.00038463203236460686
mixup,7,500,7,0.00018852851644624025
mixup,7,500,8,0.0001251299399882555
mixup,7,500,9,8.635240374132991e-05
mixup,7,500,10,4.6890174417058006e-05
mixup,7,500,11,0.0
mixup,7,600,0,0.0011085931910201907
mixup,7,600,1,0.0014386916300281882
mixup,7,600,2,0.0009472006349824369
mixup,7,600,3,0.00046801025746390224
mixup,7,600,4,0.0011292818235233426
mixup,7,600,5,0.00041603887802921236
mixup,7,600,6,0.00033909204648807645
mixup,7,600,7,0.0001481310900999233
mixup,7,600,8,0.00010844341886695474
mixup,7,600,9,5.971180144115351e-05
mixup,7,600,10,3.331943298690021e-05
mixup,7,600,11,0.0
mixup,7,700,0,0.0015735289780423045
mixup,7,700,1,0.0017706486396491528
mixup,7,700,2,0.001225230866111815
mixup,7,700,3,0.0005800150102004409
mixup,7,700,4,0.0013662859564647079
mixup,7,700,5,0.000572627002838999
mixup,7,700,6,0.0003964250790886581
mixup,7,700,7,0.00023132128990255296
mixup,7,700,8,0.0001537567441118881
mixup,7,700,9,8.024647831916809e-05
mixup,7,700,10,5.151343430043198e-05
mixup,7,700,11,0.0
mixup,7,800,0,0.0015496938722208142
mixup,7,800,1,0.0019481469644233584
mixup,7,800,2,0.0012913680402562022
mixup,7,800,3,0.0006480396259576082
mixup,7,800,4,0.0013894413132220507
mixup,7,800,5,0.0005743014626204967
mixup,7,800,6,0.0004150909371674061
mixup,7,800,7,0.00020133148063905537
mixup,7,800,8,0.00015128713857848197
mixup,7,800,9,8.679830352775753e-05
mixup,7,800,10,5.170191070646979e-05
mixup,7,800,11,0.0
mixup,7,900,0,0.0012815925292670727
mixup,7,900,1,0.0016082593938335776
mixup,7,900,2,0.0010432369308546185
mixup,7,900,3,0.000519085384439677
mixup,7,900,4,0.001121773850172758
mixup,7,900,5,0.0004990828456357121
mixup,7,900,6,0.0003462305758148432
mixup,7,900,7,0.0001521631929790601
mixup,7,900,8,0.00011695507419062778
mixup,7,900,9,7.380016177194193e-05
mixup,7,900,10,4.26078840973787e-05
mixup,7,900,11,0.0
mixup,7,1000,0,0.0014348626136779785
mixup,7,1000,1,0.0018822638085111976
mixup,7,1000,2,0.0011801423970609903
mixup,7,1000,3,0.0006021126173436642
mixup,7,1000,4,0.0014364714734256268
mixup,7,1000,5,0.0005560973077081144
mixup,7,1000,6,0.00041614382644183934
mixup,7,1000,7,0.00020044116536155343
mixup,7,1000,8,0.0001449549599783495
mixup,7,1000,9,8.427455031778663e-05
mixup,7,1000,10,5.307781248120591e-05
mixup,7,1000,11,0.0
mixup,7,1100,0,0.001136709121055901
mixup,7,1100,1,0.0014115951489657164
mixup,7,1100,2,0.0009892454836517572
mixup,7,1100,3,0.0004358862934168428
mixup,7,1100,4,0.0011800919892266393
mixup,7,1100,5,0.00047981442185118794
mixup,7,1100,6,0.00032338500022888184
mixup,7,1100,7,0.0001363964838674292
mixup,7,1100,8,0.00011211269156774506
mixup,7,1100,9,6.157781172078103e-05
mixup,7,1100,10,3.831292997347191e-05
mixup,7,1100,11,0.0
mixup,7,1200,0,0.0016727132024243474
mixup,7,1200,1,0.001872206456027925
mixup,7,1200,2,0.0016609119484201074
mixup,7,1200,3,0.0006981286569498479
mixup,7,1200,4,0.0018211834831163287
mixup,7,1200,5,0.0007010265253484249
mixup,7,1200,6,0.000514634361024946
mixup,7,1200,7,0.00023459845397155732
mixup,7,1200,8,0.00016569512081332505
mixup,7,1200,9,9.725860581966117e-05
mixup,7,1200,10,6.563232454936951e-05
mixup,7,1200,11,0.0
mixup,8,0,0,0.0015522802714258432
mixup,8,0,1,0.002260343637317419
mixup,8,0,2,0.0014813770540058613
mixup,8,0,3,0.0007352542597800493
mixup,8,0,4,0.001947492710314691
mixup,8,0,5,0.0007904573576524854
mixup,8,0,6,0.0005734693259000778
mixup,8,0,7,0.00024712542654015124
mixup,8,0,8,0.00017450029554311186
mixup,8,0,9,0.0001088123899535276
mixup,8,0,10,6.011678124195896e-05
mixup,8,0,11,0.0
mixup,8,100,0,0.0016653452767059207
mixup,8,100,1,0.002049566013738513
mixup,8,100,2,0.00133215740788728
mixup,8,100,3,0.0006963825435377657
mixup,8,100,4,0.0016624240670353174
mixup,8,100,5,0.0007081605726853013
mixup,8,100,6,0.0004505627148319036
mixup,8,100,7,0.00022803866886533797
mixup,8,100,8,0.0001488129055360332
mixup,8,100,9,8.409004658460617e-05
mixup,8,100,10,5.174423131393269e-05
mixup,8,100,11,0.0
mixup,8,200,0,0.0015258410712704062
mixup,8,200,1,0.002049630042165518
mixup,8,200,2,0.0015527568757534027
mixup,8,200,3,0.0007221496198326349
mixup,8,200,4,0.001996442209929228
mixup,8,200,5,0.0007997998618520796
mixup,8,200,6,0.0006042750901542604
mixup,8,200,7,0.0002505683514755219
mixup,8,200,8,0.00016337595297954977
mixup,8,200,9,9.81343982857652e-05
mixup,8,200,10,5.8176654420094565e-05
mixup,8,200,11,0.0
mixup,8,300,0,0.0015153742861002684
mixup,8,300,1,0.002092484850436449
mixup,8,300,2,0.0014734294964000583
mixup,8,300,3,0.0007418983732350171
mixup,8,300,4,0.002014510566368699
mixup,8,300,5,0.0006602665525861084
mixup,8,300,6,0.0005123071605339646
mixup,8,300,7,0.00023203228192869574
mixup,8,300,8,0.0001492046139901504
mixup,8,300,9,8.908836753107607e-05
mixup,8,300,10,5.878743468201719e-05
mixup,8,300,11,0.0
mixup,8,400,0,0.0013961135409772396
mixup,8,400,1,0.001922612776979804
mixup,8,400,2,0.0015217042528092861
mixup,8,400,3,0.0007154154009185731
mixup,8,400,4,0.0020124444272369146
mixup,8,400,5,0.0007547397399321198
mixup,8,400,6,0.0005287815583869815
mixup,8,400,7,0.0002342543884878978
mixup,8,400,8,0.00016011529078241438
mixup,8,400,9,9.496917482465506e-05
mixup,8,400,10,6.27770641585812e-05
mixup,8,400,11,0.0
mixup,8,500,0,0.0016402223845943809
mixup,8,500,1,0.0021311810705810785
mixup,8,500,2,0.001520454534329474
mixup,8,500,3,0.0007449701661244035
mixup,8,500,4,0.0019280837150290608
mixup,8,500,5,0.0007644487777724862
mixup,8,500,6,0.0005515504744835198
mixup,8,500,7,0.00023350794799625874
mixup,8,500,8,0.00017097785894293338
mixup,8,500,9,0.00010051238496089354
mixup,8,500,10,6.460111035266891e-05
mixup,8,500,11,0.0
mixup,8,600,0,0.0013178240042179823
mixup,8,600,1,0.0019643267150968313
mixup,8,600,2,0.0013347945641726255
mixup,8,600,3,0.0006275481428019702
mixup,8,600,4,0.001453744131140411
mixup,8,600,5,0.0005938718095421791
mixup,8,600,6,0.00046663088141940534
mixup,8,600,7,0.0001765331398928538
mixup,8,600,8,0.0001370717800455168
mixup,8,600,9,8.788128616288304e-05
mixup,8,600,10,4.599943713401444e-05
mixup,8,600,11,0.0
mixup,8,700,0,0.0015335038769990206
mixup,8,700,1,0.0022784783504903316
mixup,8,700,2,0.0017149100312963128
mixup,8,700,3,0.0008236649446189404
mixup,8,700,4,0.0023181785363703966
mixup,8,700,5,0.0008345862152054906
mixup,8,700,6,0.0006472902023233473
mixup,8,700,7,0.0002490414190106094
mixup,8,700,8,0.00017665464838501066
mixup,8,700,9,0.000105450970295351
mixup,8,700,10,5.481262633111328e-05
mixup,8,700,11,0.0
mixup,8,800,0,0.0016383033944293857
mixup,8,800,1,0.002209744416177273
mixup,8,800,2,0.0015247383853420615
mixup,8,800,3,0.0008997137774713337
mixup,8,800,4,0.002005397342145443
mixup,8,800,5,0.0008284026407636702
mixup,8,800,6,0.0006787141319364309
mixup,8,800,7,0.00026106974110007286
mixup,8,800,8,0.00017579634732101113
mixup,8,800,9,0.0001090196892619133
mixup,8,800,10,5.967197648715228e-05
mixup,8,800,11,0.0
mixup,8,900,0,0.0014490254689007998
mixup,8,900,1,0.002168457256630063
mixup,8,900,2,0.0017676956485956907
mixup,8,900,3,0.0007949210121296346
mixup,8,900,4,0.0024205148220062256
mixup,8,900,5,0.0008607626077719033
mixup,8,900,6,0.0006902430905029178
mixup,8,900,7,0.00025857103173621
mixup,8,900,8,0.00017577661492396146
mixup,8,900,9,0.00010814224515343085
mixup,8,900,10,6.155121081974357e-05
mixup,8,900,11,0.0
mixup,8,1000,0,0.0018314177868887782
mixup,8,1000,1,0.002270046854391694
mixup,8,1000,2,0.0016948152333498001
mixup,8,1000,3,0.0008909949683584273
mixup,8,1000,4,0.0023823892697691917
mixup,8,1000,5,0.0008992791408672929
mixup,8,1000,6,0.0007077282061800361
mixup,8,1000,7,0.0002705081133171916
mixup,8,1000,8,0.0001929447171278298
mixup,8,1000,9,0.00011939211981371045
mixup,8,1000,10,7.04509366187267e-05
mixup,8,1000,11,0.0
mixup,8,1100,0,0.0016991742886602879
mixup,8,1100,1,0.002623898908495903
mixup,8,1100,2,0.0020294664427638054
mixup,8,1100,3,0.0009919984731823206
mixup,8,1100,4,0.0031470453832298517
mixup,8,1100,5,0.0011078694369643927
mixup,8,1100,6,0.0008210423402488232
mixup,8,1100,7,0.000320733553962782
mixup,8,1100,8,0.0002466918376740068
mixup,8,1100,9,0.00014163245214149356
mixup,8,1100,10,7.48955353628844e-05
mixup,8,1100,11,0.0
mixup,8,1200,0,0.0016345804324373603
mixup,8,1200,1,0.0021697781048715115
mixup,8,1200,2,0.001669665682129562
mixup,8,1200,3,0.0008457670919597149
mixup,8,1200,4,0.0023597998078912497
mixup,8,1200,5,0.0008083579014055431
mixup,8,1200,6,0.0007051603170111775
mixup,8,1200,7,0.00026474567130208015
mixup,8,1200,8,0.00020845932886004448
mixup,8,1200,9,0.00012748398876283318
mixup,8,1200,10,7.422289490932599e-05
mixup,8,1200,11,0.0
mixup,9,0,0,0.0016236696392297745
mixup,9,0,1,0.002355267060920596
mixup,9,0,2,0.0019510559504851699
mixup,9,0,3,0.0009967671940103173
mixup,9,0,4,0.002536778338253498
mixup,9,0,5,0.0010188344167545438
mixup,9,0,6,0.0007577768992632627
mixup,9,0,7,0.0002683543134480715
mixup,9,0,8,0.0002151400112779811
mixup,9,0,9,0.00012520281597971916
mixup,9,0,10,7.889924017945305e-05
mixup,9,0,11,0.0
mixup,9,100,0,0.0016822568140923977
mixup,9,100,1,0.0022363371681421995
mixup,9,100,2,0.0018392963102087379
mixup,9,100,3,0.0009316431824117899
mixup,9,100,4,0.0022399669978767633
mixup,9,100,5,0.0009483097237534821
mixup,9,100,6,0.0007677121320739388
mixup,9,100,7,0.0002806230913847685
mixup,9,100,8,0.00020171042706351727
mixup,9,100,9,0.00011663608165690675
mixup,9,100,10,6.999962351983413e-05
mixup,9,100,11,0.0
mixup,9,200,0,0.0019135845359414816
mixup,9,200,1,0.002592621371150017
mixup,9,200,2,0.002013343619182706
mixup,9,200,3,0.000986849656328559
mixup,9,200,4,0.002378178760409355
mixup,9,200,5,0.001041532144881785
mixup,9,200,6,0.000828599848318845
mixup,9,200,7,0.00033861486008390784
mixup,9,200,8,0.00022505050583276898
mixup,9,200,9,0.000128416926600039
mixup,9,200,10,7.971534796524793e-05
mixup,9,200,11,0.0
mixup,9,300,0,0.0019995132461190224
mixup,9,300,1,0.002637937432155013
mixup,9,300,2,0.0016691222554072738
mixup,9,300,3,0.000964888371527195
mixup,9,300,4,0.0019685851875692606
mixup,9,300,5,0.0009243317181244493
mixup,9,300,6,0.0007088835700415075
mixup,9,300,7,0.00028771639335900545
mixup,9,300,8,0.00021136201394256204
mixup,9,300,9,0.00012029453500872478
mixup,9,300,10,7.717610424151644e-05
mixup,9,300,11,0.0
mixup,9,400,0,0.001996387727558613
mixup,9,400,1,0.002221254166215658
mixup,9,400,2,0.0016881426563486457
mixup,9,400,3,0.0009544235072098672
mixup,9,400,4,0.002109818859025836
mixup,9,400,5,0.0008760190103203058
mixup,9,400,6,0.0007039227639324963
mixup,9,400,7,0.0002819315413944423
mixup,9,400,8,0.00019773124950006604
mixup,9,400,9,0.00012011148646706715
mixup,9,400,10,6.807970930822194e-05
mixup,9,400,11,0.0
mixup,9,500,0,0.0015980881871655583
mixup,9,500,1,0.0020333912689238787
mixup,9,500,2,0.0015247472329065204
mixup,9,500,3,0.0008635091362521052
mixup,9,500,4,0.0019725747406482697
mixup,9,500,5,0.0008398577338084579
mixup,9,500,6,0.0006068777292966843
mixup,9,500,7,0.0002474671637173742
mixup,9,500,8,0.00019281978893559426
mixup,9,500,9,0.00010870596452150494
mixup,9,500,10,6.68802676955238e-05
mixup,9,500,11,0.0
mixup,9,600,0,0.0014600298600271344
mixup,9,600,1,0.002252766164019704
mixup,9,600,2,0.0020207902416586876
mixup,9,600,3,0.0011243062326684594
mixup,9,600,4,0.0028128952253609896
mixup,9,600,5,0.0011471806792542338
mixup,9,600,6,0.0009281441452912986
mixup,9,600,7,0.00028790891519747674
mixup,9,600,8,0.00021504491451196373
mixup,9,600,9,0.0001430614065611735
mixup,9,600,10,7.625219586770982e-05
mixup,9,600,11,0.0
mixup,9,700,0,0.0017312340205535293
mixup,9,700,1,0.002271048491820693
mixup,9,700,2,0.0019306122558191419
mixup,9,700,3,0.0011186817428097129
mixup,9,700,4,0.002670478541404009
mixup,9,700,5,0.0009825268061831594
mixup,9,700,6,0.0007747748168185353
mixup,9,700,7,0.00031576704350300133
mixup,9,700,8,0.0002239904279122129
mixup,9,700,9,0.00014621688751503825
mixup,9,700,10,8.609748329035938e-05
mixup,9,700,11,0.0
mixup,9,800,0,0.0021152321714907885
mixup,9,800,1,0.002393418690189719
mixup,9,800,2,0.0017986898310482502
mixup,9,800,3,0.0010344056645408273
mixup,9,800,4,0.0025539929047226906
mixup,9,800,5,0.001022953656502068
mixup,9,800,6,0.0008158108103089035
mixup,9,800,7,0.00029208947671577334
mixup,9,800,8,0.00020393183513078839
mixup,9,800,9,0.00012197990872664377
mixup,9,800,10,7.495262252632529e-05
mixup,9,800,11,0.0
mixup,9,900,0,0.001928260549902916
mixup,9,900,1,0.0024139126762747765
mixup,9,900,2,0.0020340513437986374
mixup,9,900,3,0.0011720751645043492
mixup,9,900,4,0.002716237911954522
mixup,9,900,5,0.0010670808842405677
mixup,9,900,6,0.0008830555598251522
mixup,9,900,7,0.00028679438401013613
mixup,9,900,8,0.00023613322991877794
mixup,9,900,9,0.0001280294673051685
mixup,9,900,10,7.458181789843366e-05
mixup,9,900,11,0.0
mixup,9,1000,0,0.001455357181839645
mixup,9,1000,1,0.002226421143859625
mixup,9,1000,2,0.0018450977513566613
mixup,9,1000,3,0.0009892340749502182
mixup,9,1000,4,0.0022413991391658783
mixup,9,1000,5,0.0009728476870805025
mixup,9,1000,6,0.0008220140007324517
mixup,9,1000,7,0.00026951939798891544
mixup,9,1000,8,0.0002123747835867107
mixup,9,1000,9,0.00012322780094109476
mixup,9,1000,10,7.310124055948108e-05
mixup,9,1000,11,0.0
mixup,9,1100,0,0.002105801599100232
mixup,9,1100,1,0.0026517254300415516
mixup,9,1100,2,0.0022794948890805244
mixup,9,1100,3,0.0011585665633901954
mixup,9,1100,4,0.002466835081577301
mixup,9,1100,5,0.0011318676406517625
mixup,9,1100,6,0.0008720642072148621
mixup,9,1100,7,0.0003400274727027863
mixup,9,1100,8,0.0002467721060384065
mixup,9,1100,9,0.00013737796689383686
mixup,9,1100,10,8.8351262093056e-05
mixup,9,1100,11,0.0
mixup,9,1200,0,0.0018460737774148583
mixup,9,1200,1,0.002288541290909052
mixup,9,1200,2,0.0018087851349264383
mixup,9,1200,3,0.0011529503390192986
mixup,9,1200,4,0.002347177593037486
mixup,9,1200,5,0.0010013929568231106
mixup,9,1200,6,0.0007453139987774193
mixup,9,1200,7,0.0003168639959767461
mixup,9,1200,8,0.00022714417718816549
mixup,9,1200,9,0.00014109208132140338
mixup,9,1200,10,8.099948900053278e-05
mixup,9,1200,11,0.0
mixup,10,0,0,0.0017952845664694905
mixup,10,0,1,0.002589311683550477
mixup,10,0,2,0.0022111490834504366
mixup,10,0,3,0.0012732271570712328
mixup,10,0,4,0.0028563737869262695
mixup,10,0,5,0.0011266401270404458
mixup,10,0,6,0.001032842556014657
mixup,10,0,7,0.0003229727444704622
mixup,10,0,8,0.0002660948084667325
mixup,10,0,9,0.00014302956697065383
mixup,10,0,10,8.754096052143723e-05
mixup,10,0,11,0.0
mixup,10,100,0,0.0017842594534158707
mixup,10,100,1,0.002505525015294552
mixup,10,100,2,0.0021863023284822702
mixup,10,100,3,0.0012113460106775165
mixup,10,100,4,0.002761349780485034
mixup,10,100,5,0.001202719984576106
mixup,10,100,6,0.0009829812915995717
mixup,10,100,7,0.00032078311778604984
mixup,10,100,8,0.000252200523391366
mixup,10,100,9,0.0001519160286989063
mixup,10,100,10,8.447482105111703e-05
mixup,10,100,11,0.0
mixup,10,200,0,0.0020522121340036392
mixup,10,200,1,0.0024429524783045053
mixup,10,200,2,0.0025351091753691435
mixup,10,200,3,0.001282434444874525
mixup,10,200,4,0.0026770897675305605
mixup,10,200,5,0.001281448290683329
mixup,10,200,6,0.0010473619913682342
mixup,10,200,7,0.00033934382372535765
mixup,10,200,8,0.0002569182252045721
mixup,10,200,9,0.0001499176723882556
mixup,10,200,10,8.643871115054935e-05
mixup,10,200,11,0.0
mixup,10,300,0,0.001718890736810863
mixup,10,300,1,0.0026862320955842733
mixup,10,300,2,0.002869008108973503
mixup,10,300,3,0.0013290552888065577
mixup,10,300,4,0.0033478187397122383
mixup,10,300,5,0.001253139809705317
mixup,10,300,6,0.001156655140221119
mixup,10,300,7,0.0003197774931322783
mixup,10,300,8,0.0002781989751383662
mixup,10,300,9,0.0001690373319434002
mixup,10,300,10,0.00010741412552306429
mixup,10,300,11,0.0
mixup,10,400,0,0.001926577533595264
mixup,10,400,1,0.0025750896893441677
mixup,10,400,2,0.0024376173969358206
mixup,10,400,3,0.0013405606150627136
mixup,10,400,4,0.0029044868424534798
mixup,10,400,5,0.0012407744070515037
mixup,10,400,6,0.0010731893125921488
mixup,10,400,7,0.00034872308606281877
mixup,10,400,8,0.00024661311181262136
mixup,10,400,9,0.0001600853429408744
mixup,10,400,10,9.435835090698674e-05
mixup,10,400,11,0.0
mixup,10,500,0,0.0019292333163321018
mixup,10,500,1,0.0028213015757501125
mixup,10,500,2,0.002515078755095601
mixup,10,500,3,0.001501690479926765
mixup,10,500,4,0.003208199515938759
mixup,10,500,5,0.0013554897159337997
mixup,10,500,6,0.001095897052437067
mixup,10,500,7,0.0003764781868085265
mixup,10,500,8,0.00026321582845412195
mixup,10,500,9,0.00015348443412221968
mixup,10,500,10,8.667176734888926e-05
mixup,10,500,11,0.0
mixup,10,600,0,0.0019275371450930834
mixup,10,600,1,0.0026364221703261137
mixup,10,600,2,0.0021281277295202017
mixup,10,600,3,0.001305152429267764
mixup,10,600,4,0.0026729784440249205
mixup,10,600,5,0.001242352998815477
mixup,10,600,6,0.0010062328074127436
mixup,10,600,7,0.00033529967186041176
mixup,10,600,8,0.00024063303135335445
mixup,10,600,9,0.00015216172323562205
mixup,10,600,10,8.898867963580415e-05
mixup,10,600,11,0.0
mixup,10,700,0,0.0017548371106386185
mixup,10,700,1,0.0025445399805903435
mixup,10,700,2,0.002037313301116228
mixup,10,700,3,0.0012982626212760806
mixup,10,700,4,0.0027552254032343626
mixup,10,700,5,0.0010838535381481051
mixup,10,700,6,0.0009359473478980362
mixup,10,700,7,0.00030921894358471036
mixup,10,700,8,0.00022351746156346053
mixup,10,700,9,0.00013652017514687032
mixup,10,700,10,8.219551818910986e-05
mixup,10,700,11,0.0
mixup,10,800,0,0.002064560540020466
mixup,10,800,1,0.002748992992565036
mixup,10,800,2,0.0024669163394719362
mixup,10,800,3,0.0013995376648381352
mixup,10,800,4,0.00305031961761415
mixup,10,800,5,0.0013832468539476395
mixup,10,800,6,0.0011143311858177185
mixup,10,800,7,0.000344460568157956
mixup,10,800,8,0.00025620238739065826
mixup,10,800,9,0.0001548666477901861
mixup,10,800,10,9.330922330264002e-05
mixup,10,800,11,0.0
mixup,10,900,0,0.0016701610293239355
mixup,10,900,1,0.0024034548550844193
mixup,10,900,2,0.0021166689693927765
mixup,10,900,3,0.0012424687156453729
mixup,10,900,4,0.0025765288155525923
mixup,10,900,5,0.0010798071743920445
mixup,10,900,6,0.0009884587489068508
mixup,10,900,7,0.00032580047263763845
mixup,10,900,8,0.00022009651002008468
mixup,10,900,9,0.00013806311471853405
mixup,10,900,10,8.332839206559584e-05
mixup,10,900,11,0.0
mixup,10,1000,0,0.002120103919878602
mixup,10,1000,1,0.002876561600714922
mixup,10,1000,2,0.0025478473398834467
mixup,10,1000,3,0.0016237155068665743
mixup,10,1000,4,0.0030864852014929056
mixup,10,1000,5,0.0013836653670296073
mixup,10,1000,6,0.0010899545159190893
mixup,10,1000,7,0.00040359055856242776
mixup,10,1000,8,0.00029706835630349815
mixup,10,1000,9,0.00015756480570416898
mixup,10,1000,10,0.00011233334225835279
mixup,10,1000,11,0.0
mixup,10,1100,0,0.0020090965554118156
mixup,10,1100,1,0.0027305022813379765
mixup,10,1100,2,0.0024410884361714125
mixup,10,1100,3,0.0015737494686618447
mixup,10,1100,4,0.002832246944308281
mixup,10,1100,5,0.0014499735552817583
mixup,10,1100,6,0.00114303024020046
mixup,10,1100,7,0.0003587931569200009
mixup,10,1100,8,0.0002816776395775378
mixup,10,1100,9,0.00017202500021085143
mixup,10,1100,10,9.798107203096151e-05
mixup,10,1100,11,0.0
mixup,10,1200,0,0.0016948222182691097
mixup,10,1200,1,0.0023110699839890003
mixup,10,1200,2,0.0021707431878894567
mixup,10,1200,3,0.001397560234181583
mixup,10,1200,4,0.002516118111088872
mixup,10,1200,5,0.0011763476068153977
mixup,10,1200,6,0.0011096250964328647
mixup,10,1200,7,0.0003003268502652645
mixup,10,1200,8,0.00022607413120567799
mixup,10,1200,9,0.00013843637134414166
mixup,10,1200,10,8.658577280584723e-05
mixup,10,1200,11,0.0
mixup,11,0,0,0.0019646133296191692
mixup,11,0,1,0.0029609783086925745
mixup,11,0,2,0.00241953507065773
mixup,11,0,3,0.0014716223813593388
mixup,11,0,4,0.0031432006508111954
mixup,11,0,5,0.0013372107641771436
mixup,11,0,6,0.0011034158524125814
mixup,11,0,7,0.00034487145603634417
mixup,11,0,8,0.0002666423097252846
mixup,11,0,9,0.00017112688510678709
mixup,11,0,10,0.00011276661098236218
mixup,11,0,11,0.0
mixup,11,100,0,0.0019068574765697122
mixup,11,100,1,0.002628908958286047
mixup,11,100,2,0.002469670958817005
mixup,11,100,3,0.0016112574376165867
mixup,11,100,4,0.0034178912173956633
mixup,11,100,5,0.0012687590206041932
mixup,11,100,6,0.0010722067672759295
mixup,11,100,7,0.000359901983756572
mixup,11,100,8,0.00025171105517074466
mixup,11,100,9,0.00015585811343044043
mixup,11,100,10,9.040167060447857e-05
mixup,11,100,11,0.0
mixup,11,200,0,0.001824839971959591
mixup,11,200,1,0.002668991219252348
mixup,11,200,2,0.0025297815445810556
mixup,11,200,3,0.001453291391953826
mixup,11,200,4,0.0030392769258469343
mixup,11,200,5,0.0012931470992043614
mixup,11,200,6,0.0010070756543427706
mixup,11,200,7,0.00032366201048716903
mixup,11,200,8,0.00024877709802240133
mixup,11,200,9,0.00015952863031998277
mixup,11,200,10,9.304973355028778e-05
mixup,11,200,11,0.0
mixup,11,300,0,0.001810681656934321
mixup,11,300,1,0.002590771997347474
mixup,11,300,2,0.0021233144216239452
mixup,11,300,3,0.0013130900915712118
mixup,11,300,4,0.0024208135437220335
mixup,11,300,5,0.0011872659670189023
mixup,11,300,6,0.0009786001173779368
mixup,11,300,7,0.0003422248410061002
mixup,11,300,8,0.00023280788445845246
mixup,11,300,9,0.00014061857655178756
mixup,11,300,10,8.304209768539295e-05
mixup,11,300,11,0.0
mixup,11,400,0,0.00221310555934906
mixup,11,400,1,0.002765534445643425
mixup,11,400,2,0.002344051143154502
mixup,11,400,3,0.00160156877245754
mixup,11,400,4,0.0030590358655899763
mixup,11,400,5,0.0013888198882341385
mixup,11,400,6,0.0012217281619086862
mixup,11,400,7,0.0004065229732077569
mixup,11,400,8,0.00027507523191161454
mixup,11,400,9,0.00016750322538428009
mixup,11,400,10,0.00010487015242688358
mixup,11,400,11,0.0
mixup,11,500,0,0.0018373251659795642
mixup,11,500,1,0.0027466043829917908
mixup,11,500,2,0.0026731551624834538
mixup,11,500,3,0.0015335505595430732
mixup,11,500,4,0.002971119713038206
mixup,11,500,5,0.0015339016681537032
mixup,11,500,6,0.0011518116807565093
mixup,11,500,7,0.00037456428981386125
mixup,11,500,8,0.0002663980412762612
mixup,11,500,9,0.00015692057786509395
mixup,11,500,10,9.720298112370074e-05
mixup,11,500,11,0.0
mixup,11,600,0,0.0022818632423877716
mixup,11,600,1,0.003079760354012251
mixup,11,600,2,0.002324513392522931
mixup,11,600,3,0.0015774313360452652
mixup,11,600,4,0.0027158053126186132
mixup,11,600,5,0.0013394244015216827
mixup,11,600,6,0.001058492111042142
mixup,11,600,7,0.0004023337969556451
mixup,11,600,8,0.0002694228896871209
mixup,11,600,9,0.00016637335647828877
mixup,11,600,10,9.457651322009042e-05
mixup,11,600,11,0.0
mixup,11,700,0,0.0023835571482777596
mixup,11,700,1,0.0031214074697345495
mixup,11,700,2,0.002864766400307417
mixup,11,700,3,0.0017932434566318989
mixup,11,700,4,0.0029233552049845457
mixup,11,700,5,0.0014878347283229232
mixup,11,700,6,0.0013313477393239737
mixup,11,700,7,0.0004515749169513583
mixup,11,700,8,0.00028609277796931565
mixup,11,700,9,0.00019293643708806485
mixup,11,700,10,0.00011290088150417432
mixup,11,700,11,0.0
mixup,11,800,0,0.001842145691625774
mixup,11,800,1,0.0029131697956472635
mixup,11,800,2,0.0025565188843756914
mixup,11,800,3,0.0015706815756857395
mixup,11,800,4,0.0029576648958027363
mixup,11,800,5,0.0013978044735267758
mixup,11,800,6,0.0011968021281063557
mixup,11,800,7,0.00037478195736184716
mixup,11,800,8,0.000263001216808334
mixup,11,800,9,0.00015011051436886191
mixup,11,800,10,9.078794391825795e-05
mixup,11,800,11,0.0
mixup,11,900,0,0.002264372305944562
mixup,11,900,1,0.003113195300102234
mixup,11,900,2,0.0026007622946053743
mixup,11,900,3,0.0018549165688455105
mixup,11,900,4,0.0030932496301829815
mixup,11,900,5,0.0013979283394291997
mixup,11,900,6,0.001240147859789431
mixup,11,900,7,0.0004639426479116082
mixup,11,900,8,0.00029568857280537486
mixup,11,900,9,0.0001803538907552138
mixup,11,900,10,0.00011243727203691378
mixup,11,900,11,0.0
mixup,11,1000,0,0.0020297227893024683
mixup,11,1000,1,0.002615993609651923
mixup,11,1000,2,0.0023336471058428288
mixup,11,1000,3,0.0014697435544803739
mixup,11,1000,4,0.0023227352648973465
mixup,11,1000,5,0.0013051142450422049
mixup,11,1000,6,0.0010649788891896605
mixup,11,1000,7,0.0003351719642523676
mixup,11,1000,8,0.00023936903744470328
mixup,11,1000,9,0.00015693716704845428
mixup,11,1000,10,0.00010033157013822347
mixup,11,1000,11,0.0
mixup,11,1100,0,0.0023230044171214104
mixup,11,1100,1,0.0030119121074676514
mixup,11,1100,2,0.0026812737341970205
mixup,11,1100,3,0.0018617687746882439
mixup,11,1100,4,0.0032960367389023304
mixup,11,1100,5,0.0015535826096311212
mixup,11,1100,6,0.0012680888175964355
mixup,11,1100,7,0.0004314015677664429
mixup,11,1100,8,0.0002814645122271031
mixup,11,1100,9,0.00017085019499063492
mixup,11,1100,10,0.00010876043234020472
mixup,11,1100,11,0.0
mixup,11,1200,0,0.0020736721344292164
mixup,11,1200,1,0.0029500501696020365
mixup,11,1200,2,0.002637031488120556
mixup,11,1200,3,0.0017052277689799666
mixup,11,1200,4,0.0029578625690191984
mixup,11,1200,5,0.0016430282266810536
mixup,11,1200,6,0.0013744223397225142
mixup,11,1200,7,0.00040507936500944197
mixup,11,1200,8,0.0002845469571184367
mixup,11,1200,9,0.00017527106683701277
mixup,11,1200,10,0.00010334247053833678
mixup,11,1200,11,0.0
mixup,12,0,0,0.001981915906071663
mixup,12,0,1,0.0028802265878766775
mixup,12,0,2,0.0025039203464984894
mixup,12,0,3,0.0017690350068733096
mixup,12,0,4,0.002872898941859603
mixup,12,0,5,0.0014711206313222647
mixup,12,0,6,0.0012172037968412042
mixup,12,0,7,0.0004001508350484073
mixup,12,0,8,0.0002880619722418487
mixup,12,0,9,0.00016068613331299275
mixup,12,0,10,9.666728874435648e-05
mixup,12,0,11,0.0
mixup,12,100,0,0.0020286336075514555
mixup,12,100,1,0.002970896428450942
mixup,12,100,2,0.002775943838059902
mixup,12,100,3,0.001851519220508635
mixup,12,100,4,0.003499297657981515
mixup,12,100,5,0.001645914395339787
mixup,12,100,6,0.0015215344028547406
mixup,12,100,7,0.0004840047040488571
mixup,12,100,8,0.00027538821450434625
mixup,12,100,9,0.00018751673633232713
mixup,12,100,10,0.00011380622891010717
mixup,12,100,11,0.0
mixup,12,200,0,0.002118926728144288
mixup,12,200,1,0.0028088281396776438
mixup,12,200,2,0.002632526680827141
mixup,12,200,3,0.001647747470997274
mixup,12,200,4,0.0025377024430781603
mixup,12,200,5,0.0013836079742759466
mixup,12,200,6,0.0010029217228293419
mixup,12,200,7,0.00035118588129989803
mixup,12,200,8,0.00024401418340858072
mixup,12,200,9,0.00015293099568225443
mixup,12,200,10,0.00010054351150756702
mixup,12,200,11,0.0
mixup,12,300,0,0.0021531858947128057
mixup,12,300,1,0.0028992830775678158
mixup,12,300,2,0.002718902425840497
mixup,12,300,3,0.0018175332807004452
mixup,12,300,4,0.003260887460783124
mixup,12,300,5,0.0016551363514736295
mixup,12,300,6,0.001181283500045538
mixup,12,300,7,0.00042557597043924034
mixup,12,300,8,0.0003066137433052063
mixup,12,300,9,0.00017063200357370079
mixup,12,300,10,0.00011042776895919815
mixup,12,300,11,0.0
mixup,12,400,0,0.001954683568328619
mixup,12,400,1,0.002847131574526429
mixup,12,400,2,0.00247195758856833
mixup,12,400,3,0.0018698163330554962
mixup,12,400,4,0.0034919593017548323
mixup,12,400,5,0.0016197917284443974
mixup,12,400,6,0.0012415004894137383
mixup,12,400,7,0.0004057289916090667
mixup,12,400,8,0.00031172294984571636
mixup,12,400,9,0.0001891820429591462
mixup,12,400,10,9.956867870641872e-05
mixup,12,400,11,0.0
mixup,12,500,0,0.0024297675117850304
mixup,12,500,1,0.003039709758013487
mixup,12,500,2,0.002864477224647999
mixup,12,500,3,0.001846723142080009
mixup,12,500,4,0.003205174347385764
mixup,12,500,5,0.0013619562378153205
mixup,12,500,6,0.0012348409509286284
mixup,12,500,7,0.0004525788244791329
mixup,12,500,8,0.0003106790245510638
mixup,12,500,9,0.00019064710068050772
mixup,12,500,10,0.00011418972280807793
mixup,12,500,11,0.0
mixup,12,600,0,0.0021008383482694626
mixup,12,600,1,0.002532765967771411
mixup,12,600,2,0.002402661368250847
mixup,12,600,3,0.001620410243049264
mixup,12,600,4,0.002681294921785593
mixup,12,600,5,0.001406904892064631
mixup,12,600,6,0.0010815263958647847
mixup,12,600,7,0.00041161919943988323
mixup,12,600,8,0.00026886610430665314
mixup,12,600,9,0.0001692964433459565
mixup,12,600,10,9.051344386534765e-05
mixup,12,600,11,0.0
mixup,12,700,0,0.0025362614542245865
mixup,12,700,1,0.003618965158239007
mixup,12,700,2,0.0029809633269906044
mixup,12,700,3,0.0018943839240819216
mixup,12,700,4,0.0033010204788297415
mixup,12,700,5,0.0015353328781202435
mixup,12,700,6,0.001287503051571548
mixup,12,700,7,0.00044316716957837343
mixup,12,700,8,0.00029864287353120744
mixup,12,700,9,0.00018035891116596758
mixup,12,700,10,0.00010151864989893511
mixup,12,700,11,0.0
mixup,12,800,0,0.001981213456019759
mixup,12,800,1,0.002588164061307907
mixup,12,800,2,0.0024735620245337486
mixup,12,800,3,0.0016438000602647662
mixup,12,800,4,0.0028989294078201056
mixup,12,800,5,0.0012848692713305354
mixup,12,800,6,0.0011620025616139174
mixup,12,800,7,0.0003598199400585145
mixup,12,800,8,0.0002663172490429133
mixup,12,800,9,0.00016876925656106323
mixup,12,800,10,9.639492054702714e-05
mixup,12,800,11,0.0
mixup,12,900,0,0.0026115195360034704
mixup,12,900,1,0.003485630499199033
mixup,12,900,2,0.00314669799990952
mixup,12,900,3,0.002015636069700122
mixup,12,900,4,0.0033167500514537096
mixup,12,900,5,0.0018039310816675425
mixup,12,900,6,0.0015144622884690762
mixup,12,900,7,0.0004794721899088472
mixup,12,900,8,0.00034486933145672083
mixup,12,900,9,0.0001841424236772582
mixup,12,900,10,0.00011960817937506363
mixup,12,900,11,0.0
mixup,12,1000,0,0.002137805800884962
mixup,12,1000,1,0.0029703511390835047
mixup,12,1000,2,0.003182459156960249
mixup,12,1000,3,0.001921330695040524
mixup,12,1000,4,0.0031377787236124277
mixup,12,1000,5,0.0015362253179773688
mixup,12,1000,6,0.0012741235550493002
mixup,12,1000,7,0.0004422128840815276
mixup,12,1000,8,0.00031168622081167996
mixup,12,1000,9,0.000181323237484321
mixup,12,1000,10,0.0001146308277384378
mixup,12,1000,11,0.0
mixup,12,1100,0,0.00241539697162807
mixup,12,1100,1,0.003314815228804946
mixup,12,1100,2,0.0028957787435501814
mixup,12,1100,3,0.0019672957714647055
mixup,12,1100,4,0.003187723457813263
mixup,12,1100,5,0.001742772525176406
mixup,12,1100,6,0.0015083166072145104
mixup,12,1100,7,0.0004547410935629159
mixup,12,1100,8,0.0003265337145421654
mixup,12,1100,9,0.00020134173973929137
mixup,12,1100,10,0.00011047099542338401
mixup,12,1100,11,0.0
mixup,12,1200,0,0.002575150690972805
mixup,12,1200,1,0.003357730805873871
mixup,12,1200,2,0.0028699382673949003
mixup,12,1200,3,0.0019040610641241074
mixup,12,1200,4,0.002891251817345619
mixup,12,1200,5,0.0016641616821289062
mixup,12,1200,6,0.0014887540601193905
mixup,12,1200,7,0.0005010382155887783
mixup,12,1200,8,0.0003249369328841567
mixup,12,1200,9,0.00021186463709454983
mixup,12,1200,10,0.00014497822849079967
mixup,12,1200,11,0.0
mixup,13,0,0,0.002327422611415386
mixup,13,0,1,0.0034215820487588644
mixup,13,0,2,0.0032713566906750202
mixup,13,0,3,0.0019856865983456373
mixup,13,0,4,0.0031549176201224327
mixup,13,0,5,0.0019310800125822425
mixup,13,0,6,0.0013769201468676329
mixup,13,0,7,0.0005043693818151951
mixup,13,0,8,0.00031174792093224823
mixup,13,0,9,0.00019101261568721384
mixup,13,0,10,0.00011798551713582128
mixup,13,0,11,0.0
mixup,13,100,0,0.00221919734030962
mixup,13,100,1,0.0031384071335196495
mixup,13,100,2,0.002847536699846387
mixup,13,100,3,0.001977340318262577
mixup,13,100,4,0.0029688661452382803
mixup,13,100,5,0.0015756950015202165
mixup,13,100,6,0.001366730430163443
mixup,13,100,7,0.00044252604129724205
mixup,13,100,8,0.00029020028887316585
mixup,13,100,9,0.0001861498021753505
mixup,13,100,10,0.00012296355271246284
mixup,13,100,11,0.0
mixup,13,200,0,0.0023275238927453756
mixup,13,200,1,0.003205203916877508
mixup,13,200,2,0.0030936445109546185
mixup,13,200,3,0.0022041192278265953
mixup,13,200,4,0.003355302382260561
mixup,13,200,5,0.0017691765679046512
mixup,13,200,6,0.0013303763698786497
mixup,13,200,7,0.0004509839345701039
mixup,13,200,8,0.0003058485162910074
mixup,13,200,9,0.00019645632710307837
mixup,13,200,10,0.00012056281411787495
mixup,13,200,11,0.0
mixup,13,300,0,0.0025516808964312077
mixup,13,300,1,0.0034342091530561447
mixup,13,300,2,0.002876636106520891
mixup,13,300,3,0.0020260694436728954
mixup,13,300,4,0.003136700252071023
mixup,13,300,5,0.001739628380164504
mixup,13,300,6,0.0014566053869202733
mixup,13,300,7,0.00046225712867453694
mixup,13,300,8,0.0003141397319268435
mixup,13,300,9,0.00018519352306611836
mixup,13,300,10,0.00011315071606077254
mixup,13,300,11,0.0
mixup,13,400,0,0.0026046070270240307
mixup,13,400,1,0.0034972557332366705
mixup,13,400,2,0.002981355879455805
mixup,13,400,3,0.002069146139547229
mixup,13,400,4,0.003098502289503813
mixup,13,400,5,0.001980986911803484
mixup,13,400,6,0.0013524425448849797
mixup,13,400,7,0.0004862516070716083
mixup,13,400,8,0.00034499747562222183
mixup,13,400,9,0.0002103770530084148
mixup,13,400,10,0.00012158232129877433
mixup,13,400,11,0.0
mixup,13,500,0,0.002814261242747307
mixup,13,500,1,0.0030588803347200155
mixup,13,500,2,0.003075876971706748
mixup,13,500,3,0.0020107871387153864
mixup,13,500,4,0.0035497713834047318
mixup,13,500,5,0.0018803636776283383
mixup,13,500,6,0.0015291826566681266
mixup,13,500,7,0.0005048376624472439
mixup,13,500,8,0.00033712000004015863
mixup,13,500,9,0.00019768472702708095
mixup,13,500,10,0.0001295265246881172
mixup,13,500,11,0.0
mixup,13,600,0,0.0027570754755288363
mixup,13,600,1,0.00329709448851645
mixup,13,600,2,0.0028409361839294434
mixup,13,600,3,0.00212022359482944
mixup,13,600,4,0.003354239510372281
mixup,13,600,5,0.001824724953621626
mixup,13,600,6,0.001436197548173368
mixup,13,600,7,0.0005770277930423617
mixup,13,600,8,0.00035838529583998024
mixup,13,600,9,0.00020796775061171502
mixup,13,600,10,0.0001263831800315529
mixup,13,600,11,0.0
mixup,13,700,0,0.002722649136558175
mixup,13,700,1,0.003534153802320361
mixup,13,700,2,0.00321828480809927
mixup,13,700,3,0.002316105179488659
mixup,13,700,4,0.0032310308888554573
mixup,13,700,5,0.0020136521197855473
mixup,13,700,6,0.0016841451870277524
mixup,13,700,7,0.0005204238113947213
mixup,13,700,8,0.0003351573250256479
mixup,13,700,9,0.00020662213501054794
mixup,13,700,10,0.00011527768219821155
mixup,13,700,11,0.0
mixup,13,800,0,0.0026660074945539236
mixup,13,800,1,0.003504321211948991
mixup,13,800,2,0.0033255373127758503
mixup,13,800,3,0.002335677854716778
mixup,13,800,4,0.003061918308958411
mixup,13,800,5,0.001938703004270792
mixup,13,800,6,0.001580644748173654
mixup,13,800,7,0.0005607546190731227
mixup,13,800,8,0.0003572343848645687
mixup,13,800,9,0.0002132070658262819
mixup,13,800,10,0.00013433887215796858
mixup,13,800,11,0.0
mixup,13,900,0,0.002148491097614169
mixup,13,900,1,0.002835169667378068
mixup,13,900,2,0.002903149463236332
mixup,13,900,3,0.0018608662066981196
mixup,13,900,4,0.002656936412677169
mixup,13,900,5,0.0016784061444923282
mixup,13,900,6,0.0012859766138717532
mixup,13,900,7,0.0004314572433941066
mixup,13,900,8,0.00031874305568635464
mixup,13,900,9,0.00018216983880847692
mixup,13,900,10,0.00010327079507987946
mixup,13,900,11,0.0
mixup,13,1000,0,0.002128354273736477
mixup,13,1000,1,0.0030748052522540092
mixup,13,1000,2,0.002707207342609763
mixup,13,1000,3,0.002111774869263172
mixup,13,1000,4,0.002854918595403433
mixup,13,1000,5,0.0016406102804467082
mixup,13,1000,6,0.0013420358300209045
mixup,13,1000,7,0.00043803692096844316
mixup,13,1000,8,0.0003104893839918077
mixup,13,1000,9,0.00018417733372189105
mixup,13,1000,10,0.00010292738443240523
mixup,13,1000,11,0.0
mixup,13,1100,0,0.0020526666194200516
mixup,13,1100,1,0.0029394933953881264
mixup,13,1100,2,0.00285318517126143
mixup,13,1100,3,0.002030347241088748
mixup,13,1100,4,0.0029516350477933884
mixup,13,1100,5,0.0017379674827679992
mixup,13,1100,6,0.0015085398918017745
mixup,13,1100,7,0.0004416227457113564
mixup,13,1100,8,0.0003260443627368659
mixup,13,1100,9,0.00019560856162570417
mixup,13,1100,10,0.00010195814684266225
mixup,13,1100,11,0.0
mixup,13,1200,0,0.002398052718490362
mixup,13,1200,1,0.0033641313202679157
mixup,13,1200,2,0.0029013485182076693
mixup,13,1200,3,0.0019731749780476093
mixup,13,1200,4,0.0028302795253694057
mixup,13,1200,5,0.0018920204602181911
mixup,13,1200,6,0.0014663073234260082
mixup,13,1200,7,0.00047405975055880845
mixup,13,1200,8,0.0003220395592506975
mixup,13,1200,9,0.00020245336054358631
mixup,13,1200,10,0.00011773601727327332
mixup,13,1200,11,0.0
mixup,14,0,0,0.002496097469702363
mixup,14,0,1,0.003403316717594862
mixup,14,0,2,0.0029375292360782623
mixup,14,0,3,0.002134994138032198
mixup,14,0,4,0.0030264430679380894
mixup,14,0,5,0.0018034965032711625
mixup,14,0,6,0.0014538837131112814
mixup,14,0,7,0.0005615857662633061
mixup,14,0,8,0.0003437239502090961
mixup,14,0,9,0.00021875626407563686
mixup,14,0,10,0.0001209435286000371
mixup,14,0,11,0.0
mixup,14,100,0,0.002748440485447645
mixup,14,100,1,0.003614917164668441
mixup,14,100,2,0.0028668346349149942
mixup,14,100,3,0.0022297219838947058
mixup,14,100,4,0.0030090443324297667
mixup,14,100,5,0.0019647267181426287
mixup,14,100,6,0.0015538238221779466
mixup,14,100,7,0.0005511522758752108
mixup,14,100,8,0.00035857612965628505
mixup,14,100,9,0.00021544289484154433
mixup,14,100,10,0.0001259433920495212
mixup,14,100,11,0.0
mixup,14,200,0,0.002376569900661707
mixup,14,200,1,0.003471283009275794
mixup,14,200,2,0.0031831369269639254
mixup,14,200,3,0.0022997010964900255
mixup,14,200,4,0.0031507869716733694
mixup,14,200,5,0.0020016664639115334
mixup,14,200,6,0.001504268846474588
mixup,14,200,7,0.0005137025145813823
mixup,14,200,8,0.00034045212669298053
mixup,14,200,9,0.00020547180611174554
mixup,14,200,10,0.00011807359260274097
mixup,14,200,11,0.0
mixup,14,300,0,0.002791974926367402
mixup,14,300,1,0.0032574881333857775
mixup,14,300,2,0.0031508812680840492
mixup,14,300,3,0.002161546377465129
mixup,14,300,4,0.0028422486502677202
mixup,14,300,5,0.0019340596627444029
mixup,14,300,6,0.0014766828389838338
mixup,14,300,7,0.0005705381627194583
mixup,14,300,8,0.00034572507138364017
mixup,14,300,9,0.0002071812195936218
mixup,14,300,10,0.00012363104906398803
mixup,14,300,11,0.0
mixup,14,400,0,0.0025274448562413454
mixup,14,400,1,0.003136752173304558
mixup,14,400,2,0.003060162765905261
mixup,14,400,3,0.002215626649558544
mixup,14,400,4,0.0030031853821128607
mixup,14,400,5,0.001859571784734726
mixup,14,400,6,0.0014662956818938255
mixup,14,400,7,0.0005340568022802472
mixup,14,400,8,0.00035153835779055953
mixup,14,400,9,0.0002035213983617723
mixup,14,400,10,0.00011917242227355018
mixup,14,400,11,0.0
mixup,14,500,0,0.0028388611972332
mixup,14,500,1,0.0035223129671067
mixup,14,500,2,0.003230293048545718
mixup,14,500,3,0.0024677887558937073
mixup,14,500,4,0.003088102675974369
mixup,14,500,5,0.001957546453922987
mixup,14,500,6,0.001656867447309196
mixup,14,500,7,0.0004993508919142187
mixup,14,500,8,0.0003417598200030625
mixup,14,500,9,0.00021923183521721512
mixup,14,500,10,0.00011672114487737417
mixup,14,500,11,0.0
mixup,14,600,0,0.0025433911941945553
mixup,14,600,1,0.003468025242909789
mixup,14,600,2,0.0030914100352674723
mixup,14,600,3,0.002146010287106037
mixup,14,600,4,0.0032029503490775824
mixup,14,600,5,0.0019014667486771941
mixup,14,600,6,0.0014994875527918339
mixup,14,600,7,0.0005010276800021529
mixup,14,600,8,0.00033129137591458857
mixup,14,600,9,0.00019674748182296753
mixup,14,600,10,0.00012469614739529788
mixup,14,600,11,0.0
mixup,14,700,0,0.0025470785330981016
mixup,14,700,1,0.003535147523507476
mixup,14,700,2,0.003301992081105709
mixup,14,700,3,0.0022271161433309317
mixup,14,700,4,0.003392995335161686
mixup,14,700,5,0.001872160704806447
mixup,14,700,6,0.0016598155489191413
mixup,14,700,7,0.0005330960266292095
mixup,14,700,8,0.00032929758890531957
mixup,14,700,9,0.00020346314704511315
mixup,14,700,10,0.00013583140389528126
mixup,14,700,11,0.0
mixup,14,800,0,0.0022856288123875856
mixup,14,800,1,0.0033366719726473093
mixup,14,800,2,0.0029144121799618006
mixup,14,800,3,0.0021158212330192327
mixup,14,800,4,0.002838126150891185
mixup,14,800,5,0.001718126586638391
mixup,14,800,6,0.0015239608474075794
mixup,14,800,7,0.0004923522938042879
mixup,14,800,8,0.00034842180320993066
mixup,14,800,9,0.0002016978251049295
mixup,14,800,10,0.00012783173588104546
mixup,14,800,11,0.0
mixup,14,900,0,0.0027027807664126158
mixup,14,900,1,0.003505473490804434
mixup,14,900,2,0.0036387101281434298
mixup,14,900,3,0.0024924364406615496
mixup,14,900,4,0.0032662765588611364
mixup,14,900,5,0.0021004260051995516
mixup,14,900,6,0.001760696992278099
mixup,14,900,7,0.0004913892480544746
mixup,14,900,8,0.00034051729016937315
mixup,14,900,9,0.00022395951964426786
mixup,14,900,10,0.00012714693730231375
mixup,14,900,11,0.0
mixup,14,1000,0,0.003029090818017721
mixup,14,1000,1,0.003559413366019726
mixup,14,1000,2,0.0033573992550373077
mixup,14,1000,3,0.0022937024477869272
mixup,14,1000,4,0.00327495695091784
mixup,14,1000,5,0.0021097895223647356
mixup,14,1000,6,0.0016546724364161491
mixup,14,1000,7,0.000494500040076673
mixup,14,1000,8,0.00036498275585472584
mixup,14,1000,9,0.00021573752746917307
mixup,14,1000,10,0.00012252526357769966
mixup,14,1000,11,0.0
mixup,14,1100,0,0.0028030581306666136
mixup,14,1100,1,0.0032973166089504957
mixup,14,1100,2,0.0032111979089677334
mixup,14,1100,3,0.002307262970134616
mixup,14,1100,4,0.0033325713593512774
mixup,14,1100,5,0.0020948140881955624
mixup,14,1100,6,0.001623145886696875
mixup,14,1100,7,0.0005484125576913357
mixup,14,1100,8,0.0003389495250303298
mixup,14,1100,9,0.00021426404418889433
mixup,14,1100,10,0.00011607683700276539
mixup,14,1100,11,0.0
mixup,14,1200,0,0.002533906837925315
mixup,14,1200,1,0.0031260475516319275
mixup,14,1200,2,0.0028093503788113594
mixup,14,1200,3,0.002068226458504796
mixup,14,1200,4,0.0028966842219233513
mixup,14,1200,5,0.0018337160581722856
mixup,14,1200,6,0.0013866126537322998
mixup,14,1200,7,0.0005110537749715149
mixup,14,1200,8,0.0003252704336773604
mixup,14,1200,9,0.00020126940216869116
mixup,14,1200,10,0.00011447150609456003
mixup,14,1200,11,0.0
mixup,15,0,0,0.0026085085701197386
mixup,15,0,1,0.0034856684505939484
mixup,15,0,2,0.0032368404790759087
mixup,15,0,3,0.0022936156019568443
mixup,15,0,4,0.0031936406157910824
mixup,15,0,5,0.0017491881735622883
mixup,15,0,6,0.001711412682197988
mixup,15,0,7,0.0005490306066349149
mixup,15,0,8,0.0003503326734062284
mixup,15,0,9,0.00022599127260036767
mixup,15,0,10,0.0001481719664297998
mixup,15,0,11,0.0
mixup,15,100,0,0.002626630710437894
mixup,15,100,1,0.0034414681140333414
mixup,15,100,2,0.003255425952374935
mixup,15,100,3,0.0023933688644319773
mixup,15,100,4,0.0031692758202552795
mixup,15,100,5,0.0019078815821558237
mixup,15,100,6,0.0015818617539480329
mixup,15,100,7,0.0006155011360533535
mixup,15,100,8,0.00040344419539906085
mixup,15,100,9,0.0002251894911751151
mixup,15,100,10,0.0001278805866604671
mixup,15,100,11,0.0
mixup,15,200,0,0.002235628431662917
mixup,15,200,1,0.003220086917281151
mixup,15,200,2,0.0030274116434156895
mixup,15,200,3,0.0023104180581867695
mixup,15,200,4,0.0030397980008274317
mixup,15,200,5,0.001866726204752922
mixup,15,200,6,0.0016494652954861522
mixup,15,200,7,0.0005191838718019426
mixup,15,200,8,0.000328787078615278
mixup,15,200,9,0.00021568755619227886
mixup,15,200,10,0.00011573028314160183
mixup,15,200,11,0.0
mixup,15,300,0,0.0024495525285601616
mixup,15,300,1,0.0033401413820683956
mixup,15,300,2,0.0026797938626259565
mixup,15,300,3,0.0020638040732592344
mixup,15,300,4,0.0027062545996159315
mixup,15,300,5,0.0018381603294983506
mixup,15,300,6,0.0014898773515596986
mixup,15,300,7,0.00048254168359562755
mixup,15,300,8,0.00031482530175708234
mixup,15,300,9,0.00019211800827179104
mixup,15,300,10,0.00010751116496976465
mixup,15,300,11,0.0
mixup,15,400,0,0.002826950279995799
mixup,15,400,1,0.0037079332396388054
mixup,15,400,2,0.003268840489909053
mixup,15,400,3,0.002655785996466875
mixup,15,400,4,0.0029653944075107574
mixup,15,400,5,0.0018381312256678939
mixup,15,400,6,0.0016302595613524318
mixup,15,400,7,0.0005511105409823358
mixup,15,400,8,0.00034709888859651983
mixup,15,400,9,0.00021094358817208558
mixup,15,400,10,0.0001266300823772326
mixup,15,400,11,0.0
mixup,15,500,0,0.0024957952555269003
mixup,15,500,1,0.0033601121976971626
mixup,15,500,2,0.0028181709349155426
mixup,15,500,3,0.0022740631829947233
mixup,15,500,4,0.0027928559575229883
mixup,15,500,5,0.001742266002111137
mixup,15,500,6,0.0014649241929873824
mixup,15,500,7,0.0005183922476135194
mixup,15,500,8,0.000343708205036819
mixup,15,500,9,0.0002130004286300391
mixup,15,500,10,0.00013272740761749446
mixup,15,500,11,0.0
mixup,15,600,0,0.002971045207232237
mixup,15,600,1,0.0037032885011285543
mixup,15,600,2,0.0033639417961239815
mixup,15,600,3,0.0023096015211194754
mixup,15,600,4,0.0031164034735411406
mixup,15,600,5,0.001897017122246325
mixup,15,600,6,0.0015711071901023388
mixup,15,600,7,0.0005715388688258827
mixup,15,600,8,0.000360624777385965
mixup,15,600,9,0.00021403429855126888
mixup,15,600,10,0.0001231006463058293
mixup,15,600,11,0.0
mixup,15,700,0,0.0029640584252774715
mixup,15,700,1,0.003465601010248065
mixup,15,700,2,0.0033119202125817537
mixup,15,700,3,0.002400172408670187
mixup,15,700,4,0.002850791672244668
mixup,15,700,5,0.0019546416588127613
mixup,15,700,6,0.001758224912919104
mixup,15,700,7,0.0006019283318892121
mixup,15,700,8,0.00040771294152364135
mixup,15,700,9,0.00021219880727585405
mixup,15,700,10,0.00013057827891316265
mixup,15,700,11,0.0
mixup,15,800,0,0.0028968597762286663
mixup,15,800,1,0.0037613429594784975
mixup,15,800,2,0.00347540364600718
mixup,15,800,3,0.0026506935246288776
mixup,15,800,4,0.003396575106307864
mixup,15,800,5,0.002050942275673151
mixup,15,800,6,0.0016246141167357564
mixup,15,800,7,0.0006237016641534865
mixup,15,800,8,0.00036307191476225853
mixup,15,800,9,0.00023797355243004858
mixup,15,800,10,0.0001315589906880632
mixup,15,800,11,0.0
mixup,15,900,0,0.0028498226311057806
mixup,15,900,1,0.0037519948091357946
mixup,15,900,2,0.003535123774781823
mixup,15,900,3,0.002444073325023055
mixup,15,900,4,0.003295066999271512
mixup,15,900,5,0.0022029350511729717
mixup,15,900,6,0.001885944977402687
mixup,15,900,7,0.0006091520772315562
mixup,15,900,8,0.00034385209437459707
mixup,15,900,9,0.00021486282639671117
mixup,15,900,10,0.00012292122119106352
mixup,15,900,11,0.0
mixup,15,1000,0,0.002592521021142602
mixup,15,1000,1,0.003217842197045684
mixup,15,1000,2,0.0030503049492836
mixup,15,1000,3,0.0020486407447606325
mixup,15,1000,4,0.002903247717767954
mixup,15,1000,5,0.0018457871628925204
mixup,15,1000,6,0.001581272343173623
mixup,15,1000,7,0.0005258228629827499
mixup,15,1000,8,0.00033108756178990006
mixup,15,1000,9,0.00020183179003652185
mixup,15,1000,10,0.00011070644541177899
mixup,15,1000,11,0.0
mixup,15,1100,0,0.002721958328038454
mixup,15,1100,1,0.0034563292283564806
mixup,15,1100,2,0.0031590601429343224
mixup,15,1100,3,0.0024437368847429752
mixup,15,1100,4,0.0032170189078897238
mixup,15,1100,5,0.002122955396771431
mixup,15,1100,6,0.001602871809154749
mixup,15,1100,7,0.0005279331817291677
mixup,15,1100,8,0.0003452440141700208
mixup,15,1100,9,0.00022311662905849516
mixup,15,1100,10,0.00012070929369656369
mixup,15,1100,11,0.0
mixup,15,1200,0,0.002763175405561924
mixup,15,1200,1,0.0036646032240241766
mixup,15,1200,2,0.0031129729468375444
mixup,15,1200,3,0.002497283276170492
mixup,15,1200,4,0.003210767637938261
mixup,15,1200,5,0.002119734650477767
mixup,15,1200,6,0.0016938826302066445
mixup,15,1200,7,0.0005519954720512033
mixup,15,1200,8,0.0003552570124156773
mixup,15,1200,9,0.00022010045358911157
mixup,15,1200,10,0.00012765743304044008
mixup,15,1200,11,0.0
mixup,16,0,0,0.0031845124904066324
mixup,16,0,1,0.0036552189849317074
mixup,16,0,2,0.003181727370247245
mixup,16,0,3,0.0025086000096052885
mixup,16,0,4,0.0035500891972333193
mixup,16,0,5,0.0020594068337231874
mixup,16,0,6,0.001618423848412931
mixup,16,0,7,0.0005168656352907419
mixup,16,0,8,0.0003530990215949714
mixup,16,0,9,0.0002206972276326269
mixup,16,0,10,0.000119728509162087
mixup,16,0,11,0.0
mixup,16,100,0,0.0027261346112936735
mixup,16,100,1,0.0035808910615742207
mixup,16,100,2,0.0030242844950407743
mixup,16,100,3,0.00249386765062809
mixup,16,100,4,0.0029758119489997625
mixup,16,100,5,0.001748773967847228
mixup,16,100,6,0.0015923039754852653
mixup,16,100,7,0.0005483548156917095
mixup,16,100,8,0.00032906330307014287
mixup,16,100,9,0.00019048884860239923
mixup,16,100,10,0.00011691576946759596
mixup,16,100,11,0.0
mixup,16,200,0,0.0034840654116123915
mixup,16,200,1,0.0032952793408185244
mixup,16,200,2,0.003536812262609601
mixup,16,200,3,0.002430504420772195
mixup,16,200,4,0.0032577042002230883
mixup,16,200,5,0.002132958499714732
mixup,16,200,6,0.0016979341162368655
mixup,16,200,7,0.000584372493904084
mixup,16,200,8,0.0003803123254328966
mixup,16,200,9,0.0002179847506340593
mixup,16,200,10,0.00013519421918317676
mixup,16,200,11,0.0
mixup,16,300,0,0.0030514998361468315
mixup,16,300,1,0.003459988860413432
mixup,16,300,2,0.0033116627018898726
mixup,16,300,3,0.0025287140160799026
mixup,16,300,4,0.0032860669307410717
mixup,16,300,5,0.0019954910967499018
mixup,16,300,6,0.0016298664268106222
mixup,16,300,7,0.0005479397368617356
mixup,16,300,8,0.0003533227718435228
mixup,16,300,9,0.00020064390264451504
mixup,16,300,10,0.00012099526793463156
mixup,16,300,11,0.0
mixup,16,400,0,0.002862310502678156
mixup,16,400,1,0.004094257485121489
mixup,16,400,2,0.0036851875483989716
mixup,16,400,3,0.002705114660784602
mixup,16,400,4,0.003506298176944256
mixup,16,400,5,0.002346788067370653
mixup,16,400,6,0.001953716389834881
mixup,16,400,7,0.0006615602760575712
mixup,16,400,8,0.00040391142829321325
mixup,16,400,9,0.00022128950513433665
mixup,16,400,10,0.00012305886775720865
mixup,16,400,11,0.0
mixup,16,500,0,0.0027276738546788692
mixup,16,500,1,0.003601014381274581
mixup,16,500,2,0.0031447268556803465
mixup,16,500,3,0.0023098757956176996
mixup,16,500,4,0.002940838225185871
mixup,16,500,5,0.0018930442165583372
mixup,16,500,6,0.0016523667145520449
mixup,16,500,7,0.0005445459391921759
mixup,16,500,8,0.0003542211779858917
mixup,16,500,9,0.00021132609981577843
mixup,16,500,10,0.0001232987124240026
mixup,16,500,11,0.0
mixup,16,600,0,0.003278422402217984
mixup,16,600,1,0.0037832348607480526
mixup,16,600,2,0.0034792558290064335
mixup,16,600,3,0.0025029059033840895
mixup,16,600,4,0.003205036511644721
mixup,16,600,5,0.002248845063149929
mixup,16,600,6,0.0016527771949768066
mixup,16,600,7,0.000583919114433229
mixup,16,600,8,0.0003909393271896988
mixup,16,600,9,0.0002130835346179083
mixup,16,600,10,0.00012558442540466785
mixup,16,600,11,0.0
mixup,16,700,0,0.0030441784765571356
mixup,16,700,1,0.003565180813893676
mixup,16,700,2,0.0034207552671432495
mixup,16,700,3,0.0025325813330709934
mixup,16,700,4,0.002878363709896803
mixup,16,700,5,0.002129164058715105
mixup,16,700,6,0.0016850155079737306
mixup,16,700,7,0.0006170263513922691
mixup,16,700,8,0.00037944928044453263
mixup,16,700,9,0.0002097500691888854
mixup,16,700,10,0.00013601731916423887
mixup,16,700,11,0.0
mixup,16,800,0,0.0034264803398400545
mixup,16,800,1,0.0044189258478581905
mixup,16,800,2,0.003897697664797306
mixup,16,800,3,0.0027235678862780333
mixup,16,800,4,0.003731059841811657
mixup,16,800,5,0.002391854068264365
mixup,16,800,6,0.0019073127768933773
mixup,16,800,7,0.0005943260039202869
mixup,16,800,8,0.0003726402355823666
mixup,16,800,9,0.00024088828649837524
mixup,16,800,10,0.00011791233555413783
mixup,16,800,11,0.0
mixup,16,900,0,0.0028622006066143513
mixup,16,900,1,0.003507141722366214
mixup,16,900,2,0.0035091962199658155
mixup,16,900,3,0.0023546135053038597
mixup,16,900,4,0.0032258164137601852
mixup,16,900,5,0.002039474667981267
mixup,16,900,6,0.0017199352150782943
mixup,16,900,7,0.0005837920471094549
mixup,16,900,8,0.0003541818878147751
mixup,16,900,9,0.0002151546359527856
mixup,16,900,10,0.00013218462117947638
mixup,16,900,11,0.0
mixup,16,1000,0,0.003116165054962039
mixup,16,1000,1,0.003452329197898507
mixup,16,1000,2,0.0031674185302108526
mixup,16,1000,3,0.0026768313255161047
mixup,16,1000,4,0.0032788540702313185
mixup,16,1000,5,0.0019939360208809376
mixup,16,1000,6,0.0016180581878870726
mixup,16,1000,7,0.000586913782171905
mixup,16,1000,8,0.0003524980565998703
mixup,16,1000,9,0.00021056794503238052
mixup,16,1000,10,0.00012456478725653142
mixup,16,1000,11,0.0
mixup,16,1100,0,0.002845189068466425
mixup,16,1100,1,0.003697142004966736
mixup,16,1100,2,0.00385145447216928
mixup,16,1100,3,0.0027717247139662504
mixup,16,1100,4,0.0031625465489923954
mixup,16,1100,5,0.001999245025217533
mixup,16,1100,6,0.0015985313802957535
mixup,16,1100,7,0.0005421412060968578
mixup,16,1100,8,0.0003587359969969839
mixup,16,1100,9,0.00020058584050275385
mixup,16,1100,10,0.00012212885485496372
mixup,16,1100,11,0.0
mixup,16,1200,0,0.003288550768047571
mixup,16,1200,1,0.0034720702096819878
mixup,16,1200,2,0.0033709239214658737
mixup,16,1200,3,0.002210757462307811
mixup,16,1200,4,0.003156216349452734
mixup,16,1200,5,0.0020420674700289965
mixup,16,1200,6,0.0018433713121339679
mixup,16,1200,7,0.0006132367998361588
mixup,16,1200,8,0.00039509963244199753
mixup,16,1200,9,0.00022931887360755354
mixup,16,1200,10,0.0001420009066350758
mixup,16,1200,11,0.0
mixup,17,0,0,0.00306121027097106
mixup,17,0,1,0.003757550846785307
mixup,17,0,2,0.003479794366285205
mixup,17,0,3,0.0024613894056528807
mixup,17,0,4,0.0031280380208045244
mixup,17,0,5,0.0023163428995758295
mixup,17,0,6,0.0018262864323332906
mixup,17,0,7,0.0006798398680984974
mixup,17,0,8,0.00037323881406337023
mixup,17,0,9,0.00023001391673460603
mixup,17,0,10,0.00012344453716650605
mixup,17,0,11,0.0
mixup,17,100,0,0.0032653622329235077
mixup,17,100,1,0.003821043064817786
mixup,17,100,2,0.0038017926272004843
mixup,17,100,3,0.002562061185017228
mixup,17,100,4,0.003024657955393195
mixup,17,100,5,0.00217216438613832
mixup,17,100,6,0.0018111331155523658
mixup,17,100,7,0.0006325452704913914
mixup,17,100,8,0.00036823723348788917
mixup,17,100,9,0.00021961983293294907
mixup,17,100,10,0.00013094392488710582
mixup,17,100,11,0.0
mixup,17,200,0,0.0029740361496806145
mixup,17,200,1,0.0034158520866185427
mixup,17,200,2,0.003324423683807254
mixup,17,200,3,0.0024869521148502827
mixup,17,200,4,0.0032924567349255085
mixup,17,200,5,0.0022065716329962015
mixup,17,200,6,0.001708617084659636
mixup,17,200,7,0.0005993313970975578
mixup,17,200,8,0.00038115138886496425
mixup,17,200,9,0.0002119303826475516
mixup,17,200,10,0.00012391172640491277
mixup,17,200,11,0.0
mixup,17,300,0,0.0030966803897172213
mixup,17,300,1,0.0037527054082602262
mixup,17,300,2,0.0034022899344563484
mixup,17,300,3,0.002853552345186472
mixup,17,300,4,0.0031824465841054916
mixup,17,300,5,0.0023118271492421627
mixup,17,300,6,0.001886547077447176
mixup,17,300,7,0.000631190778221935
mixup,17,300,8,0.0004095832409802824
mixup,17,300,9,0.00022934515436645597
mixup,17,300,10,0.00013363904145080596
mixup,17,300,11,0.0
mixup,17,400,0,0.0033755593467503786
mixup,17,400,1,0.003922151867300272
mixup,17,400,2,0.003530474379658699
mixup,17,400,3,0.002658700570464134
mixup,17,400,4,0.0028436852153390646
mixup,17,400,5,0.0021927955094724894
mixup,17,400,6,0.001752875279635191
mixup,17,400,7,0.0006719810771755874
mixup,17,400,8,0.00042088169720955193
mixup,17,400,9,0.00023068323207553476
mixup,17,400,10,0.00013570007286034524
mixup,17,400,11,0.0
mixup,17,500,0,0.0031073756981641054
mixup,17,500,1,0.0035736127756536007
mixup,17,500,2,0.003645820776000619
mixup,17,500,3,0.002568027237430215
mixup,17,500,4,0.003178327577188611
mixup,17,500,5,0.0020276084542274475
mixup,17,500,6,0.0015656439354643226
mixup,17,500,7,0.0005903822020627558
mixup,17,500,8,0.0003825536696240306
mixup,17,500,9,0.00021974422270432115
mixup,17,500,10,0.00012905946641694754
mixup,17,500,11,0.0
mixup,17,600,0,0.0032495514024049044
mixup,17,600,1,0.004145761951804161
mixup,17,600,2,0.0038634054362773895
mixup,17,600,3,0.0026281140744686127
mixup,17,600,4,0.003507726127281785
mixup,17,600,5,0.0023648994974792004
mixup,17,600,6,0.001618630369193852
mixup,17,600,7,0.0006738489028066397
mixup,17,600,8,0.00040358275873586535
mixup,17,600,9,0.0002455219510011375
mixup,17,600,10,0.00012831318599637598
mixup,17,600,11,0.0
mixup,17,700,0,0.0032852774020284414
mixup,17,700,1,0.0040004742331802845
mixup,17,700,2,0.003742972621694207
mixup,17,700,3,0.0026406021788716316
mixup,17,700,4,0.0032484473194926977
mixup,17,700,5,0.0024396784137934446
mixup,17,700,6,0.0016380054876208305
mixup,17,700,7,0.000654752308037132
mixup,17,700,8,0.0004145757993683219
mixup,17,700,9,0.00023379616322927177
mixup,17,700,10,0.0001318897120654583
mixup,17,700,11,0.0
mixup,17,800,0,0.0035391917917877436
mixup,17,800,1,0.003759321290999651
mixup,17,800,2,0.0035064455587416887
mixup,17,800,3,0.0029429174028337
mixup,17,800,4,0.0031346518080681562
mixup,17,800,5,0.002200524788349867
mixup,17,800,6,0.0017919408855959773
mixup,17,800,7,0.0006724957493133843
mixup,17,800,8,0.0004036856989841908
mixup,17,800,9,0.00022593673202209175
mixup,17,800,10,0.00013275601668283343
mixup,17,800,11,0.0
mixup,17,900,0,0.0032494550105184317
mixup,17,900,1,0.0038243259768933058
mixup,17,900,2,0.003510842565447092
mixup,17,900,3,0.00271730893291533
mixup,17,900,4,0.0033057609107345343
mixup,17,900,5,0.002291690791025758
mixup,17,900,6,0.0017642691964283586
mixup,17,900,7,0.0006576988380402327
mixup,17,900,8,0.000399271521018818
mixup,17,900,9,0.00024270366702694446
mixup,17,900,10,0.00013492566358763725
mixup,17,900,11,0.0
mixup,17,1000,0,0.0034269613679498434
mixup,17,1000,1,0.0040668766014277935
mixup,17,1000,2,0.003758637234568596
mixup,17,1000,3,0.0026324561331421137
mixup,17,1000,4,0.0032831267453730106
mixup,17,1000,5,0.0021812808699905872
mixup,17,1000,6,0.0018267183331772685
mixup,17,1000,7,0.0006917099817655981
mixup,17,1000,8,0.0004052188596688211
mixup,17,1000,9,0.0002489119360689074
mixup,17,1000,10,0.00015716014604549855
mixup,17,1000,11,0.0
mixup,17,1100,0,0.0035962199326604605
mixup,17,1100,1,0.003721983637660742
mixup,17,1100,2,0.003962887451052666
mixup,17,1100,3,0.002636626595631242
mixup,17,1100,4,0.00319686415605247
mixup,17,1100,5,0.002310632960870862
mixup,17,1100,6,0.001769349561072886
mixup,17,1100,7,0.0006747007719241083
mixup,17,1100,8,0.00036827081930823624
mixup,17,1100,9,0.00022953363077249378
mixup,17,1100,10,0.00013326496991794556
mixup,17,1100,11,0.0
mixup,17,1200,0,0.00322826043702662
mixup,17,1200,1,0.00424550287425518
mixup,17,1200,2,0.0034242705442011356
mixup,17,1200,3,0.002539809327572584
mixup,17,1200,4,0.0030967295169830322
mixup,17,1200,5,0.0020208738278597593
mixup,17,1200,6,0.001680313958786428
mixup,17,1200,7,0.0006392578943632543
mixup,17,1200,8,0.00037306686863303185
mixup,17,1200,9,0.00022780521248932928
mixup,17,1200,10,0.00012175147276138887
mixup,17,1200,11,0.0
mixup,18,0,0,0.0035356548614799976
mixup,18,0,1,0.003870628774166107
mixup,18,0,2,0.003599971067160368
mixup,18,0,3,0.0027079542633146048
mixup,18,0,4,0.0031565630342811346
mixup,18,0,5,0.002257958287373185
mixup,18,0,6,0.0017698833253234625
mixup,18,0,7,0.0006455688271671534
mixup,18,0,8,0.00042757627670653164
mixup,18,0,9,0.0002453909837640822
mixup,18,0,10,0.00014591368380934
mixup,18,0,11,0.0
mixup,18,100,0,0.0036431883927434683
mixup,18,100,1,0.003990779165178537
mixup,18,100,2,0.0038191406056284904
mixup,18,100,3,0.0028841476887464523
mixup,18,100,4,0.003386814845725894
mixup,18,100,5,0.002478283131495118
mixup,18,100,6,0.001967106480151415
mixup,18,100,7,0.0007044548401609063
mixup,18,100,8,0.0004217479727230966
mixup,18,100,9,0.0002407778229098767
mixup,18,100,10,0.00013253492943476886
mixup,18,100,11,0.0
mixup,18,200,0,0.0038665165193378925
mixup,18,200,1,0.004239027854055166
mixup,18,200,2,0.0038715186528861523
mixup,18,200,3,0.0027605753857642412
mixup,18,200,4,0.003657403402030468
mixup,18,200,5,0.0023381230421364307
mixup,18,200,6,0.0018474909011274576
mixup,18,200,7,0.000748035847209394
mixup,18,200,8,0.0004287463380023837
mixup,18,200,9,0.00025552883744239807
mixup,18,200,10,0.00015452811203431338
mixup,18,200,11,0.0
mixup,18,300,0,0.0032441727817058563
mixup,18,300,1,0.003914778586477041
mixup,18,300,2,0.003656998509541154
mixup,18,300,3,0.0026693898253142834
mixup,18,300,4,0.0031325204763561487
mixup,18,300,5,0.0020551651250571012
mixup,18,300,6,0.0017029964365065098
mixup,18,300,7,0.0006824145675636828
mixup,18,300,8,0.0004379748133942485
mixup,18,300,9,0.00022157860803417861
mixup,18,300,10,0.00012978976883459836
mixup,18,300,11,0.0
mixup,18,400,0,0.003177369711920619
mixup,18,400,1,0.003803677624091506
mixup,18,400,2,0.003635399742051959
mixup,18,400,3,0.0026097239460796118
mixup,18,400,4,0.0031984904780983925
mixup,18,400,5,0.002225723350420594
mixup,18,400,6,0.001795099931769073
mixup,18,400,7,0.0006167187821120024
mixup,18,400,8,0.00036620788159780204
mixup,18,400,9,0.00020337624300736934
mixup,18,400,10,0.00011581401486182585
mixup,18,400,11,0.0
mixup,18,500,0,0.0033558590803295374
mixup,18,500,1,0.0037542590871453285
mixup,18,500,2,0.003832401940599084
mixup,18,500,3,0.002713638823479414
mixup,18,500,4,0.003103735391050577
mixup,18,500,5,0.0021552154794335365
mixup,18,500,6,0.0017376589821651578
mixup,18,500,7,0.0006299951928667724
mixup,18,500,8,0.0004044265078846365
mixup,18,500,9,0.00022365227050613612
mixup,18,500,10,0.00011811379226855934
mixup,18,500,11,0.0
mixup,18,600,0,0.0033059725537896156
mixup,18,600,1,0.0034247867297381163
mixup,18,600,2,0.00334002822637558
mixup,18,600,3,0.0023542074486613274
mixup,18,600,4,0.0030610200483351946
mixup,18,600,5,0.0019321932923048735
mixup,18,600,6,0.0016412934055551887
mixup,18,600,7,0.0005915159708820283
mixup,18,600,8,0.00036806639400310814
mixup,18,600,9,0.00021529578953050077
mixup,18,600,10,0.00012144495121901855
mixup,18,600,11,0.0
mixup,18,700,0,0.003887819591909647
mixup,18,700,1,0.00421184953302145
mixup,18,700,2,0.003896130947396159
mixup,18,700,3,0.0028206168208271265
mixup,18,700,4,0.0034059053286910057
mixup,18,700,5,0.002430874155834317
mixup,18,700,6,0.001850678352639079
mixup,18,700,7,0.0007081204676069319
mixup,18,700,8,0.0004391302354633808
mixup,18,700,9,0.0002547871263232082
mixup,18,700,10,0.00014689831004943699
mixup,18,700,11,0.0
mixup,18,800,0,0.0035684548784047365
mixup,18,800,1,0.003639105474576354
mixup,18,800,2,0.0037928735837340355
mixup,18,800,3,0.00280388118699193
mixup,18,800,4,0.003387466771528125
mixup,18,800,5,0.002155732363462448
mixup,18,800,6,0.001777322730049491
mixup,18,800,7,0.0006746385479345918
mixup,18,800,8,0.00045118803973309696
mixup,18,800,9,0.0002488567552063614
mixup,18,800,10,0.0001469666458433494
mixup,18,800,11,0.0
mixup,18,900,0,0.0035695757251232862
mixup,18,900,1,0.004058503080159426
mixup,18,900,2,0.003673247527331114
mixup,18,900,3,0.002689836546778679
mixup,18,900,4,0.00295719294808805
mixup,18,900,5,0.0020793466828763485
mixup,18,900,6,0.0019115537870675325
mixup,18,900,7,0.000674270442686975
mixup,18,900,8,0.0003667633864097297
mixup,18,900,9,0.00021736066264566034
mixup,18,900,10,0.00012381661508698016
mixup,18,900,11,0.0
mixup,18,1000,0,0.003238786244764924
mixup,18,1000,1,0.003953014500439167
mixup,18,1000,2,0.003396468237042427
mixup,18,1000,3,0.0024084083270281553
mixup,18,1000,4,0.0032006821129471064
mixup,18,1000,5,0.0020665223710238934
mixup,18,1000,6,0.001894524903036654
mixup,18,1000,7,0.0007119810907170177
mixup,18,1000,8,0.0003786440356634557
mixup,18,1000,9,0.00023452559253200889
mixup,18,1000,10,0.00012006983160972595
mixup,18,1000,11,0.0
mixup,18,1100,0,0.003978482913225889
mixup,18,1100,1,0.003926701378077269
mixup,18,1100,2,0.004176261834800243
mixup,18,1100,3,0.0028397361747920513
mixup,18,1100,4,0.003308817045763135
mixup,18,1100,5,0.0023866661358624697
mixup,18,1100,6,0.0019505929667502642
mixup,18,1100,7,0.0007254205411300063
mixup,18,1100,8,0.00046131855924613774
mixup,18,1100,9,0.00025713772629387677
mixup,18,1100,10,0.00015149656974244863
mixup,18,1100,11,0.0
mixup,18,1200,0,0.003938060253858566
mixup,18,1200,1,0.004347090143710375
mixup,18,1200,2,0.00405004620552063
mixup,18,1200,3,0.0030528977513313293
mixup,18,1200,4,0.0034533399157226086
mixup,18,1200,5,0.002517336281016469
mixup,18,1200,6,0.001986889634281397
mixup,18,1200,7,0.0006770782638341188
mixup,18,1200,8,0.0004259654670022428
mixup,18,1200,9,0.00024306260456796736
mixup,18,1200,10,0.00013054738519713283
mixup,18,1200,11,0.0
mixup,19,0,0,0.0033737339545041323
mixup,19,0,1,0.0037567371036857367
mixup,19,0,2,0.0036132915411144495
mixup,19,0,3,0.002975020557641983
mixup,19,0,4,0.0029943217523396015
mixup,19,0,5,0.002270115539431572
mixup,19,0,6,0.001808186643756926
mixup,19,0,7,0.0006929005612619221
mixup,19,0,8,0.0004423176287673414
mixup,19,0,9,0.0002534002414904535
mixup,19,0,10,0.00014226525672711432
mixup,19,0,11,0.0
mixup,19,100,0,0.0033413406927138567
mixup,19,100,1,0.003626714926213026
mixup,19,100,2,0.0035816053859889507
mixup,19,100,3,0.0025450936518609524
mixup,19,100,4,0.0029287529177963734
mixup,19,100,5,0.0020929942838847637
mixup,19,100,6,0.0016717236721888185
mixup,19,100,7,0.0006186579121276736
mixup,19,100,8,0.0003727470466401428
mixup,19,100,9,0.00021961910533718765
mixup,19,100,10,0.00012324197450652719
mixup,19,100,11,0.0
mixup,19,200,0,0.004306419752538204
mixup,19,200,1,0.004143959376960993
mixup,19,200,2,0.003874837886542082
mixup,19,200,3,0.0027679973281919956
mixup,19,200,4,0.0033200017642229795
mixup,19,200,5,0.0023229059297591448
mixup,19,200,6,0.0019142722012475133
mixup,19,200,7,0.0006999957258813083
mixup,19,200,8,0.00045377278001978993
mixup,19,200,9,0.0002677082666195929
mixup,19,200,10,0.00014856515917927027
mixup,19,200,11,0.0
mixup,19,300,0,0.003856321331113577
mixup,19,300,1,0.004012166988104582
mixup,19,300,2,0.0036636414006352425
mixup,19,300,3,0.00251962011680007
mixup,19,300,4,0.0030586584471166134
mixup,19,300,5,0.0021508873905986547
mixup,19,300,6,0.0019392254762351513
mixup,19,300,7,0.0007009385153651237
mixup,19,300,8,0.00039177422877401114
mixup,19,300,9,0.00022849980450700969
mixup,19,300,10,0.00012139693717472255
mixup,19,300,11,0.0
mixup,19,400,0,0.003993130289018154
mixup,19,400,1,0.00416523078456521
mixup,19,400,2,0.003790235845372081
mixup,19,400,3,0.0027877846732735634
mixup,19,400,4,0.00330859306268394
mixup,19,400,5,0.002308167517185211
mixup,19,400,6,0.0017876413185149431
mixup,19,400,7,0.0007079220376908779
mixup,19,400,8,0.00045571813825517893
mixup,19,400,9,0.00024225257220678031
mixup,19,400,10,0.00013415837020147592
mixup,19,400,11,0.0
mixup,19,500,0,0.003907450940459967
mixup,19,500,1,0.0038237853441387415
mixup,19,500,2,0.003759648185223341
mixup,19,500,3,0.0025657271035015583
mixup,19,500,4,0.0030207757372409105
mixup,19,500,5,0.002129484200850129
mixup,19,500,6,0.001899350550957024
mixup,19,500,7,0.0006953366682864726
mixup,19,500,8,0.0004101880476810038
mixup,19,500,9,0.00022521070786751807
mixup,19,500,10,0.00013165378186386079
mixup,19,500,11,0.0
mixup,19,600,0,0.004043001681566238
mixup,19,600,1,0.003755166195333004
mixup,19,600,2,0.0036719110794365406
mixup,19,600,3,0.002671798225492239
mixup,19,600,4,0.0031524929217994213
mixup,19,600,5,0.002195953158661723
mixup,19,600,6,0.0017064170679077506
mixup,19,600,7,0.0007422291673719883
mixup,19,600,8,0.000411792891100049
mixup,19,600,9,0.00024701282382011414
mixup,19,600,10,0.0001254007947864011
mixup,19,600,11,0.0
mixup,19,700,0,0.004423480946570635
mixup,19,700,1,0.004354279953986406
mixup,19,700,2,0.004210442304611206
mixup,19,700,3,0.002964429557323456
mixup,19,700,4,0.0034177398774772882
mixup,19,700,5,0.0025921508204191923
mixup,19,700,6,0.001984348753467202
mixup,19,700,7,0.0007442543865181506
mixup,19,700,8,0.0004398142627906054
mixup,19,700,9,0.00026773460558615625
mixup,19,700,10,0.0001451382995583117
mixup,19,700,11,0.0
mixup,19,800,0,0.004632219672203064
mixup,19,800,1,0.00426234258338809
mixup,19,800,2,0.004168729763478041
mixup,19,800,3,0.002774558262899518
mixup,19,800,4,0.0032276948913931847
mixup,19,800,5,0.0023883809335529804
mixup,19,800,6,0.0017868401482701302
mixup,19,800,7,0.0007018505712039769
mixup,19,800,8,0.000424207653850317
mixup,19,800,9,0.00023158332624007016
mixup,19,800,10,0.00012602155038621277
mixup,19,800,11,0.0
mixup,19,900,0,0.0038883795496076345
mixup,19,900,1,0.003524511819705367
mixup,19,900,2,0.0038986674044281244
mixup,19,900,3,0.0029621352441608906
mixup,19,900,4,0.0028278722893446684
mixup,19,900,5,0.0021127520594745874
mixup,19,900,6,0.0016816663555800915
mixup,19,900,7,0.0006857648259028792
mixup,19,900,8,0.00044515341869555414
mixup,19,900,9,0.00026263194740749896
mixup,19,900,10,0.00012830209743697196
mixup,19,900,11,0.0
mixup,19,1000,0,0.003924589604139328
mixup,19,1000,1,0.0038151137996464968
mixup,19,1000,2,0.0040357415564358234
mixup,19,1000,3,0.002621998777613044
mixup,19,1000,4,0.0030095356050878763
mixup,19,1000,5,0.00221589975990355
mixup,19,1000,6,0.0016704878071323037
mixup,19,1000,7,0.0006691219168715179
mixup,19,1000,8,0.00041452120058238506
mixup,19,1000,9,0.00023422882077284157
mixup,19,1000,10,0.00013137618952896446
mixup,19,1000,11,0.0
mixup,19,1100,0,0.0041094692423939705
mixup,19,1100,1,0.004269323777407408
mixup,19,1100,2,0.004329031333327293
mixup,19,1100,3,0.002881418215110898
mixup,19,1100,4,0.003642596071586013
mixup,19,1100,5,0.002358079655095935
mixup,19,1100,6,0.001751957111991942
mixup,19,1100,7,0.000748594815377146
mixup,19,1100,8,0.0004069780698046088
mixup,19,1100,9,0.00025611562887206674
mixup,19,1100,10,0.00013681805285159498
mixup,19,1100,11,0.0
mixup,19,1200,0,0.004083084408193827
mixup,19,1200,1,0.0038197620306164026
mixup,19,1200,2,0.0039021431002765894
mixup,19,1200,3,0.002858488354831934
mixup,19,1200,4,0.0031051591504365206
mixup,19,1200,5,0.0022526467218995094
mixup,19,1200,6,0.0017772578867152333
mixup,19,1200,7,0.0007048724801279604
mixup,19,1200,8,0.00041829817928373814
mixup,19,1200,9,0.00024633356952108443
mixup,19,1200,10,0.00011684909259201959
mixup,19,1200,11,0.0
mixup,20,0,0,0.003886650549247861
mixup,20,0,1,0.0036477460525929928
mixup,20,0,2,0.0037067397497594357
mixup,20,0,3,0.0025980265345424414
mixup,20,0,4,0.0028360597789287567
mixup,20,0,5,0.0020543544087558985
mixup,20,0,6,0.0016962565714493394
mixup,20,0,7,0.000687529391143471
mixup,20,0,8,0.00037585434620268643
mixup,20,0,9,0.00023246357159223408
mixup,20,0,10,0.00012476216943468899
mixup,20,0,11,0.0
mixup,20,100,0,0.004005705006420612
mixup,20,100,1,0.0037913036067038774
mixup,20,100,2,0.003977201879024506
mixup,20,100,3,0.002585873706266284
mixup,20,100,4,0.003260432742536068
mixup,20,100,5,0.0022487749811261892
mixup,20,100,6,0.001690960256382823
mixup,20,100,7,0.0006873323582112789
mixup,20,100,8,0.0003478827711660415
mixup,20,100,9,0.000210444864933379
mixup,20,100,10,0.000126623926917091
mixup,20,100,11,0.0
mixup,20,200,0,0.004232529550790787
mixup,20,200,1,0.003953357692807913
mixup,20,200,2,0.0038641951978206635
mixup,20,200,3,0.0027641118504107
mixup,20,200,4,0.0031300056725740433
mixup,20,200,5,0.0022700168192386627
mixup,20,200,6,0.0019333543023094535
mixup,20,200,7,0.0007779628504067659
mixup,20,200,8,0.0004203880962450057
mixup,20,200,9,0.0002583998430054635
mixup,20,200,10,0.00012962431355845183
mixup,20,200,11,0.0
mixup,20,300,0,0.004002613481134176
mixup,20,300,1,0.0037759472616016865
mixup,20,300,2,0.003960466478019953
mixup,20,300,3,0.002925091190263629
mixup,20,300,4,0.0032721408642828465
mixup,20,300,5,0.0023477752692997456
mixup,20,300,6,0.0017359276534989476
mixup,20,300,7,0.0006944859633222222
mixup,20,300,8,0.0004118173092138022
mixup,20,300,9,0.00023670138034503907
mixup,20,300,10,0.00012129031529184431
mixup,20,300,11,0.0
mixup,20,400,0,0.0045729344710707664
mixup,20,400,1,0.004149268381297588
mixup,20,400,2,0.003983232658356428
mixup,20,400,3,0.002695421688258648
mixup,20,400,4,0.00305325910449028
mixup,20,400,5,0.0023502353578805923
mixup,20,400,6,0.0018592729466035962
mixup,20,400,7,0.0007689393823966384
mixup,20,400,8,0.0004577163781505078
mixup,20,400,9,0.0002556713006924838
mixup,20,400,10,0.00013408366066869348
mixup,20,400,11,0.0
mixup,20,500,0,0.00420399708673358
mixup,20,500,1,0.004031581804156303
mixup,20,500,2,0.0036683313082903624
mixup,20,500,3,0.002886794274672866
mixup,20,500,4,0.0031680609099566936
mixup,20,500,5,0.0023874244652688503
mixup,20,500,6,0.0018509700894355774
mixup,20,500,7,0.0007227203459478915
mixup,20,500,8,0.0004020662745460868
mixup,20,500,9,0.00025248798192478716
mixup,20,500,10,0.0001268868218176067
mixup,20,500,11,0.0
mixup,20,600,0,0.004063331987708807
mixup,20,600,1,0.0034488176461309195
mixup,20,600,2,0.0036985031329095364
mixup,20,600,3,0.00283210352063179
mixup,20,600,4,0.0029715627897530794
mixup,20,600,5,0.002090916968882084
mixup,20,600,6,0.0016330044018104672
mixup,20,600,7,0.000653745315503329
mixup,20,600,8,0.00040023750625550747
mixup,20,600,9,0.00022281546262092888
mixup,20,600,10,0.00012968607188668102
mixup,20,600,11,0.0
mixup,20,700,0,0.0040584104135632515
mixup,20,700,1,0.0034221564419567585
mixup,20,700,2,0.0036891335621476173
mixup,20,700,3,0.0026795112062245607
mixup,20,700,4,0.0030478693079203367
mixup,20,700,5,0.002194466767832637
mixup,20,700,6,0.0016125219408422709
mixup,20,700,7,0.0007017629104666412
mixup,20,700,8,0.00041190258343704045
mixup,20,700,9,0.00024257652694359422
mixup,20,700,10,0.00013486806710716337
mixup,20,700,11,0.0
mixup,20,800,0,0.004536200314760208
mixup,20,800,1,0.003962621092796326
mixup,20,800,2,0.004198721144348383
mixup,20,800,3,0.0028995934408158064
mixup,20,800,4,0.0031846249476075172
mixup,20,800,5,0.0022635620553046465
mixup,20,800,6,0.0018863659352064133
mixup,20,800,7,0.0007558700162917376
mixup,20,800,8,0.0004299549909774214
mixup,20,800,9,0.000253548874752596
mixup,20,800,10,0.00013990583829581738
mixup,20,800,11,0.0
mixup,20,900,0,0.00405703904107213
mixup,20,900,1,0.003973638638854027
mixup,20,900,2,0.004088876768946648
mixup,20,900,3,0.0025693089701235294
mixup,20,900,4,0.0033145234920084476
mixup,20,900,5,0.0023816670291125774
mixup,20,900,6,0.0018956977874040604
mixup,20,900,7,0.0007126150885596871
mixup,20,900,8,0.0004079741192981601
mixup,20,900,9,0.0002456656948197633
mixup,20,900,10,0.00014844538236502558
mixup,20,900,11,0.0
mixup,20,1000,0,0.004518065135926008
mixup,20,1000,1,0.0043927025981247425
mixup,20,1000,2,0.004300437401980162
mixup,20,1000,3,0.002782547613605857
mixup,20,1000,4,0.0033751539885997772
mixup,20,1000,5,0.00231093424372375
mixup,20,1000,6,0.0018588355742394924
mixup,20,1000,7,0.0006786871235817671
mixup,20,1000,8,0.0004198835522402078
mixup,20,1000,9,0.00023740119650028646
mixup,20,1000,10,0.00012154987780377269
mixup,20,1000,11,0.0
mixup,20,1100,0,0.0035943733528256416
mixup,20,1100,1,0.003592914203181863
mixup,20,1100,2,0.0036352784372866154
mixup,20,1100,3,0.002610207535326481
mixup,20,1100,4,0.0029292237013578415
mixup,20,1100,5,0.00209631584584713
mixup,20,1100,6,0.0017481130780652165
mixup,20,1100,7,0.0006964965141378343
mixup,20,1100,8,0.00036513942177407444
mixup,20,1100,9,0.00024361514078918844
mixup,20,1100,10,0.00011819432256743312
mixup,20,1100,11,0.0
mixup,20,1200,0,0.003524326952174306
mixup,20,1200,1,0.003510893089696765
mixup,20,1200,2,0.0038982185069471598
mixup,20,1200,3,0.0025693222414702177
mixup,20,1200,4,0.0028944984078407288
mixup,20,1200,5,0.0021259982604533434
mixup,20,1200,6,0.0017472391482442617
mixup,20,1200,7,0.0007118945359252393
mixup,20,1200,8,0.00038865022361278534
mixup,20,1200,9,0.00023410475114360452
mixup,20,1200,10,0.00011909643217222765
mixup,20,1200,11,0.0
mixup,21,0,0,0.004498535767197609
mixup,21,0,1,0.003788504283875227
mixup,21,0,2,0.004075529053807259
mixup,21,0,3,0.0027504756581038237
mixup,21,0,4,0.003013541456311941
mixup,21,0,5,0.0022406992502510548
mixup,21,0,6,0.001803909195587039
mixup,21,0,7,0.0006833596853539348
mixup,21,0,8,0.00041570168104954064
mixup,21,0,9,0.000245956500293687
mixup,21,0,10,0.00011783189256675541
mixup,21,0,11,0.0
mixup,21,100,0,0.004002399276942015
mixup,21,100,1,0.0035172475036233664
mixup,21,100,2,0.0036333249881863594
mixup,21,100,3,0.002586914459243417
mixup,21,100,4,0.002961385063827038
mixup,21,100,5,0.0021893722005188465
mixup,21,100,6,0.0016813910333439708
mixup,21,100,7,0.0007232116186060011
mixup,21,100,8,0.00038874437450431287
mixup,21,100,9,0.00024821708211675286
mixup,21,100,10,0.00012669381976593286
mixup,21,100,11,0.0
mixup,21,200,0,0.0049434928223490715
mixup,21,200,1,0.0038691540248692036
mixup,21,200,2,0.00426871795207262
mixup,21,200,3,0.0026919892989099026
mixup,21,200,4,0.0031144283711910248
mixup,21,200,5,0.0022364642936736345
mixup,21,200,6,0.0019185534911230206
mixup,21,200,7,0.0007618078961968422
mixup,21,200,8,0.0004031167190987617
mixup,21,200,9,0.0002539584820624441
mixup,21,200,10,0.0001326109195360914
mixup,21,200,11,0.0
mixup,21,300,0,0.004746272694319487
mixup,21,300,1,0.004054306540638208
mixup,21,300,2,0.003931897226721048
mixup,21,300,3,0.0028315417002886534
mixup,21,300,4,0.0030558474827557802
mixup,21,300,5,0.002234428422525525
mixup,21,300,6,0.0018885497702285647
mixup,21,300,7,0.0008613471873104572
mixup,21,300,8,0.0004382069455459714
mixup,21,300,9,0.00024665624368935823
mixup,21,300,10,0.0001252399815712124
mixup,21,300,11,0.0
mixup,21,400,0,0.005022021476179361
mixup,21,400,1,0.0038951849564909935
mixup,21,400,2,0.004157007671892643
mixup,21,400,3,0.0029280150774866343
mixup,21,400,4,0.003122801659628749
mixup,21,400,5,0.002296237275004387
mixup,21,400,6,0.0018335727509111166
mixup,21,400,7,0.0007479904452338815
mixup,21,400,8,0.00041069299913942814
mixup,21,400,9,0.00022080873895902187
mixup,21,400,10,0.00011919422831851989
mixup,21,400,11,0.0
mixup,21,500,0,0.0052068522199988365
mixup,21,500,1,0.004281428176909685
mixup,21,500,2,0.004227873869240284
mixup,21,500,3,0.0027973633259534836
mixup,21,500,4,0.003436492523178458
mixup,21,500,5,0.002341742627322674
mixup,21,500,6,0.001993271056562662
mixup,21,500,7,0.0007928278064355254
mixup,21,500,8,0.0004282444715499878
mixup,21,500,9,0.0002689732064027339
mixup,21,500,10,0.00012290157610550523
mixup,21,500,11,0.0
mixup,21,600,0,0.00485604302957654
mixup,21,600,1,0.004313559737056494
mixup,21,600,2,0.0041760774329304695
mixup,21,600,3,0.0029765835497528315
mixup,21,600,4,0.003262448823079467
mixup,21,600,5,0.0023025507107377052
mixup,21,600,6,0.0019002973567694426
mixup,21,600,7,0.0007882343488745391
mixup,21,600,8,0.0004139939555898309
mixup,21,600,9,0.00025022344198077917
mixup,21,600,10,0.0001232875802088529
mixup,21,600,11,0.0
mixup,21,700,0,0.005600294563919306
mixup,21,700,1,0.003938043490052223
mixup,21,700,2,0.004098971374332905
mixup,21,700,3,0.00294918823055923
mixup,21,700,4,0.0030531242955476046
mixup,21,700,5,0.002116127172484994
mixup,21,700,6,0.0018064702162519097
mixup,21,700,7,0.0007108432473614812
mixup,21,700,8,0.0004161037504673004
mixup,21,700,9,0.00023909802257549018
mixup,21,700,10,0.00012507119390647858
mixup,21,700,11,0.0
mixup,21,800,0,0.005199495702981949
mixup,21,800,1,0.004163443576544523
mixup,21,800,2,0.0041212900541722775
mixup,21,800,3,0.002720082877203822
mixup,21,800,4,0.0030535871628671885
mixup,21,800,5,0.002135986927896738
mixup,21,800,6,0.0017324313521385193
mixup,21,800,7,0.0007469795527867973
mixup,21,800,8,0.00042643124470487237
mixup,21,800,9,0.0002661929465830326
mixup,21,800,10,0.00013726546603720635
mixup,21,800,11,0.0
mixup,21,900,0,0.0038484998513013124
mixup,21,900,1,0.003454353427514434
mixup,21,900,2,0.0038088608998805285
mixup,21,900,3,0.0025865023490041494
mixup,21,900,4,0.0027753906324505806
mixup,21,900,5,0.0019762676674872637
mixup,21,900,6,0.0015723711112514138
mixup,21,900,7,0.0006495493580587208
mixup,21,900,8,0.00035335886059328914
mixup,21,900,9,0.00022396835265681148
mixup,21,900,10,0.0001190328985103406
mixup,21,900,11,0.0
mixup,21,1000,0,0.005038770381361246
mixup,21,1000,1,0.00388977094553411
mixup,21,1000,2,0.004069572780281305
mixup,21,1000,3,0.0029298102017492056
mixup,21,1000,4,0.0033903238363564014
mixup,21,1000,5,0.0023328703828155994
mixup,21,1000,6,0.0018977731233462691
mixup,21,1000,7,0.0008188131032511592
mixup,21,1000,8,0.0004313127137720585
mixup,21,1000,9,0.00025820982409641147
mixup,21,1000,10,0.00013321489677764475
mixup,21,1000,11,0.0
mixup,21,1100,0,0.004728543572127819
mixup,21,1100,1,0.00396896293386817
mixup,21,1100,2,0.003980429843068123
mixup,21,1100,3,0.0026322663761675358
mixup,21,1100,4,0.003006866667419672
mixup,21,1100,5,0.0021993517875671387
mixup,21,1100,6,0.0018089627847075462
mixup,21,1100,7,0.000737392867449671
mixup,21,1100,8,0.0003928180376533419
mixup,21,1100,9,0.00022108379926066846
mixup,21,1100,10,0.00012430973583832383
mixup,21,1100,11,0.0
mixup,21,1200,0,0.005152504425495863
mixup,21,1200,1,0.004185802303254604
mixup,21,1200,2,0.004020448308438063
mixup,21,1200,3,0.0027082888409495354
mixup,21,1200,4,0.003098877612501383
mixup,21,1200,5,0.0021452910732477903
mixup,21,1200,6,0.001623112941160798
mixup,21,1200,7,0.0007080939249135554
mixup,21,1200,8,0.00043052807450294495
mixup,21,1200,9,0.0002462306874804199
mixup,21,1200,10,0.00013881188351660967
mixup,21,1200,11,0.0
mixup,22,0,0,0.005471573676913977
mixup,22,0,1,0.004078218247741461
mixup,22,0,2,0.003980631940066814
mixup,22,0,3,0.0026957103982567787
mixup,22,0,4,0.0030186655931174755
mixup,22,0,5,0.002116978168487549
mixup,22,0,6,0.0016756944824010134
mixup,22,0,7,0.0007092549931257963
mixup,22,0,8,0.0004052545700687915
mixup,22,0,9,0.00024914657115004957
mixup,22,0,10,0.00012256240006536245
mixup,22,0,11,0.0
mixup,22,100,0,0.005220719613134861
mixup,22,100,1,0.0039274306036531925
mixup,22,100,2,0.004197883419692516
mixup,22,100,3,0.0027361128013581038
mixup,22,100,4,0.0031323826406151056
mixup,22,100,5,0.002068157307803631
mixup,22,100,6,0.0018452118383720517
mixup,22,100,7,0.000739142531529069
mixup,22,100,8,0.0004247111501172185
mixup,22,100,9,0.0002553219092078507
mixup,22,100,10,0.00013830367242917418
mixup,22,100,11,0.0
mixup,22,200,0,0.00483255460858345
mixup,22,200,1,0.0038939029909670353
mixup,22,200,2,0.0039070709608495235
mixup,22,200,3,0.00264181662350893
mixup,22,200,4,0.0029670833609998226
mixup,22,200,5,0.002022085478529334
mixup,22,200,6,0.0018278320785611868
mixup,22,200,7,0.0008106640307232738
mixup,22,200,8,0.0004200568073429167
mixup,22,200,9,0.0002385065599810332
mixup,22,200,10,0.00012874735693912953
mixup,22,200,11,0.0
mixup,22,300,0,0.005048954393714666
mixup,22,300,1,0.0038177459500730038
mixup,22,300,2,0.004046943970024586
mixup,22,300,3,0.002920645521953702
mixup,22,300,4,0.0030977025162428617
mixup,22,300,5,0.0021686996333301067
mixup,22,300,6,0.0018232628935948014
mixup,22,300,7,0.000699928030371666
mixup,22,300,8,0.0004144227132201195
mixup,22,300,9,0.00024037473485805094
mixup,22,300,10,0.00011681428441079333
mixup,22,300,11,0.0
mixup,22,400,0,0.0046942527405917645
mixup,22,400,1,0.0036366933491081
mixup,22,400,2,0.003872193628922105
mixup,22,400,3,0.0025802988093346357
mixup,22,400,4,0.002959417412057519
mixup,22,400,5,0.0021184503566473722
mixup,22,400,6,0.0017404333921149373
mixup,22,400,7,0.0007079270435497165
mixup,22,400,8,0.000358826044248417
mixup,22,400,9,0.00020841612422373146
mixup,22,400,10,0.00010563736577751115
mixup,22,400,11,0.0
mixup,22,500,0,0.005340110044926405
mixup,22,500,1,0.004089161287993193
mixup,22,500,2,0.004099815618246794
mixup,22,500,3,0.002946286229416728
mixup,22,500,4,0.003165249014273286
mixup,22,500,5,0.0022834481205791235
mixup,22,500,6,0.0018444869201630354
mixup,22,500,7,0.0008117441320791841
mixup,22,500,8,0.00040960274054668844
mixup,22,500,9,0.0002520107664167881
mixup,22,500,10,0.00011933614587178454
mixup,22,500,11,0.0
mixup,22,600,0,0.006365185137838125
mixup,22,600,1,0.004608831834048033
mixup,22,600,2,0.004833516199141741
mixup,22,600,3,0.0030511373188346624
mixup,22,600,4,0.0038093742914497852
mixup,22,600,5,0.002698261756449938
mixup,22,600,6,0.0020374224986881018
mixup,22,600,7,0.0008389182621613145
mixup,22,600,8,0.0004497546760831028
mixup,22,600,9,0.00030186414369381964
mixup,22,600,10,0.00016803416656330228
mixup,22,600,11,0.0
mixup,22,700,0,0.005222033709287643
mixup,22,700,1,0.003997107967734337
mixup,22,700,2,0.004456463269889355
mixup,22,700,3,0.0028529339469969273
mixup,22,700,4,0.003019003663212061
mixup,22,700,5,0.0024335216730833054
mixup,22,700,6,0.0018399734981358051
mixup,22,700,7,0.0008434531046077609
mixup,22,700,8,0.00040777536923997104
mixup,22,700,9,0.00024346206919290125
mixup,22,700,10,0.00012857324327342212
mixup,22,700,11,0.0
mixup,22,800,0,0.005637092981487513
mixup,22,800,1,0.004221482668071985
mixup,22,800,2,0.0043356455862522125
mixup,22,800,3,0.002954229013994336
mixup,22,800,4,0.0029860609211027622
mixup,22,800,5,0.0021006488241255283
mixup,22,800,6,0.0018970688106492162
mixup,22,800,7,0.0007892196881584823
mixup,22,800,8,0.0004514674365054816
mixup,22,800,9,0.0002696152951102704
mixup,22,800,10,0.00012536646681837738
mixup,22,800,11,0.0
mixup,22,900,0,0.0056421346962451935
mixup,22,900,1,0.0034574747551232576
mixup,22,900,2,0.004285859875380993
mixup,22,900,3,0.0027261890936642885
mixup,22,900,4,0.003000646596774459
mixup,22,900,5,0.0022543175145983696
mixup,22,900,6,0.0017241297755390406
mixup,22,900,7,0.0007553624454885721
mixup,22,900,8,0.0003996358427684754
mixup,22,900,9,0.0002459314709994942
mixup,22,900,10,0.00012877205153927207
mixup,22,900,11,0.0
mixup,22,1000,0,0.0064422390423715115
mixup,22,1000,1,0.004620926454663277
mixup,22,1000,2,0.004454576410353184
mixup,22,1000,3,0.003218886209651828
mixup,22,1000,4,0.0031854903791099787
mixup,22,1000,5,0.0022900530602782965
mixup,22,1000,6,0.0019982263911515474
mixup,22,1000,7,0.0008969234186224639
mixup,22,1000,8,0.0004420732147991657
mixup,22,1000,9,0.000268090603640303
mixup,22,1000,10,0.00014412983728107065
mixup,22,1000,11,0.0
mixup,22,1100,0,0.00562124140560627
mixup,22,1100,1,0.004081393126398325
mixup,22,1100,2,0.0040994249284267426
mixup,22,1100,3,0.0030023951549082994
mixup,22,1100,4,0.003319551469758153
mixup,22,1100,5,0.002345465589314699
mixup,22,1100,6,0.00185818737372756
mixup,22,1100,7,0.0008555273525416851
mixup,22,1100,8,0.0004387611406855285
mixup,22,1100,9,0.0002546013565734029
mixup,22,1100,10,0.00013727889745496213
mixup,22,1100,11,0.0
mixup,22,1200,0,0.005128617398440838
mixup,22,1200,1,0.003661567810922861
mixup,22,1200,2,0.0038365537766367197
mixup,22,1200,3,0.0026883790269494057
mixup,22,1200,4,0.002954622730612755
mixup,22,1200,5,0.002142533892765641
mixup,22,1200,6,0.0018738473299890757
mixup,22,1200,7,0.0008368830312974751
mixup,22,1200,8,0.0004007603565696627
mixup,22,1200,9,0.0002324816450709477
mixup,22,1200,10,0.00013573153410106897
mixup,22,1200,11,0.0
mixup,23,0,0,0.005990616511553526
mixup,23,0,1,0.004103482235223055
mixup,23,0,2,0.004584454465657473
mixup,23,0,3,0.0031356702093034983
mixup,23,0,4,0.003317057155072689
mixup,23,0,5,0.002299980027601123
mixup,23,0,6,0.0017338745528832078
mixup,23,0,7,0.0008392459712922573
mixup,23,0,8,0.00042731998837552965
mixup,23,0,9,0.00027180483448319137
mixup,23,0,10,0.00013824515917804092
mixup,23,0,11,0.0
mixup,23,100,0,0.005833840928971767
mixup,23,100,1,0.004182931501418352
mixup,23,100,2,0.004667685832828283
mixup,23,100,3,0.003010711632668972
mixup,23,100,4,0.003496099729090929
mixup,23,100,5,0.002385074971243739
mixup,23,100,6,0.001983101712539792
mixup,23,100,7,0.0008568973862566054
mixup,23,100,8,0.00043224854744039476
mixup,23,100,9,0.000265963317360729
mixup,23,100,10,0.00013377981667872518
mixup,23,100,11,0.0
mixup,23,200,0,0.005398778710514307
mixup,23,200,1,0.004351017996668816
mixup,23,200,2,0.004215766675770283
mixup,23,200,3,0.0030005378648638725
mixup,23,200,4,0.003142633708193898
mixup,23,200,5,0.0022421216126531363
mixup,23,200,6,0.0017887359717860818
mixup,23,200,7,0.000802542781457305
mixup,23,200,8,0.0004308599454816431
mixup,23,200,9,0.0002376480697421357
mixup,23,200,10,0.00012610167323146015
mixup,23,200,11,0.0
mixup,23,300,0,0.006646945606917143
mixup,23,300,1,0.004978103097528219
mixup,23,300,2,0.004544504452496767
mixup,23,300,3,0.003188221249729395
mixup,23,300,4,0.0034590563736855984
mixup,23,300,5,0.00252415519207716
mixup,23,300,6,0.0020209639333188534
mixup,23,300,7,0.000962289166636765
mixup,23,300,8,0.00044352872646413743
mixup,23,300,9,0.00028332084184512496
mixup,23,300,10,0.00015297481149900705
mixup,23,300,11,0.0
mixup,23,400,0,0.005857565440237522
mixup,23,400,1,0.004043780732899904
mixup,23,400,2,0.004087141714990139
mixup,23,400,3,0.0028495299629867077
mixup,23,400,4,0.0035275453701615334
mixup,23,400,5,0.002251958241686225
mixup,23,400,6,0.0021222697105258703
mixup,23,400,7,0.0008164289174601436
mixup,23,400,8,0.00043951053521595895
mixup,23,400,9,0.0002576241095084697
mixup,23,400,10,0.00014798037591390312
mixup,23,400,11,0.0
mixup,23,500,0,0.005995658226311207
mixup,23,500,1,0.004320885986089706
mixup,23,500,2,0.004370426293462515
mixup,23,500,3,0.0030085057951509953
mixup,23,500,4,0.0031628406140953302
mixup,23,500,5,0.0024377801455557346
mixup,23,500,6,0.0018536221468821168
mixup,23,500,7,0.0008204086334444582
mixup,23,500,8,0.0004207860038150102
mixup,23,500,9,0.0002536261745262891
mixup,23,500,10,0.00014828926941845566
mixup,23,500,11,0.0
mixup,23,600,0,0.006234909873455763
mixup,23,600,1,0.004061463754624128
mixup,23,600,2,0.004217324312776327
mixup,23,600,3,0.0029386638198047876
mixup,23,600,4,0.003273066133260727
mixup,23,600,5,0.0022521999198943377
mixup,23,600,6,0.001924819080159068
mixup,23,600,7,0.0008296308224089444
mixup,23,600,8,0.00041821025661192834
mixup,23,600,9,0.00026412730221636593
mixup,23,600,10,0.00015738466754555702
mixup,23,600,11,0.0
mixup,23,700,0,0.005651095416396856
mixup,23,700,1,0.0039526838809251785
mixup,23,700,2,0.0042154863476753235
mixup,23,700,3,0.002751752035692334
mixup,23,700,4,0.0031489941757172346
mixup,23,700,5,0.00215823482722044
mixup,23,700,6,0.001894666813313961
mixup,23,700,7,0.0007935937610454857
mixup,23,700,8,0.0004045552632305771
mixup,23,700,9,0.00024565093917772174
mixup,23,700,10,0.00012958372826687992
mixup,23,700,11,0.0
mixup,23,800,0,0.005253269802778959
mixup,23,800,1,0.0038299565203487873
mixup,23,800,2,0.003823351813480258
mixup,23,800,3,0.0027239120099693537
mixup,23,800,4,0.00270017609000206
mixup,23,800,5,0.0019341122824698687
mixup,23,800,6,0.001709495671093464
mixup,23,800,7,0.0007173260091803968
mixup,23,800,8,0.00038639010745100677
mixup,23,800,9,0.00022738332336302847
mixup,23,800,10,0.00011714312131516635
mixup,23,800,11,0.0
mixup,23,900,0,0.00588998943567276
mixup,23,900,1,0.003948748577386141
mixup,23,900,2,0.004589573945850134
mixup,23,900,3,0.002835261169821024
mixup,23,900,4,0.00326151424087584
mixup,23,900,5,0.0023279462475329638
mixup,23,900,6,0.0017980493139475584
mixup,23,900,7,0.000838089850731194
mixup,23,900,8,0.0004191315092612058
mixup,23,900,9,0.00025155552430078387
mixup,23,900,10,0.00016228805179707706
mixup,23,900,11,0.0
mixup,23,1000,0,0.006564396433532238
mixup,23,1000,1,0.004008488729596138
mixup,23,1000,2,0.004843081813305616
mixup,23,1000,3,0.0032751010730862617
mixup,23,1000,4,0.00344487396068871
mixup,23,1000,5,0.002341634128242731
mixup,23,1000,6,0.001919635571539402
mixup,23,1000,7,0.0008382094674743712
mixup,23,1000,8,0.00046710320748388767
mixup,23,1000,9,0.00028172394377179444
mixup,23,1000,10,0.00013185004354454577
mixup,23,1000,11,0.0
mixup,23,1100,0,0.006643109489232302
mixup,23,1100,1,0.004564954899251461
mixup,23,1100,2,0.0044942270033061504
mixup,23,1100,3,0.0030926538165658712
mixup,23,1100,4,0.003297422779724002
mixup,23,1100,5,0.002426886698231101
mixup,23,1100,6,0.001895015244372189
mixup,23,1100,7,0.0008152272785082459
mixup,23,1100,8,0.00044557597720995545
mixup,23,1100,9,0.00026574425282888114
mixup,23,1100,10,0.00013371522072702646
mixup,23,1100,11,0.0
mixup,23,1200,0,0.007392320781946182
mixup,23,1200,1,0.0043157241307199
mixup,23,1200,2,0.004529241472482681
mixup,23,1200,3,0.0030576365534216166
mixup,23,1200,4,0.00324523588642478
mixup,23,1200,5,0.0026402929797768593
mixup,23,1200,6,0.002036011079326272
mixup,23,1200,7,0.0008932316559366882
mixup,23,1200,8,0.00044282080489210784
mixup,23,1200,9,0.0002655426796991378
mixup,23,1200,10,0.00014040064706932753
mixup,23,1200,11,0.0
mixup,24,0,0,0.006514843553304672
mixup,24,0,1,0.004386707209050655
mixup,24,0,2,0.004894342739135027
mixup,24,0,3,0.002938411198556423
mixup,24,0,4,0.003384151728823781
mixup,24,0,5,0.002415170893073082
mixup,24,0,6,0.002028066199272871
mixup,24,0,7,0.0009047522326000035
mixup,24,0,8,0.0004925047978758812
mixup,24,0,9,0.0002596475533209741
mixup,24,0,10,0.00014007613935973495
mixup,24,0,11,0.0
mixup,24,100,0,0.006079840008169413
mixup,24,100,1,0.003951955586671829
mixup,24,100,2,0.004215802066028118
mixup,24,100,3,0.0029783546924591064
mixup,24,100,4,0.0031565886456519365
mixup,24,100,5,0.00239373417571187
mixup,24,100,6,0.0018214102601632476
mixup,24,100,7,0.0008192501845769584
mixup,24,100,8,0.0004373441624920815
mixup,24,100,9,0.0002334719174541533
mixup,24,100,10,0.00013775935804005712
mixup,24,100,11,0.0
mixup,24,200,0,0.006686884444206953
mixup,24,200,1,0.0041982438415288925
mixup,24,200,2,0.004627981223165989
mixup,24,200,3,0.0031447301153093576
mixup,24,200,4,0.0032680484000593424
mixup,24,200,5,0.002454906702041626
mixup,24,200,6,0.0018652552971616387
mixup,24,200,7,0.0009605709346942604
mixup,24,200,8,0.00047042162623256445
mixup,24,200,9,0.0002835152263287455
mixup,24,200,10,0.0001432153512723744
mixup,24,200,11,0.0
mixup,24,300,0,0.006958120036870241
mixup,24,300,1,0.004383187275379896
mixup,24,300,2,0.004825902171432972
mixup,24,300,3,0.0032294271513819695
mixup,24,300,4,0.0035267190542072058
mixup,24,300,5,0.0024340490344911814
mixup,24,300,6,0.002054268727079034
mixup,24,300,7,0.000880381790921092
mixup,24,300,8,0.0004969523870386183
mixup,24,300,9,0.0002809993166010827
mixup,24,300,10,0.00015523872571066022
mixup,24,300,11,0.0
mixup,24,400,0,0.006328665651381016
mixup,24,400,1,0.004303898196667433
mixup,24,400,2,0.004435175098478794
mixup,24,400,3,0.00275303702801466
mixup,24,400,4,0.0031337456312030554
mixup,24,400,5,0.0022431344259530306
mixup,24,400,6,0.0017724520293995738
mixup,24,400,7,0.0008144086459651589
mixup,24,400,8,0.0004445945960469544
mixup,24,400,9,0.00024608662351965904
mixup,24,400,10,0.00012853600492235273
mixup,24,400,11,0.0
mixup,24,500,0,0.005502341780811548
mixup,24,500,1,0.003933494910597801
mixup,24,500,2,0.004450442269444466
mixup,24,500,3,0.0029477549251168966
mixup,24,500,4,0.002888308372348547
mixup,24,500,5,0.002212240593507886
mixup,24,500,6,0.0018487138440832496
mixup,24,500,7,0.0008811982115730643
mixup,24,500,8,0.0004472043947316706
mixup,24,500,9,0.00025121730868704617
mixup,24,500,10,0.00013206432049628347
mixup,24,500,11,0.0
mixup,24,600,0,0.006570910569280386
mixup,24,600,1,0.003985992632806301
mixup,24,600,2,0.004520752467215061
mixup,24,600,3,0.003377989400178194
mixup,24,600,4,0.0033605480566620827
mixup,24,600,5,0.002407339634373784
mixup,24,600,6,0.0021312739700078964
mixup,24,600,7,0.0009948102524504066
mixup,24,600,8,0.000489869446028024
mixup,24,600,9,0.0002827769494615495
mixup,24,600,10,0.00015837015234865248
mixup,24,600,11,0.0
mixup,24,700,0,0.007017273455858231
mixup,24,700,1,0.004327774979174137
mixup,24,700,2,0.004284553229808807
mixup,24,700,3,0.003071337705478072
mixup,24,700,4,0.0033403029665350914
mixup,24,700,5,0.002356654731556773
mixup,24,700,6,0.0018730818992480636
mixup,24,700,7,0.0009440531139262021
mixup,24,700,8,0.0004419179749675095
mixup,24,700,9,0.0002539497218094766
mixup,24,700,10,0.0001230107736773789
mixup,24,700,11,0.0
mixup,24,800,0,0.007366519421339035
mixup,24,800,1,0.004157365765422583
mixup,24,800,2,0.00470399484038353
mixup,24,800,3,0.0032005817629396915
mixup,24,800,4,0.0032625077292323112
mixup,24,800,5,0.0022482345812022686
mixup,24,800,6,0.001863778568804264
mixup,24,800,7,0.0008974096272140741
mixup,24,800,8,0.00043034800910390913
mixup,24,800,9,0.0002709186519496143
mixup,24,800,10,0.00014618545537814498
mixup,24,800,11,0.0
mixup,24,900,0,0.006796733941882849
mixup,24,900,1,0.0042955102398991585
mixup,24,900,2,0.004332329146564007
mixup,24,900,3,0.0029740987811237574
mixup,24,900,4,0.0032653771340847015
mixup,24,900,5,0.0023482078686356544
mixup,24,900,6,0.0017831975128501654
mixup,24,900,7,0.0008301892667077482
mixup,24,900,8,0.00042118621058762074
mixup,24,900,9,0.00026760585024021566
mixup,24,900,10,0.00013980257790535688
mixup,24,900,11,0.0
mixup,24,1000,0,0.0069590467028319836
mixup,24,1000,1,0.004600300453603268
mixup,24,1000,2,0.004913438111543655
mixup,24,1000,3,0.003383754286915064
mixup,24,1000,4,0.0036484163720160723
mixup,24,1000,5,0.0025399145670235157
mixup,24,1000,6,0.0020882156677544117
mixup,24,1000,7,0.0009953944245353341
mixup,24,1000,8,0.0004965179250575602
mixup,24,1000,9,0.0002933102659881115
mixup,24,1000,10,0.00016019385657273233
mixup,24,1000,11,0.0
mixup,24,1100,0,0.006635767407715321
mixup,24,1100,1,0.00464298389852047
mixup,24,1100,2,0.004615833517163992
mixup,24,1100,3,0.0030762350652366877
mixup,24,1100,4,0.003247622400522232
mixup,24,1100,5,0.0022930968552827835
mixup,24,1100,6,0.0018890455830842257
mixup,24,1100,7,0.0009059522417373955
mixup,24,1100,8,0.0004317176644690335
mixup,24,1100,9,0.00029474450275301933
mixup,24,1100,10,0.0001361034665023908
mixup,24,1100,11,0.0
mixup,24,1200,0,0.006847977172583342
mixup,24,1200,1,0.004615634214133024
mixup,24,1200,2,0.004617002792656422
mixup,24,1200,3,0.0033103092573583126
mixup,24,1200,4,0.0030914517119526863
mixup,24,1200,5,0.0023742401972413063
mixup,24,1200,6,0.0019577450584620237
mixup,24,1200,7,0.0009803016437217593
mixup,24,1200,8,0.0004392937116790563
mixup,24,1200,9,0.0002606153138913214
mixup,24,1200,10,0.0001365713105769828
mixup,24,1200,11,0.0
mixup,25,0,0,0.0071676126681268215
mixup,25,0,1,0.004510054364800453
mixup,25,0,2,0.004600285552442074
mixup,25,0,3,0.003143367823213339
mixup,25,0,4,0.0035205648746341467
mixup,25,0,5,0.0025766976177692413
mixup,25,0,6,0.002045869128778577
mixup,25,0,7,0.0009859090205281973
mixup,25,0,8,0.000441698357462883
mixup,25,0,9,0.0002709109685383737
mixup,25,0,10,0.0001441527419956401
mixup,25,0,11,0.0
mixup,25,100,0,0.006701027974486351
mixup,25,100,1,0.003996111452579498
mixup,25,100,2,0.004431446548551321
mixup,25,100,3,0.002940055914223194
mixup,25,100,4,0.0030048631597310305
mixup,25,100,5,0.0023406613618135452
mixup,25,100,6,0.0017468492733314633
mixup,25,100,7,0.0008342686342075467
mixup,25,100,8,0.00039738963823765516
mixup,25,100,9,0.0002723044017329812
mixup,25,100,10,0.00014072230260353535
mixup,25,100,11,0.0
mixup,25,200,0,0.007044091355055571
mixup,25,200,1,0.0043334136717021465
mixup,25,200,2,0.004725515842437744
mixup,25,200,3,0.003159639425575733
mixup,25,200,4,0.0032280096784234047
mixup,25,200,5,0.0024971310049295425
mixup,25,200,6,0.002057414036244154
mixup,25,200,7,0.0008545267046429217
mixup,25,200,8,0.0004765600024256855
mixup,25,200,9,0.00027463602600619197
mixup,25,200,10,0.00016072568541858345
mixup,25,200,11,0.0
mixup,25,300,0,0.007860283367335796
mixup,25,300,1,0.004396243020892143
mixup,25,300,2,0.004956070799380541
mixup,25,300,3,0.003344080178067088
mixup,25,300,4,0.003546979743987322
mixup,25,300,5,0.0022157388739287853
mixup,25,300,6,0.0018694495083764195
mixup,25,300,7,0.0008429383742623031
mixup,25,300,8,0.0004420243785716593
mixup,25,300,9,0.0003009539213962853
mixup,25,300,10,0.00015059171710163355
mixup,25,300,11,0.0
mixup,25,400,0,0.006994545925408602
mixup,25,400,1,0.004592836834490299
mixup,25,400,2,0.004995275754481554
mixup,25,400,3,0.0032950639724731445
mixup,25,400,4,0.003514317562803626
mixup,25,400,5,0.0025909116957336664
mixup,25,400,6,0.002135983668267727
mixup,25,400,7,0.0009912630775943398
mixup,25,400,8,0.000497875502333045
mixup,25,400,9,0.0003036630223505199
mixup,25,400,10,0.00014874484622851014
mixup,25,400,11,0.0
mixup,25,500,0,0.0072148940525949
mixup,25,500,1,0.0042329332791268826
mixup,25,500,2,0.004751323722302914
mixup,25,500,3,0.003160060616210103
mixup,25,500,4,0.002964792074635625
mixup,25,500,5,0.0023178241681307554
mixup,25,500,6,0.0020344071090221405
mixup,25,500,7,0.000942220794968307
mixup,25,500,8,0.0004419301694724709
mixup,25,500,9,0.0002834991901181638
mixup,25,500,10,0.00014517005183734
mixup,25,500,11,0.0
mixup,25,600,0,0.007253166288137436
mixup,25,600,1,0.00403154082596302
mixup,25,600,2,0.004683470819145441
mixup,25,600,3,0.0030147035140544176
mixup,25,600,4,0.003262833459302783
mixup,25,600,5,0.002373401541262865
mixup,25,600,6,0.0020061261020600796
mixup,25,600,7,0.0009642834193073213
mixup,25,600,8,0.0004688746703322977
mixup,25,600,9,0.00028783438028767705
mixup,25,600,10,0.0001502146478742361
mixup,25,600,11,0.0
mixup,25,700,0,0.007463389076292515
mixup,25,700,1,0.004700278863310814
mixup,25,700,2,0.004742179065942764
mixup,25,700,3,0.002989536616951227
mixup,25,700,4,0.0032596969977021217
mixup,25,700,5,0.0022512765135616064
mixup,25,700,6,0.0018165309447795153
mixup,25,700,7,0.0010033776052296162
mixup,25,700,8,0.00048374198377132416
mixup,25,700,9,0.00026211829390376806
mixup,25,700,10,0.00012926118506584316
mixup,25,700,11,0.0
mixup,25,800,0,0.008321200497448444
mixup,25,800,1,0.00433824397623539
mixup,25,800,2,0.0048936535604298115
mixup,25,800,3,0.0034445165656507015
mixup,25,800,4,0.0033292975276708603
mixup,25,800,5,0.0024587910156697035
mixup,25,800,6,0.0019962843507528305
mixup,25,800,7,0.0010060204658657312
mixup,25,800,8,0.0004831999831367284
mixup,25,800,9,0.0002870807657018304
mixup,25,800,10,0.00014244714111555368
mixup,25,800,11,0.0
mixup,25,900,0,0.007361162453889847
mixup,25,900,1,0.004101721104234457
mixup,25,900,2,0.004616107791662216
mixup,25,900,3,0.0031577046029269695
mixup,25,900,4,0.003284758422523737
mixup,25,900,5,0.0023547105956822634
mixup,25,900,6,0.0018328828737139702
mixup,25,900,7,0.0008950650808401406
mixup,25,900,8,0.00041900822543539107
mixup,25,900,9,0.0002576115366537124
mixup,25,900,10,0.00012731549213640392
mixup,25,900,11,0.0
mixup,25,1000,0,0.007268355693668127
mixup,25,1000,1,0.003926840145140886
mixup,25,1000,2,0.004643344320356846
mixup,25,1000,3,0.002790591446682811
mixup,25,1000,4,0.00301605137065053
mixup,25,1000,5,0.0022866609506309032
mixup,25,1000,6,0.001932546030730009
mixup,25,1000,7,0.000853942590765655
mixup,25,1000,8,0.00042056551319547
mixup,25,1000,9,0.0002520534035284072
mixup,25,1000,10,0.0001369851379422471
mixup,25,1000,11,0.0
mixup,25,1100,0,0.007405179087072611
mixup,25,1100,1,0.004106726031750441
mixup,25,1100,2,0.00447735283523798
mixup,25,1100,3,0.00279442616738379
mixup,25,1100,4,0.0029806406237185
mixup,25,1100,5,0.0022153134923428297
mixup,25,1100,6,0.0019294783705845475
mixup,25,1100,7,0.0009199820342473686
mixup,25,1100,8,0.000422128097852692
mixup,25,1100,9,0.0002841237874235958
mixup,25,1100,10,0.00013068545376881957
mixup,25,1100,11,0.0
mixup,25,1200,0,0.0063371239230036736
mixup,25,1200,1,0.0035924091935157776
mixup,25,1200,2,0.0045382496900856495
mixup,25,1200,3,0.0030506434850394726
mixup,25,1200,4,0.0030089193023741245
mixup,25,1200,5,0.0021620874758809805
mixup,25,1200,6,0.0018442370928823948
mixup,25,1200,7,0.0009397484827786684
mixup,25,1200,8,0.00042705339728854597
mixup,25,1200,9,0.00026902445824816823
mixup,25,1200,10,0.00013379924348555505
mixup,25,1200,11,0.0
mixup,26,0,0,0.0076582846231758595
mixup,26,0,1,0.004794512875378132
mixup,26,0,2,0.004893220029771328
mixup,26,0,3,0.0033970780204981565
mixup,26,0,4,0.0034952391870319843
mixup,26,0,5,0.0025103790685534477
mixup,26,0,6,0.002138804877176881
mixup,26,0,7,0.000963379570748657
mixup,26,0,8,0.000471609178930521
mixup,26,0,9,0.0002756011381279677
mixup,26,0,10,0.00014159960846882313
mixup,26,0,11,0.0
mixup,26,100,0,0.006519469432532787
mixup,26,100,1,0.0038054930046200752
mixup,26,100,2,0.004521596245467663
mixup,26,100,3,0.002975702518597245
mixup,26,100,4,0.003025967627763748
mixup,26,100,5,0.002166124526411295
mixup,26,100,6,0.001830046414397657
mixup,26,100,7,0.0009551184484735131
mixup,26,100,8,0.00042981645674444735
mixup,26,100,9,0.00026308090309612453
mixup,26,100,10,0.0001172410266008228
mixup,26,100,11,0.0
mixup,26,200,0,0.006784731987863779
mixup,26,200,1,0.004066932946443558
mixup,26,200,2,0.004736288450658321
mixup,26,200,3,0.003053683089092374
mixup,26,200,4,0.003084700321778655
mixup,26,200,5,0.0022757973056286573
mixup,26,200,6,0.0019390337402001023
mixup,26,200,7,0.0008829462458379567
mixup,26,200,8,0.00041054270695894957
mixup,26,200,9,0.00026210540090687573
mixup,26,200,10,0.00012829486513510346
mixup,26,200,11,0.0
mixup,26,300,0,0.007230413146317005
mixup,26,300,1,0.0046655843034386635
mixup,26,300,2,0.00498286634683609
mixup,26,300,3,0.003410489298403263
mixup,26,300,4,0.003371943486854434
mixup,26,300,5,0.002526084426790476
mixup,26,300,6,0.0020844123791903257
mixup,26,300,7,0.0009588433313183486
mixup,26,300,8,0.0005032481858506799
mixup,26,300,9,0.0002676356234587729
mixup,26,300,10,0.00015613099094480276
mixup,26,300,11,0.0
mixup,26,400,0,0.008112111128866673
mixup,26,400,1,0.00435981247574091
mixup,26,400,2,0.005089318845421076
mixup,26,400,3,0.003343465505167842
mixup,26,400,4,0.0034649937879294157
mixup,26,400,5,0.0026261687744408846
mixup,26,400,6,0.0021059634163975716
mixup,26,400,7,0.0010020217159762979
mixup,26,400,8,0.0005210404633544385
mixup,26,400,9,0.00029918120708316565
mixup,26,400,10,0.00017221178859472275
mixup,26,400,11,0.0
mixup,26,500,0,0.007364530581980944
mixup,26,500,1,0.003962492570281029
mixup,26,500,2,0.004577656742185354
mixup,26,500,3,0.0029578169342130423
mixup,26,500,4,0.00307214236818254
mixup,26,500,5,0.002251888159662485
mixup,26,500,6,0.001923882868140936
mixup,26,500,7,0.0008855214109644294
mixup,26,500,8,0.0004094044561497867
mixup,26,500,9,0.0002621070307213813
mixup,26,500,10,0.00013219058746472
mixup,26,500,11,0.0
mixup,26,600,0,0.008426163345575333
mixup,26,600,1,0.005113988183438778
mixup,26,600,2,0.0054526561871171
mixup,26,600,3,0.003584717633202672
mixup,26,600,4,0.0036626975052058697
mixup,26,600,5,0.0025960037019103765
mixup,26,600,6,0.0020738437306135893
mixup,26,600,7,0.0010525495745241642
mixup,26,600,8,0.0004930244176648557
mixup,26,600,9,0.00027738488279283047
mixup,26,600,10,0.0001350765087408945
mixup,26,600,11,0.0
mixup,26,700,0,0.008108417503535748
mixup,26,700,1,0.004499082453548908
mixup,26,700,2,0.004937955178320408
mixup,26,700,3,0.0033961173612624407
mixup,26,700,4,0.0032854031305760145
mixup,26,700,5,0.0022817784920334816
mixup,26,700,6,0.001928798039443791
mixup,26,700,7,0.0009354775538668036
mixup,26,700,8,0.0004844682989642024
mixup,26,700,9,0.0003020698204636574
mixup,26,700,10,0.00013990761362947524
mixup,26,700,11,0.0
mixup,26,800,0,0.007184202782809734
mixup,26,800,1,0.003952400293201208
mixup,26,800,2,0.004671778995543718
mixup,26,800,3,0.0030653122812509537
mixup,26,800,4,0.0031834286637604237
mixup,26,800,5,0.0021353522315621376
mixup,26,800,6,0.0017958753742277622
mixup,26,800,7,0.000925328757148236
mixup,26,800,8,0.00044943715329281986
mixup,26,800,9,0.0002735604648478329
mixup,26,800,10,0.0001363029732601717
mixup,26,800,11,0.0
mixup,26,900,0,0.006890022195875645
mixup,26,900,1,0.00466898875311017
mixup,26,900,2,0.00480047520250082
mixup,26,900,3,0.0033943597227334976
mixup,26,900,4,0.0030418147798627615
mixup,26,900,5,0.0021348849404603243
mixup,26,900,6,0.001895901863463223
mixup,26,900,7,0.0009218077175319195
mixup,26,900,8,0.0004686943138949573
mixup,26,900,9,0.0002373060560785234
mixup,26,900,10,0.0001339913869742304
mixup,26,900,11,0.0
mixup,26,1000,0,0.0083444369956851
mixup,26,1000,1,0.004380485974252224
mixup,26,1000,2,0.004831950645893812
mixup,26,1000,3,0.003220383543521166
mixup,26,1000,4,0.0033226097002625465
mixup,26,1000,5,0.0024190214462578297
mixup,26,1000,6,0.0020280107855796814
mixup,26,1000,7,0.0010303172748535872
mixup,26,1000,8,0.00048693097778595984
mixup,26,1000,9,0.00025764343445189297
mixup,26,1000,10,0.00013782561291009188
mixup,26,1000,11,0.0
mixup,26,1100,0,0.007359573617577553
mixup,26,1100,1,0.004018567968159914
mixup,26,1100,2,0.004685400053858757
mixup,26,1100,3,0.0032026099506765604
mixup,26,1100,4,0.0031027670484036207
mixup,26,1100,5,0.002398452255874872
mixup,26,1100,6,0.0019826528150588274
mixup,26,1100,7,0.0009009731584228575
mixup,26,1100,8,0.00044650633935816586
mixup,26,1100,9,0.0002608981158118695
mixup,26,1100,10,0.00012548090307973325
mixup,26,1100,11,0.0
mixup,26,1200,0,0.007177924737334251
mixup,26,1200,1,0.0044552418403327465
mixup,26,1200,2,0.004793422296643257
mixup,26,1200,3,0.0029634512029588223
mixup,26,1200,4,0.0030865075532346964
mixup,26,1200,5,0.0021677168551832438
mixup,26,1200,6,0.0018544630147516727
mixup,26,1200,7,0.0009180177003145218
mixup,26,1200,8,0.0004431636189110577
mixup,26,1200,9,0.00024283489619847387
mixup,26,1200,10,0.00013847432273905724
mixup,26,1200,11,0.0
mixup,27,0,0,0.0069505893625319
mixup,27,0,1,0.004152521025389433
mixup,27,0,2,0.004351394716650248
mixup,27,0,3,0.002907081274315715
mixup,27,0,4,0.0030616626609116793
mixup,27,0,5,0.002104833722114563
mixup,27,0,6,0.0018554439302533865
mixup,27,0,7,0.0009263675892725587
mixup,27,0,8,0.0004352948453743011
mixup,27,0,9,0.0002752208383753896
mixup,27,0,10,0.00013001369370613247
mixup,27,0,11,0.0
mixup,27,100,0,0.007552488707005978
mixup,27,100,1,0.0039895703084766865
mixup,27,100,2,0.004811880178749561
mixup,27,100,3,0.0030668345279991627
mixup,27,100,4,0.0031628755386918783
mixup,27,100,5,0.002317143836989999
mixup,27,100,6,0.0019292646320536733
mixup,27,100,7,0.0009017235715873539
mixup,27,100,8,0.0004544562252704054
mixup,27,100,9,0.0002510324993636459
mixup,27,100,10,0.00013608753215521574
mixup,27,100,11,0.0
mixup,27,200,0,0.00787909422069788
mixup,27,200,1,0.0041606975719332695
mixup,27,200,2,0.004971818067133427
mixup,27,200,3,0.0032139052636921406
mixup,27,200,4,0.002893423894420266
mixup,27,200,5,0.0023167156614363194
mixup,27,200,6,0.0019104433013126254
mixup,27,200,7,0.0009375654626637697
mixup,27,200,8,0.000429201201768592
mixup,27,200,9,0.0002612554526422173
mixup,27,200,10,0.00014798188931308687
mixup,27,200,11,0.0
mixup,27,300,0,0.007959824986755848
mixup,27,300,1,0.003958165645599365
mixup,27,300,2,0.004955597221851349
mixup,27,300,3,0.0031300936825573444
mixup,27,300,4,0.0033870707266032696
mixup,27,300,5,0.002306619193404913
mixup,27,300,6,0.0020814319141209126
mixup,27,300,7,0.0009841988794505596
mixup,27,300,8,0.0004841513291466981
mixup,27,300,9,0.00025910083786584437
mixup,27,300,10,0.00016394963313359767
mixup,27,300,11,0.0
mixup,27,400,0,0.007909188978374004
mixup,27,400,1,0.004946478176862001
mixup,27,400,2,0.00481124734506011
mixup,27,400,3,0.0031921800691634417
mixup,27,400,4,0.003116282168775797
mixup,27,400,5,0.0022410438396036625
mixup,27,400,6,0.0019634696654975414
mixup,27,400,7,0.0009716200875118375
mixup,27,400,8,0.00046805129386484623
mixup,27,400,9,0.00033811453613452613
mixup,27,400,10,0.00014929774624761194
mixup,27,400,11,0.0
mixup,27,500,0,0.008324576541781425
mixup,27,500,1,0.004712054971605539
mixup,27,500,2,0.005033318419009447
mixup,27,500,3,0.0035814724396914244
mixup,27,500,4,0.003281492507085204
mixup,27,500,5,0.0023330789990723133
mixup,27,500,6,0.002047664485871792
mixup,27,500,7,0.0009700126247480512
mixup,27,500,8,0.00045949083869345486
mixup,27,500,9,0.0002781410585157573
mixup,27,500,10,0.00013616906653624028
mixup,27,500,11,0.0
mixup,27,600,0,0.007463277783244848
mixup,27,600,1,0.004006551578640938
mixup,27,600,2,0.0050546638667583466
mixup,27,600,3,0.0030711577273905277
mixup,27,600,4,0.0032146514859050512
mixup,27,600,5,0.002408391796052456
mixup,27,600,6,0.001947471871972084
mixup,27,600,7,0.0009587653912603855
mixup,27,600,8,0.00046978582395240664
mixup,27,600,9,0.0002660752506926656
mixup,27,600,10,0.00014482272672466934
mixup,27,600,11,0.0
mixup,27,700,0,0.008151674643158913
mixup,27,700,1,0.004326192662119865
mixup,27,700,2,0.004997008480131626
mixup,27,700,3,0.0032669762149453163
mixup,27,700,4,0.0031993950251489878
mixup,27,700,5,0.0025334444362670183
mixup,27,700,6,0.002031927229836583
mixup,27,700,7,0.0009444095194339752
mixup,27,700,8,0.00044884879025630653
mixup,27,700,9,0.0002718917094171047
mixup,27,700,10,0.00013310117356013507
mixup,27,700,11,0.0
mixup,27,800,0,0.008451239205896854
mixup,27,800,1,0.00394642585888505
mixup,27,800,2,0.004609488416463137
mixup,27,800,3,0.0032411047723144293
mixup,27,800,4,0.0031653326004743576
mixup,27,800,5,0.002294996054843068
mixup,27,800,6,0.001892827800475061
mixup,27,800,7,0.0009591737180016935
mixup,27,800,8,0.00045425037387758493
mixup,27,800,9,0.0002782155352178961
mixup,27,800,10,0.0001308707578573376
mixup,27,800,11,0.0
mixup,27,900,0,0.00799168273806572
mixup,27,900,1,0.004041061270982027
mixup,27,900,2,0.0046798414550721645
mixup,27,900,3,0.003016506787389517
mixup,27,900,4,0.0028731604106724262
mixup,27,900,5,0.002191388513892889
mixup,27,900,6,0.0019405706552788615
mixup,27,900,7,0.0009386499878019094
mixup,27,900,8,0.0004537974309641868
mixup,27,900,9,0.0002565848408266902
mixup,27,900,10,0.00012627377873286605
mixup,27,900,11,0.0
mixup,27,1000,0,0.0084577277302742
mixup,27,1000,1,0.0046854689717292786
mixup,27,1000,2,0.00462073739618063
mixup,27,1000,3,0.003130763303488493
mixup,27,1000,4,0.003195354016497731
mixup,27,1000,5,0.00242398283444345
mixup,27,1000,6,0.0019302275031805038
mixup,27,1000,7,0.0008900880347937346
mixup,27,1000,8,0.0004581255780067295
mixup,27,1000,9,0.0002693100250326097
mixup,27,1000,10,0.0001253439550055191
mixup,27,1000,11,0.0
mixup,27,1100,0,0.008020778186619282
mixup,27,1100,1,0.004688394721597433
mixup,27,1100,2,0.0048614609986543655
mixup,27,1100,3,0.003426654962822795
mixup,27,1100,4,0.0031996003817766905
mixup,27,1100,5,0.0023938361555337906
mixup,27,1100,6,0.0019293833756819367
mixup,27,1100,7,0.000948079046793282
mixup,27,1100,8,0.0004341233288869262
mixup,27,1100,9,0.0002655555435921997
mixup,27,1100,10,0.00013142701936885715
mixup,27,1100,11,0.0
mixup,27,1200,0,0.007539993152022362
mixup,27,1200,1,0.004065963439643383
mixup,27,1200,2,0.0044819968752563
mixup,27,1200,3,0.0028832091484218836
mixup,27,1200,4,0.003044678131118417
mixup,27,1200,5,0.00211438350379467
mixup,27,1200,6,0.001935858279466629
mixup,27,1200,7,0.000933925446588546
mixup,27,1200,8,0.00046306668082252145
mixup,27,1200,9,0.00025575156905688345
mixup,27,1200,10,0.00011585264292079955
mixup,27,1200,11,0.0
mixup,28,0,0,0.008565324358642101
mixup,28,0,1,0.004511664155870676
mixup,28,0,2,0.005367424804717302
mixup,28,0,3,0.003142422065138817
mixup,28,0,4,0.0034751847852021456
mixup,28,0,5,0.002580698113888502
mixup,28,0,6,0.002060509752482176
mixup,28,0,7,0.0011099998373538256
mixup,28,0,8,0.0005408007418736815
mixup,28,0,9,0.000282328634057194
mixup,28,0,10,0.00016685164882801473
mixup,28,0,11,0.0
mixup,28,100,0,0.008665386587381363
mixup,28,100,1,0.004282480105757713
mixup,28,100,2,0.005297473631799221
mixup,28,100,3,0.003467871807515621
mixup,28,100,4,0.0034701721742749214
mixup,28,100,5,0.0025080915074795485
mixup,28,100,6,0.0019948636181652546
mixup,28,100,7,0.0009943324839696288
mixup,28,100,8,0.00047528918366879225
mixup,28,100,9,0.00026518417871557176
mixup,28,100,10,0.00016562690143473446
mixup,28,100,11,0.0
mixup,28,200,0,0.008191367611289024
mixup,28,200,1,0.004478407092392445
mixup,28,200,2,0.005210331175476313
mixup,28,200,3,0.00327640725299716
mixup,28,200,4,0.0033335527405142784
mixup,28,200,5,0.0026527498848736286
mixup,28,200,6,0.0020169299095869064
mixup,28,200,7,0.0011190854711458087
mixup,28,200,8,0.0004866297822445631
mixup,28,200,9,0.00029398483457043767
mixup,28,200,10,0.00014116398233454674
mixup,28,200,11,0.0
mixup,28,300,0,0.009081725031137466
mixup,28,300,1,0.004587795585393906
mixup,28,300,2,0.0049611409194767475
mixup,28,300,3,0.0033709299750626087
mixup,28,300,4,0.0031766609754413366
mixup,28,300,5,0.002228454453870654
mixup,28,300,6,0.0019388460787013173
mixup,28,300,7,0.0009303371189162135
mixup,28,300,8,0.00045470648910850286
mixup,28,300,9,0.000265055859927088
mixup,28,300,10,0.0001478103076806292
mixup,28,300,11,0.0
mixup,28,400,0,0.00865620281547308
mixup,28,400,1,0.004364210646599531
mixup,28,400,2,0.004706086590886116
mixup,28,400,3,0.002965318039059639
mixup,28,400,4,0.003172951517626643
mixup,28,400,5,0.0022217778023332357
mixup,28,400,6,0.002043844433501363
mixup,28,400,7,0.0009479541913606226
mixup,28,400,8,0.00042031894554384053
mixup,28,400,9,0.0002502713177818805
mixup,28,400,10,0.0001262696459889412
mixup,28,400,11,0.0
mixup,28,500,0,0.00858338363468647
mixup,28,500,1,0.0041610850021243095
mixup,28,500,2,0.004644870758056641
mixup,28,500,3,0.0031323188450187445
mixup,28,500,4,0.0029179994016885757
mixup,28,500,5,0.0022868351079523563
mixup,28,500,6,0.001938009518198669
mixup,28,500,7,0.0009399385889992118
mixup,28,500,8,0.00046008333447389305
mixup,28,500,9,0.00026172370417043567
mixup,28,500,10,0.00013946536637376994
mixup,28,500,11,0.0
mixup,28,600,0,0.009154075756669044
mixup,28,600,1,0.004759663715958595
mixup,28,600,2,0.004909489769488573
mixup,28,600,3,0.0033755735494196415
mixup,28,600,4,0.003445375943556428
mixup,28,600,5,0.0026996794622391462
mixup,28,600,6,0.0019906789530068636
mixup,28,600,7,0.0010250414488837123
mixup,28,600,8,0.0004859991604462266
mixup,28,600,9,0.0002826465934049338
mixup,28,600,10,0.00014230851957108825
mixup,28,600,11,0.0
mixup,28,700,0,0.008456767536699772
mixup,28,700,1,0.0046157799661159515
mixup,28,700,2,0.004722318146377802
mixup,28,700,3,0.003142427885904908
mixup,28,700,4,0.0033894190564751625
mixup,28,700,5,0.0023238640278577805
mixup,28,700,6,0.0021625699009746313
mixup,28,700,7,0.0010949120623990893
mixup,28,700,8,0.0005379948997870088
mixup,28,700,9,0.00029313957202248275
mixup,28,700,10,0.00012931524543091655
mixup,28,700,11,0.0
mixup,28,800,0,0.00832972303032875
mixup,28,800,1,0.004299018532037735
mixup,28,800,2,0.004838826600462198
mixup,28,800,3,0.003179526189342141
mixup,28,800,4,0.0030650317203253508
mixup,28,800,5,0.0024013351649045944
mixup,28,800,6,0.002001008950173855
mixup,28,800,7,0.0008882812107913196
mixup,28,800,8,0.00043525840737856925
mixup,28,800,9,0.00024420235422439873
mixup,28,800,10,0.00012833466462325305
mixup,28,800,11,0.0
mixup,28,900,0,0.008012689650058746
mixup,28,900,1,0.004494792781770229
mixup,28,900,2,0.004705001134425402
mixup,28,900,3,0.003269400680437684
mixup,28,900,4,0.0030382226686924696
mixup,28,900,5,0.0022226395085453987
mixup,28,900,6,0.001997864805161953
mixup,28,900,7,0.0009941636817529798
mixup,28,900,8,0.0004893968580290675
mixup,28,900,9,0.0002649076050147414
mixup,28,900,10,0.0001468006958020851
mixup,28,900,11,0.0
mixup,28,1000,0,0.008438074961304665
mixup,28,1000,1,0.004272896330803633
mixup,28,1000,2,0.004825746640563011
mixup,28,1000,3,0.0032056428026407957
mixup,28,1000,4,0.00289180688560009
mixup,28,1000,5,0.002213372616097331
mixup,28,1000,6,0.0018902760930359364
mixup,28,1000,7,0.0009050080552697182
mixup,28,1000,8,0.0004583577683661133
mixup,28,1000,9,0.00026473411708138883
mixup,28,1000,10,0.00014251504035200924
mixup,28,1000,11,0.0
mixup,28,1100,0,0.007509311661124229
mixup,28,1100,1,0.004125495441257954
mixup,28,1100,2,0.004818599205464125
mixup,28,1100,3,0.0030677535105496645
mixup,28,1100,4,0.002890083473175764
mixup,28,1100,5,0.0023143813014030457
mixup,28,1100,6,0.0018781881080940366
mixup,28,1100,7,0.0010291365906596184
mixup,28,1100,8,0.0004465938254725188
mixup,28,1100,9,0.00024268464767374098
mixup,28,1100,10,0.0001352918625343591
mixup,28,1100,11,0.0
mixup,28,1200,0,0.007674423512071371
mixup,28,1200,1,0.004165254533290863
mixup,28,1200,2,0.004585950169712305
mixup,28,1200,3,0.0029469369910657406
mixup,28,1200,4,0.0029451949521899223
mixup,28,1200,5,0.0022445502690970898
mixup,28,1200,6,0.0018900725990533829
mixup,28,1200,7,0.0009743343689478934
mixup,28,1200,8,0.0004212695057503879
mixup,28,1200,9,0.0002674270945135504
mixup,28,1200,10,0.0001448267139494419
mixup,28,1200,11,0.0
mixup,29,0,0,0.008657398633658886
mixup,29,0,1,0.0044153002090752125
mixup,29,0,2,0.00528748519718647
mixup,29,0,3,0.003490450792014599
mixup,29,0,4,0.0034439987502992153
mixup,29,0,5,0.002514278283342719
mixup,29,0,6,0.0020203127060085535
mixup,29,0,7,0.0010174839990213513
mixup,29,0,8,0.0004524258547462523
mixup,29,0,9,0.0002725076919887215
mixup,29,0,10,0.00013574962213169783
mixup,29,0,11,0.0
mixup,29,100,0,0.008448644541203976
mixup,29,100,1,0.0038504914846271276
mixup,29,100,2,0.005016898736357689
mixup,29,100,3,0.003297971561551094
mixup,29,100,4,0.003269940847530961
mixup,29,100,5,0.0023511804174631834
mixup,29,100,6,0.002016577171161771
mixup,29,100,7,0.0010080750798806548
mixup,29,100,8,0.0004926238907501101
mixup,29,100,9,0.00027027350733987987
mixup,29,100,10,0.00015670926950406283
mixup,29,100,11,0.0
mixup,29,200,0,0.00784036424010992
mixup,29,200,1,0.004448861349374056
mixup,29,200,2,0.004833062179386616
mixup,29,200,3,0.0031078574247658253
mixup,29,200,4,0.003167023416608572
mixup,29,200,5,0.0022769959177821875
mixup,29,200,6,0.0019871860276907682
mixup,29,200,7,0.0009288361179642379
mixup,29,200,8,0.0004347883223090321
mixup,29,200,9,0.0002628960064612329
mixup,29,200,10,0.00013999971270095557
mixup,29,200,11,0.0
mixup,29,300,0,0.008814527653157711
mixup,29,300,1,0.004175352863967419
mixup,29,300,2,0.004978721961379051
mixup,29,300,3,0.003163058077916503
mixup,29,300,4,0.0030687206890434027
mixup,29,300,5,0.0026274926494807005
mixup,29,300,6,0.0020195567049086094
mixup,29,300,7,0.0009923081379383802
mixup,29,300,8,0.00044078301289118826
mixup,29,300,9,0.0002829362638294697
mixup,29,300,10,0.00012476550182327628
mixup,29,300,11,0.0
mixup,29,400,0,0.008762565441429615
mixup,29,400,1,0.00457934383302927
mixup,29,400,2,0.005036124028265476
mixup,29,400,3,0.0032111171167343855
mixup,29,400,4,0.003166868118569255
mixup,29,400,5,0.0026254719123244286
mixup,29,400,6,0.0022668177261948586
mixup,29,400,7,0.001034272601827979
mixup,29,400,8,0.0004883914953097701
mixup,29,400,9,0.00026554090436547995
mixup,29,400,10,0.00015458928828593343
mixup,29,400,11,0.0
mixup,29,500,0,0.00979931652545929
mixup,29,500,1,0.004533079452812672
mixup,29,500,2,0.0053509860299527645
mixup,29,500,3,0.0032878590282052755
mixup,29,500,4,0.003349841106683016
mixup,29,500,5,0.002538008149713278
mixup,29,500,6,0.002179480390623212
mixup,29,500,7,0.001058828318491578
mixup,29,500,8,0.000490071892272681
mixup,29,500,9,0.00029105390422046185
mixup,29,500,10,0.00015157050802372396
mixup,29,500,11,0.0
mixup,29,600,0,0.01059119775891304
mixup,29,600,1,0.0050795492716133595
mixup,29,600,2,0.005961673334240913
mixup,29,600,3,0.0036417178343981504
mixup,29,600,4,0.0037453221157193184
mixup,29,600,5,0.0026146925520151854
mixup,29,600,6,0.002358134603127837
mixup,29,600,7,0.0011197805870324373
mixup,29,600,8,0.0005388020654208958
mixup,29,600,9,0.0002980526187457144
mixup,29,600,10,0.00016452370618935674
mixup,29,600,11,0.0
mixup,29,700,0,0.009373007342219353
mixup,29,700,1,0.004139730706810951
mixup,29,700,2,0.004685530439019203
mixup,29,700,3,0.0032770619727671146
mixup,29,700,4,0.0031727608293294907
mixup,29,700,5,0.002442082157358527
mixup,29,700,6,0.00201489869505167
mixup,29,700,7,0.0009596446179784834
mixup,29,700,8,0.00045298924669623375
mixup,29,700,9,0.00024981872411444783
mixup,29,700,10,0.00014348540571518242
mixup,29,700,11,0.0
mixup,29,800,0,0.007915083318948746
mixup,29,800,1,0.004070424009114504
mixup,29,800,2,0.004666440654546022
mixup,29,800,3,0.0029697036370635033
mixup,29,800,4,0.0029422363732010126
mixup,29,800,5,0.0022272702772170305
mixup,29,800,6,0.001834638649597764
mixup,29,800,7,0.0009103096672333777
mixup,29,800,8,0.0004498432972468436
mixup,29,800,9,0.000268917327048257
mixup,29,800,10,0.0001334164262516424
mixup,29,800,11,0.0
mixup,29,900,0,0.008423826657235622
mixup,29,900,1,0.00433774758130312
mixup,29,900,2,0.004988647066056728
mixup,29,900,3,0.003253771923482418
mixup,29,900,4,0.0033634579740464687
mixup,29,900,5,0.002526754280552268
mixup,29,900,6,0.0019624929409474134
mixup,29,900,7,0.0010586491553112864
mixup,29,900,8,0.00045506173046305776
mixup,29,900,9,0.00026953447377309203
mixup,29,900,10,0.00015011921641416848
mixup,29,900,11,0.0
mixup,29,1000,0,0.009242232888936996
mixup,29,1000,1,0.004247720818966627
mixup,29,1000,2,0.004681489430367947
mixup,29,1000,3,0.0032292185351252556
mixup,29,1000,4,0.0031001148745417595
mixup,29,1000,5,0.0022547149565070868
mixup,29,1000,6,0.0019207947188988328
mixup,29,1000,7,0.0009824782609939575
mixup,29,1000,8,0.00041839657933451235
mixup,29,1000,9,0.0002635899872984737
mixup,29,1000,10,0.00012707631685771048
mixup,29,1000,11,0.0
mixup,29,1100,0,0.009023591876029968
mixup,29,1100,1,0.004193034954369068
mixup,29,1100,2,0.005116074346005917
mixup,29,1100,3,0.0032649626955389977
mixup,29,1100,4,0.003178419778123498
mixup,29,1100,5,0.002423301339149475
mixup,29,1100,6,0.0019718913827091455
mixup,29,1100,7,0.001036134664900601
mixup,29,1100,8,0.0004992357571609318
mixup,29,1100,9,0.00026316536241210997
mixup,29,1100,10,0.0001451813877793029
mixup,29,1100,11,0.0
mixup,29,1200,0,0.010522229596972466
mixup,29,1200,1,0.004706078674644232
mixup,29,1200,2,0.005781781394034624
mixup,29,1200,3,0.0036008141469210386
mixup,29,1200,4,0.003880167845636606
mixup,29,1200,5,0.0028176596388220787
mixup,29,1200,6,0.0021640292834490538
mixup,29,1200,7,0.0011666088830679655
mixup,29,1200,8,0.0005689901299774647
mixup,29,1200,9,0.000318001868436113
mixup,29,1200,10,0.0001673869846854359
mixup,29,1200,11,0.0
mixup,30,0,0,0.009070666506886482
mixup,30,0,1,0.004933249205350876
mixup,30,0,2,0.004955928307026625
mixup,30,0,3,0.003441284643486142
mixup,30,0,4,0.0032125217840075493
mixup,30,0,5,0.0025662474799901247
mixup,30,0,6,0.0020682651083916426
mixup,30,0,7,0.0009960242314264178
mixup,30,0,8,0.00046990590635687113
mixup,30,0,9,0.00028171605663374066
mixup,30,0,10,0.00014344420924317092
mixup,30,0,11,0.0
mixup,30,100,0,0.008890483528375626
mixup,30,100,1,0.004637542180716991
mixup,30,100,2,0.005167426075786352
mixup,30,100,3,0.00308888778090477
mixup,30,100,4,0.003386277239769697
mixup,30,100,5,0.0024608972016721964
mixup,30,100,6,0.0020190447103232145
mixup,30,100,7,0.0010673635406419635
mixup,30,100,8,0.0005034949281252921
mixup,30,100,9,0.0002766234101727605
mixup,30,100,10,0.00013889589172322303
mixup,30,100,11,0.0
mixup,30,200,0,0.008463102392852306
mixup,30,200,1,0.0045633697882294655
mixup,30,200,2,0.004678654484450817
mixup,30,200,3,0.0032476955093443394
mixup,30,200,4,0.0032799425534904003
mixup,30,200,5,0.0023752839770168066
mixup,30,200,6,0.0018282158998772502
mixup,30,200,7,0.0010006669908761978
mixup,30,200,8,0.000514689483679831
mixup,30,200,9,0.0002934923395514488
mixup,30,200,10,0.00012848139158450067
mixup,30,200,11,0.0
mixup,30,300,0,0.009388761594891548
mixup,30,300,1,0.004592810291796923
mixup,30,300,2,0.004956209100782871
mixup,30,300,3,0.0034512486308813095
mixup,30,300,4,0.0034018720034509897
mixup,30,300,5,0.002357885940000415
mixup,30,300,6,0.001924544689245522
mixup,30,300,7,0.0009588946704752743
mixup,30,300,8,0.0004661221173591912
mixup,30,300,9,0.0002992234658449888
mixup,30,300,10,0.0001350209058728069
mixup,30,300,11,0.0
mixup,30,400,0,0.009922096505761147
mixup,30,400,1,0.004544311668723822
mixup,30,400,2,0.004976106341928244
mixup,30,400,3,0.00350228906609118
mixup,30,400,4,0.003294842317700386
mixup,30,400,5,0.0024345912970602512
mixup,30,400,6,0.002017734805122018
mixup,30,400,7,0.0009576189331710339
mixup,30,400,8,0.0005194612313061953
mixup,30,400,9,0.0002812941384036094
mixup,30,400,10,0.00014265329809859395
mixup,30,400,11,0.0
mixup,30,500,0,0.010077331215143204
mixup,30,500,1,0.004308618605136871
mixup,30,500,2,0.005215837154537439
mixup,30,500,3,0.003938314970582724
mixup,30,500,4,0.0031891665421426296
mixup,30,500,5,0.002302161417901516
mixup,30,500,6,0.001977964537218213
mixup,30,500,7,0.0009626071550883353
mixup,30,500,8,0.0005088791367597878
mixup,30,500,9,0.0002746093086898327
mixup,30,500,10,0.00013096984184812754
mixup,30,500,11,0.0
mixup,30,600,0,0.010089986026287079
mixup,30,600,1,0.004814343061298132
mixup,30,600,2,0.005575849674642086
mixup,30,600,3,0.0033276700414717197
mixup,30,600,4,0.0035728532820940018
mixup,30,600,5,0.002663086634129286
mixup,30,600,6,0.0021596483420580626
mixup,30,600,7,0.0009572431445121765
mixup,30,600,8,0.0005205468041822314
mixup,30,600,9,0.0003076028951909393
mixup,30,600,10,0.0001792733819456771
mixup,30,600,11,0.0
mixup,30,700,0,0.008951209485530853
mixup,30,700,1,0.0039994968101382256
mixup,30,700,2,0.005178289022296667
mixup,30,700,3,0.003304203739389777
mixup,30,700,4,0.0032800803892314434
mixup,30,700,5,0.002329375362023711
mixup,30,700,6,0.0019726466853171587
mixup,30,700,7,0.0009695272310636938
mixup,30,700,8,0.0004953008028678596
mixup,30,700,9,0.0002796254411805421
mixup,30,700,10,0.00013689948536921293
mixup,30,700,11,0.0
mixup,30,800,0,0.00898094940930605
mixup,30,800,1,0.004613033030182123
mixup,30,800,2,0.004990360699594021
mixup,30,800,3,0.003063851734623313
mixup,30,800,4,0.0029564015567302704
mixup,30,800,5,0.0023034533951431513
mixup,30,800,6,0.001994870603084564
mixup,30,800,7,0.000949749315623194
mixup,30,800,8,0.000448584120022133
mixup,30,800,9,0.00026161703863181174
mixup,30,800,10,0.00014664663467556238
mixup,30,800,11,0.0
mixup,30,900,0,0.00846698135137558
mixup,30,900,1,0.004388384986668825
mixup,30,900,2,0.00505555234849453
mixup,30,900,3,0.0031327216420322657
mixup,30,900,4,0.0030009502079337835
mixup,30,900,5,0.00233470369130373
mixup,30,900,6,0.002097665099427104
mixup,30,900,7,0.0011429081205278635
mixup,30,900,8,0.0004234936204738915
mixup,30,900,9,0.00026535463985055685
mixup,30,900,10,0.00014024194388184696
mixup,30,900,11,0.0
mixup,30,1000,0,0.009800600819289684
mixup,30,1000,1,0.004481764044612646
mixup,30,1000,2,0.004780750721693039
mixup,30,1000,3,0.003395432373508811
mixup,30,1000,4,0.003411829238757491
mixup,30,1000,5,0.002469585742801428
mixup,30,1000,6,0.0019073417643085122
mixup,30,1000,7,0.0010524323442950845
mixup,30,1000,8,0.000468685117084533
mixup,30,1000,9,0.00028355285758152604
mixup,30,1000,10,0.0001428786781616509
mixup,30,1000,11,0.0
mixup,30,1100,0,0.009828238748013973
mixup,30,1100,1,0.004468751139938831
mixup,30,1100,2,0.005048631690442562
mixup,30,1100,3,0.0031597509514540434
mixup,30,1100,4,0.0034809543285518885
mixup,30,1100,5,0.002405854407697916
mixup,30,1100,6,0.0020723086781799793
mixup,30,1100,7,0.001075602718628943
mixup,30,1100,8,0.0004760216106660664
mixup,30,1100,9,0.0002870444150175899
mixup,30,1100,10,0.00016401702305302024
mixup,30,1100,11,0.0
mixup,30,1200,0,0.011060771532356739
mixup,30,1200,1,0.004924308974295855
mixup,30,1200,2,0.0059671723283827305
mixup,30,1200,3,0.004085390362888575
mixup,30,1200,4,0.0042694550938904285
mixup,30,1200,5,0.002901630476117134
mixup,30,1200,6,0.002384366700425744
mixup,30,1200,7,0.0012065644841641188
mixup,30,1200,8,0.000562007655389607
mixup,30,1200,9,0.00033266175887547433
mixup,30,1200,10,0.00016644917195662856
mixup,30,1200,11,0.0
nomix,0,0,0,6.191387365106493e-05
nomix,0,0,1,2.172996937588323e-05
nomix,0,0,2,1.2020045687677339e-05
nomix,0,0,3,7.66038465371821e-06
nomix,0,0,4,1.0655065125320107e-05
nomix,0,0,5,7.883622856752481e-06
nomix,0,0,6,9.863259037956595e-06
nomix,0,0,7,5.497013717103982e-06
nomix,0,0,8,4.940111921314383e-06
nomix,0,0,9,5.636016339849448e-06
nomix,0,0,10,3.2697614642529516e-06
nomix,0,0,11,0.0
nomix,0,100,0,6.110999675001949e-05
nomix,0,100,1,1.9911087292712182e-05
nomix,0,100,2,1.8313898181077093e-05
nomix,0,100,3,1.0570398444542661e-05
nomix,0,100,4,1.1842071216960903e-05
nomix,0,100,5,1.0200436918239575e-05
nomix,0,100,6,7.315612947422778e-06
nomix,0,100,7,6.22299603492138e-06
nomix,0,100,8,7.676359928154852e-06
nomix,0,100,9,3.196307716279989e-06
nomix,0,100,10,3.573665708245244e-06
nomix,0,100,11,0.0
nomix,0,200,0,6.038512947270647e-05
nomix,0,200,1,3.156396996928379e-05
nomix,0,200,2,1.926083496073261e-05
nomix,0,200,3,1.2739993508148473e-05
nomix,0,200,4,1.4320799891720526e-05
nomix,0,200,5,9.370961379318032e-06
nomix,0,200,6,6.362062322295969e-06
nomix,0,200,7,6.761616987205343e-06
nomix,0,200,8,4.329352577769896e-06
nomix,0,200,9,4.059892035002122e-06
nomix,0,200,10,3.155389549647225e-06
nomix,0,200,11,0.0
nomix,0,300,0,6.9554997025989e-05
nomix,0,300,1,2.5347364498884417e-05
nomix,0,300,2,1.4084457689023111e-05
nomix,0,300,3,2.3012145902612247e-05
nomix,0,300,4,1.2745576896122657e-05
nomix,0,300,5,5.708379376301309e-06
nomix,0,300,6,6.295261755440151e-06
nomix,0,300,7,7.826022738299798e-06
nomix,0,300,8,5.9383669395174365e-06
nomix,0,300,9,3.6336259654490277e-06
nomix,0,300,10,3.047059863092727e-06
nomix,0,300,11,0.0
nomix,0,400,0,6.123377534095198e-05
nomix,0,400,1,2.46947802224895e-05
nomix,0,400,2,1.9705306840478443e-05
nomix,0,400,3,1.5566089132335037e-05
nomix,0,400,4,1.2119492566853296e-05
nomix,0,400,5,9.344056707050186e-06
nomix,0,400,6,7.000847745075589e-06
nomix,0,400,7,8.280602742161136e-06
nomix,0,400,8,3.800663307629293e-06
nomix,0,400,9,1.5852755268497276e-06
nomix,0,400,10,3.115557774435729e-06
nomix,0,400,11,0.0
nomix,0,500,0,8.40989378048107e-05
nomix,0,500,1,2.321882129763253e-05
nomix,0,500,2,2.283304274897091e-05
nomix,0,500,3,9.751985999173485e-06
nomix,0,500,4,1.1296665434201714e-05
nomix,0,500,5,6.1492869463108946e-06
nomix,0,500,6,8.879106644599233e-06
nomix,0,500,7,8.69884024723433e-06
nomix,0,500,8,5.935855369898491e-06
nomix,0,500,9,5.262651484372327e-06
nomix,0,500,10,2.185678567911964e-06
nomix,0,500,11,0.0
nomix,0,600,0,7.299389108084142e-05
nomix,0,600,1,2.5676557925180532e-05
nomix,0,600,2,1.3977588423585985e-05
nomix,0,600,3,1.565115417179186e-05
nomix,0,600,4,6.585458777408348e-06
nomix,0,600,5,1.4102435670793056e-05
nomix,0,600,6,9.192267498292495e-06
nomix,0,600,7,4.908730261377059e-06
nomix,0,600,8,3.2399095744040096e-06
nomix,0,600,9,3.445383299549576e-06
nomix,0,600,10,1.7883237433125032e-06
nomix,0,600,11,0.0
nomix,0,700,0,5.42636880709324e-05
nomix,0,700,1,2.25739258894464e-05
nomix,0,700,2,1.4703165106766392e-05
nomix,0,700,3,1.2689843060798012e-05
nomix,0,700,4,7.1752051553630736e-06
nomix,0,700,5,7.158334028645186e-06
nomix,0,700,6,7.238280886667781e-06
nomix,0,700,7,7.812962394382339e-06
nomix,0,700,8,3.6332173749542562e-06
nomix,0,700,9,1.931342694660998e-06
nomix,0,700,10,2.1346511402953183e-06
nomix,0,700,11,0.0
nomix,0,800,0,3.5211927752243355e-05
nomix,0,800,1,1.9159639123245142e-05
nomix,0,800,2,2.2834885385236703e-05
nomix,0,800,3,1.362005241389852e-05
nomix,0,800,4,5.987853910482954e-06
nomix,0,800,5,4.9360282901034225e-06
nomix,0,800,6,3.6938979519618442e-06
nomix,0,800,7,2.1452710825542454e-06
nomix,0,800,8,1.8696219967750949e-06
nomix,0,800,9,1.5337310514951241e-06
nomix,0,800,10,7.194554427769617e-07
nomix,0,800,11,0.0
nomix,0,900,0,5.171714656171389e-05
nomix,0,900,1,2.7992236937279813e-05
nomix,0,900,2,1.2656238141062204e-05
nomix,0,900,3,9.133541425399017e-06
nomix,0,900,4,6.795658919145353e-06
nomix,0,900,5,7.028535947029013e-06
nomix,0,900,6,5.394390427682083e-06
nomix,0,900,7,3.757083277378115e-06
nomix,0,900,8,1.2606519703695085e-06
nomix,0,900,9,1.8202271121481317e-06
nomix,0,900,10,5.000117084819067e-07
nomix,0,900,11,0.0
nomix,0,1000,0,7.17190996510908e-05
nomix,0,1000,1,2.1406034647952765e-05
nomix,0,1000,2,1.7295345969614573e-05
nomix,0,1000,3,1.1860753147630021e-05
nomix,0,1000,4,7.350251962634502e-06
nomix,0,1000,5,5.093563686386915e-06
nomix,0,1000,6,4.035617621411802e-06
nomix,0,1000,7,2.660996869963128e-06
nomix,0,1000,8,2.8632948669837788e-06
nomix,0,1000,9,2.7406722438172437e-06
nomix,0,1000,10,9.988126521420782e-07
nomix,0,1000,11,0.0
nomix,0,1100,0,6.167499668663368e-05
nomix,0,1100,1,3.1922285415930673e-05
nomix,0,1100,2,1.3868298992747441e-05
nomix,0,1100,3,1.1986743629677221e-05
nomix,0,1100,4,6.530414339067647e-06
nomix,0,1100,5,3.042239313799655e-06
nomix,0,1100,6,4.315337264415575e-06
nomix,0,1100,7,3.4937097552756313e-06
nomix,0,1100,8,2.5584868126315996e-06
nomix,0,1100,9,1.5302503015846014e-06
nomix,0,1100,10,9.67667119766702e-07
nomix,0,1100,11,0.0
nomix,0,1200,0,7.556773198302835e-05
nomix,0,1200,1,1.975253690034151e-05
nomix,0,1200,2,1.784955384209752e-05
nomix,0,1200,3,1.1403087228245568e-05
nomix,0,1200,4,3.74212208953395e-06
nomix,0,1200,5,6.06468756814138e-06
nomix,0,1200,6,3.1880565529718297e-06
nomix,0,1200,7,3.249985866204952e-06
nomix,0,1200,8,1.0405118473499897e-06
nomix,0,1200,9,1.2429234175215242e-06
nomix,0,1200,10,6.047422402843949e-07
nomix,0,1200,11,0.0
nomix,1,0,0,7.497941987821832e-05
nomix,1,0,1,3.9902930438984185e-05
nomix,1,0,2,2.4558727091061883e-05
nomix,1,0,3,1.8395558072370477e-05
nomix,1,0,4,8.474339665553998e-06
nomix,1,0,5,8.055662874539848e-06
nomix,1,0,6,3.7610409435728798e-06
nomix,1,0,7,4.041494321427308e-06
nomix,1,0,8,1.9049598449782934e-06
nomix,1,0,9,1.2677515996983857e-06
nomix,1,0,10,1.0971782558044652e-06
nomix,1,0,11,0.0
nomix,1,100,0,0.00010364471381762996
nomix,1,100,1,6.816795212216675e-05
nomix,1,100,2,5.20864014106337e-05
nomix,1,100,3,2.2906746380613185e-05
nomix,1,100,4,7.170537173806224e-06
nomix,1,100,5,4.214731234242208e-06
nomix,1,100,6,3.043107881239848e-06
nomix,1,100,7,1.643742507440038e-06
nomix,1,100,8,2.2468179849965964e-06
nomix,1,100,9,1.2432830089892377e-06
nomix,1,100,10,9.030690648614836e-07
nomix,1,100,11,0.0
nomix,1,200,0,0.00017151967040263116
nomix,1,200,1,4.71693929284811e-05
nomix,1,200,2,3.0793133191764355e-05
nomix,1,200,3,1.696058825473301e-05
nomix,1,200,4,6.495518391602673e-06
nomix,1,200,5,3.765557949009235e-06
nomix,1,200,6,4.133384209126234e-06
nomix,1,200,7,3.716289256772143e-06
nomix,1,200,8,3.3134451769001316e-06
nomix,1,200,9,1.983896936508245e-06
nomix,1,200,10,9.690646720628138e-07
nomix,1,200,11,0.0
nomix,1,300,0,0.0001324369659414515
nomix,1,300,1,3.809535701293498e-05
nomix,1,300,2,2.216169741586782e-05
nomix,1,300,3,1.1061304576287512e-05
nomix,1,300,4,4.367807378002908e-06
nomix,1,300,5,2.481225010342314e-06
nomix,1,300,6,2.0968914213881362e-06
nomix,1,300,7,2.479283921275055e-06
nomix,1,300,8,1.2592275879796944e-06
nomix,1,300,9,1.1216890243304078e-06
nomix,1,300,10,3.6494364508143917e-07
nomix,1,300,11,0.0
nomix,1,400,0,0.00018403427384328097
nomix,1,400,1,4.9891863454831764e-05
nomix,1,400,2,3.968059172620997e-05
nomix,1,400,3,1.4854010260023642e-05
nomix,1,400,4,3.6497133351076627e-06
nomix,1,400,5,3.3657274798315484e-06
nomix,1,400,6,2.1668781755579403e-06
nomix,1,400,7,2.3903105557110393e-06
nomix,1,400,8,2.0667728222178994e-06
nomix,1,400,9,6.921008548488317e-07
nomix,1,400,10,1.023650042952795e-06
nomix,1,400,11,0.0
nomix,1,500,0,0.0001772502000676468
nomix,1,500,1,8.104565495159477e-05
nomix,1,500,2,6.691092130495235e-05
nomix,1,500,3,1.7300450053880922e-05
nomix,1,500,4,6.122257218521554e-06
nomix,1,500,5,3.812643853962072e-06
nomix,1,500,6,3.503034122331883e-06
nomix,1,500,7,1.6739605825932813e-06
nomix,1,500,8,1.683916252659401e-06
nomix,1,500,9,9.115217380895047e-07
nomix,1,500,10,1.1019486692021019e-06
nomix,1,500,11,0.0
nomix,1,600,0,0.00013934461458120495
nomix,1,600,1,6.542212213389575e-05
nomix,1,600,2,2.6453632017364725e-05
nomix,1,600,3,8.524178156221751e-06
nomix,1,600,4,6.6662455537880305e-06
nomix,1,600,5,4.3260019992885645e-06
nomix,1,600,6,2.6955735847877804e-06
nomix,1,600,7,1.501249244029168e-06
nomix,1,600,8,1.5373317410194431e-06
nomix,1,600,9,6.57142038562597e-07
nomix,1,600,10,6.387607527358341e-07
nomix,1,600,11,0.0
nomix,1,700,0,0.0001701339933788404
nomix,1,700,1,7.3886891186703e-05
nomix,1,700,2,7.904053200036287e-05
nomix,1,700,3,2.5870633180602454e-05
nomix,1,700,4,5.186435373616405e-06
nomix,1,700,5,3.508204144964111e-06
nomix,1,700,6,2.419962811472942e-06
nomix,1,700,7,2.7714911539078457e-06
nomix,1,700,8,1.729141217765573e-06
nomix,1,700,9,1.0750407000159612e-06
nomix,1,700,10,1.0260209819534793e-06
nomix,1,700,11,0.0
nomix,1,800,0,0.0002969652123283595
nomix,1,800,1,8.154666284099221e-05
nomix,1,800,2,5.1605296903289855e-05
nomix,1,800,3,2.743241384450812e-05
nomix,1,800,4,1.0715580174291972e-05
nomix,1,800,5,3.941041995858541e-06
nomix,1,800,6,2.900457957366598e-06
nomix,1,800,7,1.838898583628179e-06
nomix,1,800,8,1.1409214266677736e-06
nomix,1,800,9,8.562000743950193e-07
nomix,1,800,10,7.170903586484201e-07
nomix,1,800,11,0.0
nomix,1,900,0,0.0002559893182478845
nomix,1,900,1,0.00010596027277642861
nomix,1,900,2,5.8864825405180454e-05
nomix,1,900,3,1.8672206351766363e-05
nomix,1,900,4,1.0544308679527603e-05
nomix,1,900,5,4.9435780056228396e-06
nomix,1,900,6,3.0304083793453174e-06
nomix,1,900,7,1.7160896277346183e-06
nomix,1,900,8,1.6954810462266323e-06
nomix,1,900,9,1.4230096212486387e-06
nomix,1,900,10,8.028164870665933e-07
nomix,1,900,11,0.0
nomix,1,1000,0,0.0002370167785556987
nomix,1,1000,1,0.00010724177263909951
nomix,1,1000,2,5.479841638589278e-05
nomix,1,1000,3,1.9662104023154825e-05
nomix,1,1000,4,6.7333544393477496e-06
nomix,1,1000,5,5.525635970116127e-06
nomix,1,1000,6,4.077416633663233e-06
nomix,1,1000,7,2.213110292359488e-06
nomix,1,1000,8,1.2373694744383101e-06
nomix,1,1000,9,8.545194418729807e-07
nomix,1,1000,10,3.8811779745628883e-07
nomix,1,1000,11,0.0
nomix,1,1100,0,0.00021297689818311483
nomix,1,1100,1,9.260931255994365e-05
nomix,1,1100,2,5.0310140068177134e-05
nomix,1,1100,3,2.1414556613308378e-05
nomix,1,1100,4,9.756074177857954e-06
nomix,1,1100,5,3.2641969482938293e-06
nomix,1,1100,6,2.570548531366512e-06
nomix,1,1100,7,1.1766081797759398e-06
nomix,1,1100,8,1.074267743206292e-06
nomix,1,1100,9,8.55093901463988e-07
nomix,1,1100,10,8.031233846850228e-07
nomix,1,1100,11,0.0
nomix,1,1200,0,0.00024895594106055796
nomix,1,1200,1,0.00013097163173370063
nomix,1,1200,2,8.424328552791849e-05
nomix,1,1200,3,2.8584829124156386e-05
nomix,1,1200,4,1.0751102308859117e-05
nomix,1,1200,5,8.236821486207191e-06
nomix,1,1200,6,2.0143615984125063e-06
nomix,1,1200,7,2.3029340354696615e-06
nomix,1,1200,8,1.7613185718801105e-06
nomix,1,1200,9,7.803943731232721e-07
nomix,1,1200,10,4.726523457065923e-07
nomix,1,1200,11,0.0
nomix,2,0,0,0.00016429348033852875
nomix,2,0,1,8.1037258496508e-05
nomix,2,0,2,4.04618403990753e-05
nomix,2,0,3,1.6921028873184696e-05
nomix,2,0,4,5.843749931955244e-06
nomix,2,0,5,2.4924202080001123e-06
nomix,2,0,6,2.5661022391432198e-06
nomix,2,0,7,2.129111180693144e-06
nomix,2,0,8,8.5907316815792e-07
nomix,2,0,9,7.232052894323715e-07
nomix,2,0,10,3.3403327392989013e-07
nomix,2,0,11,0.0
nomix,2,100,0,0.00028748856857419014
nomix,2,100,1,0.0001504006067989394
nomix,2,100,2,8.853428153088316e-05
nomix,2,100,3,3.237889541196637e-05
nomix,2,100,4,9.10742710402701e-06
nomix,2,100,5,5.322354354575509e-06
nomix,2,100,6,2.4178875719371717e-06
nomix,2,100,7,2.3487907583330525e-06
nomix,2,100,8,1.4523598110827152e-06
nomix,2,100,9,7.882025556682493e-07
nomix,2,100,10,6.438261266339396e-07
nomix,2,100,11,0.0
nomix,2,200,0,0.0002074579824693501
nomix,2,200,1,0.00011776742758229375
nomix,2,200,2,5.8407997130416334e-05
nomix,2,200,3,3.05163976008771e-05
nomix,2,200,4,1.0453293725731783e-05
nomix,2,200,5,6.727149411744904e-06
nomix,2,200,6,4.1398670873604715e-06
nomix,2,200,7,1.728305278447806e-06
nomix,2,200,8,1.3664027846971294e-06
nomix,2,200,9,6.539899004565086e-07
nomix,2,200,10,4.955074928147951e-07
nomix,2,200,11,0.0
nomix,2,300,0,0.0002988385676871985
nomix,2,300,1,0.00014446793647948653
nomix,2,300,2,8.182437159121037e-05
nomix,2,300,3,3.7541543861152604e-05
nomix,2,300,4,1.2351340046734549e-05
nomix,2,300,5,6.199083600222366e-06
nomix,2,300,6,3.6949452351109358e-06
nomix,2,300,7,2.7419141588325147e-06
nomix,2,300,8,2.0327959191490663e-06
nomix,2,300,9,1.287013219553046e-06
nomix,2,300,10,6.389554982888512e-07
nomix,2,300,11,0.0
nomix,2,400,0,0.00023977694218046963
nomix,2,400,1,0.00012456330296117812
nomix,2,400,2,7.455344893969595e-05
nomix,2,400,3,3.465061308816075e-05
nomix,2,400,4,1.2423735824995674e-05
nomix,2,400,5,5.083370979264146e-06
nomix,2,400,6,4.457169325178256e-06
nomix,2,400,7,1.762687702466792e-06
nomix,2,400,8,7.845686695873155e-07
nomix,2,400,9,7.762445761727577e-07
nomix,2,400,10,3.435970938880928e-07
nomix,2,400,11,0.0
nomix,2,500,0,0.0003073782136198133
nomix,2,500,1,0.00019971786241512746
nomix,2,500,2,0.00010376953287050128
nomix,2,500,3,4.6339464461198077e-05
nomix,2,500,4,1.8802091290126555e-05
nomix,2,500,5,7.991720849531703e-06
nomix,2,500,6,4.087263278051978e-06
nomix,2,500,7,3.037749593204353e-06
nomix,2,500,8,1.5097617733772495e-06
nomix,2,500,9,1.0786037591969944e-06
nomix,2,500,10,6.620056183237466e-07
nomix,2,500,11,0.0
nomix,2,600,0,0.0002585291804280132
nomix,2,600,1,0.00013714148371946067
nomix,2,600,2,7.606741564814001e-05
nomix,2,600,3,4.092188464710489e-05
nomix,2,600,4,1.3452833627525251e-05
nomix,2,600,5,7.884968908911105e-06
nomix,2,600,6,3.591538416003459e-06
nomix,2,600,7,2.6937777874991298e-06
nomix,2,600,8,1.826962829909462e-06
nomix,2,600,9,9.090558137359039e-07
nomix,2,600,10,4.542683598174335e-07
nomix,2,600,11,0.0
nomix,2,700,0,0.0003275057242717594
nomix,2,700,1,0.0001987758878385648
nomix,2,700,2,0.00010933752491837367
nomix,2,700,3,5.324989979271777e-05
nomix,2,700,4,2.4406161173828878e-05
nomix,2,700,5,1.1367341357981786e-05
nomix,2,700,6,6.723336809955072e-06
nomix,2,700,7,2.907522002715268e-06
nomix,2,700,8,1.741422465784126e-06
nomix,2,700,9,1.082381459127646e-06
nomix,2,700,10,6.385090500771184e-07
nomix,2,700,11,0.0
nomix,2,800,0,0.00040816207183524966
nomix,2,800,1,0.00027129522641189396
nomix,2,800,2,0.00013945686805527657
nomix,2,800,3,7.958912465255708e-05
nomix,2,800,4,3.420640132389963e-05
nomix,2,800,5,1.5738996808067895e-05
nomix,2,800,6,9.789094292500522e-06
nomix,2,800,7,7.538396403106162e-06
nomix,2,800,8,2.2212541352928383e-06
nomix,2,800,9,1.6815045000839746e-06
nomix,2,800,10,8.823005828162422e-07
nomix,2,800,11,0.0
nomix,2,900,0,0.0004155307251494378
nomix,2,900,1,0.0002471365442033857
nomix,2,900,2,0.0001261507422896102
nomix,2,900,3,7.394769636448473e-05
nomix,2,900,4,3.244728213758208e-05
nomix,2,900,5,1.823324419092387e-05
nomix,2,900,6,8.712925591680687e-06
nomix,2,900,7,4.17943829233991e-06
nomix,2,900,8,2.4723433398321504e-06
nomix,2,900,9,1.1080268222940504e-06
nomix,2,900,10,6.930932272553036e-07
nomix,2,900,11,0.0
nomix,2,1000,0,0.00044928211718797684
nomix,2,1000,1,0.00028033647686243057
nomix,2,1000,2,0.00014627286873292178
nomix,2,1000,3,8.927907765610144e-05
nomix,2,1000,4,4.102094317204319e-05
nomix,2,1000,5,1.9599792722146958e-05
nomix,2,1000,6,1.0971949450322427e-05
nomix,2,1000,7,6.820993348810589e-06
nomix,2,1000,8,2.819361498040962e-06
nomix,2,1000,9,1.6641590718791122e-06
nomix,2,1000,10,9.06744332951348e-07
nomix,2,1000,11,0.0
nomix,2,1100,0,0.0004031657590530813
nomix,2,1100,1,0.00026714999694377184
nomix,2,1100,2,0.00013965890684630722
nomix,2,1100,3,8.168676140485331e-05
nomix,2,1100,4,4.729712236439809e-05
nomix,2,1100,5,2.161290103686042e-05
nomix,2,1100,6,1.3927120562584605e-05
nomix,2,1100,7,7.651768100913614e-06
nomix,2,1100,8,3.2167502013180638e-06
nomix,2,1100,9,1.7011516320053488e-06
nomix,2,1100,10,7.655694957975356e-07
nomix,2,1100,11,0.0
nomix,2,1200,0,0.000428030441980809
nomix,2,1200,1,0.00031493688584305346
nomix,2,1200,2,0.00015112468099687248
nomix,2,1200,3,9.445571777177975e-05
nomix,2,1200,4,5.814371252199635e-05
nomix,2,1200,5,2.6018196876975708e-05
nomix,2,1200,6,1.555527160235215e-05
nomix,2,1200,7,1.1978004295087885e-05
nomix,2,1200,8,3.1167915039986838e-06
nomix,2,1200,9,1.449418277843506e-06
nomix,2,1200,10,8.196572593988094e-07
nomix,2,1200,11,0.0
nomix,3,0,0,0.0004905028617940843
nomix,3,0,1,0.0003580113116186112
nomix,3,0,2,0.0001976699713850394
nomix,3,0,3,0.00013128538557793945
nomix,3,0,4,7.64346550568007e-05
nomix,3,0,5,3.626525358413346e-05
nomix,3,0,6,2.1243502487777732e-05
nomix,3,0,7,9.002214937936515e-06
nomix,3,0,8,4.378921858005924e-06
nomix,3,0,9,1.9547405827324837e-06
nomix,3,0,10,1.1437410876169452e-06
nomix,3,0,11,0.0
nomix,3,100,0,0.0004349759256001562
nomix,3,100,1,0.0003445360343903303
nomix,3,100,2,0.00016690327902324498
nomix,3,100,3,0.000116724033432547
nomix,3,100,4,6.293705519055948e-05
nomix,3,100,5,3.4411812521284446e-05
nomix,3,100,6,2.0828683773288503e-05
nomix,3,100,7,1.0557862879068125e-05
nomix,3,100,8,4.276451818441274e-06
nomix,3,100,9,1.7178763300762512e-06
nomix,3,100,10,1.0421267688798252e-06
nomix,3,100,11,0.0
nomix,3,200,0,0.0003327203157823533
nomix,3,200,1,0.0002452265762258321
nomix,3,200,2,0.00014219930744729936
nomix,3,200,3,0.00010363953333580866
nomix,3,200,4,5.753089135396294e-05
nomix,3,200,5,2.9003122108406387e-05
nomix,3,200,6,1.6516341929673217e-05
nomix,3,200,7,8.158409400493838e-06
nomix,3,200,8,3.774992819671752e-06
nomix,3,200,9,1.494221805842244e-06
nomix,3,200,10,7.462824100912258e-07
nomix,3,200,11,0.0
nomix,3,300,0,0.000337248231517151
nomix,3,300,1,0.0003039852308575064
nomix,3,300,2,0.0001455833116779104
nomix,3,300,3,9.196870087180287e-05
nomix,3,300,4,6.67585845803842e-05
nomix,3,300,5,3.672897946671583e-05
nomix,3,300,6,1.9969507775385864e-05
nomix,3,300,7,1.2605493793671485e-05
nomix,3,300,8,4.247583092364948e-06
nomix,3,300,9,1.7138927432824858e-06
nomix,3,300,10,9.446001740798238e-07
nomix,3,300,11,0.0
nomix,3,400,0,0.00039029307663440704
nomix,3,400,1,0.00034780101850628853
nomix,3,400,2,0.00016647092706989497
nomix,3,400,3,0.00010703362204367295
nomix,3,400,4,6.92987596266903e-05
nomix,3,400,5,4.001975685241632e-05
nomix,3,400,6,2.2256253942032345e-05
nomix,3,400,7,1.4629920769948512e-05
nomix,3,400,8,5.62662444281159e-06
nomix,3,400,9,2.750852672761539e-06
nomix,3,400,10,1.2159574680481455e-06
nomix,3,400,11,0.0
nomix,3,500,0,0.0004515080072451383
nomix,3,500,1,0.0003444001486059278
nomix,3,500,2,0.00016655736544635147
nomix,3,500,3,0.00011367741535650566
nomix,3,500,4,7.795225974405184e-05
nomix,3,500,5,4.6904449845897034e-05
nomix,3,500,6,2.525681884435471e-05
nomix,3,500,7,1.954927938641049e-05
nomix,3,500,8,6.64835215502535e-06
nomix,3,500,9,3.0528831302945036e-06
nomix,3,500,10,1.1307281511108158e-06
nomix,3,500,11,0.0
nomix,3,600,0,0.0004861254710704088
nomix,3,600,1,0.00045643761404789984
nomix,3,600,2,0.00022394316329155117
nomix,3,600,3,0.00014520589320454746
nomix,3,600,4,0.00010121630475623533
nomix,3,600,5,6.214920722413808e-05
nomix,3,600,6,3.54451040038839e-05
nomix,3,600,7,2.2336153051583096e-05
nomix,3,600,8,9.394433618581388e-06
nomix,3,600,9,3.6880269362882245e-06
nomix,3,600,10,1.4680573485748027e-06
nomix,3,600,11,0.0
nomix,3,700,0,0.000577544909901917
nomix,3,700,1,0.0005730262491852045
nomix,3,700,2,0.00022821646416559815
nomix,3,700,3,0.00016842508921399713
nomix,3,700,4,0.00011140522838104516
nomix,3,700,5,6.524605851154774e-05
nomix,3,700,6,3.9599250158062205e-05
nomix,3,700,7,2.9065542548778467e-05
nomix,3,700,8,1.1164641364302952e-05
nomix,3,700,9,3.971053047280293e-06
nomix,3,700,10,2.1199268758209655e-06
nomix,3,700,11,0.0
nomix,3,800,0,0.0005329116247594357
nomix,3,800,1,0.0005029159947298467
nomix,3,800,2,0.00021336159261409193
nomix,3,800,3,0.00016042584320530295
nomix,3,800,4,0.00010773700341815129
nomix,3,800,5,6.781225238228217e-05
nomix,3,800,6,3.959128662245348e-05
nomix,3,800,7,2.8843174732173793e-05
nomix,3,800,8,9.613853762857616e-06
nomix,3,800,9,3.919839400623459e-06
nomix,3,800,10,1.636802039683971e-06
nomix,3,800,11,0.0
nomix,3,900,0,0.00033965660259127617
nomix,3,900,1,0.0003138137690257281
nomix,3,900,2,0.00012552209955174476
nomix,3,900,3,9.092262189369649e-05
nomix,3,900,4,6.268059951253235e-05
nomix,3,900,5,3.629443017416634e-05
nomix,3,900,6,2.4298969947267324e-05
nomix,3,900,7,1.7803919035941362e-05
nomix,3,900,8,7.93792696640594e-06
nomix,3,900,9,2.093989223794779e-06
nomix,3,900,10,1.1058934887842042e-06
nomix,3,900,11,0.0
nomix,3,1000,0,0.0004306787741370499
nomix,3,1000,1,0.0003772625350393355
nomix,3,1000,2,0.00016070912533905357
nomix,3,1000,3,0.00012182437058072537
nomix,3,1000,4,8.54977552080527e-05
nomix,3,1000,5,5.431497993413359e-05
nomix,3,1000,6,3.2495408959221095e-05
nomix,3,1000,7,2.6691770472098142e-05
nomix,3,1000,8,9.770003089215606e-06
nomix,3,1000,9,4.0782010728435125e-06
nomix,3,1000,10,1.4690746183987358e-06
nomix,3,1000,11,0.0
nomix,3,1100,0,0.0006591848796233535
nomix,3,1100,1,0.0006937574944458902
nomix,3,1100,2,0.00027316142222844064
nomix,3,1100,3,0.00020312883134465665
nomix,3,1100,4,0.00013546856644097716
nomix,3,1100,5,9.335207141702995e-05
nomix,3,1100,6,5.346877878764644e-05
nomix,3,1100,7,4.752023596665822e-05
nomix,3,1100,8,1.6925354429986328e-05
nomix,3,1100,9,5.799346126877936e-06
nomix,3,1100,10,2.8252759420865914e-06
nomix,3,1100,11,0.0
nomix,3,1200,0,0.0005548476474359632
nomix,3,1200,1,0.0005426943534985185
nomix,3,1200,2,0.00022116178297437727
nomix,3,1200,3,0.00016468569810967892
nomix,3,1200,4,0.00011804699170170352
nomix,3,1200,5,8.329494448844343e-05
nomix,3,1200,6,4.486937905312516e-05
nomix,3,1200,7,3.721457687788643e-05
nomix,3,1200,8,1.4702720363857225e-05
nomix,3,1200,9,5.5576256272615865e-06
nomix,3,1200,10,2.289277063027839e-06
nomix,3,1200,11,0.0
nomix,4,0,0,0.000631815695669502
nomix,4,0,1,0.0006672360468655825
nomix,4,0,2,0.00028883476625196636
nomix,4,0,3,0.00019310222705826163
nomix,4,0,4,0.0001412897399859503
nomix,4,0,5,9.014947863761336e-05
nomix,4,0,6,5.329041596269235e-05
nomix,4,0,7,4.64095501229167e-05
nomix,4,0,8,1.9896331650670618e-05
nomix,4,0,9,6.940011189726647e-06
nomix,4,0,10,2.9488548989320407e-06
nomix,4,0,11,0.0
nomix,4,100,0,0.0006756172515451908
nomix,4,100,1,0.0006947300862520933
nomix,4,100,2,0.00028537886100821197
nomix,4,100,3,0.00021247612312436104
nomix,4,100,4,0.000158789218403399
nomix,4,100,5,8.953998622018844e-05
nomix,4,100,6,5.998010601615533e-05
nomix,4,100,7,5.31239747942891e-05
nomix,4,100,8,1.9823068214464e-05
nomix,4,100,9,7.332233508350328e-06
nomix,4,100,10,3.149324356854777e-06
nomix,4,100,11,0.0
nomix,4,200,0,0.0007739486172795296
nomix,4,200,1,0.0007822163752280176
nomix,4,200,2,0.0003086633514612913
nomix,4,200,3,0.00021032162476330996
nomix,4,200,4,0.00015831310884095728
nomix,4,200,5,0.0001073598614311777
nomix,4,200,6,6.109602691140026e-05
nomix,4,200,7,5.907209197175689e-05
nomix,4,200,8,2.1670266505680047e-05
nomix,4,200,9,7.896351235103793e-06
nomix,4,200,10,3.446381697358447e-06
nomix,4,200,11,0.0
nomix,4,300,0,0.0006212274893186986
nomix,4,300,1,0.0005857190699316561
nomix,4,300,2,0.0002545273455325514
nomix,4,300,3,0.00018372081103734672
nomix,4,300,4,0.00012811382475774735
nomix,4,300,5,9.369943290948868e-05
nomix,4,300,6,5.4901531257200986e-05
nomix,4,300,7,5.628788494504988e-05
nomix,4,300,8,2.085383857775014e-05
nomix,4,300,9,7.248405381687917e-06
nomix,4,300,10,2.885217554648989e-06
nomix,4,300,11,0.0
nomix,4,400,0,0.0007176665239967406
nomix,4,400,1,0.0008371448493562639
nomix,4,400,2,0.0003043568576686084
nomix,4,400,3,0.0002282730711158365
nomix,4,400,4,0.00015724608965683728
nomix,4,400,5,0.00011581052967812866
nomix,4,400,6,7.16589784133248e-05
nomix,4,400,7,6.493928958661854e-05
nomix,4,400,8,2.455796129652299e-05
nomix,4,400,9,1.1264316526649054e-05
nomix,4,400,10,4.061894742335426e-06
nomix,4,400,11,0.0
nomix,4,500,0,0.0006288098520599306
nomix,4,500,1,0.0006264215335249901
nomix,4,500,2,0.0002732813882175833
nomix,4,500,3,0.00021375389769673347
nomix,4,500,4,0.00013105258403811604
nomix,4,500,5,9.90131011349149e-05
nomix,4,500,6,5.6012908316915855e-05
nomix,4,500,7,5.833859904669225e-05
nomix,4,500,8,2.28547887672903e-05
nomix,4,500,9,8.969820555648766e-06
nomix,4,500,10,3.5757805108005414e-06
nomix,4,500,11,0.0
nomix,4,600,0,0.0008008162840269506
nomix,4,600,1,0.0009281003731302917
nomix,4,600,2,0.00030261348001658916
nomix,4,600,3,0.0002213241532444954
nomix,4,600,4,0.00014342638314701617
nomix,4,600,5,0.00011528173490660265
nomix,4,600,6,7.155921775847673e-05
nomix,4,600,7,6.678278441540897e-05
nomix,4,600,8,2.9139910111553036e-05
nomix,4,600,9,1.2691872143477667e-05
nomix,4,600,10,4.355664714239538e-06
nomix,4,600,11,0.0
nomix,4,700,0,0.0010479503544047475
nomix,4,700,1,0.0011176286498084664
nomix,4,700,2,0.00041420155321247876
nomix,4,700,3,0.0003142600762657821
nomix,4,700,4,0.00019650151079986244
nomix,4,700,5,0.00016829394735395908
nomix,4,700,6,0.00010701033170334995
nomix,4,700,7,9.462348680244759e-05
nomix,4,700,8,3.9557984564453363e-05
nomix,4,700,9,1.664232877374161e-05
nomix,4,700,10,7.042690867820056e-06
nomix,4,700,11,0.0
nomix,4,800,0,0.0006676735356450081
nomix,4,800,1,0.0008047278970479965
nomix,4,800,2,0.0002938337274827063
nomix,4,800,3,0.00021808220481034368
nomix,4,800,4,0.00015722533862572163
nomix,4,800,5,0.00011593502858886495
nomix,4,800,6,7.241279672598466e-05
nomix,4,800,7,6.54893447062932e-05
nomix,4,800,8,2.8349475542199798e-05
nomix,4,800,9,1.2262498785275966e-05
nomix,4,800,10,5.030741249356652e-06
nomix,4,800,11,0.0
nomix,4,900,0,0.000630480470135808
nomix,4,900,1,0.00072411575820297
nomix,4,900,2,0.00028423641924746335
nomix,4,900,3,0.0002058433456113562
nomix,4,900,4,0.00014824683603364974
nomix,4,900,5,0.00011242705659242347
nomix,4,900,6,6.830383790656924e-05
nomix,4,900,7,6.695789488730952e-05
nomix,4,900,8,2.5566427211742848e-05
nomix,4,900,9,1.2498012438300066e-05
nomix,4,900,10,5.116313332109712e-06
nomix,4,900,11,0.0
nomix,4,1000,0,0.0008970588678494096
nomix,4,1000,1,0.0009890453657135367
nomix,4,1000,2,0.00040210571023635566
nomix,4,1000,3,0.0003046405909117311
nomix,4,1000,4,0.00020680257875937968
nomix,4,1000,5,0.00017915588978212327
nomix,4,1000,6,0.0001041562354657799
nomix,4,1000,7,0.00010484187805559486
nomix,4,1000,8,4.142555917496793e-05
nomix,4,1000,9,1.9992383386124857e-05
nomix,4,1000,10,7.649541657883674e-06
nomix,4,1000,11,0.0
nomix,4,1100,0,0.0007045986712910235
nomix,4,1100,1,0.000855382124427706
nomix,4,1100,2,0.0003440050932113081
nomix,4,1100,3,0.0002594399265944958
nomix,4,1100,4,0.00018021637515630573
nomix,4,1100,5,0.00014731705596204847
nomix,4,1100,6,9.456827683607116e-05
nomix,4,1100,7,9.15512500796467e-05
nomix,4,1100,8,4.176121728960425e-05
nomix,4,1100,9,1.7669015505816787e-05
nomix,4,1100,10,7.176129201980075e-06
nomix,4,1100,11,0.0
nomix,4,1200,0,0.0008137119002640247
nomix,4,1200,1,0.000982756493613124
nomix,4,1200,2,0.00037587681435979903
nomix,4,1200,3,0.0002918955869972706
nomix,4,1200,4,0.00020034206681884825
nomix,4,1200,5,0.0001480751670897007
nomix,4,1200,6,0.00010229891631752253
nomix,4,1200,7,9.911574306897819e-05
nomix,4,1200,8,4.149501910433173e-05
nomix,4,1200,9,2.0860572476522066e-05
nomix,4,1200,10,7.89061414252501e-06
nomix,4,1200,11,0.0
nomix,5,0,0,0.001094947219826281
nomix,5,0,1,0.0011972159845754504
nomix,5,0,2,0.00047947640996426344
nomix,5,0,3,0.0003420017601456493
nomix,5,0,4,0.00021968147484585643
nomix,5,0,5,0.0001981808163691312
nomix,5,0,6,0.00011946891027037054
nomix,5,0,7,0.00012189031986054033
nomix,5,0,8,5.104151932755485e-05
nomix,5,0,9,2.4733521058806218e-05
nomix,5,0,10,8.83650682226289e-06
nomix,5,0,11,0.0
nomix,5,100,0,0.0006634595920331776
nomix,5,100,1,0.0007547099958173931
nomix,5,100,2,0.0003102284681517631
nomix,5,100,3,0.00021109091176185757
nomix,5,100,4,0.00014196518168319017
nomix,5,100,5,0.00013082106306683272
nomix,5,100,6,7.904289668658748e-05
nomix,5,100,7,8.317040192196146e-05
nomix,5,100,8,3.0042838261579163e-05
nomix,5,100,9,1.6404979760409333e-05
nomix,5,100,10,5.8805944718187675e-06
nomix,5,100,11,0.0
nomix,5,200,0,0.0008821437950246036
nomix,5,200,1,0.000983258942142129
nomix,5,200,2,0.0003905604826286435
nomix,5,200,3,0.000293775083264336
nomix,5,200,4,0.0001797950390027836
nomix,5,200,5,0.00016958272317424417
nomix,5,200,6,0.000107427935290616
nomix,5,200,7,0.00011247029760852456
nomix,5,200,8,4.561199602903798e-05
nomix,5,200,9,2.5237759473384358e-05
nomix,5,200,10,9.164298717223573e-06
nomix,5,200,11,0.0
nomix,5,300,0,0.0012053638929501176
nomix,5,300,1,0.001391299651004374
nomix,5,300,2,0.0005690836696885526
nomix,5,300,3,0.00039980155997909606
nomix,5,300,4,0.0002554148086346686
nomix,5,300,5,0.00022810643713455647
nomix,5,300,6,0.00013324394240044057
nomix,5,300,7,0.00014078823733143508
nomix,5,300,8,6.0008784203091636e-05
nomix,5,300,9,3.362536517670378e-05
nomix,5,300,10,1.0801062671816908e-05
nomix,5,300,11,0.0
nomix,5,400,0,0.001159113016910851
nomix,5,400,1,0.0012853445950895548
nomix,5,400,2,0.0005085914162918925
nomix,5,400,3,0.0003685286792460829
nomix,5,400,4,0.00025433700648136437
nomix,5,400,5,0.0002324596862308681
nomix,5,400,6,0.00015239055210258812
nomix,5,400,7,0.00016129284631460905
nomix,5,400,8,6.299694359768182e-05
nomix,5,400,9,3.052089596167207e-05
nomix,5,400,10,1.1759714652725961e-05
nomix,5,400,11,0.0
nomix,5,500,0,0.001189741655252874
nomix,5,500,1,0.0013613388873636723
nomix,5,500,2,0.0005597069393843412
nomix,5,500,3,0.0003692607278935611
nomix,5,500,4,0.00025590782752260566
nomix,5,500,5,0.00022838942823000252
nomix,5,500,6,0.00014583559823222458
nomix,5,500,7,0.00015745060227345675
nomix,5,500,8,6.960190512472764e-05
nomix,5,500,9,3.3405063732061535e-05
nomix,5,500,10,1.2380404768919107e-05
nomix,5,500,11,0.0
nomix,5,600,0,0.001022155163809657
nomix,5,600,1,0.001169658382423222
nomix,5,600,2,0.0005116164684295654
nomix,5,600,3,0.00032370275584980845
nomix,5,600,4,0.00024278153432533145
nomix,5,600,5,0.00022266365704126656
nomix,5,600,6,0.0001324129698332399
nomix,5,600,7,0.00014103947614785284
nomix,5,600,8,5.971259452053346e-05
nomix,5,600,9,3.552549605956301e-05
nomix,5,600,10,1.1117555914097466e-05
nomix,5,600,11,0.0
nomix,5,700,0,0.0010253058280795813
nomix,5,700,1,0.0011185362236574292
nomix,5,700,2,0.0005066758021712303
nomix,5,700,3,0.00030114036053419113
nomix,5,700,4,0.00021220346388872713
nomix,5,700,5,0.0002110357308993116
nomix,5,700,6,0.0001351863902527839
nomix,5,700,7,0.00013498445332515985
nomix,5,700,8,5.696466178051196e-05
nomix,5,700,9,2.8703469070023857e-05
nomix,5,700,10,1.0045792805613019e-05
nomix,5,700,11,0.0
nomix,5,800,0,0.0009579039760865271
nomix,5,800,1,0.0009914294350892305
nomix,5,800,2,0.0005058945971541107
nomix,5,800,3,0.00028625104459933937
nomix,5,800,4,0.00022577909112442285
nomix,5,800,5,0.00022487893875222653
nomix,5,800,6,0.00013351329835131764
nomix,5,800,7,0.0001252283254871145
nomix,5,800,8,6.0332829889375716e-05
nomix,5,800,9,2.9587390599772334e-05
nomix,5,800,10,1.1386435289750807e-05
nomix,5,800,11,0.0
nomix,5,900,0,0.0009543285705149174
nomix,5,900,1,0.0010515934554859996
nomix,5,900,2,0.0005867821164429188
nomix,5,900,3,0.0003129668766632676
nomix,5,900,4,0.00022847320360597223
nomix,5,900,5,0.0002193851105403155
nomix,5,900,6,0.00013281511201057583
nomix,5,900,7,0.00013904593652114272
nomix,5,900,8,5.823592800879851e-05
nomix,5,900,9,3.439695865381509e-05
nomix,5,900,10,1.185363726108335e-05
nomix,5,900,11,0.0
nomix,5,1000,0,0.0011031868634745479
nomix,5,1000,1,0.0013762391172349453
nomix,5,1000,2,0.0006401713471859694
nomix,5,1000,3,0.00035704675246961415
nomix,5,1000,4,0.0002914119104389101
nomix,5,1000,5,0.0002937514800578356
nomix,5,1000,6,0.00017147899779956788
nomix,5,1000,7,0.00015979861200321466
nomix,5,1000,8,7.215441291918978e-05
nomix,5,1000,9,3.77120086341165e-05
nomix,5,1000,10,1.338651873084018e-05
nomix,5,1000,11,0.0
nomix,5,1100,0,0.0012863838346675038
nomix,5,1100,1,0.001338841626420617
nomix,5,1100,2,0.000709018437191844
nomix,5,1100,3,0.00041877501644194126
nomix,5,1100,4,0.0003516661236062646
nomix,5,1100,5,0.00026967437588609755
nomix,5,1100,6,0.00017710898828227073
nomix,5,1100,7,0.00018171155534218997
nomix,5,1100,8,8.568468183511868e-05
nomix,5,1100,9,4.35284964623861e-05
nomix,5,1100,10,1.6224166756728664e-05
nomix,5,1100,11,0.0
nomix,5,1200,0,0.001374581246636808
nomix,5,1200,1,0.001567963743582368
nomix,5,1200,2,0.0008058364037424326
nomix,5,1200,3,0.00049785670125857
nomix,5,1200,4,0.0003891660016961396
nomix,5,1200,5,0.0003558815806172788
nomix,5,1200,6,0.00023393069568555802
nomix,5,1200,7,0.00024945932091213763
nomix,5,1200,8,9.083474287763238e-05
nomix,5,1200,9,4.892549623036757e-05
nomix,5,1200,10,1.7780999769456685e-05
nomix,5,1200,11,0.0
nomix,6,0,0,0.0013549153227359056
nomix,6,0,1,0.0015878790291026235
nomix,6,0,2,0.0008136884425766766
nomix,6,0,3,0.00046798563562333584
nomix,6,0,4,0.00040421189623884857
nomix,6,0,5,0.00041135025094263256
nomix,6,0,6,0.0002319148916285485
nomix,6,0,7,0.00022023788187652826
nomix,6,0,8,0.0001035361347021535
nomix,6,0,9,4.882268331130035e-05
nomix,6,0,10,1.584033998369705e-05
nomix,6,0,11,0.0
nomix,6,100,0,0.0011881871614605188
nomix,6,100,1,0.0012561618350446224
nomix,6,100,2,0.0007549464935436845
nomix,6,100,3,0.0004121159145142883
nomix,6,100,4,0.00031789482454769313
nomix,6,100,5,0.0003498438745737076
nomix,6,100,6,0.00018448979244567454
nomix,6,100,7,0.00018795087817125022
nomix,6,100,8,7.561816164525226e-05
nomix,6,100,9,3.966861549997702e-05
nomix,6,100,10,1.4296200788521674e-05
nomix,6,100,11,0.0
nomix,6,200,0,0.001477629761211574
nomix,6,200,1,0.0017036196077242494
nomix,6,200,2,0.0009946676436811686
nomix,6,200,3,0.0005265233339741826
nomix,6,200,4,0.0004049976705573499
nomix,6,200,5,0.00045564520405605435
nomix,6,200,6,0.0002300942433066666
nomix,6,200,7,0.00025437059230171144
nomix,6,200,8,0.00010734506940934807
nomix,6,200,9,5.450229218695313e-05
nomix,6,200,10,1.949904253706336e-05
nomix,6,200,11,0.0
nomix,6,300,0,0.0012785972794517875
nomix,6,300,1,0.0015881126746535301
nomix,6,300,2,0.0009193263831548393
nomix,6,300,3,0.0004630633629858494
nomix,6,300,4,0.00041831773705780506
nomix,6,300,5,0.00041364433127455413
nomix,6,300,6,0.00022913221619091928
nomix,6,300,7,0.00022514296870213002
nomix,6,300,8,0.00010393829143140465
nomix,6,300,9,5.166859409655444e-05
nomix,6,300,10,2.0922345356666483e-05
nomix,6,300,11,0.0
nomix,6,400,0,0.0012907575583085418
nomix,6,400,1,0.00148642563726753
nomix,6,400,2,0.0008389447466470301
nomix,6,400,3,0.0004218595568090677
nomix,6,400,4,0.0003759899118449539
nomix,6,400,5,0.0003916606947313994
nomix,6,400,6,0.0002081610291497782
nomix,6,400,7,0.0002094974770443514
nomix,6,400,8,9.648870764067397e-05
nomix,6,400,9,4.972680835635401e-05
nomix,6,400,10,1.714263817120809e-05
nomix,6,400,11,0.0
nomix,6,500,0,0.0013797474093735218
nomix,6,500,1,0.00162322330288589
nomix,6,500,2,0.0009206359391100705
nomix,6,500,3,0.0005304943770170212
nomix,6,500,4,0.0004699371929746121
nomix,6,500,5,0.00045870215399190784
nomix,6,500,6,0.00027150928508490324
nomix,6,500,7,0.00024071471125353128
nomix,6,500,8,0.00010941035725409165
nomix,6,500,9,6.0705686337314546e-05
nomix,6,500,10,2.2517693651025183e-05
nomix,6,500,11,0.0
nomix,6,600,0,0.0015213541919365525
nomix,6,600,1,0.0016935946187004447
nomix,6,600,2,0.000995401293039322
nomix,6,600,3,0.0005319581832736731
nomix,6,600,4,0.00045691305422224104
nomix,6,600,5,0.0005094395601190627
nomix,6,600,6,0.00023354667064268142
nomix,6,600,7,0.00023808392870705575
nomix,6,600,8,0.00011194758553756401
nomix,6,600,9,6.225470860954374e-05
nomix,6,600,10,2.085024789266754e-05
nomix,6,600,11,0.0
nomix,6,700,0,0.0011188506614416838
nomix,6,700,1,0.001471992931328714
nomix,6,700,2,0.0010670976480469108
nomix,6,700,3,0.00044774924754165113
nomix,6,700,4,0.0004667556204367429
nomix,6,700,5,0.00045365115511231124
nomix,6,700,6,0.00022180563246365637
nomix,6,700,7,0.00023082300322130322
nomix,6,700,8,0.0001013227883959189
nomix,6,700,9,6.0179958381922916e-05
nomix,6,700,10,1.9084805899183266e-05
nomix,6,700,11,0.0
nomix,6,800,0,0.0016106616239994764
nomix,6,800,1,0.002008431823924184
nomix,6,800,2,0.0011436132481321692
nomix,6,800,3,0.0005966725293546915
nomix,6,800,4,0.0005430902820080519
nomix,6,800,5,0.0005754902958869934
nomix,6,800,6,0.0002812815655488521
nomix,6,800,7,0.0002789763966575265
nomix,6,800,8,0.00013636864605359733
nomix,6,800,9,6.829574704170227e-05
nomix,6,800,10,2.5218731025233865e-05
nomix,6,800,11,0.0
nomix,6,900,0,0.0014972047647461295
nomix,6,900,1,0.0016203667037189007
nomix,6,900,2,0.0010237321257591248
nomix,6,900,3,0.0005646073259413242
nomix,6,900,4,0.0005195583798922598
nomix,6,900,5,0.0005455436767078936
nomix,6,900,6,0.0002808903227560222
nomix,6,900,7,0.0002930116606876254
nomix,6,900,8,0.000133373643620871
nomix,6,900,9,6.514468259410933e-05
nomix,6,900,10,2.465104262228124e-05
nomix,6,900,11,0.0
nomix,6,1000,0,0.0018478231504559517
nomix,6,1000,1,0.002067366149276495
nomix,6,1000,2,0.0013332499656826258
nomix,6,1000,3,0.0006841089925728738
nomix,6,1000,4,0.0006580562912859023
nomix,6,1000,5,0.0006648017442785203
nomix,6,1000,6,0.00031430806848220527
nomix,6,1000,7,0.00037308616447262466
nomix,6,1000,8,0.0001557017967570573
nomix,6,1000,9,8.362777589354664e-05
nomix,6,1000,10,3.041980744455941e-05
nomix,6,1000,11,0.0
nomix,6,1100,0,0.0013541176449507475
nomix,6,1100,1,0.001669494085945189
nomix,6,1100,2,0.001009640982374549
nomix,6,1100,3,0.0005678005400113761
nomix,6,1100,4,0.0005817505880258977
nomix,6,1100,5,0.000576868886128068
nomix,6,1100,6,0.0002660566824488342
nomix,6,1100,7,0.0002897634985856712
nomix,6,1100,8,0.00012748052540700883
nomix,6,1100,9,6.206701073097065e-05
nomix,6,1100,10,2.5522122086840682e-05
nomix,6,1100,11,0.0
nomix,6,1200,0,0.0015489886282011867
nomix,6,1200,1,0.001717709586955607
nomix,6,1200,2,0.001140186912380159
nomix,6,1200,3,0.0005656337016262114
nomix,6,1200,4,0.0005874238559044898
nomix,6,1200,5,0.0005991213256493211
nomix,6,1200,6,0.0002754185697995126
nomix,6,1200,7,0.0003097008157055825
nomix,6,1200,8,0.00013312122609931976
nomix,6,1200,9,6.963741179788485e-05
nomix,6,1200,10,2.4785709683783352e-05
nomix,6,1200,11,0.0
nomix,7,0,0,0.00167608552146703
nomix,7,0,1,0.0019888561218976974
nomix,7,0,2,0.0012484382605180144
nomix,7,0,3,0.000659917073789984
nomix,7,0,4,0.0007361842435784638
nomix,7,0,5,0.0007920819334685802
nomix,7,0,6,0.0003111759142484516
nomix,7,0,7,0.0004091731971129775
nomix,7,0,8,0.00014948812895454466
nomix,7,0,9,7.644203287782148e-05
nomix,7,0,10,2.82407745544333e-05
nomix,7,0,11,0.0
nomix,7,100,0,0.0015318557852879167
nomix,7,100,1,0.0017552986973896623
nomix,7,100,2,0.001112106372602284
nomix,7,100,3,0.0006515242857858539
nomix,7,100,4,0.0006774546345695853
nomix,7,100,5,0.0007288159104064107
nomix,7,100,6,0.0003009654174093157
nomix,7,100,7,0.0003523808845784515
nomix,7,100,8,0.0001392120320815593
nomix,7,100,9,7.781034946674481e-05
nomix,7,100,10,2.709450745896902e-05
nomix,7,100,11,0.0
nomix,7,200,0,0.0012314245104789734
nomix,7,200,1,0.0013784971088171005
nomix,7,200,2,0.0009073753608390689
nomix,7,200,3,0.0005603049648925662
nomix,7,200,4,0.0005250622634775937
nomix,7,200,5,0.0005513127543963492
nomix,7,200,6,0.0002544382296036929
nomix,7,200,7,0.0002867259900085628
nomix,7,200,8,0.00011969282786594704
nomix,7,200,9,6.60241930745542e-05
nomix,7,200,10,2.2844509658170864e-05
nomix,7,200,11,0.0
nomix,7,300,0,0.0016087472904473543
nomix,7,300,1,0.0017313456628471613
nomix,7,300,2,0.0011667076032608747
nomix,7,300,3,0.0006091989926062524
nomix,7,300,4,0.0006168275722302496
nomix,7,300,5,0.0006241386872716248
nomix,7,300,6,0.00031169771682471037
nomix,7,300,7,0.00030446998425759375
nomix,7,300,8,0.00013631193723995239
nomix,7,300,9,6.912007665960118e-05
nomix,7,300,10,2.55080249189632e-05
nomix,7,300,11,0.0
nomix,7,400,0,0.00140147446654737
nomix,7,400,1,0.0015603903448209167
nomix,7,400,2,0.0011322039645165205
nomix,7,400,3,0.0005893704947084188
nomix,7,400,4,0.0006787186139263213
nomix,7,400,5,0.0006628024275414646
nomix,7,400,6,0.00029762648046016693
nomix,7,400,7,0.0003338804526720196
nomix,7,400,8,0.0001347189099760726
nomix,7,400,9,6.447394116548821e-05
nomix,7,400,10,2.4692413717275485e-05
nomix,7,400,11,0.0
nomix,7,500,0,0.0015079326694831252
nomix,7,500,1,0.0019200231181457639
nomix,7,500,2,0.0011243299813941121
nomix,7,500,3,0.0006480312440544367
nomix,7,500,4,0.0006512750987894833
nomix,7,500,5,0.0006273486651480198
nomix,7,500,6,0.0003363870782777667
nomix,7,500,7,0.00035798802855424583
nomix,7,500,8,0.00014604638272430748
nomix,7,500,9,7.504205859731883e-05
nomix,7,500,10,2.579148713266477e-05
nomix,7,500,11,0.0
nomix,7,600,0,0.001339327311143279
nomix,7,600,1,0.0014722361229360104
nomix,7,600,2,0.0009651052532717586
nomix,7,600,3,0.0006073294789530337
nomix,7,600,4,0.0005442126421257854
nomix,7,600,5,0.0005596668343059719
nomix,7,600,6,0.0002641002065502107
nomix,7,600,7,0.00031558514456264675
nomix,7,600,8,0.0001295711990678683
nomix,7,600,9,6.186454993439838e-05
nomix,7,600,10,2.515007508918643e-05
nomix,7,600,11,0.0
nomix,7,700,0,0.0019991984590888023
nomix,7,700,1,0.0021409071050584316
nomix,7,700,2,0.0015244877431541681
nomix,7,700,3,0.00088795943884179
nomix,7,700,4,0.0009532541735097766
nomix,7,700,5,0.0009906990453600883
nomix,7,700,6,0.0004255315288901329
nomix,7,700,7,0.0004999745870009065
nomix,7,700,8,0.00018961558816954494
nomix,7,700,9,9.580669575370848e-05
nomix,7,700,10,3.7003319448558614e-05
nomix,7,700,11,0.0
nomix,7,800,0,0.0018764300039038062
nomix,7,800,1,0.002127144718542695
nomix,7,800,2,0.0013345313491299748
nomix,7,800,3,0.0007802678737789392
nomix,7,800,4,0.0009320747340098023
nomix,7,800,5,0.0009268088615499437
nomix,7,800,6,0.00037996305036358535
nomix,7,800,7,0.0004498783964663744
nomix,7,800,8,0.00017530527838971466
nomix,7,800,9,9.065287304110825e-05
nomix,7,800,10,3.6016343074152246e-05
nomix,7,800,11,0.0
nomix,7,900,0,0.001661507529206574
nomix,7,900,1,0.001902062096633017
nomix,7,900,2,0.0013142558746039867
nomix,7,900,3,0.0008369165007025003
nomix,7,900,4,0.0008386499248445034
nomix,7,900,5,0.0007836648728698492
nomix,7,900,6,0.0003907683421857655
nomix,7,900,7,0.00044688975322060287
nomix,7,900,8,0.0001719444990158081
nomix,7,900,9,8.668632654007524e-05
nomix,7,900,10,3.509218731778674e-05
nomix,7,900,11,0.0
nomix,7,1000,0,0.001878919661976397
nomix,7,1000,1,0.0021992174442857504
nomix,7,1000,2,0.0015146959340199828
nomix,7,1000,3,0.0008109177579171956
nomix,7,1000,4,0.0009372285567224026
nomix,7,1000,5,0.0008744048536755145
nomix,7,1000,6,0.00041874160524457693
nomix,7,1000,7,0.0004734917893074453
nomix,7,1000,8,0.0001764394692145288
nomix,7,1000,9,9.140083420788869e-05
nomix,7,1000,10,3.3390177122782916e-05
nomix,7,1000,11,0.0
nomix,7,1100,0,0.0018240700010210276
nomix,7,1100,1,0.0021615244913846254
nomix,7,1100,2,0.0015756874345242977
nomix,7,1100,3,0.0009105436038225889
nomix,7,1100,4,0.001004622201435268
nomix,7,1100,5,0.0010603669798001647
nomix,7,1100,6,0.00043728729360736907
nomix,7,1100,7,0.0004792899708263576
nomix,7,1100,8,0.0001993965415749699
nomix,7,1100,9,0.00010165281128138304
nomix,7,1100,10,3.720379754668102e-05
nomix,7,1100,11,0.0
nomix,7,1200,0,0.0020855306647717953
nomix,7,1200,1,0.002408319618552923
nomix,7,1200,2,0.0017947015585377812
nomix,7,1200,3,0.0010245200246572495
nomix,7,1200,4,0.0011325485538691282
nomix,7,1200,5,0.0011010689195245504
nomix,7,1200,6,0.0004940982325933874
nomix,7,1200,7,0.0005779206985607743
nomix,7,1200,8,0.00020682394097093493
nomix,7,1200,9,0.00010825481149367988
nomix,7,1200,10,4.054312012158334e-05
nomix,7,1200,11,0.0
nomix,8,0,0,0.0022822420578449965
nomix,8,0,1,0.0026450706645846367
nomix,8,0,2,0.0017347255488857627
nomix,8,0,3,0.0010518712224438787
nomix,8,0,4,0.0011221423046663404
nomix,8,0,5,0.0010529448045417666
nomix,8,0,6,0.0004937984049320221
nomix,8,0,7,0.0005597194540314376
nomix,8,0,8,0.00022898319002706558
nomix,8,0,9,0.00011271645053057
nomix,8,0,10,4.5165321353124455e-05
nomix,8,0,11,0.0
nomix,8,100,0,0.001619488699361682
nomix,8,100,1,0.001881560543552041
nomix,8,100,2,0.0014735726872459054
nomix,8,100,3,0.0008158856653608382
nomix,8,100,4,0.0010335564147680998
nomix,8,100,5,0.0008133354131132364
nomix,8,100,6,0.00039452960481867194
nomix,8,100,7,0.0004510644357651472
nomix,8,100,8,0.00017895718337967992
nomix,8,100,9,8.690164395375177e-05
nomix,8,100,10,3.435580583754927e-05
nomix,8,100,11,0.0
nomix,8,200,0,0.0023469123989343643
nomix,8,200,1,0.0024981724563986063
nomix,8,200,2,0.0017606086330488324
nomix,8,200,3,0.0010480207856744528
nomix,8,200,4,0.001308488310314715
nomix,8,200,5,0.00107850250788033
nomix,8,200,6,0.000550337543245405
nomix,8,200,7,0.0006128944223746657
nomix,8,200,8,0.00025258806999772787
nomix,8,200,9,0.00012119660823373124
nomix,8,200,10,4.578777588903904e-05
nomix,8,200,11,0.0
nomix,8,300,0,0.0021414149086922407
nomix,8,300,1,0.0023707870859652758
nomix,8,300,2,0.001687787240371108
nomix,8,300,3,0.0011294337455183268
nomix,8,300,4,0.0012069022050127387
nomix,8,300,5,0.0011750988196581602
nomix,8,300,6,0.00048538975534029305
nomix,8,300,7,0.0006963658379390836
nomix,8,300,8,0.0002263775677420199
nomix,8,300,9,0.00012441824947018176
nomix,8,300,10,4.523242387222126e-05
nomix,8,300,11,0.0
nomix,8,400,0,0.0014908736338838935
nomix,8,400,1,0.001745141576975584
nomix,8,400,2,0.0012903542956337333
nomix,8,400,3,0.0007895596791058779
nomix,8,400,4,0.0007889586850069463
nomix,8,400,5,0.0007509204442612827
nomix,8,400,6,0.00035725903580896556
nomix,8,400,7,0.0004272065416444093
nomix,8,400,8,0.00016357828280888498
nomix,8,400,9,8.302469359477982e-05
nomix,8,400,10,3.4396776754874736e-05
nomix,8,400,11,0.0
nomix,8,500,0,0.0020372255239635706
nomix,8,500,1,0.0021867977920919657
nomix,8,500,2,0.0015659172786399722
nomix,8,500,3,0.0010753498645499349
nomix,8,500,4,0.0010503486264497042
nomix,8,500,5,0.0010701833525672555
nomix,8,500,6,0.000499733432661742
nomix,8,500,7,0.0005651778192259371
nomix,8,500,8,0.00020869051513727754
nomix,8,500,9,0.00011251353862462565
nomix,8,500,10,4.190618346910924e-05
nomix,8,500,11,0.0
nomix,8,600,0,0.002173167420551181
nomix,8,600,1,0.0022323711309581995
nomix,8,600,2,0.0016442800406366587
nomix,8,600,3,0.0010882182978093624
nomix,8,600,4,0.001060005510225892
nomix,8,600,5,0.000966446939855814
nomix,8,600,6,0.00044937722850590944
nomix,8,600,7,0.0006056519341655076
nomix,8,600,8,0.00021574244601652026
nomix,8,600,9,0.00011021606042049825
nomix,8,600,10,4.25291400460992e-05
nomix,8,600,11,0.0
nomix,8,700,0,0.001822274411097169
nomix,8,700,1,0.0020027717109769583
nomix,8,700,2,0.0015144743956625462
nomix,8,700,3,0.0009285365813411772
nomix,8,700,4,0.0010019864421337843
nomix,8,700,5,0.0008883143891580403
nomix,8,700,6,0.00044359787716530263
nomix,8,700,7,0.0005154385580681264
nomix,8,700,8,0.00019785740005318075
nomix,8,700,9,9.894337563309819e-05
nomix,8,700,10,4.394419374875724e-05
nomix,8,700,11,0.0
nomix,8,800,0,0.0021600250620394945
nomix,8,800,1,0.002052804222330451
nomix,8,800,2,0.001825050450861454
nomix,8,800,3,0.001037327223457396
nomix,8,800,4,0.0011609804350882769
nomix,8,800,5,0.0009449533536098897
nomix,8,800,6,0.0005017920630052686
nomix,8,800,7,0.0005645339842885733
nomix,8,800,8,0.00021083142200950533
nomix,8,800,9,0.0001109594595618546
nomix,8,800,10,4.6998240577522665e-05
nomix,8,800,11,0.0
nomix,8,900,0,0.001789475092664361
nomix,8,900,1,0.0019210655009374022
nomix,8,900,2,0.0015273825265467167
nomix,8,900,3,0.0009929155930876732
nomix,8,900,4,0.0010992493480443954
nomix,8,900,5,0.0009131356491707265
nomix,8,900,6,0.00045650845277123153
nomix,8,900,7,0.0005450500175356865
nomix,8,900,8,0.0001878866896731779
nomix,8,900,9,9.877742559183389e-05
nomix,8,900,10,4.419854667503387e-05
nomix,8,900,11,0.0
nomix,8,1000,0,0.0017635738477110863
nomix,8,1000,1,0.0022049243561923504
nomix,8,1000,2,0.0016438665334135294
nomix,8,1000,3,0.0010271592764183879
nomix,8,1000,4,0.0009980124887079
nomix,8,1000,5,0.0009123172494582832
nomix,8,1000,6,0.00048134077223949134
nomix,8,1000,7,0.0004993814509361982
nomix,8,1000,8,0.0001998241787077859
nomix,8,1000,9,0.00010568970174062997
nomix,8,1000,10,4.3471536628203467e-05
nomix,8,1000,11,0.0
nomix,8,1100,0,0.002799462527036667
nomix,8,1100,1,0.0029455304611474276
nomix,8,1100,2,0.002351609757170081
nomix,8,1100,3,0.0014477838994935155
nomix,8,1100,4,0.0015123882330954075
nomix,8,1100,5,0.001346577424556017
nomix,8,1100,6,0.0007462470093742013
nomix,8,1100,7,0.0006849013734608889
nomix,8,1100,8,0.00030536382109858096
nomix,8,1100,9,0.0001629080215934664
nomix,8,1100,10,6.694345938740298e-05
nomix,8,1100,11,0.0
nomix,8,1200,0,0.0021795914508402348
nomix,8,1200,1,0.0023453051690012217
nomix,8,1200,2,0.0018862425349652767
nomix,8,1200,3,0.0012158098397776484
nomix,8,1200,4,0.0011939273681491613
nomix,8,1200,5,0.0011680272873491049
nomix,8,1200,6,0.000524497649166733
nomix,8,1200,7,0.0006450176006183028
nomix,8,1200,8,0.00025028755771927536
nomix,8,1200,9,0.00011515250662341714
nomix,8,1200,10,5.1386901759542525e-05
nomix,8,1200,11,0.0
nomix,9,0,0,0.002245389623567462
nomix,9,0,1,0.0023378634359687567
nomix,9,0,2,0.00186284224037081
nomix,9,0,3,0.0012587583623826504
nomix,9,0,4,0.0011597040574997663
nomix,9,0,5,0.0010459839832037687
nomix,9,0,6,0.0005082663265056908
nomix,9,0,7,0.0006538668530993164
nomix,9,0,8,0.00023761227203067392
nomix,9,0,9,0.00011510886542964727
nomix,9,0,10,5.166100527276285e-05
nomix,9,0,11,0.0
nomix,9,100,0,0.0020508752204477787
nomix,9,100,1,0.002443162724375725
nomix,9,100,2,0.0016586226411163807
nomix,9,100,3,0.0011037864023819566
nomix,9,100,4,0.0012376423692330718
nomix,9,100,5,0.0010615341598168015
nomix,9,100,6,0.0005239541060291231
nomix,9,100,7,0.0005943436408415437
nomix,9,100,8,0.00022702898422721773
nomix,9,100,9,0.0001055561879184097
nomix,9,100,10,4.521846494753845e-05
nomix,9,100,11,0.0
nomix,9,200,0,0.0027035512030124664
nomix,9,200,1,0.0026905755512416363
nomix,9,200,2,0.0021835993975400925
nomix,9,200,3,0.0013487410033121705
nomix,9,200,4,0.0014698565937578678
nomix,9,200,5,0.001253651105798781
nomix,9,200,6,0.0005992671940475702
nomix,9,200,7,0.0007017619791440666
nomix,9,200,8,0.00025764372549019754
nomix,9,200,9,0.00012464236351661384
nomix,9,200,10,5.46945993846748e-05
nomix,9,200,11,0.0
nomix,9,300,0,0.002249597804620862
nomix,9,300,1,0.0024218526668846607
nomix,9,300,2,0.0020315193105489016
nomix,9,300,3,0.0012842469150200486
nomix,9,300,4,0.0013752600643783808
nomix,9,300,5,0.0013830621028319001
nomix,9,300,6,0.0005933126667514443
nomix,9,300,7,0.0007529732538387179
nomix,9,300,8,0.0002540377900004387
nomix,9,300,9,0.00012918865832034498
nomix,9,300,10,5.557197073358111e-05
nomix,9,300,11,0.0
nomix,9,400,0,0.0021680903155356646
nomix,9,400,1,0.002197082620114088
nomix,9,400,2,0.0017680831952020526
nomix,9,400,3,0.0012784703867509961
nomix,9,400,4,0.0012593615101650357
nomix,9,400,5,0.0010942734079435468
nomix,9,400,6,0.0005709859542548656
nomix,9,400,7,0.0006578650209121406
nomix,9,400,8,0.00023297998995985836
nomix,9,400,9,0.00011220598389627412
nomix,9,400,10,4.4961259845877066e-05
nomix,9,400,11,0.0
nomix,9,500,0,0.0026104070711880922
nomix,9,500,1,0.002946604276075959
nomix,9,500,2,0.002238391898572445
nomix,9,500,3,0.0014820065116509795
nomix,9,500,4,0.0014585311291739345
nomix,9,500,5,0.0013541236985474825
nomix,9,500,6,0.0006404778687283397
nomix,9,500,7,0.000981501885689795
nomix,9,500,8,0.00029902299866080284
nomix,9,500,9,0.0001449837873224169
nomix,9,500,10,6.483885226771235e-05
nomix,9,500,11,0.0
nomix,9,600,0,0.0023570051416754723
nomix,9,600,1,0.0026020745281130075
nomix,9,600,2,0.0019965535029768944
nomix,9,600,3,0.0013807460200041533
nomix,9,600,4,0.0014259107410907745
nomix,9,600,5,0.0012241271324455738
nomix,9,600,6,0.000600418308749795
nomix,9,600,7,0.0008811182924546301
nomix,9,600,8,0.0002733895380515605
nomix,9,600,9,0.00013230137119535357
nomix,9,600,10,6.262170791160315e-05
nomix,9,600,11,0.0
nomix,9,700,0,0.001906088669784367
nomix,9,700,1,0.002328289672732353
nomix,9,700,2,0.0017513185739517212
nomix,9,700,3,0.001241395715624094
nomix,9,700,4,0.0012035178951919079
nomix,9,700,5,0.0010576030472293496
nomix,9,700,6,0.0005475992802530527
nomix,9,700,7,0.0006569440593011677
nomix,9,700,8,0.00023629944189451635
nomix,9,700,9,0.00010934250167338178
nomix,9,700,10,4.925936082145199e-05
nomix,9,700,11,0.0
nomix,9,800,0,0.0028231991454958916
nomix,9,800,1,0.0027967754285782576
nomix,9,800,2,0.002303851069882512
nomix,9,800,3,0.001668950542807579
nomix,9,800,4,0.0015712209278717637
nomix,9,800,5,0.0013780145673081279
nomix,9,800,6,0.0006888773059472442
nomix,9,800,7,0.0008084721630439162
nomix,9,800,8,0.0003090031095780432
nomix,9,800,9,0.00015298592916224152
nomix,9,800,10,6.51730370009318e-05
nomix,9,800,11,0.0
nomix,9,900,0,0.0022181402891874313
nomix,9,900,1,0.002461410826072097
nomix,9,900,2,0.0018853266956284642
nomix,9,900,3,0.0013239727122709155
nomix,9,900,4,0.0011696952860802412
nomix,9,900,5,0.0011142374714836478
nomix,9,900,6,0.000579654355533421
nomix,9,900,7,0.0007264720625244081
nomix,9,900,8,0.0002508946054149419
nomix,9,900,9,0.00012058059655828401
nomix,9,900,10,4.991934838471934e-05
nomix,9,900,11,0.0
nomix,9,1000,0,0.0024068437051028013
nomix,9,1000,1,0.002755584428086877
nomix,9,1000,2,0.002026938833296299
nomix,9,1000,3,0.0014240368036553264
nomix,9,1000,4,0.001402036054059863
nomix,9,1000,5,0.0012312183389440179
nomix,9,1000,6,0.00061883928719908
nomix,9,1000,7,0.0007682016002945602
nomix,9,1000,8,0.0002471629995852709
nomix,9,1000,9,0.00011837710189865902
nomix,9,1000,10,5.2533039706759155e-05
nomix,9,1000,11,0.0
nomix,9,1100,0,0.0026044456753879786
nomix,9,1100,1,0.002822717186063528
nomix,9,1100,2,0.0021792342886328697
nomix,9,1100,3,0.0016058713663369417
nomix,9,1100,4,0.0015789872268214822
nomix,9,1100,5,0.001279564225114882
nomix,9,1100,6,0.0007114139152690768
nomix,9,1100,7,0.0009017281699925661
nomix,9,1100,8,0.0002868646406568587
nomix,9,1100,9,0.00015216962492559105
nomix,9,1100,10,6.947881047381088e-05
nomix,9,1100,11,0.0
nomix,9,1200,0,0.0023613206576555967
nomix,9,1200,1,0.002335204044356942
nomix,9,1200,2,0.0018921837909147143
nomix,9,1200,3,0.001330598839558661
nomix,9,1200,4,0.0013131718151271343
nomix,9,1200,5,0.0010527611011639237
nomix,9,1200,6,0.0006148299435153604
nomix,9,1200,7,0.0006680582882836461
nomix,9,1200,8,0.00025272194761782885
nomix,9,1200,9,0.0001274943060707301
nomix,9,1200,10,5.999208224238828e-05
nomix,9,1200,11,0.0
nomix,10,0,0,0.0027727994602173567
nomix,10,0,1,0.00306287151761353
nomix,10,0,2,0.0024321775417774916
nomix,10,0,3,0.0016858712770044804
nomix,10,0,4,0.0017483314732089639
nomix,10,0,5,0.0015424246666952968
nomix,10,0,6,0.0007662352290935814
nomix,10,0,7,0.0009134591091424227
nomix,10,0,8,0.0003335511719342321
nomix,10,0,9,0.00015497776621486992
nomix,10,0,10,7.397463195957243e-05
nomix,10,0,11,0.0
nomix,10,100,0,0.0021938742138445377
nomix,10,100,1,0.0022914584260433912
nomix,10,100,2,0.0020304995123296976
nomix,10,100,3,0.001394831226207316
nomix,10,100,4,0.0012994728749617934
nomix,10,100,5,0.0011048337910324335
nomix,10,100,6,0.0005717542953789234
nomix,10,100,7,0.0006251568556763232
nomix,10,100,8,0.0002458011149428785
nomix,10,100,9,0.00011848434951389208
nomix,10,100,10,5.416265412350185e-05
nomix,10,100,11,0.0
nomix,10,200,0,0.002456973772495985
nomix,10,200,1,0.002756137168034911
nomix,10,200,2,0.002006521448493004
nomix,10,200,3,0.001511391601525247
nomix,10,200,4,0.0015081055462360382
nomix,10,200,5,0.0013018159661442041
nomix,10,200,6,0.0006244382821023464
nomix,10,200,7,0.0008363643428310752
nomix,10,200,8,0.000272609933745116
nomix,10,200,9,0.0001318111753789708
nomix,10,200,10,5.77072351006791e-05
nomix,10,200,11,0.0
nomix,10,300,0,0.0028308257460594177
nomix,10,300,1,0.0030039616394788027
nomix,10,300,2,0.0026165263261646032
nomix,10,300,3,0.0018356542568653822
nomix,10,300,4,0.0020849264692515135
nomix,10,300,5,0.0015726257115602493
nomix,10,300,6,0.0008125167223624885
nomix,10,300,7,0.0009413062362000346
nomix,10,300,8,0.0003458953578956425
nomix,10,300,9,0.00016776073607616127
nomix,10,300,10,8.525759767508134e-05
nomix,10,300,11,0.0
nomix,10,400,0,0.0025968358386307955
nomix,10,400,1,0.00285504967905581
nomix,10,400,2,0.002480157883837819
nomix,10,400,3,0.0018113221740350127
nomix,10,400,4,0.0017422832315787673
nomix,10,400,5,0.001355477492325008
nomix,10,400,6,0.0007099735084921122
nomix,10,400,7,0.0007485742098651826
nomix,10,400,8,0.00031225651036947966
nomix,10,400,9,0.00015427118341904134
nomix,10,400,10,8.026488649193197e-05
nomix,10,400,11,0.0
nomix,10,500,0,0.0028562438674271107
nomix,10,500,1,0.003042663913220167
nomix,10,500,2,0.0023774425499141216
nomix,10,500,3,0.0019184029661118984
nomix,10,500,4,0.001687983050942421
nomix,10,500,5,0.001481609302572906
nomix,10,500,6,0.000764737487770617
nomix,10,500,7,0.0008424968691542745
nomix,10,500,8,0.00034049327950924635
nomix,10,500,9,0.00016664902796037495
nomix,10,500,10,7.336027192650363e-05
nomix,10,500,11,0.0
nomix,10,600,0,0.0030947071500122547
nomix,10,600,1,0.0032938134390860796
nomix,10,600,2,0.002495761262252927
nomix,10,600,3,0.0018566485960036516
nomix,10,600,4,0.001673564431257546
nomix,10,600,5,0.0014490924077108502
nomix,10,600,6,0.0007527112611569464
nomix,10,600,7,0.000854821118991822
nomix,10,600,8,0.00036058371188119054
nomix,10,600,9,0.0001698593405308202
nomix,10,600,10,7.864028884796426e-05
nomix,10,600,11,0.0
nomix,10,700,0,0.0028488088864833117
nomix,10,700,1,0.0033258276525884867
nomix,10,700,2,0.0025206306017935276
nomix,10,700,3,0.0018626421224325895
nomix,10,700,4,0.0017635120311751962
nomix,10,700,5,0.0015578536549583077
nomix,10,700,6,0.0008554397500120103
nomix,10,700,7,0.0009281067759729922
nomix,10,700,8,0.00034046859946101904
nomix,10,700,9,0.00015840546984691173
nomix,10,700,10,7.511012518079951e-05
nomix,10,700,11,0.0
nomix,10,800,0,0.002588169649243355
nomix,10,800,1,0.0025328302290290594
nomix,10,800,2,0.002017390448600054
nomix,10,800,3,0.0014908543089404702
nomix,10,800,4,0.001369545585475862
nomix,10,800,5,0.0011872255709022284
nomix,10,800,6,0.0006020850851200521
nomix,10,800,7,0.0008224513148888946
nomix,10,800,8,0.0002777485642582178
nomix,10,800,9,0.00012083878391422331
nomix,10,800,10,6.112048868089914e-05
nomix,10,800,11,0.0
nomix,10,900,0,0.0021812603808939457
nomix,10,900,1,0.002271111123263836
nomix,10,900,2,0.0019336726982146502
nomix,10,900,3,0.001397761283442378
nomix,10,900,4,0.0013041560305282474
nomix,10,900,5,0.0011509022442623973
nomix,10,900,6,0.0006018172134645283
nomix,10,900,7,0.000698279298376292
nomix,10,900,8,0.0002451185428071767
nomix,10,900,9,0.00011321943020448089
nomix,10,900,10,5.324802623363212e-05
nomix,10,900,11,0.0
nomix,10,1000,0,0.002829848090186715
nomix,10,1000,1,0.003442594315856695
nomix,10,1000,2,0.00251583568751812
nomix,10,1000,3,0.0020236128475517035
nomix,10,1000,4,0.0019481260096654296
nomix,10,1000,5,0.0017221472226083279
nomix,10,1000,6,0.0008642206084914505
nomix,10,1000,7,0.0008467758889310062
nomix,10,1000,8,0.0003376907843630761
nomix,10,1000,9,0.00016707116446923465
nomix,10,1000,10,7.925577665446326e-05
nomix,10,1000,11,0.0
nomix,10,1100,0,0.0029086933936923742
nomix,10,1100,1,0.002927166409790516
nomix,10,1100,2,0.002301457105204463
nomix,10,1100,3,0.0017719862516969442
nomix,10,1100,4,0.0015590769471600652
nomix,10,1100,5,0.0014637971762567759
nomix,10,1100,6,0.0007284197490662336
nomix,10,1100,7,0.0008814908214844763
nomix,10,1100,8,0.00033848272869363427
nomix,10,1100,9,0.00015625380910933018
nomix,10,1100,10,7.100497896317393e-05
nomix,10,1100,11,0.0
nomix,10,1200,0,0.0026479691732674837
nomix,10,1200,1,0.002992139896377921
nomix,10,1200,2,0.00222392613068223
nomix,10,1200,3,0.001775452634319663
nomix,10,1200,4,0.0015476045664399862
nomix,10,1200,5,0.0013160372618585825
nomix,10,1200,6,0.0007879052427597344
nomix,10,1200,7,0.0009080626768991351
nomix,10,1200,8,0.000303901411825791
nomix,10,1200,9,0.00015946886560413986
nomix,10,1200,10,6.957293226150796e-05
nomix,10,1200,11,0.0
nomix,11,0,0,0.0028465883806347847
nomix,11,0,1,0.0030614708084613085
nomix,11,0,2,0.0023487152066081762
nomix,11,0,3,0.001851182896643877
nomix,11,0,4,0.0016558499773964286
nomix,11,0,5,0.0013116307090967894
nomix,11,0,6,0.0007409595418721437
nomix,11,0,7,0.0007789434166625142
nomix,11,0,8,0.000304508488625288
nomix,11,0,9,0.0001545983977848664
nomix,11,0,10,7.049852865748107e-05
nomix,11,0,11,0.0
nomix,11,100,0,0.003292518900707364
nomix,11,100,1,0.003591870656237006
nomix,11,100,2,0.0025276364758610725
nomix,11,100,3,0.0019652871415019035
nomix,11,100,4,0.0017029630253091455
nomix,11,100,5,0.0016671598423272371
nomix,11,100,6,0.0008409355068579316
nomix,11,100,7,0.0011185455368831754
nomix,11,100,8,0.00034659457742236555
nomix,11,100,9,0.000180307513801381
nomix,11,100,10,7.761768210912123e-05
nomix,11,100,11,0.0
nomix,11,200,0,0.0031234363559633493
nomix,11,200,1,0.00360086839646101
nomix,11,200,2,0.0026447607669979334
nomix,11,200,3,0.0021004830487072468
nomix,11,200,4,0.0019353973912075162
nomix,11,200,5,0.001545587438158691
nomix,11,200,6,0.0008024890557862818
nomix,11,200,7,0.0009908621432259679
nomix,11,200,8,0.00036138834548182786
nomix,11,200,9,0.00016307311307173222
nomix,11,200,10,7.39979586796835e-05
nomix,11,200,11,0.0
nomix,11,300,0,0.0030152101535350084
nomix,11,300,1,0.003278440097346902
nomix,11,300,2,0.0025357205886393785
nomix,11,300,3,0.002163907513022423
nomix,11,300,4,0.002026120200753212
nomix,11,300,5,0.0016474212752655149
nomix,11,300,6,0.000801866059191525
nomix,11,300,7,0.0009540008613839746
nomix,11,300,8,0.0003655466716736555
nomix,11,300,9,0.00018630939302966
nomix,11,300,10,7.866668602218851e-05
nomix,11,300,11,0.0
nomix,11,400,0,0.003292299807071686
nomix,11,400,1,0.0034231371246278286
nomix,11,400,2,0.0028722595889121294
nomix,11,400,3,0.0022954759187996387
nomix,11,400,4,0.0021264120005071163
nomix,11,400,5,0.0015679142670705914
nomix,11,400,6,0.0008834418840706348
nomix,11,400,7,0.001010765554383397
nomix,11,400,8,0.0003772648051381111
nomix,11,400,9,0.00019244627037551254
nomix,11,400,10,9.286207205150276e-05
nomix,11,400,11,0.0
nomix,11,500,0,0.0029093963094055653
nomix,11,500,1,0.0030249319970607758
nomix,11,500,2,0.0024061473086476326
nomix,11,500,3,0.0019837943837046623
nomix,11,500,4,0.0017510969191789627
nomix,11,500,5,0.0014046384021639824
nomix,11,500,6,0.0007814448326826096
nomix,11,500,7,0.0009203330846503377
nomix,11,500,8,0.00033670058473944664
nomix,11,500,9,0.00015668531705159694
nomix,11,500,10,6.32723604212515e-05
nomix,11,500,11,0.0
nomix,11,600,0,0.003097405657172203
nomix,11,600,1,0.0034189338330179453
nomix,11,600,2,0.002729608677327633
nomix,11,600,3,0.0022350200451910496
nomix,11,600,4,0.0021710828877985477
nomix,11,600,5,0.0015727062709629536
nomix,11,600,6,0.0007784175686538219
nomix,11,600,7,0.0009677836205810308
nomix,11,600,8,0.00036875781370326877
nomix,11,600,9,0.00016597814101260155
nomix,11,600,10,8.042393164942041e-05
nomix,11,600,11,0.0
nomix,11,700,0,0.0032164291478693485
nomix,11,700,1,0.0034582579974085093
nomix,11,700,2,0.00272462354041636
nomix,11,700,3,0.002177164424210787
nomix,11,700,4,0.0017599184066057205
nomix,11,700,5,0.0015067358035594225
nomix,11,700,6,0.000853643286973238
nomix,11,700,7,0.001044900738634169
nomix,11,700,8,0.0003754653735086322
nomix,11,700,9,0.0001795667049009353
nomix,11,700,10,8.124276791932061e-05
nomix,11,700,11,0.0
nomix,11,800,0,0.0029575005173683167
nomix,11,800,1,0.0033249654807150364
nomix,11,800,2,0.0026299802120774984
nomix,11,800,3,0.0020250885281711817
nomix,11,800,4,0.0017511730547994375
nomix,11,800,5,0.0015776969958096743
nomix,11,800,6,0.0008775703026913106
nomix,11,800,7,0.0010220984695479274
nomix,11,800,8,0.00036164058838039637
nomix,11,800,9,0.00013853296695742756
nomix,11,800,10,7.07843282725662e-05
nomix,11,800,11,0.0
nomix,11,900,0,0.0035254654940217733
nomix,11,900,1,0.0037686920259147882
nomix,11,900,2,0.0028051226399838924
nomix,11,900,3,0.0024163194466382265
nomix,11,900,4,0.001889815554022789
nomix,11,900,5,0.0015405286103487015
nomix,11,900,6,0.0008690638933330774
nomix,11,900,7,0.0010330439545214176
nomix,11,900,8,0.000394325063098222
nomix,11,900,9,0.0001928263227455318
nomix,11,900,10,8.019949746085331e-05
nomix,11,900,11,0.0
nomix,11,1000,0,0.0031561923678964376
nomix,11,1000,1,0.0032276783604174852
nomix,11,1000,2,0.002510062186047435
nomix,11,1000,3,0.0021157346200197935
nomix,11,1000,4,0.0017374739982187748
nomix,11,1000,5,0.0015121902106329799
nomix,11,1000,6,0.0008554352098144591
nomix,11,1000,7,0.0010064394446089864
nomix,11,1000,8,0.0003793493960984051
nomix,11,1000,9,0.00016829033847898245
nomix,11,1000,10,8.018506196094677e-05
nomix,11,1000,11,0.0
nomix,11,1100,0,0.0027135557029396296
nomix,11,1100,1,0.003201898420229554
nomix,11,1100,2,0.0023113214410841465
nomix,11,1100,3,0.0018546412466093898
nomix,11,1100,4,0.0017207470955327153
nomix,11,1100,5,0.001374184270389378
nomix,11,1100,6,0.0007867313106544316
nomix,11,1100,7,0.0008187933708541095
nomix,11,1100,8,0.0003142566420137882
nomix,11,1100,9,0.0001546495477668941
nomix,11,1100,10,7.104870746843517e-05
nomix,11,1100,11,0.0
nomix,11,1200,0,0.0035410569980740547
nomix,11,1200,1,0.003789659356698394
nomix,11,1200,2,0.0026584553997963667
nomix,11,1200,3,0.0021178126335144043
nomix,11,1200,4,0.002101319842040539
nomix,11,1200,5,0.0015495617408305407
nomix,11,1200,6,0.0009168272954411805
nomix,11,1200,7,0.0009735792991705239
nomix,11,1200,8,0.0003861524455714971
nomix,11,1200,9,0.00018059559806715697
nomix,11,1200,10,8.768783300183713e-05
nomix,11,1200,11,0.0
nomix,12,0,0,0.002999956952407956
nomix,12,0,1,0.0037044952623546124
nomix,12,0,2,0.0024154058191925287
nomix,12,0,3,0.0021195143926888704
nomix,12,0,4,0.0017332102870568633
nomix,12,0,5,0.0013996356865391135
nomix,12,0,6,0.0008373901364393532
nomix,12,0,7,0.0009255117038264871
nomix,12,0,8,0.00035514120827428997
nomix,12,0,9,0.00017041499086190015
nomix,12,0,10,7.761246524751186e-05
nomix,12,0,11,0.0
nomix,12,100,0,0.003290828550234437
nomix,12,100,1,0.003943403717130423
nomix,12,100,2,0.0027979498263448477
nomix,12,100,3,0.0023384736850857735
nomix,12,100,4,0.0018597542075440288
nomix,12,100,5,0.0014886806020513177
nomix,12,100,6,0.0009172455756925046
nomix,12,100,7,0.0010186892468482256
nomix,12,100,8,0.00039675147854723036
nomix,12,100,9,0.00018597103189677
nomix,12,100,10,8.192641689674929e-05
nomix,12,100,11,0.0
nomix,12,200,0,0.003665332216769457
nomix,12,200,1,0.003991099540144205
nomix,12,200,2,0.00307266041636467
nomix,12,200,3,0.0025098465848714113
nomix,12,200,4,0.0019912247080355883
nomix,12,200,5,0.0016476190648972988
nomix,12,200,6,0.0009561398182995617
nomix,12,200,7,0.001065017539076507
nomix,12,200,8,0.0004137191572226584
nomix,12,200,9,0.0001880190393421799
nomix,12,200,10,9.12775140022859e-05
nomix,12,200,11,0.0
nomix,12,300,0,0.003531301161274314
nomix,12,300,1,0.003398638917133212
nomix,12,300,2,0.002629474038258195
nomix,12,300,3,0.00215236097574234
nomix,12,300,4,0.0019729253835976124
nomix,12,300,5,0.001711502904072404
nomix,12,300,6,0.0009565077489241958
nomix,12,300,7,0.0010003127390518785
nomix,12,300,8,0.00038573009078390896
nomix,12,300,9,0.0001976738712983206
nomix,12,300,10,7.980491500347853e-05
nomix,12,300,11,0.0
nomix,12,400,0,0.0034742550924420357
nomix,12,400,1,0.0034849876537919044
nomix,12,400,2,0.0028968127444386482
nomix,12,400,3,0.0023636373225599527
nomix,12,400,4,0.002195509383454919
nomix,12,400,5,0.001773884636349976
nomix,12,400,6,0.0009775348007678986
nomix,12,400,7,0.0010561704402789474
nomix,12,400,8,0.0004204610304441303
nomix,12,400,9,0.00019964120292570442
nomix,12,400,10,8.861030801199377e-05
nomix,12,400,11,0.0
nomix,12,500,0,0.0034833885729312897
nomix,12,500,1,0.0034060273319482803
nomix,12,500,2,0.0023957444354891777
nomix,12,500,3,0.002085514832288027
nomix,12,500,4,0.0016853009583428502
nomix,12,500,5,0.001523718936368823
nomix,12,500,6,0.0008562573348172009
nomix,12,500,7,0.0009349525789730251
nomix,12,500,8,0.0003783521242439747
nomix,12,500,9,0.00016182198305614293
nomix,12,500,10,7.656274101464078e-05
nomix,12,500,11,0.0
nomix,12,600,0,0.0031177361961454153
nomix,12,600,1,0.0035286075435578823
nomix,12,600,2,0.002485898556187749
nomix,12,600,3,0.002205225406214595
nomix,12,600,4,0.0017904124688357115
nomix,12,600,5,0.0015136954607442021
nomix,12,600,6,0.0008103422005660832
nomix,12,600,7,0.0009782753186300397
nomix,12,600,8,0.00035430691787041724
nomix,12,600,9,0.00016278712428174913
nomix,12,600,10,8.24762973934412e-05
nomix,12,600,11,0.0
nomix,12,700,0,0.003546135500073433
nomix,12,700,1,0.0035813208669424057
nomix,12,700,2,0.002706191735342145
nomix,12,700,3,0.0023122818674892187
nomix,12,700,4,0.0020242573227733374
nomix,12,700,5,0.0015939065488055348
nomix,12,700,6,0.0009086374193429947
nomix,12,700,7,0.0011364775709807873
nomix,12,700,8,0.000399081181967631
nomix,12,700,9,0.00020126087474636734
nomix,12,700,10,9.331118053523824e-05
nomix,12,700,11,0.0
nomix,12,800,0,0.003064381657168269
nomix,12,800,1,0.0028827842324972153
nomix,12,800,2,0.002680585952475667
nomix,12,800,3,0.00211617024615407
nomix,12,800,4,0.0021271996665745974
nomix,12,800,5,0.0015405876329168677
nomix,12,800,6,0.0008234317065216601
nomix,12,800,7,0.0009356860537081957
nomix,12,800,8,0.0003758098173420876
nomix,12,800,9,0.0001538199867354706
nomix,12,800,10,7.794439443387091e-05
nomix,12,800,11,0.0
nomix,12,900,0,0.0037187461275607347
nomix,12,900,1,0.003972275648266077
nomix,12,900,2,0.0033656766172498465
nomix,12,900,3,0.002550782635807991
nomix,12,900,4,0.002548283664509654
nomix,12,900,5,0.0018417147221043706
nomix,12,900,6,0.0010014675790444016
nomix,12,900,7,0.0011555699165910482
nomix,12,900,8,0.0004724471946246922
nomix,12,900,9,0.00021250752615742385
nomix,12,900,10,9.762815170688555e-05
nomix,12,900,11,0.0
nomix,12,1000,0,0.003381644142791629
nomix,12,1000,1,0.003240749705582857
nomix,12,1000,2,0.002875210717320442
nomix,12,1000,3,0.0022749172057956457
nomix,12,1000,4,0.0019248438766226172
nomix,12,1000,5,0.0014829958090558648
nomix,12,1000,6,0.0008661595638841391
nomix,12,1000,7,0.000881925574503839
nomix,12,1000,8,0.0003610014682635665
nomix,12,1000,9,0.0001635024673305452
nomix,12,1000,10,7.491104770451784e-05
nomix,12,1000,11,0.0
nomix,12,1100,0,0.0029604726005345583
nomix,12,1100,1,0.003345839213579893
nomix,12,1100,2,0.0026722541078925133
nomix,12,1100,3,0.0021291389130055904
nomix,12,1100,4,0.0019807699136435986
nomix,12,1100,5,0.0015426159370690584
nomix,12,1100,6,0.0008220469462685287
nomix,12,1100,7,0.0011573617812246084
nomix,12,1100,8,0.00039470737101510167
nomix,12,1100,9,0.000175543173099868
nomix,12,1100,10,8.231311949202791e-05
nomix,12,1100,11,0.0
nomix,12,1200,0,0.0034262544941157103
nomix,12,1200,1,0.003523702034726739
nomix,12,1200,2,0.0026830469723790884
nomix,12,1200,3,0.0024250762071460485
nomix,12,1200,4,0.00178846949711442
nomix,12,1200,5,0.0015458733541890979
nomix,12,1200,6,0.0009360834956169128
nomix,12,1200,7,0.0011519965482875705
nomix,12,1200,8,0.0004184899153187871
nomix,12,1200,9,0.00020335167937446386
nomix,12,1200,10,9.644616511650383e-05
nomix,12,1200,11,0.0
nomix,13,0,0,0.0036482722498476505
nomix,13,0,1,0.00388602283783257
nomix,13,0,2,0.0029868714045733213
nomix,13,0,3,0.0025391108356416225
nomix,13,0,4,0.0022196751087903976
nomix,13,0,5,0.0017184257740154862
nomix,13,0,6,0.0009734596824273467
nomix,13,0,7,0.0010823254706338048
nomix,13,0,8,0.0004256359243299812
nomix,13,0,9,0.0002111802459694445
nomix,13,0,10,9.15860291570425e-05
nomix,13,0,11,0.0
nomix,13,100,0,0.004259294830262661
nomix,13,100,1,0.004208780825138092
nomix,13,100,2,0.0030074918176978827
nomix,13,100,3,0.002494939137250185
nomix,13,100,4,0.0021996451541781425
nomix,13,100,5,0.0016467833193019032
nomix,13,100,6,0.0010593284387141466
nomix,13,100,7,0.0011718387249857187
nomix,13,100,8,0.0004386474611237645
nomix,13,100,9,0.00020441101514734328
nomix,13,100,10,9.59622411755845e-05
nomix,13,100,11,0.0
nomix,13,200,0,0.003651081118732691
nomix,13,200,1,0.0038221871946007013
nomix,13,200,2,0.002671109978109598
nomix,13,200,3,0.002246788702905178
nomix,13,200,4,0.0019389677327126265
nomix,13,200,5,0.0016072061844170094
nomix,13,200,6,0.000982804223895073
nomix,13,200,7,0.0010412272531539202
nomix,13,200,8,0.0004150582826696336
nomix,13,200,9,0.00018095319683197886
nomix,13,200,10,9.124725329456851e-05
nomix,13,200,11,0.0
nomix,13,300,0,0.004004012327641249
nomix,13,300,1,0.0038431482389569283
nomix,13,300,2,0.0029192292131483555
nomix,13,300,3,0.002411981113255024
nomix,13,300,4,0.0023917830549180508
nomix,13,300,5,0.0019076537573710084
nomix,13,300,6,0.0010510578285902739
nomix,13,300,7,0.0012327476870268583
nomix,13,300,8,0.0004078339843545109
nomix,13,300,9,0.00018316596106160432
nomix,13,300,10,8.297929161926731e-05
nomix,13,300,11,0.0
nomix,13,400,0,0.0038994408678263426
nomix,13,400,1,0.0040891473181545734
nomix,13,400,2,0.003023277036845684
nomix,13,400,3,0.002613638062030077
nomix,13,400,4,0.002164593432098627
nomix,13,400,5,0.0018899815622717142
nomix,13,400,6,0.0010724213207140565
nomix,13,400,7,0.0011227468494325876
nomix,13,400,8,0.0004499915521591902
nomix,13,400,9,0.00019918500038329512
nomix,13,400,10,9.979117749026045e-05
nomix,13,400,11,0.0
nomix,13,500,0,0.0037178080528974533
nomix,13,500,1,0.00410613976418972
nomix,13,500,2,0.0030658661853522062
nomix,13,500,3,0.002682630205526948
nomix,13,500,4,0.0022144170943647623
nomix,13,500,5,0.001770770293660462
nomix,13,500,6,0.0011003602994605899
nomix,13,500,7,0.0011454574996605515
nomix,13,500,8,0.00045963149750605226
nomix,13,500,9,0.0002235786523669958
nomix,13,500,10,0.00010330275108572096
nomix,13,500,11,0.0
nomix,13,600,0,0.0039326767437160015
nomix,13,600,1,0.0038100520614534616
nomix,13,600,2,0.002871344331651926
nomix,13,600,3,0.0025767472106963396
nomix,13,600,4,0.0020024252589792013
nomix,13,600,5,0.0017549358308315277
nomix,13,600,6,0.0010727051412686706
nomix,13,600,7,0.0011908650631085038
nomix,13,600,8,0.0005067553138360381
nomix,13,600,9,0.0002119173586834222
nomix,13,600,10,0.00010159186058444902
nomix,13,600,11,0.0
nomix,13,700,0,0.004193301312625408
nomix,13,700,1,0.0036014344077557325
nomix,13,700,2,0.002858613384887576
nomix,13,700,3,0.0025793625973165035
nomix,13,700,4,0.002029305323958397
nomix,13,700,5,0.0018818220123648643
nomix,13,700,6,0.0010233827633783221
nomix,13,700,7,0.0011487639276310802
nomix,13,700,8,0.00044143039849586785
nomix,13,700,9,0.0001882575306808576
nomix,13,700,10,8.969297778094187e-05
nomix,13,700,11,0.0
nomix,13,800,0,0.0037466695066541433
nomix,13,800,1,0.0039559947326779366
nomix,13,800,2,0.003156892955303192
nomix,13,800,3,0.002664158819243312
nomix,13,800,4,0.002247789641842246
nomix,13,800,5,0.0018993655685335398
nomix,13,800,6,0.0010764520848169923
nomix,13,800,7,0.001027160556986928
nomix,13,800,8,0.0004600399115588516
nomix,13,800,9,0.00019746019097510725
nomix,13,800,10,9.007940388983116e-05
nomix,13,800,11,0.0
nomix,13,900,0,0.0034387470223009586
nomix,13,900,1,0.0033270949497818947
nomix,13,900,2,0.0024501276202499866
nomix,13,900,3,0.0022403134498745203
nomix,13,900,4,0.0018881949363276362
nomix,13,900,5,0.001453822129406035
nomix,13,900,6,0.0008565282914787531
nomix,13,900,7,0.0011232761899009347
nomix,13,900,8,0.00040449443622492254
nomix,13,900,9,0.00018244118837174028
nomix,13,900,10,8.089116454357281e-05
nomix,13,900,11,0.0
nomix,13,1000,0,0.003243879182264209
nomix,13,1000,1,0.0034036445431411266
nomix,13,1000,2,0.002828535856679082
nomix,13,1000,3,0.002429968910291791
nomix,13,1000,4,0.0020399768836796284
nomix,13,1000,5,0.001663380884565413
nomix,13,1000,6,0.0009945493657141924
nomix,13,1000,7,0.00117771839722991
nomix,13,1000,8,0.00042338314233347774
nomix,13,1000,9,0.00018758155056275427
nomix,13,1000,10,8.648420043755323e-05
nomix,13,1000,11,0.0
nomix,13,1100,0,0.004165505524724722
nomix,13,1100,1,0.00402963487431407
nomix,13,1100,2,0.0030450590420514345
nomix,13,1100,3,0.002772427164018154
nomix,13,1100,4,0.0022053334396332502
nomix,13,1100,5,0.0017578379483893514
nomix,13,1100,6,0.001054981374181807
nomix,13,1100,7,0.0012879162095487118
nomix,13,1100,8,0.00043857848504558206
nomix,13,1100,9,0.0001982290268642828
nomix,13,1100,10,9.537478763377294e-05
nomix,13,1100,11,0.0
nomix,13,1200,0,0.004174157045781612
nomix,13,1200,1,0.00401594303548336
nomix,13,1200,2,0.003130935598164797
nomix,13,1200,3,0.0026680200826376677
nomix,13,1200,4,0.002478360664099455
nomix,13,1200,5,0.0018306816928088665
nomix,13,1200,6,0.0011053106281906366
nomix,13,1200,7,0.0010712121147662401
nomix,13,1200,8,0.00044216617243364453
nomix,13,1200,9,0.00020106973533984274
nomix,13,1200,10,9.685898839961737e-05
nomix,13,1200,11,0.0
nomix,14,0,0,0.004243831615895033
nomix,14,0,1,0.0037102794740349054
nomix,14,0,2,0.0030692697037011385
nomix,14,0,3,0.00268526840955019
nomix,14,0,4,0.0022906730882823467
nomix,14,0,5,0.0017087936867028475
nomix,14,0,6,0.0010679771658033133
nomix,14,0,7,0.0011200415901839733
nomix,14,0,8,0.0004492715233936906
nomix,14,0,9,0.00021121623285580426
nomix,14,0,10,9.543844498693943e-05
nomix,14,0,11,0.0
nomix,14,100,0,0.0038677959237247705
nomix,14,100,1,0.003756540594622493
nomix,14,100,2,0.0032317170407623053
nomix,14,100,3,0.0028706195298582315
nomix,14,100,4,0.0024816144723445177
nomix,14,100,5,0.001992694102227688
nomix,14,100,6,0.0011173533275723457
nomix,14,100,7,0.001446765149012208
nomix,14,100,8,0.0005078656831756234
nomix,14,100,9,0.00022343632008414716
nomix,14,100,10,0.00010452115384396166
nomix,14,100,11,0.0
nomix,14,200,0,0.004173399414867163
nomix,14,200,1,0.00438710255548358
nomix,14,200,2,0.0034213766921311617
nomix,14,200,3,0.0029023364186286926
nomix,14,200,4,0.0023220221046358347
nomix,14,200,5,0.0017198424320667982
nomix,14,200,6,0.001035835943184793
nomix,14,200,7,0.0011563567677512765
nomix,14,200,8,0.0004985061823390424
nomix,14,200,9,0.00022671908664051443
nomix,14,200,10,9.982642950490117e-05
nomix,14,200,11,0.0
nomix,14,300,0,0.004008873365819454
nomix,14,300,1,0.004174096509814262
nomix,14,300,2,0.0029697951395064592
nomix,14,300,3,0.002560229506343603
nomix,14,300,4,0.0020732127595692873
nomix,14,300,5,0.0018612317508086562
nomix,14,300,6,0.0011431811144575477
nomix,14,300,7,0.0011035155039280653
nomix,14,300,8,0.00048156341654248536
nomix,14,300,9,0.00022163422545418143
nomix,14,300,10,9.43258564802818e-05
nomix,14,300,11,0.0
nomix,14,400,0,0.003915029112249613
nomix,14,400,1,0.00413265498355031
nomix,14,400,2,0.003301887074485421
nomix,14,400,3,0.0028069154359400272
nomix,14,400,4,0.0020461103413254023
nomix,14,400,5,0.0017881917301565409
nomix,14,400,6,0.001022028736770153
nomix,14,400,7,0.001063070259988308
nomix,14,400,8,0.00048535250243730843
nomix,14,400,9,0.00020347793179098517
nomix,14,400,10,9.532994590699673e-05
nomix,14,400,11,0.0
nomix,14,500,0,0.004363741725683212
nomix,14,500,1,0.0038250803481787443
nomix,14,500,2,0.003258155193179846
nomix,14,500,3,0.0028106991667300463
nomix,14,500,4,0.0026773165445774794
nomix,14,500,5,0.0021189749240875244
nomix,14,500,6,0.0012267223792150617
nomix,14,500,7,0.0012264858232811093
nomix,14,500,8,0.0005370883736759424
nomix,14,500,9,0.0002141241857316345
nomix,14,500,10,0.00010305832256563008
nomix,14,500,11,0.0
nomix,14,600,0,0.004377150908112526
nomix,14,600,1,0.004130424931645393
nomix,14,600,2,0.0030359067022800446
nomix,14,600,3,0.0028131173457950354
nomix,14,600,4,0.0023453994654119015
nomix,14,600,5,0.001802095677703619
nomix,14,600,6,0.0010825276840478182
nomix,14,600,7,0.0010413540294393897
nomix,14,600,8,0.0005062138079665601
nomix,14,600,9,0.00020884755940642208
nomix,14,600,10,0.00010515476606087759
nomix,14,600,11,0.0
nomix,14,700,0,0.004559213295578957
nomix,14,700,1,0.004711029585450888
nomix,14,700,2,0.003300098469480872
nomix,14,700,3,0.0030012207571417093
nomix,14,700,4,0.0023865527473390102
nomix,14,700,5,0.0021653061266988516
nomix,14,700,6,0.001133766258135438
nomix,14,700,7,0.0013676176313310862
nomix,14,700,8,0.0005223621847108006
nomix,14,700,9,0.0002167955826735124
nomix,14,700,10,0.00011031526082661003
nomix,14,700,11,0.0
nomix,14,800,0,0.004376685246825218
nomix,14,800,1,0.004455139860510826
nomix,14,800,2,0.0034276493825018406
nomix,14,800,3,0.002880488522350788
nomix,14,800,4,0.002350795781239867
nomix,14,800,5,0.0018727629212662578
nomix,14,800,6,0.001225602114573121
nomix,14,800,7,0.0012525601778179407
nomix,14,800,8,0.0004884361987933517
nomix,14,800,9,0.00023726391373202205
nomix,14,800,10,0.00010332923557143658
nomix,14,800,11,0.0
nomix,14,900,0,0.005096620414406061
nomix,14,900,1,0.004521281458437443
nomix,14,900,2,0.0035579476971179247
nomix,14,900,3,0.0029391187708824873
nomix,14,900,4,0.0023630834184587
nomix,14,900,5,0.0019469921244308352
nomix,14,900,6,0.00119812844786793
nomix,14,900,7,0.0012942248722538352
nomix,14,900,8,0.0005607958300970495
nomix,14,900,9,0.00021804062998853624
nomix,14,900,10,0.00010174693306908011
nomix,14,900,11,0.0
nomix,14,1000,0,0.00423738919198513
nomix,14,1000,1,0.00409109378233552
nomix,14,1000,2,0.0033475023228675127
nomix,14,1000,3,0.0030366505961865187
nomix,14,1000,4,0.0024930795188993216
nomix,14,1000,5,0.00205404800362885
nomix,14,1000,6,0.001144200679846108
nomix,14,1000,7,0.0012048170901834965
nomix,14,1000,8,0.0004676026292145252
nomix,14,1000,9,0.00022328770137391984
nomix,14,1000,10,0.00010872427810681984
nomix,14,1000,11,0.0
nomix,14,1100,0,0.003972375765442848
nomix,14,1100,1,0.004193030297756195
nomix,14,1100,2,0.003432290628552437
nomix,14,1100,3,0.002826911164447665
nomix,14,1100,4,0.002392352791503072
nomix,14,1100,5,0.001853027381002903
nomix,14,1100,6,0.0011418282520025969
nomix,14,1100,7,0.0010987737914547324
nomix,14,1100,8,0.0004851518024224788
nomix,14,1100,9,0.0001922380761243403
nomix,14,1100,10,9.749768651090562e-05
nomix,14,1100,11,0.0
nomix,14,1200,0,0.004979763180017471
nomix,14,1200,1,0.0048752292059361935
nomix,14,1200,2,0.003541302867233753
nomix,14,1200,3,0.003168780356645584
nomix,14,1200,4,0.00246330420486629
nomix,14,1200,5,0.0020914501510560513
nomix,14,1200,6,0.0012190052075311542
nomix,14,1200,7,0.0013734326930716634
nomix,14,1200,8,0.0005606422200798988
nomix,14,1200,9,0.00026497902581468225
nomix,14,1200,10,0.00012585867079906166
nomix,14,1200,11,0.0
nomix,15,0,0,0.005292448215186596
nomix,15,0,1,0.005480136722326279
nomix,15,0,2,0.0036922877188771963
nomix,15,0,3,0.0031364725437015295
nomix,15,0,4,0.0027412602212280035
nomix,15,0,5,0.002263543428853154
nomix,15,0,6,0.0013097883202135563
nomix,15,0,7,0.0013696709647774696
nomix,15,0,8,0.0005963619332760572
nomix,15,0,9,0.0002572184894233942
nomix,15,0,10,0.00011415561311878264
nomix,15,0,11,0.0
nomix,15,100,0,0.005268257111310959
nomix,15,100,1,0.004671258386224508
nomix,15,100,2,0.0033873100765049458
nomix,15,100,3,0.003312998451292515
nomix,15,100,4,0.00248783640563488
nomix,15,100,5,0.0021440540440380573
nomix,15,100,6,0.0012586330994963646
nomix,15,100,7,0.0013601218815892935
nomix,15,100,8,0.0005830512964166701
nomix,15,100,9,0.0002459356910549104
nomix,15,100,10,0.0001199585385620594
nomix,15,100,11,0.0
nomix,15,200,0,0.004270399454981089
nomix,15,200,1,0.003679089481011033
nomix,15,200,2,0.003031613538041711
nomix,15,200,3,0.002640904625877738
nomix,15,200,4,0.002212950959801674
nomix,15,200,5,0.0019827461801469326
nomix,15,200,6,0.001112302066758275
nomix,15,200,7,0.001190377864986658
nomix,15,200,8,0.00046480822493322194
nomix,15,200,9,0.0002193135442212224
nomix,15,200,10,0.00010180407844018191
nomix,15,200,11,0.0
nomix,15,300,0,0.004583231173455715
nomix,15,300,1,0.004487220663577318
nomix,15,300,2,0.0035416369792073965
nomix,15,300,3,0.0032441720832139254
nomix,15,300,4,0.002248868579044938
nomix,15,300,5,0.0020016864873468876
nomix,15,300,6,0.0011355478782206774
nomix,15,300,7,0.0011497498489916325
nomix,15,300,8,0.0005316575989127159
nomix,15,300,9,0.00023311517725232989
nomix,15,300,10,0.0001112602767534554
nomix,15,300,11,0.0
nomix,15,400,0,0.004394968040287495
nomix,15,400,1,0.004092750605195761
nomix,15,400,2,0.0032180040143430233
nomix,15,400,3,0.0029287412762641907
nomix,15,400,4,0.002465114463120699
nomix,15,400,5,0.0018413070356473327
nomix,15,400,6,0.0011668931692838669
nomix,15,400,7,0.0012768011074513197
nomix,15,400,8,0.0005288710817694664
nomix,15,400,9,0.00021546296193264425
nomix,15,400,10,0.0001050959835993126
nomix,15,400,11,0.0
nomix,15,500,0,0.004902367480099201
nomix,15,500,1,0.0050113387405872345
nomix,15,500,2,0.0035593926440924406
nomix,15,500,3,0.0032246296759694815
nomix,15,500,4,0.0025670165196061134
nomix,15,500,5,0.0022060538176447153
nomix,15,500,6,0.001287300605326891
nomix,15,500,7,0.001243944396264851
nomix,15,500,8,0.0005606968770734966
nomix,15,500,9,0.00026100859395228326
nomix,15,500,10,0.00011292067938484251
nomix,15,500,11,0.0
nomix,15,600,0,0.004899613559246063
nomix,15,600,1,0.004882735200226307
nomix,15,600,2,0.003757723141461611
nomix,15,600,3,0.0032200729474425316
nomix,15,600,4,0.0023268514778465033
nomix,15,600,5,0.0018860736163333058
nomix,15,600,6,0.0012915250845253468
nomix,15,600,7,0.0015299227088689804
nomix,15,600,8,0.0005765449022874236
nomix,15,600,9,0.0002497389505151659
nomix,15,600,10,0.00011882709077326581
nomix,15,600,11,0.0
nomix,15,700,0,0.004864422604441643
nomix,15,700,1,0.00476312218233943
nomix,15,700,2,0.003458601189777255
nomix,15,700,3,0.0031338497065007687
nomix,15,700,4,0.002415148075670004
nomix,15,700,5,0.002094273455440998
nomix,15,700,6,0.001266003935597837
nomix,15,700,7,0.0014288470847532153
nomix,15,700,8,0.0005668217199854553
nomix,15,700,9,0.00025369308423250914
nomix,15,700,10,0.00011728674144251272
nomix,15,700,11,0.0
nomix,15,800,0,0.004571639467030764
nomix,15,800,1,0.004482802003622055
nomix,15,800,2,0.0034060366451740265
nomix,15,800,3,0.0029346502851694822
nomix,15,800,4,0.0027431852649897337
nomix,15,800,5,0.002066259039565921
nomix,15,800,6,0.0012585388030856848
nomix,15,800,7,0.001313971122726798
nomix,15,800,8,0.0005344473174773157
nomix,15,800,9,0.00023417241754941642
nomix,15,800,10,0.00010496887989575043
nomix,15,800,11,0.0
nomix,15,900,0,0.005536843091249466
nomix,15,900,1,0.0054405503906309605
nomix,15,900,2,0.004036443307995796
nomix,15,900,3,0.003419258864596486
nomix,15,900,4,0.0026612915098667145
nomix,15,900,5,0.002322925254702568
nomix,15,900,6,0.001387116382829845
nomix,15,900,7,0.0014861526433378458
nomix,15,900,8,0.0005963958101347089
nomix,15,900,9,0.0002624543267302215
nomix,15,900,10,0.00011526179878273979
nomix,15,900,11,0.0
nomix,15,1000,0,0.00467321602627635
nomix,15,1000,1,0.004306273069232702
nomix,15,1000,2,0.003401796333491802
nomix,15,1000,3,0.0033367157448083162
nomix,15,1000,4,0.0026324009522795677
nomix,15,1000,5,0.0018615864682942629
nomix,15,1000,6,0.0012770298635587096
nomix,15,1000,7,0.0014127640752121806
nomix,15,1000,8,0.0005025396822020411
nomix,15,1000,9,0.0002292896097060293
nomix,15,1000,10,0.00011061839177273214
nomix,15,1000,11,0.0
nomix,15,1100,0,0.005506811197847128
nomix,15,1100,1,0.004959178157150745
nomix,15,1100,2,0.0035913260653615
nomix,15,1100,3,0.0033681197091937065
nomix,15,1100,4,0.0028045717626810074
nomix,15,1100,5,0.0019887827802449465
nomix,15,1100,6,0.001245853491127491
nomix,15,1100,7,0.0012782508274540305
nomix,15,1100,8,0.0005255804862827063
nomix,15,1100,9,0.00024577032309025526
nomix,15,1100,10,0.00011250004899920896
nomix,15,1100,11,0.0
nomix,15,1200,0,0.005009656772017479
nomix,15,1200,1,0.00471360981464386
nomix,15,1200,2,0.003708860371261835
nomix,15,1200,3,0.0031184048857539892
nomix,15,1200,4,0.002544158138334751
nomix,15,1200,5,0.00213268562220037
nomix,15,1200,6,0.0013190472964197397
nomix,15,1200,7,0.0013824362540617585
nomix,15,1200,8,0.0005536249955184758
nomix,15,1200,9,0.000259303575148806
nomix,15,1200,10,0.00011044585698982701
nomix,15,1200,11,0.0
nomix,16,0,0,0.005179036874324083
nomix,16,0,1,0.004580870736390352
nomix,16,0,2,0.0037118280306458473
nomix,16,0,3,0.003372062696143985
nomix,16,0,4,0.0024910857900977135
nomix,16,0,5,0.002102415543049574
nomix,16,0,6,0.0013123673852533102
nomix,16,0,7,0.0014568008482456207
nomix,16,0,8,0.0005681018228642642
nomix,16,0,9,0.00024406309239566326
nomix,16,0,10,0.00011211067612748593
nomix,16,0,11,0.0
nomix,16,100,0,0.005302527453750372
nomix,16,100,1,0.005047911778092384
nomix,16,100,2,0.0035482491366565228
nomix,16,100,3,0.0032728693913668394
nomix,16,100,4,0.0024793168995529413
nomix,16,100,5,0.0019435494905337691
nomix,16,100,6,0.001319515984505415
nomix,16,100,7,0.0013165342388674617
nomix,16,100,8,0.0005795983015559614
nomix,16,100,9,0.0002623384934850037
nomix,16,100,10,0.00011948633618885651
nomix,16,100,11,0.0
nomix,16,200,0,0.005065130535513163
nomix,16,200,1,0.004463521763682365
nomix,16,200,2,0.0032311254180967808
nomix,16,200,3,0.0031101892236620188
nomix,16,200,4,0.002365038264542818
nomix,16,200,5,0.0018504549516364932
nomix,16,200,6,0.0012250804575160146
nomix,16,200,7,0.0012557579902932048
nomix,16,200,8,0.0005172807141207159
nomix,16,200,9,0.000244251627009362
nomix,16,200,10,0.00011175282270414755
nomix,16,200,11,0.0
nomix,16,300,0,0.005523253697901964
nomix,16,300,1,0.005075786728411913
nomix,16,300,2,0.003763142740353942
nomix,16,300,3,0.0033874025102704763
nomix,16,300,4,0.002680508652701974
nomix,16,300,5,0.0020326925441622734
nomix,16,300,6,0.0014014077605679631
nomix,16,300,7,0.0013253011275082827
nomix,16,300,8,0.0005483697168529034
nomix,16,300,9,0.00026650147628970444
nomix,16,300,10,0.00012096932186977938
nomix,16,300,11,0.0
nomix,16,400,0,0.005369183607399464
nomix,16,400,1,0.005001195706427097
nomix,16,400,2,0.003401252208277583
nomix,16,400,3,0.0033078135456889868
nomix,16,400,4,0.002684003207832575
nomix,16,400,5,0.0020359838381409645
nomix,16,400,6,0.0013284983579069376
nomix,16,400,7,0.0013564748223870993
nomix,16,400,8,0.0005597141571342945
nomix,16,400,9,0.0002520419657230377
nomix,16,400,10,0.0001108117212424986
nomix,16,400,11,0.0
nomix,16,500,0,0.0054285782389342785
nomix,16,500,1,0.004787992220371962
nomix,16,500,2,0.0032809770200401545
nomix,16,500,3,0.003025797661393881
nomix,16,500,4,0.002301314612850547
nomix,16,500,5,0.0019302146974951029
nomix,16,500,6,0.0011744374642148614
nomix,16,500,7,0.0012344436254352331
nomix,16,500,8,0.00056337786372751
nomix,16,500,9,0.00022357498528435826
nomix,16,500,10,0.00010973928874591365
nomix,16,500,11,0.0
nomix,16,600,0,0.005751688964664936
nomix,16,600,1,0.004905408248305321
nomix,16,600,2,0.003587310668081045
nomix,16,600,3,0.003303531790152192
nomix,16,600,4,0.0027655153535306454
nomix,16,600,5,0.00207528006285429
nomix,16,600,6,0.0013075548922643065
nomix,16,600,7,0.0013231993652880192
nomix,16,600,8,0.0006023973692208529
nomix,16,600,9,0.0002506473974790424
nomix,16,600,10,0.00012142032210249454
nomix,16,600,11,0.0
nomix,16,700,0,0.005301028024405241
nomix,16,700,1,0.005081754177808762
nomix,16,700,2,0.003496097633615136
nomix,16,700,3,0.0032270951196551323
nomix,16,700,4,0.002567457500845194
nomix,16,700,5,0.002322118729352951
nomix,16,700,6,0.0012677771737799048
nomix,16,700,7,0.001517533091828227
nomix,16,700,8,0.0005341056385077536
nomix,16,700,9,0.00024171301629394293
nomix,16,700,10,0.00011573239316930994
nomix,16,700,11,0.0
nomix,16,800,0,0.00602421909570694
nomix,16,800,1,0.005191216245293617
nomix,16,800,2,0.0034265066497027874
nomix,16,800,3,0.0032641093712300062
nomix,16,800,4,0.002490075770765543
nomix,16,800,5,0.0020578771363943815
nomix,16,800,6,0.0013959280913695693
nomix,16,800,7,0.0011787114199250937
nomix,16,800,8,0.0005251217517070472
nomix,16,800,9,0.00024182813649531454
nomix,16,800,10,0.00011655023990897462
nomix,16,800,11,0.0
nomix,16,900,0,0.005471948068588972
nomix,16,900,1,0.004771667532622814
nomix,16,900,2,0.003661951282992959
nomix,16,900,3,0.003177878214046359
nomix,16,900,4,0.0026983630377799273
nomix,16,900,5,0.0020462065003812313
nomix,16,900,6,0.0013546274276450276
nomix,16,900,7,0.0013389005325734615
nomix,16,900,8,0.0005331239080987871
nomix,16,900,9,0.00023358561156783253
nomix,16,900,10,0.00010736671538325027
nomix,16,900,11,0.0
nomix,16,1000,0,0.0059798662550747395
nomix,16,1000,1,0.005604330450296402
nomix,16,1000,2,0.0040537891909480095
nomix,16,1000,3,0.0036885219160467386
nomix,16,1000,4,0.002823099959641695
nomix,16,1000,5,0.0023406960535794497
nomix,16,1000,6,0.0014413794269785285
nomix,16,1000,7,0.001278300886042416
nomix,16,1000,8,0.0006276051863096654
nomix,16,1000,9,0.00026467101997695863
nomix,16,1000,10,0.0001310951920459047
nomix,16,1000,11,0.0
nomix,16,1100,0,0.0055298288352787495
nomix,16,1100,1,0.0048715826123952866
nomix,16,1100,2,0.0036857272498309612
nomix,16,1100,3,0.0034170548897236586
nomix,16,1100,4,0.002832179656252265
nomix,16,1100,5,0.0023369058035314083
nomix,16,1100,6,0.0013496914179995656
nomix,16,1100,7,0.0013602767139673233
nomix,16,1100,8,0.000601181760430336
nomix,16,1100,9,0.0002708773245103657
nomix,16,1100,10,0.00011660059681162238
nomix,16,1100,11,0.0
nomix,16,1200,0,0.005081436596810818
nomix,16,1200,1,0.004551202058792114
nomix,16,1200,2,0.00329975807107985
nomix,16,1200,3,0.0030196274165064096
nomix,16,1200,4,0.0023963802959769964
nomix,16,1200,5,0.001777970464900136
nomix,16,1200,6,0.0012473202077671885
nomix,16,1200,7,0.0011354910675436258
nomix,16,1200,8,0.0005087929894216359
nomix,16,1200,9,0.0002063470456050709
nomix,16,1200,10,0.00010598295921226963
nomix,16,1200,11,0.0
nomix,17,0,0,0.006285653915256262
nomix,17,0,1,0.0052490015514194965
nomix,17,0,2,0.0037982396315783262
nomix,17,0,3,0.0033239491749554873
nomix,17,0,4,0.0027732434682548046
nomix,17,0,5,0.0022521871142089367
nomix,17,0,6,0.001334953703917563
nomix,17,0,7,0.001402575522661209
nomix,17,0,8,0.0006156155141070485
nomix,17,0,9,0.00024872052017599344
nomix,17,0,10,0.00012015958782285452
nomix,17,0,11,0.0
nomix,17,100,0,0.006076280027627945
nomix,17,100,1,0.005698421038687229
nomix,17,100,2,0.004060966894030571
nomix,17,100,3,0.003477692836895585
nomix,17,100,4,0.0028331244830042124
nomix,17,100,5,0.002494022948667407
nomix,17,100,6,0.0014074626378715038
nomix,17,100,7,0.0014473802875727415
nomix,17,100,8,0.0006512810941785574
nomix,17,100,9,0.00027355714701116085
nomix,17,100,10,0.00014281217590905726
nomix,17,100,11,0.0
nomix,17,200,0,0.005363703239709139
nomix,17,200,1,0.005094573367387056
nomix,17,200,2,0.0035580378025770187
nomix,17,200,3,0.0032768065575510263
nomix,17,200,4,0.0027286894619464874
nomix,17,200,5,0.002334218006581068
nomix,17,200,6,0.0013609162997454405
nomix,17,200,7,0.0014605188043788075
nomix,17,200,8,0.0005685454234480858
nomix,17,200,9,0.00024022858997341245
nomix,17,200,10,0.0001116144994739443
nomix,17,200,11,0.0
nomix,17,300,0,0.006370665039867163
nomix,17,300,1,0.005658028647303581
nomix,17,300,2,0.0037510141264647245
nomix,17,300,3,0.003680361434817314
nomix,17,300,4,0.0027887155301868916
nomix,17,300,5,0.0020814090967178345
nomix,17,300,6,0.0015216778265312314
nomix,17,300,7,0.0015016733668744564
nomix,17,300,8,0.0006575987208634615
nomix,17,300,9,0.00027020563720725477
nomix,17,300,10,0.00012577680172398686
nomix,17,300,11,0.0
nomix,17,400,0,0.005964292213320732
nomix,17,400,1,0.005577136762440205
nomix,17,400,2,0.0041320170275866985
nomix,17,400,3,0.0036493351217359304
nomix,17,400,4,0.0028581421356648207
nomix,17,400,5,0.0024650231935083866
nomix,17,400,6,0.001603202661499381
nomix,17,400,7,0.001484149252064526
nomix,17,400,8,0.0006231254665181041
nomix,17,400,9,0.0002897108788602054
nomix,17,400,10,0.00013284542364999652
nomix,17,400,11,0.0
nomix,17,500,0,0.005078813526779413
nomix,17,500,1,0.004363369662314653
nomix,17,500,2,0.0033963462337851524
nomix,17,500,3,0.003127387957647443
nomix,17,500,4,0.002599557628855109
nomix,17,500,5,0.0019502309150993824
nomix,17,500,6,0.0013619867386296391
nomix,17,500,7,0.001322715892456472
nomix,17,500,8,0.0005896976217627525
nomix,17,500,9,0.000242306588916108
nomix,17,500,10,0.0001149174349848181
nomix,17,500,11,0.0
nomix,17,600,0,0.005431054159998894
nomix,17,600,1,0.004847649950534105
nomix,17,600,2,0.0033987462520599365
nomix,17,600,3,0.0031136199831962585
nomix,17,600,4,0.002474570879712701
nomix,17,600,5,0.001988181844353676
nomix,17,600,6,0.0012970654061064124
nomix,17,600,7,0.0013360347365960479
nomix,17,600,8,0.0006366505404002964
nomix,17,600,9,0.00024194433353841305
nomix,17,600,10,0.00012363909627310932
nomix,17,600,11,0.0
nomix,17,700,0,0.006087884772568941
nomix,17,700,1,0.005158049985766411
nomix,17,700,2,0.00392913818359375
nomix,17,700,3,0.0033493165392428637
nomix,17,700,4,0.0028417259454727173
nomix,17,700,5,0.0023467016872018576
nomix,17,700,6,0.0015159430913627148
nomix,17,700,7,0.001449359580874443
nomix,17,700,8,0.0006350666517391801
nomix,17,700,9,0.00026307982625439763
nomix,17,700,10,0.00011823562090285122
nomix,17,700,11,0.0
nomix,17,800,0,0.006297462619841099
nomix,17,800,1,0.005433944053947926
nomix,17,800,2,0.0037826120387762785
nomix,17,800,3,0.0036993345711380243
nomix,17,800,4,0.002865899121388793
nomix,17,800,5,0.002136211609467864
nomix,17,800,6,0.0014743843348696828
nomix,17,800,7,0.001326859463006258
nomix,17,800,8,0.0006622765213251114
nomix,17,800,9,0.0002614182303659618
nomix,17,800,10,0.00013034572475589812
nomix,17,800,11,0.0
nomix,17,900,0,0.0059868390671908855
nomix,17,900,1,0.004777856636792421
nomix,17,900,2,0.003644875716418028
nomix,17,900,3,0.0037620237562805414
nomix,17,900,4,0.002737894421443343
nomix,17,900,5,0.0020828687120229006
nomix,17,900,6,0.0014296600129455328
nomix,17,900,7,0.0014463620027527213
nomix,17,900,8,0.000684932223521173
nomix,17,900,9,0.0002768073172774166
nomix,17,900,10,0.0001289573556277901
nomix,17,900,11,0.0
nomix,17,1000,0,0.00558723509311676
nomix,17,1000,1,0.004744606092572212
nomix,17,1000,2,0.00372401624917984
nomix,17,1000,3,0.0032708412036299706
nomix,17,1000,4,0.0024561728350818157
nomix,17,1000,5,0.001937616616487503
nomix,17,1000,6,0.00134561478625983
nomix,17,1000,7,0.001282562967389822
nomix,17,1000,8,0.0005427553551271558
nomix,17,1000,9,0.0002689272805582732
nomix,17,1000,10,0.00010922110232058913
nomix,17,1000,11,0.0
nomix,17,1100,0,0.006468247156590223
nomix,17,1100,1,0.005777847487479448
nomix,17,1100,2,0.004139326512813568
nomix,17,1100,3,0.0034871231764554977
nomix,17,1100,4,0.0028227297589182854
nomix,17,1100,5,0.0022680037654936314
nomix,17,1100,6,0.001396160339936614
nomix,17,1100,7,0.0014478957746177912
nomix,17,1100,8,0.0006349732866510749
nomix,17,1100,9,0.0002940090198535472
nomix,17,1100,10,0.00012425861496012658
nomix,17,1100,11,0.0
nomix,17,1200,0,0.0058736614882946014
nomix,17,1200,1,0.0056248074397444725
nomix,17,1200,2,0.0039995512925088406
nomix,17,1200,3,0.0035774074494838715
nomix,17,1200,4,0.002876844722777605
nomix,17,1200,5,0.0023774108849465847
nomix,17,1200,6,0.0015461150323972106
nomix,17,1200,7,0.0015323604457080364
nomix,17,1200,8,0.0006126574007794261
nomix,17,1200,9,0.0002666848886292428
nomix,17,1200,10,0.00012783092097379267
nomix,17,1200,11,0.0
nomix,18,0,0,0.00706311734393239
nomix,18,0,1,0.006163670215755701
nomix,18,0,2,0.003807501634582877
nomix,18,0,3,0.003812754526734352
nomix,18,0,4,0.0030109670478850603
nomix,18,0,5,0.0023606496397405863
nomix,18,0,6,0.001718500629067421
nomix,18,0,7,0.0015430012717843056
nomix,18,0,8,0.0006424826569855213
nomix,18,0,9,0.0002763967786449939
nomix,18,0,10,0.00013020311598666012
nomix,18,0,11,0.0
nomix,18,100,0,0.006451328285038471
nomix,18,100,1,0.005396599881350994
nomix,18,100,2,0.003691159887239337
nomix,18,100,3,0.003517986973747611
nomix,18,100,4,0.0029762890189886093
nomix,18,100,5,0.0025203742552548647
nomix,18,100,6,0.0014738506870344281
nomix,18,100,7,0.001542738638818264
nomix,18,100,8,0.000621947692707181
nomix,18,100,9,0.00026494471239857376
nomix,18,100,10,0.00013599391968455166
nomix,18,100,11,0.0
nomix,18,200,0,0.00679269852116704
nomix,18,200,1,0.005855041556060314
nomix,18,200,2,0.003950859420001507
nomix,18,200,3,0.0036951147485524416
nomix,18,200,4,0.0031928233802318573
nomix,18,200,5,0.0025593528989702463
nomix,18,200,6,0.001537199248559773
nomix,18,200,7,0.0015535333659499884
nomix,18,200,8,0.0006773255881853402
nomix,18,200,9,0.0003034795226994902
nomix,18,200,10,0.00013942454825155437
nomix,18,200,11,0.0
nomix,18,300,0,0.007904406636953354
nomix,18,300,1,0.006539470050483942
nomix,18,300,2,0.004831028636544943
nomix,18,300,3,0.004166870843619108
nomix,18,300,4,0.003459050552919507
nomix,18,300,5,0.0027283213566988707
nomix,18,300,6,0.00166036793962121
nomix,18,300,7,0.00161150679923594
nomix,18,300,8,0.0006901788292452693
nomix,18,300,9,0.0003002415469381958
nomix,18,300,10,0.00013984914403408766
nomix,18,300,11,0.0
nomix,18,400,0,0.007066379766911268
nomix,18,400,1,0.006190352141857147
nomix,18,400,2,0.004432421177625656
nomix,18,400,3,0.0038846521638333797
nomix,18,400,4,0.0028496452141553164
nomix,18,400,5,0.0024015861563384533
nomix,18,400,6,0.0016020003240555525
nomix,18,400,7,0.001482542953453958
nomix,18,400,8,0.0006452362285926938
nomix,18,400,9,0.0002908919705078006
nomix,18,400,10,0.0001382835180265829
nomix,18,400,11,0.0
nomix,18,500,0,0.006273013073951006
nomix,18,500,1,0.00554194301366806
nomix,18,500,2,0.004117966629564762
nomix,18,500,3,0.003522813320159912
nomix,18,500,4,0.003174756420776248
nomix,18,500,5,0.002562979469075799
nomix,18,500,6,0.0015722137177363038
nomix,18,500,7,0.0015393926296383142
nomix,18,500,8,0.0007114146137610078
nomix,18,500,9,0.0002763169468380511
nomix,18,500,10,0.00014029517478775233
nomix,18,500,11,0.0
nomix,18,600,0,0.006572925020009279
nomix,18,600,1,0.005860407371073961
nomix,18,600,2,0.004118736367672682
nomix,18,600,3,0.003923571202903986
nomix,18,600,4,0.0029013557359576225
nomix,18,600,5,0.0023709721863269806
nomix,18,600,6,0.0015272354939952493
nomix,18,600,7,0.001481431070715189
nomix,18,600,8,0.0007271050708368421
nomix,18,600,9,0.0002978671691380441
nomix,18,600,10,0.00014466315042227507
nomix,18,600,11,0.0
nomix,18,700,0,0.0071262940764427185
nomix,18,700,1,0.005979635752737522
nomix,18,700,2,0.0038985642604529858
nomix,18,700,3,0.003636054927483201
nomix,18,700,4,0.002688674721866846
nomix,18,700,5,0.002554771490395069
nomix,18,700,6,0.0014170999638736248
nomix,18,700,7,0.001575508969835937
nomix,18,700,8,0.0006506700301542878
nomix,18,700,9,0.0002707107341848314
nomix,18,700,10,0.0001242803264176473
nomix,18,700,11,0.0
nomix,18,800,0,0.006465901155024767
nomix,18,800,1,0.005707364995032549
nomix,18,800,2,0.0038235164247453213
nomix,18,800,3,0.0036872862838208675
nomix,18,800,4,0.00281241605989635
nomix,18,800,5,0.0022783251479268074
nomix,18,800,6,0.0015577339800074697
nomix,18,800,7,0.0013348349602892995
nomix,18,800,8,0.0006236872868612409
nomix,18,800,9,0.0002520293346606195
nomix,18,800,10,0.00012297554349061102
nomix,18,800,11,0.0
nomix,18,900,0,0.006670038215816021
nomix,18,900,1,0.004935349337756634
nomix,18,900,2,0.0038094629999250174
nomix,18,900,3,0.0035147026646882296
nomix,18,900,4,0.00270727276802063
nomix,18,900,5,0.0022031681146472692
nomix,18,900,6,0.0014491183683276176
nomix,18,900,7,0.001483575557358563
nomix,18,900,8,0.0006365879671648145
nomix,18,900,9,0.0002650186943355948
nomix,18,900,10,0.0001283500751014799
nomix,18,900,11,0.0
nomix,18,1000,0,0.0066891745664179325
nomix,18,1000,1,0.0058046062476933
nomix,18,1000,2,0.0040724375285208225
nomix,18,1000,3,0.003631609259173274
nomix,18,1000,4,0.002924668602645397
nomix,18,1000,5,0.0023611008655279875
nomix,18,1000,6,0.0015645867679268122
nomix,18,1000,7,0.0015586301451548934
nomix,18,1000,8,0.0006443011807277799
nomix,18,1000,9,0.00026982545386999846
nomix,18,1000,10,0.00012194315058877692
nomix,18,1000,11,0.0
nomix,18,1100,0,0.007600822485983372
nomix,18,1100,1,0.0063844723626971245
nomix,18,1100,2,0.004140592645853758
nomix,18,1100,3,0.0037880835589021444
nomix,18,1100,4,0.0029988631140440702
nomix,18,1100,5,0.00254184752702713
nomix,18,1100,6,0.0015289350412786007
nomix,18,1100,7,0.0014923370908945799
nomix,18,1100,8,0.000688358093611896
nomix,18,1100,9,0.000265457114437595
nomix,18,1100,10,0.00013630068860948086
nomix,18,1100,11,0.0
nomix,18,1200,0,0.007284221705049276
nomix,18,1200,1,0.005842574872076511
nomix,18,1200,2,0.0040869018994271755
nomix,18,1200,3,0.003915899898856878
nomix,18,1200,4,0.0029543014243245125
nomix,18,1200,5,0.002576366998255253
nomix,18,1200,6,0.001656576874665916
nomix,18,1200,7,0.0016583557007834315
nomix,18,1200,8,0.0006684657419100404
nomix,18,1200,9,0.00030035129748284817
nomix,18,1200,10,0.00014004734111949801
nomix,18,1200,11,0.0
nomix,19,0,0,0.007758474908769131
nomix,19,0,1,0.006016807164996862
nomix,19,0,2,0.00443181162700057
nomix,19,0,3,0.0042154244147241116
nomix,19,0,4,0.0031663121189922094
nomix,19,0,5,0.002629793481901288
nomix,19,0,6,0.0015838934341445565
nomix,19,0,7,0.0016563478857278824
nomix,19,0,8,0.000730803410988301
nomix,19,0,9,0.0002956736134365201
nomix,19,0,10,0.00013905188825447112
nomix,19,0,11,0.0
nomix,19,100,0,0.007234370801597834
nomix,19,100,1,0.006052879150956869
nomix,19,100,2,0.004167576320469379
nomix,19,100,3,0.004034843295812607
nomix,19,100,4,0.002967431675642729
nomix,19,100,5,0.00235639326274395
nomix,19,100,6,0.0016905723605304956
nomix,19,100,7,0.0017058764351531863
nomix,19,100,8,0.0007246694294735789
nomix,19,100,9,0.00030616705771535635
nomix,19,100,10,0.00014879208174534142
nomix,19,100,11,0.0
nomix,19,200,0,0.007783079985529184
nomix,19,200,1,0.00614942517131567
nomix,19,200,2,0.004215163644403219
nomix,19,200,3,0.003956002648919821
nomix,19,200,4,0.0030217827297747135
nomix,19,200,5,0.002531922422349453
nomix,19,200,6,0.0016664952272549272
nomix,19,200,7,0.0017342334613204002
nomix,19,200,8,0.0008014783961698413
nomix,19,200,9,0.0002979293931275606
nomix,19,200,10,0.00014812202425673604
nomix,19,200,11,0.0
nomix,19,300,0,0.007687292993068695
nomix,19,300,1,0.005858749151229858
nomix,19,300,2,0.004217223729938269
nomix,19,300,3,0.003973464947193861
nomix,19,300,4,0.003327906597405672
nomix,19,300,5,0.002680873265489936
nomix,19,300,6,0.001672780723311007
nomix,19,300,7,0.001570698688738048
nomix,19,300,8,0.0007464049849659204
nomix,19,300,9,0.00031157807097770274
nomix,19,300,10,0.0001441653148503974
nomix,19,300,11,0.0
nomix,19,400,0,0.006725499872118235
nomix,19,400,1,0.005503958091139793
nomix,19,400,2,0.0036769069265574217
nomix,19,400,3,0.003436977043747902
nomix,19,400,4,0.002557933097705245
nomix,19,400,5,0.0020865132100880146
nomix,19,400,6,0.0013405467616394162
nomix,19,400,7,0.0012337462976574898
nomix,19,400,8,0.0006107898079790175
nomix,19,400,9,0.0002575386315584183
nomix,19,400,10,0.0001237712858710438
nomix,19,400,11,0.0
nomix,19,500,0,0.007300263736397028
nomix,19,500,1,0.005479773972183466
nomix,19,500,2,0.0039887018501758575
nomix,19,500,3,0.0036123543977737427
nomix,19,500,4,0.002729942323639989
nomix,19,500,5,0.0022670866455882788
nomix,19,500,6,0.0013236305676400661
nomix,19,500,7,0.001439957763068378
nomix,19,500,8,0.0006466570193879306
nomix,19,500,9,0.00027128466172143817
nomix,19,500,10,0.00012418825644999743
nomix,19,500,11,0.0
nomix,19,600,0,0.006546023301780224
nomix,19,600,1,0.005494260229170322
nomix,19,600,2,0.003974496852606535
nomix,19,600,3,0.0037042400799691677
nomix,19,600,4,0.002807882847264409
nomix,19,600,5,0.002206782577559352
nomix,19,600,6,0.001546765211969614
nomix,19,600,7,0.0014453342882916331
nomix,19,600,8,0.0006583156646229327
nomix,19,600,9,0.0002749567502178252
nomix,19,600,10,0.0001345551136182621
nomix,19,600,11,0.0
nomix,19,700,0,0.00804621260613203
nomix,19,700,1,0.006240305956453085
nomix,19,700,2,0.004085842985659838
nomix,19,700,3,0.003862823126837611
nomix,19,700,4,0.0028958511538803577
nomix,19,700,5,0.002441604156047106
nomix,19,700,6,0.0017049734015017748
nomix,19,700,7,0.00142809993121773
nomix,19,700,8,0.0006602853536605835
nomix,19,700,9,0.0003173699078615755
nomix,19,700,10,0.00014901721442583948
nomix,19,700,11,0.0
nomix,19,800,0,0.008312102407217026
nomix,19,800,1,0.00600502360612154
nomix,19,800,2,0.004303255584090948
nomix,19,800,3,0.0038750788662582636
nomix,19,800,4,0.002984611550346017
nomix,19,800,5,0.002459169365465641
nomix,19,800,6,0.001509122783318162
nomix,19,800,7,0.0015316043281927705
nomix,19,800,8,0.0006938939914107323
nomix,19,800,9,0.0003048072976525873
nomix,19,800,10,0.0001442343054804951
nomix,19,800,11,0.0
nomix,19,900,0,0.007434031460434198
nomix,19,900,1,0.006166847422719002
nomix,19,900,2,0.00391040463000536
nomix,19,900,3,0.004009058699011803
nomix,19,900,4,0.003210312221199274
nomix,19,900,5,0.002188171725720167
nomix,19,900,6,0.0015604663640260696
nomix,19,900,7,0.0015331535832956433
nomix,19,900,8,0.0007196340011432767
nomix,19,900,9,0.0003005839535035193
nomix,19,900,10,0.000129729465697892
nomix,19,900,11,0.0
nomix,19,1000,0,0.008180533535778522
nomix,19,1000,1,0.005713231395930052
nomix,19,1000,2,0.004371795803308487
nomix,19,1000,3,0.0038349332753568888
nomix,19,1000,4,0.0031405261252075434
nomix,19,1000,5,0.0021090346854180098
nomix,19,1000,6,0.001590399770066142
nomix,19,1000,7,0.0015062009915709496
nomix,19,1000,8,0.0006721153040416539
nomix,19,1000,9,0.0002918437239713967
nomix,19,1000,10,0.00013409058738034219
nomix,19,1000,11,0.0
nomix,19,1100,0,0.008484775200486183
nomix,19,1100,1,0.006089267786592245
nomix,19,1100,2,0.004329368472099304
nomix,19,1100,3,0.004234528634697199
nomix,19,1100,4,0.003064968390390277
nomix,19,1100,5,0.0024306545965373516
nomix,19,1100,6,0.0016864350764080882
nomix,19,1100,7,0.001541984616778791
nomix,19,1100,8,0.0006687127170152962
nomix,19,1100,9,0.0002934141084551811
nomix,19,1100,10,0.00015366457228083163
nomix,19,1100,11,0.0
nomix,19,1200,0,0.007659238763153553
nomix,19,1200,1,0.006511813495308161
nomix,19,1200,2,0.004130949731916189
nomix,19,1200,3,0.0037648328579962254
nomix,19,1200,4,0.0031919176690280437
nomix,19,1200,5,0.0024837572127580643
nomix,19,1200,6,0.0016695846570655704
nomix,19,1200,7,0.001560020144097507
nomix,19,1200,8,0.0007897312170825899
nomix,19,1200,9,0.000317953439662233
nomix,19,1200,10,0.00013717659749090672
nomix,19,1200,11,0.0
nomix,20,0,0,0.008809758350253105
nomix,20,0,1,0.006240786053240299
nomix,20,0,2,0.004301052540540695
nomix,20,0,3,0.0038564689457416534
nomix,20,0,4,0.0032696910202503204
nomix,20,0,5,0.0025595633778721094
nomix,20,0,6,0.0015913322567939758
nomix,20,0,7,0.001596288406290114
nomix,20,0,8,0.0007060847128741443
nomix,20,0,9,0.0002952073700726032
nomix,20,0,10,0.00014337214815896004
nomix,20,0,11,0.0
nomix,20,100,0,0.008527512662112713
nomix,20,100,1,0.005791717208921909
nomix,20,100,2,0.004219262860715389
nomix,20,100,3,0.003775875549763441
nomix,20,100,4,0.00325925019569695
nomix,20,100,5,0.002315900754183531
nomix,20,100,6,0.0015969885280355811
nomix,20,100,7,0.0015979476738721132
nomix,20,100,8,0.0007109752623364329
nomix,20,100,9,0.00028170025325380266
nomix,20,100,10,0.0001364891795674339
nomix,20,100,11,0.0
nomix,20,200,0,0.008323016576468945
nomix,20,200,1,0.006076211575418711
nomix,20,200,2,0.004166096914559603
nomix,20,200,3,0.0037333040963858366
nomix,20,200,4,0.002895741956308484
nomix,20,200,5,0.002314511686563492
nomix,20,200,6,0.0015943251783028245
nomix,20,200,7,0.0014383377274498343
nomix,20,200,8,0.0007040499476715922
nomix,20,200,9,0.00030545410118065774
nomix,20,200,10,0.0001454840530641377
nomix,20,200,11,0.0
nomix,20,300,0,0.008238009177148342
nomix,20,300,1,0.006244129966944456
nomix,20,300,2,0.004342103376984596
nomix,20,300,3,0.004148977808654308
nomix,20,300,4,0.0029387257527559996
nomix,20,300,5,0.0025841312017291784
nomix,20,300,6,0.001572205568663776
nomix,20,300,7,0.0014571727951988578
nomix,20,300,8,0.0007139113149605691
nomix,20,300,9,0.00030493445228785276
nomix,20,300,10,0.00015144122880883515
nomix,20,300,11,0.0
nomix,20,400,0,0.008407508954405785
nomix,20,400,1,0.006376562174409628
nomix,20,400,2,0.004486250225454569
nomix,20,400,3,0.004314071964472532
nomix,20,400,4,0.003168703755363822
nomix,20,400,5,0.0024827010929584503
nomix,20,400,6,0.0017136605456471443
nomix,20,400,7,0.0015715865883976221
nomix,20,400,8,0.0006847406621091068
nomix,20,400,9,0.00028673946508206427
nomix,20,400,10,0.0001540283119538799
nomix,20,400,11,0.0
nomix,20,500,0,0.007973378524184227
nomix,20,500,1,0.006330108270049095
nomix,20,500,2,0.004199802875518799
nomix,20,500,3,0.003658238099887967
nomix,20,500,4,0.00309025589376688
nomix,20,500,5,0.002173784887418151
nomix,20,500,6,0.001496285549364984
nomix,20,500,7,0.001461092266254127
nomix,20,500,8,0.0006656982586719096
nomix,20,500,9,0.00028822122840210795
nomix,20,500,10,0.00014068224118091166
nomix,20,500,11,0.0
nomix,20,600,0,0.008919586427509785
nomix,20,600,1,0.005987738724797964
nomix,20,600,2,0.004461974836885929
nomix,20,600,3,0.004057570826262236
nomix,20,600,4,0.002980930730700493
nomix,20,600,5,0.0024656085297465324
nomix,20,600,6,0.0014276733854785562
nomix,20,600,7,0.0014254124835133553
nomix,20,600,8,0.000702017976436764
nomix,20,600,9,0.0002971361973322928
nomix,20,600,10,0.00014874647604301572
nomix,20,600,11,0.0
nomix,20,700,0,0.008550643920898438
nomix,20,700,1,0.006331458222121
nomix,20,700,2,0.0043447003699839115
nomix,20,700,3,0.004129491746425629
nomix,20,700,4,0.00283987820148468
nomix,20,700,5,0.002819238230586052
nomix,20,700,6,0.001769232447259128
nomix,20,700,7,0.0017825653776526451
nomix,20,700,8,0.0007490835268981755
nomix,20,700,9,0.00031988293631002307
nomix,20,700,10,0.00013969934661872685
nomix,20,700,11,0.0
nomix,20,800,0,0.009535441175103188
nomix,20,800,1,0.006274165119975805
nomix,20,800,2,0.0045648193918168545
nomix,20,800,3,0.004044886212795973
nomix,20,800,4,0.0032103394623845816
nomix,20,800,5,0.002413456793874502
nomix,20,800,6,0.001661551184952259
nomix,20,800,7,0.0015802901471033692
nomix,20,800,8,0.0007398754241876304
nomix,20,800,9,0.000309215480228886
nomix,20,800,10,0.0001500827493146062
nomix,20,800,11,0.0
nomix,20,900,0,0.009754053317010403
nomix,20,900,1,0.006346073001623154
nomix,20,900,2,0.004713299684226513
nomix,20,900,3,0.003978066146373749
nomix,20,900,4,0.003707971889525652
nomix,20,900,5,0.0023966641165316105
nomix,20,900,6,0.0016903012292459607
nomix,20,900,7,0.0016825530910864472
nomix,20,900,8,0.0006734540802426636
nomix,20,900,9,0.0003100052708759904
nomix,20,900,10,0.000151175117935054
nomix,20,900,11,0.0
nomix,20,1000,0,0.009854322299361229
nomix,20,1000,1,0.006850633304566145
nomix,20,1000,2,0.005002937745302916
nomix,20,1000,3,0.004433163441717625
nomix,20,1000,4,0.0032669201027601957
nomix,20,1000,5,0.002473365981131792
nomix,20,1000,6,0.0017227926291525364
nomix,20,1000,7,0.0016165835550054908
nomix,20,1000,8,0.0007563541294075549
nomix,20,1000,9,0.00029265921330079436
nomix,20,1000,10,0.0001407695235684514
nomix,20,1000,11,0.0
nomix,20,1100,0,0.009894309565424919
nomix,20,1100,1,0.00705817760899663
nomix,20,1100,2,0.004696255084127188
nomix,20,1100,3,0.00422375462949276
nomix,20,1100,4,0.0031136854086071253
nomix,20,1100,5,0.002533544786274433
nomix,20,1100,6,0.0017347169341519475
nomix,20,1100,7,0.0016898600151762366
nomix,20,1100,8,0.0007661616546101868
nomix,20,1100,9,0.00030218358733691275
nomix,20,1100,10,0.00015643698861822486
nomix,20,1100,11,0.0
nomix,20,1200,0,0.009111408144235611
nomix,20,1200,1,0.006266409996896982
nomix,20,1200,2,0.004314401652663946
nomix,20,1200,3,0.004151718225330114
nomix,20,1200,4,0.0030246565584093332
nomix,20,1200,5,0.0024845427833497524
nomix,20,1200,6,0.0015508491778746247
nomix,20,1200,7,0.001666072872467339
nomix,20,1200,8,0.0007821937906555831
nomix,20,1200,9,0.00031054962892085314
nomix,20,1200,10,0.0001495298492955044
nomix,20,1200,11,0.0
nomix,21,0,0,0.00927276536822319
nomix,21,0,1,0.006534258369356394
nomix,21,0,2,0.004290573764592409
nomix,21,0,3,0.003899779636412859
nomix,21,0,4,0.0029336432926356792
nomix,21,0,5,0.00248509319499135
nomix,21,0,6,0.0016739164711907506
nomix,21,0,7,0.0015755273634567857
nomix,21,0,8,0.0007037376053631306
nomix,21,0,9,0.00029207218904048204
nomix,21,0,10,0.00014428290887735784
nomix,21,0,11,0.0
nomix,21,100,0,0.009036507457494736
nomix,21,100,1,0.006444684695452452
nomix,21,100,2,0.004464013502001762
nomix,21,100,3,0.003858411917462945
nomix,21,100,4,0.0030586530920118093
nomix,21,100,5,0.0024952685926109552
nomix,21,100,6,0.0016480732010677457
nomix,21,100,7,0.0015406192978844047
nomix,21,100,8,0.0006762277334928513
nomix,21,100,9,0.0002859710075426847
nomix,21,100,10,0.00013347450294531882
nomix,21,100,11,0.0
nomix,21,200,0,0.00922213215380907
nomix,21,200,1,0.005692725535482168
nomix,21,200,2,0.0040220716036856174
nomix,21,200,3,0.003973270766437054
nomix,21,200,4,0.0030765191186219454
nomix,21,200,5,0.002543466631323099
nomix,21,200,6,0.001657700864598155
nomix,21,200,7,0.0016382733592763543
nomix,21,200,8,0.000735741457901895
nomix,21,200,9,0.00031114829471334815
nomix,21,200,10,0.00015549226372968405
nomix,21,200,11,0.0
nomix,21,300,0,0.009768150746822357
nomix,21,300,1,0.006137799471616745
nomix,21,300,2,0.004167184233665466
nomix,21,300,3,0.004111778922379017
nomix,21,300,4,0.0028636790812015533
nomix,21,300,5,0.0025324635207653046
nomix,21,300,6,0.001705046626739204
nomix,21,300,7,0.0016567446291446686
nomix,21,300,8,0.0007431009435094893
nomix,21,300,9,0.0003082773764617741
nomix,21,300,10,0.00015266714035533369
nomix,21,300,11,0.0
nomix,21,400,0,0.009153325110673904
nomix,21,400,1,0.006403189618140459
nomix,21,400,2,0.004463932476937771
nomix,21,400,3,0.004098901990801096
nomix,21,400,4,0.003093081759288907
nomix,21,400,5,0.0025698249228298664
nomix,21,400,6,0.0016353457467630506
nomix,21,400,7,0.0016894210129976273
nomix,21,400,8,0.000716080772690475
nomix,21,400,9,0.00029822418582625687
nomix,21,400,10,0.00015341815014835447
nomix,21,400,11,0.0
nomix,21,500,0,0.009200655855238438
nomix,21,500,1,0.006454260088503361
nomix,21,500,2,0.004575213883072138
nomix,21,500,3,0.003976364620029926
nomix,21,500,4,0.003118690801784396
nomix,21,500,5,0.0024720430374145508
nomix,21,500,6,0.0014952730853110552
nomix,21,500,7,0.0015846163732931018
nomix,21,500,8,0.000766473647672683
nomix,21,500,9,0.0003189483832102269
nomix,21,500,10,0.0001385902432957664
nomix,21,500,11,0.0
nomix,21,600,0,0.009955944493412971
nomix,21,600,1,0.006807084195315838
nomix,21,600,2,0.004689658991992474
nomix,21,600,3,0.004245779011398554
nomix,21,600,4,0.003073276486247778
nomix,21,600,5,0.002453689929097891
nomix,21,600,6,0.001630274229682982
nomix,21,600,7,0.0016879725735634565
nomix,21,600,8,0.0007565527339465916
nomix,21,600,9,0.0003032525419257581
nomix,21,600,10,0.0001560175878694281
nomix,21,600,11,0.0
nomix,21,700,0,0.008993986062705517
nomix,21,700,1,0.006358020007610321
nomix,21,700,2,0.004694415722042322
nomix,21,700,3,0.003965207375586033
nomix,21,700,4,0.002952111652120948
nomix,21,700,5,0.0024760609958320856
nomix,21,700,6,0.0015021990984678268
nomix,21,700,7,0.0014529966283589602
nomix,21,700,8,0.0007363590993918478
nomix,21,700,9,0.0002902213600464165
nomix,21,700,10,0.0001389751851093024
nomix,21,700,11,0.0
nomix,21,800,0,0.009203759022057056
nomix,21,800,1,0.006078542210161686
nomix,21,800,2,0.0043832240626215935
nomix,21,800,3,0.004190751817077398
nomix,21,800,4,0.0029995779041200876
nomix,21,800,5,0.0023744283244013786
nomix,21,800,6,0.001588099985383451
nomix,21,800,7,0.0016207799781113863
nomix,21,800,8,0.0007737417472526431
nomix,21,800,9,0.00029516464564949274
nomix,21,800,10,0.00014651643869001418
nomix,21,800,11,0.0
nomix,21,900,0,0.010073695331811905
nomix,21,900,1,0.007070501800626516
nomix,21,900,2,0.0045221224427223206
nomix,21,900,3,0.004244992975145578
nomix,21,900,4,0.0032909235451370478
nomix,21,900,5,0.002740683499723673
nomix,21,900,6,0.0016878057504072785
nomix,21,900,7,0.001581092830747366
nomix,21,900,8,0.0007377563160844147
nomix,21,900,9,0.00032814755104482174
nomix,21,900,10,0.00014996652316767722
nomix,21,900,11,0.0
nomix,21,1000,0,0.011069821193814278
nomix,21,1000,1,0.006714652758091688
nomix,21,1000,2,0.004724661819636822
nomix,21,1000,3,0.0041342200711369514
nomix,21,1000,4,0.0033253906294703484
nomix,21,1000,5,0.0027378422673791647
nomix,21,1000,6,0.0017364403465762734
nomix,21,1000,7,0.0016775020631030202
nomix,21,1000,8,0.0007656324305571616
nomix,21,1000,9,0.00031961555941961706
nomix,21,1000,10,0.00016102466906886548
nomix,21,1000,11,0.0
nomix,21,1100,0,0.01027321070432663
nomix,21,1100,1,0.007126213051378727
nomix,21,1100,2,0.004735224414616823
nomix,21,1100,3,0.0041383421048521996
nomix,21,1100,4,0.003203851170837879
nomix,21,1100,5,0.0026245717890560627
nomix,21,1100,6,0.0016398949082940817
nomix,21,1100,7,0.0015198092442005873
nomix,21,1100,8,0.0007345214253291488
nomix,21,1100,9,0.0003040221054106951
nomix,21,1100,10,0.00013476915773935616
nomix,21,1100,11,0.0
nomix,21,1200,0,0.00952848419547081
nomix,21,1200,1,0.0067846584133803844
nomix,21,1200,2,0.004361982923001051
nomix,21,1200,3,0.0042007723823189735
nomix,21,1200,4,0.0030555000994354486
nomix,21,1200,5,0.0023651078809052706
nomix,21,1200,6,0.0015153818530961871
nomix,21,1200,7,0.001545881968922913
nomix,21,1200,8,0.0007122625247575343
nomix,21,1200,9,0.0003040774608962238
nomix,21,1200,10,0.0001411216944688931
nomix,21,1200,11,0.0
nomix,22,0,0,0.009591970592737198
nomix,22,0,1,0.006543607916682959
nomix,22,0,2,0.00448668422177434
nomix,22,0,3,0.003832605667412281
nomix,22,0,4,0.0030204749200493097
nomix,22,0,5,0.0025007815565913916
nomix,22,0,6,0.0016358423745259643
nomix,22,0,7,0.001452673226594925
nomix,22,0,8,0.0007101105293259025
nomix,22,0,9,0.00027879796107299626
nomix,22,0,10,0.00013769608631264418
nomix,22,0,11,0.0
nomix,22,100,0,0.009690375067293644
nomix,22,100,1,0.006898184772580862
nomix,22,100,2,0.004524325020611286
nomix,22,100,3,0.004280236549675465
nomix,22,100,4,0.0032626476604491472
nomix,22,100,5,0.0025419844314455986
nomix,22,100,6,0.0015918678836897016
nomix,22,100,7,0.001430750940926373
nomix,22,100,8,0.000737892696633935
nomix,22,100,9,0.00031335631501860917
nomix,22,100,10,0.00014479899255093187
nomix,22,100,11,0.0
nomix,22,200,0,0.010624685324728489
nomix,22,200,1,0.007124277763068676
nomix,22,200,2,0.0046085575595498085
nomix,22,200,3,0.00417996384203434
nomix,22,200,4,0.003290916793048382
nomix,22,200,5,0.0026563736610114574
nomix,22,200,6,0.0016467712121084332
nomix,22,200,7,0.0015240975189954042
nomix,22,200,8,0.00071809341898188
nomix,22,200,9,0.0003302540862932801
nomix,22,200,10,0.00014719365572091192
nomix,22,200,11,0.0
nomix,22,300,0,0.009716074913740158
nomix,22,300,1,0.006571127101778984
nomix,22,300,2,0.004313020966947079
nomix,22,300,3,0.0035856396425515413
nomix,22,300,4,0.003131966106593609
nomix,22,300,5,0.0023383258376270533
nomix,22,300,6,0.001696571591310203
nomix,22,300,7,0.0016060404013842344
nomix,22,300,8,0.0007363635813817382
nomix,22,300,9,0.0002998266718350351
nomix,22,300,10,0.00014247262151911855
nomix,22,300,11,0.0
nomix,22,400,0,0.010258359834551811
nomix,22,400,1,0.007103321608155966
nomix,22,400,2,0.004740272648632526
nomix,22,400,3,0.0043275076895952225
nomix,22,400,4,0.0032334993593394756
nomix,22,400,5,0.0024188607931137085
nomix,22,400,6,0.0015934592811390758
nomix,22,400,7,0.0015236707404255867
nomix,22,400,8,0.0007476812461391091
nomix,22,400,9,0.00030259275808930397
nomix,22,400,10,0.00013777618005406111
nomix,22,400,11,0.0
nomix,22,500,0,0.01028002705425024
nomix,22,500,1,0.007240943610668182
nomix,22,500,2,0.004581348039209843
nomix,22,500,3,0.004108273424208164
nomix,22,500,4,0.0031376490369439125
nomix,22,500,5,0.0026123812422156334
nomix,22,500,6,0.0016922700451686978
nomix,22,500,7,0.0015404680743813515
nomix,22,500,8,0.0007228876929730177
nomix,22,500,9,0.00028881450998596847
nomix,22,500,10,0.0001382148766424507
nomix,22,500,11,0.0
nomix,22,600,0,0.009945710189640522
nomix,22,600,1,0.0066977390088140965
nomix,22,600,2,0.004272639285773039
nomix,22,600,3,0.003864777274429798
nomix,22,600,4,0.0028501006308943033
nomix,22,600,5,0.0024618615861982107
nomix,22,600,6,0.0015264280373230577
nomix,22,600,7,0.0016374229453504086
nomix,22,600,8,0.0006856694235466421
nomix,22,600,9,0.0003037775750271976
nomix,22,600,10,0.00014355222810991108
nomix,22,600,11,0.0
nomix,22,700,0,0.01054662000387907
nomix,22,700,1,0.00692317308858037
nomix,22,700,2,0.004474390298128128
nomix,22,700,3,0.0040813712403178215
nomix,22,700,4,0.003265103790909052
nomix,22,700,5,0.002598235383629799
nomix,22,700,6,0.0016831691609695554
nomix,22,700,7,0.0015477134147658944
nomix,22,700,8,0.0007177669904194772
nomix,22,700,9,0.0003034908731933683
nomix,22,700,10,0.0001393541315337643
nomix,22,700,11,0.0
nomix,22,800,0,0.009941506199538708
nomix,22,800,1,0.006639775820076466
nomix,22,800,2,0.004603445064276457
nomix,22,800,3,0.004148228093981743
nomix,22,800,4,0.0032661447767168283
nomix,22,800,5,0.002389759523794055
nomix,22,800,6,0.001708625815808773
nomix,22,800,7,0.0016119122738018632
nomix,22,800,8,0.0007273529772646725
nomix,22,800,9,0.0003272889007348567
nomix,22,800,10,0.00015519489534199238
nomix,22,800,11,0.0
nomix,22,900,0,0.010090140625834465
nomix,22,900,1,0.007494565565139055
nomix,22,900,2,0.004737251903861761
nomix,22,900,3,0.003924162592738867
nomix,22,900,4,0.00307290768250823
nomix,22,900,5,0.0024880687706172466
nomix,22,900,6,0.0016897213645279408
nomix,22,900,7,0.001496370299719274
nomix,22,900,8,0.0006973625859245658
nomix,22,900,9,0.0003126166993752122
nomix,22,900,10,0.00014841747179161757
nomix,22,900,11,0.0
nomix,22,1000,0,0.010420744307339191
nomix,22,1000,1,0.006929917261004448
nomix,22,1000,2,0.004653673619031906
nomix,22,1000,3,0.004147098399698734
nomix,22,1000,4,0.003023941069841385
nomix,22,1000,5,0.00263771740719676
nomix,22,1000,6,0.0016499602934345603
nomix,22,1000,7,0.0015613893046975136
nomix,22,1000,8,0.0007570575107820332
nomix,22,1000,9,0.0002912586205638945
nomix,22,1000,10,0.0001505059190094471
nomix,22,1000,11,0.0
nomix,22,1100,0,0.010524235665798187
nomix,22,1100,1,0.006830895785242319
nomix,22,1100,2,0.004828396253287792
nomix,22,1100,3,0.004173103719949722
nomix,22,1100,4,0.003188827307894826
nomix,22,1100,5,0.002735021524131298
nomix,22,1100,6,0.001729002338834107
nomix,22,1100,7,0.0014534939546138048
nomix,22,1100,8,0.0007092454470694065
nomix,22,1100,9,0.0003012029337696731
nomix,22,1100,10,0.00013811708777211607
nomix,22,1100,11,0.0
nomix,22,1200,0,0.011333695612847805
nomix,22,1200,1,0.0072732469998300076
nomix,22,1200,2,0.004829736892133951
nomix,22,1200,3,0.004447484854608774
nomix,22,1200,4,0.0031209387816488743
nomix,22,1200,5,0.002603313885629177
nomix,22,1200,6,0.0017493042396381497
nomix,22,1200,7,0.0017248642398044467
nomix,22,1200,8,0.000862572924233973
nomix,22,1200,9,0.00030116390553303063
nomix,22,1200,10,0.00014167021436151117
nomix,22,1200,11,0.0
nomix,23,0,0,0.010508363135159016
nomix,23,0,1,0.006817312445491552
nomix,23,0,2,0.004623296204954386
nomix,23,0,3,0.004064393229782581
nomix,23,0,4,0.003012953558936715
nomix,23,0,5,0.002491479739546776
nomix,23,0,6,0.0016394659178331494
nomix,23,0,7,0.0014637390850111842
nomix,23,0,8,0.0007286828476935625
nomix,23,0,9,0.000312161777401343
nomix,23,0,10,0.00016060851339716464
nomix,23,0,11,0.0
nomix,23,100,0,0.010936527512967587
nomix,23,100,1,0.006747698877006769
nomix,23,100,2,0.004586411640048027
nomix,23,100,3,0.003957309760153294
nomix,23,100,4,0.0030457284301519394
nomix,23,100,5,0.002199646085500717
nomix,23,100,6,0.001498500001616776
nomix,23,100,7,0.0013695076340809464
nomix,23,100,8,0.0007319889846257865
nomix,23,100,9,0.0002978699922095984
nomix,23,100,10,0.0001505071559222415
nomix,23,100,11,0.0
nomix,23,200,0,0.011451943777501583
nomix,23,200,1,0.007119844667613506
nomix,23,200,2,0.004739989526569843
nomix,23,200,3,0.004129362292587757
nomix,23,200,4,0.0031608499120920897
nomix,23,200,5,0.002434992464259267
nomix,23,200,6,0.00159894535318017
nomix,23,200,7,0.001547078718431294
nomix,23,200,8,0.0006855570245534182
nomix,23,200,9,0.00027779999072663486
nomix,23,200,10,0.0001408794050803408
nomix,23,200,11,0.0
nomix,23,300,0,0.01108404528349638
nomix,23,300,1,0.007182363886386156
nomix,23,300,2,0.004870271775871515
nomix,23,300,3,0.00402343925088644
nomix,23,300,4,0.0032510128803551197
nomix,23,300,5,0.0024472021032124758
nomix,23,300,6,0.0017167436890304089
nomix,23,300,7,0.0015510163502767682
nomix,23,300,8,0.000722089025657624
nomix,23,300,9,0.00030497516854666173
nomix,23,300,10,0.00015328491281252354
nomix,23,300,11,0.0
nomix,23,400,0,0.011220395565032959
nomix,23,400,1,0.007073710672557354
nomix,23,400,2,0.004754663445055485
nomix,23,400,3,0.0037900146562606096
nomix,23,400,4,0.0032718428410589695
nomix,23,400,5,0.0026764210779219866
nomix,23,400,6,0.0017800556961447
nomix,23,400,7,0.0016374302795156837
nomix,23,400,8,0.0007542410166934133
nomix,23,400,9,0.0003213993622921407
nomix,23,400,10,0.00014626947813667357
nomix,23,400,11,0.0
nomix,23,500,0,0.011297319084405899
nomix,23,500,1,0.00717881228774786
nomix,23,500,2,0.004777892027050257
nomix,23,500,3,0.0037274642381817102
nomix,23,500,4,0.003008979605510831
nomix,23,500,5,0.002470883773639798
nomix,23,500,6,0.0015727088321000338
nomix,23,500,7,0.001553786569274962
nomix,23,500,8,0.0007290010689757764
nomix,23,500,9,0.000286708353087306
nomix,23,500,10,0.00013426915393210948
nomix,23,500,11,0.0
nomix,23,600,0,0.01102033257484436
nomix,23,600,1,0.007452377583831549
nomix,23,600,2,0.0052743935957551
nomix,23,600,3,0.004054463934153318
nomix,23,600,4,0.003078293753787875
nomix,23,600,5,0.002427601022645831
nomix,23,600,6,0.0015525734052062035
nomix,23,600,7,0.001657714368775487
nomix,23,600,8,0.0007253281073644757
nomix,23,600,9,0.0002948542241938412
nomix,23,600,10,0.00014504043792840093
nomix,23,600,11,0.0
nomix,23,700,0,0.011553791351616383
nomix,23,700,1,0.007038728799670935
nomix,23,700,2,0.004878665320575237
nomix,23,700,3,0.004373069852590561
nomix,23,700,4,0.003196458565071225
nomix,23,700,5,0.0026233596727252007
nomix,23,700,6,0.0017072365153580904
nomix,23,700,7,0.001551746274344623
nomix,23,700,8,0.0007572206086479127
nomix,23,700,9,0.000291053467663005
nomix,23,700,10,0.0001394805876770988
nomix,23,700,11,0.0
nomix,23,800,0,0.012178762815892696
nomix,23,800,1,0.006947644520550966
nomix,23,800,2,0.004640861880034208
nomix,23,800,3,0.004271358717232943
nomix,23,800,4,0.0030718273483216763
nomix,23,800,5,0.0025103457737714052
nomix,23,800,6,0.0016489042900502682
nomix,23,800,7,0.001647625002078712
nomix,23,800,8,0.0007268048939295113
nomix,23,800,9,0.00030857339152134955
nomix,23,800,10,0.00015396105300169438
nomix,23,800,11,0.0
nomix,23,900,0,0.011301137506961823
nomix,23,900,1,0.007237845566123724
nomix,23,900,2,0.005005024839192629
nomix,23,900,3,0.004288903437554836
nomix,23,900,4,0.003294015070423484
nomix,23,900,5,0.002601110376417637
nomix,23,900,6,0.0018320130184292793
nomix,23,900,7,0.0017237388528883457
nomix,23,900,8,0.0007591299945488572
nomix,23,900,9,0.0003175826568622142
nomix,23,900,10,0.00015118216106202453
nomix,23,900,11,0.0
nomix,23,1000,0,0.012105202302336693
nomix,23,1000,1,0.007136424072086811
nomix,23,1000,2,0.004861560184508562
nomix,23,1000,3,0.004266000352799892
nomix,23,1000,4,0.0031864142511039972
nomix,23,1000,5,0.0026934929192066193
nomix,23,1000,6,0.0017087663291022182
nomix,23,1000,7,0.0016045672819018364
nomix,23,1000,8,0.0007559825899079442
nomix,23,1000,9,0.00030567345675081015
nomix,23,1000,10,0.00014897498476784676
nomix,23,1000,11,0.0
nomix,23,1100,0,0.011277209036052227
nomix,23,1100,1,0.007174213416874409
nomix,23,1100,2,0.005038561299443245
nomix,23,1100,3,0.004208383150398731
nomix,23,1100,4,0.0031728530302643776
nomix,23,1100,5,0.00256212055683136
nomix,23,1100,6,0.001668664743192494
nomix,23,1100,7,0.001487256377004087
nomix,23,1100,8,0.0007890852866694331
nomix,23,1100,9,0.0003168156836181879
nomix,23,1100,10,0.0001521958620287478
nomix,23,1100,11,0.0
nomix,23,1200,0,0.01151524018496275
nomix,23,1200,1,0.007066698279231787
nomix,23,1200,2,0.004783533979207277
nomix,23,1200,3,0.004160631913691759
nomix,23,1200,4,0.0030256123282015324
nomix,23,1200,5,0.002598033519461751
nomix,23,1200,6,0.001566151506267488
nomix,23,1200,7,0.001444093300960958
nomix,23,1200,8,0.0007557491189800203
nomix,23,1200,9,0.00030754489125683904
nomix,23,1200,10,0.0001506367843830958
nomix,23,1200,11,0.0
nomix,24,0,0,0.011570875532925129
nomix,24,0,1,0.007412819191813469
nomix,24,0,2,0.005030030384659767
nomix,24,0,3,0.0038991111796349287
nomix,24,0,4,0.0031448123045265675
nomix,24,0,5,0.002697675721719861
nomix,24,0,6,0.001743702800013125
nomix,24,0,7,0.0014925070572644472
nomix,24,0,8,0.0007245164597406983
nomix,24,0,9,0.0003018537536263466
nomix,24,0,10,0.00015448556223418564
nomix,24,0,11,0.0
nomix,24,100,0,0.011100814677774906
nomix,24,100,1,0.006616970989853144
nomix,24,100,2,0.004268849268555641
nomix,24,100,3,0.003933475352823734
nomix,24,100,4,0.003145551076158881
nomix,24,100,5,0.0022534604649990797
nomix,24,100,6,0.0014833633322268724
nomix,24,100,7,0.0012702043168246746
nomix,24,100,8,0.0006310392054729164
nomix,24,100,9,0.0002741895732469857
nomix,24,100,10,0.0001326692581642419
nomix,24,100,11,0.0
nomix,24,200,0,0.012908633798360825
nomix,24,200,1,0.007803891785442829
nomix,24,200,2,0.005392644554376602
nomix,24,200,3,0.004387988708913326
nomix,24,200,4,0.0030415679793804884
nomix,24,200,5,0.002427307888865471
nomix,24,200,6,0.0017764949006959796
nomix,24,200,7,0.0016481889178976417
nomix,24,200,8,0.0008026828290894628
nomix,24,200,9,0.0003040124720428139
nomix,24,200,10,0.00014325330266728997
nomix,24,200,11,0.0
nomix,24,300,0,0.01191064901649952
nomix,24,300,1,0.007925199344754219
nomix,24,300,2,0.005401385948061943
nomix,24,300,3,0.004388495348393917
nomix,24,300,4,0.003474513068795204
nomix,24,300,5,0.002608401933684945
nomix,24,300,6,0.0017029261216521263
nomix,24,300,7,0.001656350097618997
nomix,24,300,8,0.0007604832062497735
nomix,24,300,9,0.00029749886016361415
nomix,24,300,10,0.00015418433758895844
nomix,24,300,11,0.0
nomix,24,400,0,0.011266496032476425
nomix,24,400,1,0.007125476375222206
nomix,24,400,2,0.004949337802827358
nomix,24,400,3,0.0041159940883517265
nomix,24,400,4,0.002899107290431857
nomix,24,400,5,0.0025418030563741922
nomix,24,400,6,0.001643508323468268
nomix,24,400,7,0.00133914640173316
nomix,24,400,8,0.0007513791788369417
nomix,24,400,9,0.0003145357477478683
nomix,24,400,10,0.0001383374910801649
nomix,24,400,11,0.0
nomix,24,500,0,0.012485641054809093
nomix,24,500,1,0.0075331819243729115
nomix,24,500,2,0.004896949976682663
nomix,24,500,3,0.004016650374978781
nomix,24,500,4,0.003250477369874716
nomix,24,500,5,0.0025509395636618137
nomix,24,500,6,0.0016460713231936097
nomix,24,500,7,0.0014423795510083437
nomix,24,500,8,0.000770295737311244
nomix,24,500,9,0.0003209222631994635
nomix,24,500,10,0.00013921553909312934
nomix,24,500,11,0.0
nomix,24,600,0,0.011433917097747326
nomix,24,600,1,0.0069621289148926735
nomix,24,600,2,0.004855312407016754
nomix,24,600,3,0.003959804307669401
nomix,24,600,4,0.0030698971822857857
nomix,24,600,5,0.0023135968949645758
nomix,24,600,6,0.001643007853999734
nomix,24,600,7,0.0013918632175773382
nomix,24,600,8,0.0007236389210447669
nomix,24,600,9,0.00029142803396098316
nomix,24,600,10,0.00014373852172866464
nomix,24,600,11,0.0
nomix,24,700,0,0.011664634570479393
nomix,24,700,1,0.007267040200531483
nomix,24,700,2,0.004996630363166332
nomix,24,700,3,0.004118121694773436
nomix,24,700,4,0.003214330179616809
nomix,24,700,5,0.002665476640686393
nomix,24,700,6,0.0015506729250773787
nomix,24,700,7,0.0014292827108874917
nomix,24,700,8,0.0007090183207765222
nomix,24,700,9,0.00031574812601320446
nomix,24,700,10,0.000144471661769785
nomix,24,700,11,0.0
nomix,24,800,0,0.012322653084993362
nomix,24,800,1,0.007253061980009079
nomix,24,800,2,0.005124635063111782
nomix,24,800,3,0.004063904285430908
nomix,24,800,4,0.0032890785951167345
nomix,24,800,5,0.002508975565433502
nomix,24,800,6,0.0017825944814831018
nomix,24,800,7,0.001638202928006649
nomix,24,800,8,0.0008095595985651016
nomix,24,800,9,0.0003259294608142227
nomix,24,800,10,0.0001512153394287452
nomix,24,800,11,0.0
nomix,24,900,0,0.01289107371121645
nomix,24,900,1,0.007821600884199142
nomix,24,900,2,0.004925508052110672
nomix,24,900,3,0.004295823629945517
nomix,24,900,4,0.003240142483264208
nomix,24,900,5,0.002575634978711605
nomix,24,900,6,0.0016752855153754354
nomix,24,900,7,0.0015521141467615962
nomix,24,900,8,0.0007598671945743263
nomix,24,900,9,0.00027353892801329494
nomix,24,900,10,0.0001395673316437751
nomix,24,900,11,0.0
nomix,24,1000,0,0.01313771028071642
nomix,24,1000,1,0.007651583291590214
nomix,24,1000,2,0.005044319201260805
nomix,24,1000,3,0.00406948896124959
nomix,24,1000,4,0.0030911455396562815
nomix,24,1000,5,0.0024865511804819107
nomix,24,1000,6,0.0015748156001791358
nomix,24,1000,7,0.00155294977594167
nomix,24,1000,8,0.0007825284264981747
nomix,24,1000,9,0.00029969369643367827
nomix,24,1000,10,0.00014790573914069682
nomix,24,1000,11,0.0
nomix,24,1100,0,0.012514939531683922
nomix,24,1100,1,0.007094763685017824
nomix,24,1100,2,0.004969452042132616
nomix,24,1100,3,0.004062703810632229
nomix,24,1100,4,0.0034550598356872797
nomix,24,1100,5,0.0023748998064547777
nomix,24,1100,6,0.0016615507192909718
nomix,24,1100,7,0.0015136072179302573
nomix,24,1100,8,0.000717915769200772
nomix,24,1100,9,0.00031075169681571424
nomix,24,1100,10,0.0001521302037872374
nomix,24,1100,11,0.0
nomix,24,1200,0,0.013073936104774475
nomix,24,1200,1,0.008000079542398453
nomix,24,1200,2,0.0048249270766973495
nomix,24,1200,3,0.004053371958434582
nomix,24,1200,4,0.0032899845391511917
nomix,24,1200,5,0.002328634960576892
nomix,24,1200,6,0.0015535691054537892
nomix,24,1200,7,0.001560704316943884
nomix,24,1200,8,0.0007140475790947676
nomix,24,1200,9,0.00028601009398698807
nomix,24,1200,10,0.000140438845846802
nomix,24,1200,11,0.0
nomix,25,0,0,0.011782420799136162
nomix,25,0,1,0.0068249874748289585
nomix,25,0,2,0.0045316871255636215
nomix,25,0,3,0.003652879735454917
nomix,25,0,4,0.002793915569782257
nomix,25,0,5,0.0023166132159531116
nomix,25,0,6,0.001446106587536633
nomix,25,0,7,0.0013676013331860304
nomix,25,0,8,0.0006868310156278312
nomix,25,0,9,0.0002975741808768362
nomix,25,0,10,0.00013200404646340758
nomix,25,0,11,0.0
nomix,25,100,0,0.012774092145264149
nomix,25,100,1,0.007213080767542124
nomix,25,100,2,0.00516584562137723
nomix,25,100,3,0.004020182881504297
nomix,25,100,4,0.0034757875837385654
nomix,25,100,5,0.002414659596979618
nomix,25,100,6,0.0016821565805003047
nomix,25,100,7,0.0015760231763124466
nomix,25,100,8,0.0007845571381039917
nomix,25,100,9,0.00032250312506221235
nomix,25,100,10,0.00015313681797124445
nomix,25,100,11,0.0
nomix,25,200,0,0.012920871376991272
nomix,25,200,1,0.00738094886764884
nomix,25,200,2,0.005057120230048895
nomix,25,200,3,0.00399361876770854
nomix,25,200,4,0.0030068536289036274
nomix,25,200,5,0.0023662724997848272
nomix,25,200,6,0.0016380661400035024
nomix,25,200,7,0.0015355009818449616
nomix,25,200,8,0.0007982795941643417
nomix,25,200,9,0.00030564467306248844
nomix,25,200,10,0.00014389755961019546
nomix,25,200,11,0.0
nomix,25,300,0,0.013110920786857605
nomix,25,300,1,0.007361540570855141
nomix,25,300,2,0.004972858354449272
nomix,25,300,3,0.004034023266285658
nomix,25,300,4,0.003151505021378398
nomix,25,300,5,0.0022564884275197983
nomix,25,300,6,0.0016299763228744268
nomix,25,300,7,0.0015377999516204
nomix,25,300,8,0.0007448220858350396
nomix,25,300,9,0.00032014184398576617
nomix,25,300,10,0.00015417275426443666
nomix,25,300,11,0.0
nomix,25,400,0,0.013043710961937904
nomix,25,400,1,0.008044429123401642
nomix,25,400,2,0.004805434495210648
nomix,25,400,3,0.004072575364261866
nomix,25,400,4,0.0034926605876535177
nomix,25,400,5,0.0025172254536300898
nomix,25,400,6,0.001636480912566185
nomix,25,400,7,0.0015667997067794204
nomix,25,400,8,0.0007956602494232357
nomix,25,400,9,0.0003068997757509351
nomix,25,400,10,0.00014777426258660853
nomix,25,400,11,0.0
nomix,25,500,0,0.01197991706430912
nomix,25,500,1,0.007599011063575745
nomix,25,500,2,0.005242977757006884
nomix,25,500,3,0.0040779090486466885
nomix,25,500,4,0.003189877839758992
nomix,25,500,5,0.002413809532299638
nomix,25,500,6,0.0016531407600268722
nomix,25,500,7,0.0015615401789546013
nomix,25,500,8,0.000779980153311044
nomix,25,500,9,0.00032976301736198366
nomix,25,500,10,0.00015303886902984232
nomix,25,500,11,0.0
nomix,25,600,0,0.012669873423874378
nomix,25,600,1,0.006844419054687023
nomix,25,600,2,0.004844582173973322
nomix,25,600,3,0.004038054496049881
nomix,25,600,4,0.0032023333478718996
nomix,25,600,5,0.002505641896277666
nomix,25,600,6,0.0017362398793920875
nomix,25,600,7,0.0014516229275614023
nomix,25,600,8,0.0007378659211099148
nomix,25,600,9,0.00031559570925310254
nomix,25,600,10,0.00014868192374706268
nomix,25,600,11,0.0
nomix,25,700,0,0.013621258549392223
nomix,25,700,1,0.007568708620965481
nomix,25,700,2,0.004999237135052681
nomix,25,700,3,0.004429739434272051
nomix,25,700,4,0.003088743891566992
nomix,25,700,5,0.0023757449816912413
nomix,25,700,6,0.0016694298246875405
nomix,25,700,7,0.001454122713766992
nomix,25,700,8,0.0007068911800161004
nomix,25,700,9,0.00029845137032680213
nomix,25,700,10,0.00014199108409229666
nomix,25,700,11,0.0
nomix,25,800,0,0.012878362089395523
nomix,25,800,1,0.008200653828680515
nomix,25,800,2,0.004796753171831369
nomix,25,800,3,0.004062791354954243
nomix,25,800,4,0.0031031696125864983
nomix,25,800,5,0.0024654462467879057
nomix,25,800,6,0.0016238195821642876
nomix,25,800,7,0.001498623751103878
nomix,25,800,8,0.0007705682655796409
nomix,25,800,9,0.0003083237970713526
nomix,25,800,10,0.00014374083548318595
nomix,25,800,11,0.0
nomix,25,900,0,0.013501066714525223
nomix,25,900,1,0.007408523000776768
nomix,25,900,2,0.005012585315853357
nomix,25,900,3,0.0040294937789440155
nomix,25,900,4,0.003013246227055788
nomix,25,900,5,0.00232745916582644
nomix,25,900,6,0.0016970658907666802
nomix,25,900,7,0.0014401341322809458
nomix,25,900,8,0.0007157882791943848
nomix,25,900,9,0.00029536307556554675
nomix,25,900,10,0.0001401382323820144
nomix,25,900,11,0.0
nomix,25,1000,0,0.013662146404385567
nomix,25,1000,1,0.008530736900866032
nomix,25,1000,2,0.004786932375282049
nomix,25,1000,3,0.004004817456007004
nomix,25,1000,4,0.0033854900393635035
nomix,25,1000,5,0.002492733998224139
nomix,25,1000,6,0.0016561378724873066
nomix,25,1000,7,0.0015373083297163248
nomix,25,1000,8,0.000792255683336407
nomix,25,1000,9,0.0003059281734749675
nomix,25,1000,10,0.000156285212142393
nomix,25,1000,11,0.0
nomix,25,1100,0,0.014664820395410061
nomix,25,1100,1,0.008725358173251152
nomix,25,1100,2,0.005002352874726057
nomix,25,1100,3,0.0041117919608950615
nomix,25,1100,4,0.003088496858254075
nomix,25,1100,5,0.002475464018061757
nomix,25,1100,6,0.0016410532407462597
nomix,25,1100,7,0.001646419521421194
nomix,25,1100,8,0.0007951898733153939
nomix,25,1100,9,0.0003093344275839627
nomix,25,1100,10,0.00015208650438580662
nomix,25,1100,11,0.0
nomix,25,1200,0,0.013665449805557728
nomix,25,1200,1,0.007804941851645708
nomix,25,1200,2,0.004828453529626131
nomix,25,1200,3,0.0038998981472104788
nomix,25,1200,4,0.003042154014110565
nomix,25,1200,5,0.0024559840094298124
nomix,25,1200,6,0.0017317587044090033
nomix,25,1200,7,0.0015371671179309487
nomix,25,1200,8,0.0007550600566901267
nomix,25,1200,9,0.00029286157223396003
nomix,25,1200,10,0.00014503725105896592
nomix,25,1200,11,0.0
nomix,26,0,0,0.012963209301233292
nomix,26,0,1,0.007763429544866085
nomix,26,0,2,0.004775443580001593
nomix,26,0,3,0.0038303013425320387
nomix,26,0,4,0.0030850679613649845
nomix,26,0,5,0.0024246922694146633
nomix,26,0,6,0.0017003618413582444
nomix,26,0,7,0.0015657399781048298
nomix,26,0,8,0.0007933234446682036
nomix,26,0,9,0.0003074646519962698
nomix,26,0,10,0.00015518334112130105
nomix,26,0,11,0.0
nomix,26,100,0,0.013163321651518345
nomix,26,100,1,0.0069312965497374535
nomix,26,100,2,0.004843464586883783
nomix,26,100,3,0.0038642140571027994
nomix,26,100,4,0.0031807543709874153
nomix,26,100,5,0.0023776462767273188
nomix,26,100,6,0.0017097021918743849
nomix,26,100,7,0.0015941160963848233
nomix,26,100,8,0.000735392386559397
nomix,26,100,9,0.0003143940994050354
nomix,26,100,10,0.0001551988098071888
nomix,26,100,11,0.0
nomix,26,200,0,0.014681324362754822
nomix,26,200,1,0.0076124537736177444
nomix,26,200,2,0.005107153672724962
nomix,26,200,3,0.0040907119400799274
nomix,26,200,4,0.002919432707130909
nomix,26,200,5,0.002516170497983694
nomix,26,200,6,0.0015997813316062093
nomix,26,200,7,0.0014109450858086348
nomix,26,200,8,0.0007195511716417968
nomix,26,200,9,0.00028831875533796847
nomix,26,200,10,0.00015205574163701385
nomix,26,200,11,0.0
nomix,26,300,0,0.014751975424587727
nomix,26,300,1,0.008120788261294365
nomix,26,300,2,0.005525246262550354
nomix,26,300,3,0.004420465789735317
nomix,26,300,4,0.0033841184340417385
nomix,26,300,5,0.0026910167653113604
nomix,26,300,6,0.0017101428238674998
nomix,26,300,7,0.0014750550035387278
nomix,26,300,8,0.0008156334515661001
nomix,26,300,9,0.00034348139888606966
nomix,26,300,10,0.00016270075866486877
nomix,26,300,11,0.0
nomix,26,400,0,0.014483935199677944
nomix,26,400,1,0.00816720724105835
nomix,26,400,2,0.005170082673430443
nomix,26,400,3,0.004094281233847141
nomix,26,400,4,0.0033501205034554005
nomix,26,400,5,0.002490339567884803
nomix,26,400,6,0.0017842305824160576
nomix,26,400,7,0.0015859325649216771
nomix,26,400,8,0.0007785143097862601
nomix,26,400,9,0.00032219933927990496
nomix,26,400,10,0.00014292911509983242
nomix,26,400,11,0.0
nomix,26,500,0,0.014758821576833725
nomix,26,500,1,0.008283204399049282
nomix,26,500,2,0.00532944593578577
nomix,26,500,3,0.003989492077380419
nomix,26,500,4,0.003141277004033327
nomix,26,500,5,0.0025258816312998533
nomix,26,500,6,0.0016615749336779118
nomix,26,500,7,0.0013816728023812175
nomix,26,500,8,0.0007210337789729238
nomix,26,500,9,0.00028647316503338516
nomix,26,500,10,0.00014730608381796628
nomix,26,500,11,0.0
nomix,26,600,0,0.014378267340362072
nomix,26,600,1,0.007067354861646891
nomix,26,600,2,0.005092963110655546
nomix,26,600,3,0.0040282211266458035
nomix,26,600,4,0.0030826134607195854
nomix,26,600,5,0.0023453233297914267
nomix,26,600,6,0.0016078001353889704
nomix,26,600,7,0.0015220962231978774
nomix,26,600,8,0.0007518517668358982
nomix,26,600,9,0.00030131233506835997
nomix,26,600,10,0.0001442625798517838
nomix,26,600,11,0.0
nomix,26,700,0,0.012845424935221672
nomix,26,700,1,0.007341547403484583
nomix,26,700,2,0.0048552644439041615
nomix,26,700,3,0.0037510425318032503
nomix,26,700,4,0.0033811877947300673
nomix,26,700,5,0.0024138411972671747
nomix,26,700,6,0.0016440261388197541
nomix,26,700,7,0.0015166779048740864
nomix,26,700,8,0.0007602947880513966
nomix,26,700,9,0.000293457560474053
nomix,26,700,10,0.0001605461584404111
nomix,26,700,11,0.0
nomix,26,800,0,0.015210946090519428
nomix,26,800,1,0.008044018410146236
nomix,26,800,2,0.004861824214458466
nomix,26,800,3,0.003918987698853016
nomix,26,800,4,0.002949027344584465
nomix,26,800,5,0.0024795643985271454
nomix,26,800,6,0.0016879718750715256
nomix,26,800,7,0.0015817516250535846
nomix,26,800,8,0.0007701801951043308
nomix,26,800,9,0.00029818195616826415
nomix,26,800,10,0.0001483423839090392
nomix,26,800,11,0.0
nomix,26,900,0,0.014933149330317974
nomix,26,900,1,0.008275768719613552
nomix,26,900,2,0.005488502327352762
nomix,26,900,3,0.004318620543926954
nomix,26,900,4,0.00316601456142962
nomix,26,900,5,0.0024792568292468786
nomix,26,900,6,0.0016943690134212375
nomix,26,900,7,0.0015977713046595454
nomix,26,900,8,0.0007866169326007366
nomix,26,900,9,0.0003178218612447381
nomix,26,900,10,0.0001535949995741248
nomix,26,900,11,0.0
nomix,26,1000,0,0.015720153227448463
nomix,26,1000,1,0.008048987947404385
nomix,26,1000,2,0.005213480442762375
nomix,26,1000,3,0.004208289086818695
nomix,26,1000,4,0.0032218589913100004
nomix,26,1000,5,0.0023179780691862106
nomix,26,1000,6,0.0017146837199106812
nomix,26,1000,7,0.0014780368655920029
nomix,26,1000,8,0.0007189898169599473
nomix,26,1000,9,0.00030104414327070117
nomix,26,1000,10,0.00013436934386845678
nomix,26,1000,11,0.0
nomix,26,1100,0,0.015260056592524052
nomix,26,1100,1,0.007350744679570198
nomix,26,1100,2,0.005065620876848698
nomix,26,1100,3,0.004010012373328209
nomix,26,1100,4,0.0029530171304941177
nomix,26,1100,5,0.0022839957382529974
nomix,26,1100,6,0.0015910762595012784
nomix,26,1100,7,0.0015051556983962655
nomix,26,1100,8,0.0007059712079353631
nomix,26,1100,9,0.0002889408206101507
nomix,26,1100,10,0.00014954840298742056
nomix,26,1100,11,0.0
nomix,26,1200,0,0.014631594531238079
nomix,26,1200,1,0.008105769753456116
nomix,26,1200,2,0.0053041898645460606
nomix,26,1200,3,0.004250149708241224
nomix,26,1200,4,0.0030441260896623135
nomix,26,1200,5,0.0027350399177521467
nomix,26,1200,6,0.001608199323527515
nomix,26,1200,7,0.0015463614836335182
nomix,26,1200,8,0.0007734349928796291
nomix,26,1200,9,0.00029976735822856426
nomix,26,1200,10,0.00014972117787692696
nomix,26,1200,11,0.0
nomix,27,0,0,0.015246649272739887
nomix,27,0,1,0.007856971584260464
nomix,27,0,2,0.005061120260506868
nomix,27,0,3,0.003960475791245699
nomix,27,0,4,0.003163359360769391
nomix,27,0,5,0.0025378603022545576
nomix,27,0,6,0.0015674819005653262
nomix,27,0,7,0.0015900939470157027
nomix,27,0,8,0.0007656887755729258
nomix,27,0,9,0.0002872509940061718
nomix,27,0,10,0.00015285800327546895
nomix,27,0,11,0.0
nomix,27,100,0,0.015877699479460716
nomix,27,100,1,0.008289501070976257
nomix,27,100,2,0.004940001759678125
nomix,27,100,3,0.004153249319642782
nomix,27,100,4,0.003324354998767376
nomix,27,100,5,0.0025105259846895933
nomix,27,100,6,0.0017534960061311722
nomix,27,100,7,0.0016601316165179014
nomix,27,100,8,0.0007962195668369532
nomix,27,100,9,0.00029674198594875634
nomix,27,100,10,0.00015482584421988577
nomix,27,100,11,0.0
nomix,27,200,0,0.015290869399905205
nomix,27,200,1,0.007560976315289736
nomix,27,200,2,0.005178617313504219
nomix,27,200,3,0.00412248820066452
nomix,27,200,4,0.0030467913020402193
nomix,27,200,5,0.0023146960884332657
nomix,27,200,6,0.0016157780773937702
nomix,27,200,7,0.0015537994913756847
nomix,27,200,8,0.0007745874463580549
nomix,27,200,9,0.0003044652985408902
nomix,27,200,10,0.0001589999592397362
nomix,27,200,11,0.0
nomix,27,300,0,0.01588049903512001
nomix,27,300,1,0.00865669921040535
nomix,27,300,2,0.0054073696956038475
nomix,27,300,3,0.004173422232270241
nomix,27,300,4,0.003449447685852647
nomix,27,300,5,0.002420856850221753
nomix,27,300,6,0.001716568018309772
nomix,27,300,7,0.00154043547809124
nomix,27,300,8,0.0008230363600887358
nomix,27,300,9,0.00029983746935613453
nomix,27,300,10,0.00015593477291986346
nomix,27,300,11,0.0
nomix,27,400,0,0.014671433717012405
nomix,27,400,1,0.008764958940446377
nomix,27,400,2,0.005260866601020098
nomix,27,400,3,0.004112305585294962
nomix,27,400,4,0.003027780447155237
nomix,27,400,5,0.0024150267709046602
nomix,27,400,6,0.0016912800492718816
nomix,27,400,7,0.001656829030252993
nomix,27,400,8,0.0007353674154728651
nomix,27,400,9,0.00030648557003587484
nomix,27,400,10,0.0001571768952999264
nomix,27,400,11,0.0
nomix,27,500,0,0.015618148259818554
nomix,27,500,1,0.007999652065336704
nomix,27,500,2,0.005052504129707813
nomix,27,500,3,0.0038358664605766535
nomix,27,500,4,0.0028609854634851217
nomix,27,500,5,0.0023582703433930874
nomix,27,500,6,0.0015624500811100006
nomix,27,500,7,0.0014174120733514428
nomix,27,500,8,0.0007573916809633374
nomix,27,500,9,0.00027916289400309324
nomix,27,500,10,0.0001406230148859322
nomix,27,500,11,0.0
nomix,27,600,0,0.014935584738850594
nomix,27,600,1,0.008681878447532654
nomix,27,600,2,0.0051868027076125145
nomix,27,600,3,0.004263094160705805
nomix,27,600,4,0.0030503664165735245
nomix,27,600,5,0.002369294874370098
nomix,27,600,6,0.0016897991299629211
nomix,27,600,7,0.0014880129601806402
nomix,27,600,8,0.0007731177611276507
nomix,27,600,9,0.0003170783456880599
nomix,27,600,10,0.0001485379907535389
nomix,27,600,11,0.0
nomix,27,700,0,0.015499060973525047
nomix,27,700,1,0.00749853253364563
nomix,27,700,2,0.005278486758470535
nomix,27,700,3,0.0040186187252402306
nomix,27,700,4,0.003177035367116332
nomix,27,700,5,0.0024998218286782503
nomix,27,700,6,0.0015259234933182597
nomix,27,700,7,0.0014868560247123241
nomix,27,700,8,0.0007229916518554091
nomix,27,700,9,0.0002837330976035446
nomix,27,700,10,0.000140164396725595
nomix,27,700,11,0.0
nomix,27,800,0,0.016346752643585205
nomix,27,800,1,0.009264685213565826
nomix,27,800,2,0.00525558739900589
nomix,27,800,3,0.004340867977589369
nomix,27,800,4,0.0031870389357209206
nomix,27,800,5,0.002382849808782339
nomix,27,800,6,0.0016128869028761983
nomix,27,800,7,0.00152281962800771
nomix,27,800,8,0.0007585042039863765
nomix,27,800,9,0.0003182044019922614
nomix,27,800,10,0.00015417623217217624
nomix,27,800,11,0.0
nomix,27,900,0,0.01556288544088602
nomix,27,900,1,0.007237136829644442
nomix,27,900,2,0.005108422599732876
nomix,27,900,3,0.003976564854383469
nomix,27,900,4,0.0029150526970624924
nomix,27,900,5,0.0024498228449374437
nomix,27,900,6,0.001691168756224215
nomix,27,900,7,0.0015673758462071419
nomix,27,900,8,0.0007444905349984765
nomix,27,900,9,0.0002968760090880096
nomix,27,900,10,0.00015088093641679734
nomix,27,900,11,0.0
nomix,27,1000,0,0.01448820997029543
nomix,27,1000,1,0.007291395217180252
nomix,27,1000,2,0.004829473793506622
nomix,27,1000,3,0.0036697678733617067
nomix,27,1000,4,0.0029005103278905153
nomix,27,1000,5,0.0022413143888115883
nomix,27,1000,6,0.0016463870415464044
nomix,27,1000,7,0.0015030198264867067
nomix,27,1000,8,0.000705404847394675
nomix,27,1000,9,0.0002848582516890019
nomix,27,1000,10,0.00013998830399941653
nomix,27,1000,11,0.0
nomix,27,1100,0,0.015987331047654152
nomix,27,1100,1,0.008381630294024944
nomix,27,1100,2,0.005646870471537113
nomix,27,1100,3,0.0041112350299954414
nomix,27,1100,4,0.0032388598192483187
nomix,27,1100,5,0.0024107361678034067
nomix,27,1100,6,0.001697003492154181
nomix,27,1100,7,0.001531692105345428
nomix,27,1100,8,0.0007625469588674605
nomix,27,1100,9,0.00029879852081649005
nomix,27,1100,10,0.00015077552234288305
nomix,27,1100,11,0.0
nomix,27,1200,0,0.016411099582910538
nomix,27,1200,1,0.007650069426745176
nomix,27,1200,2,0.004986229352653027
nomix,27,1200,3,0.0037087476812303066
nomix,27,1200,4,0.002962545258924365
nomix,27,1200,5,0.0023562400601804256
nomix,27,1200,6,0.0016981317894533277
nomix,27,1200,7,0.0015112531837075949
nomix,27,1200,8,0.0007690686616115272
nomix,27,1200,9,0.00032621726859360933
nomix,27,1200,10,0.00015767512377351522
nomix,27,1200,11,0.0
nomix,28,0,0,0.01481121126562357
nomix,28,0,1,0.00807240977883339
nomix,28,0,2,0.0051832040771842
nomix,28,0,3,0.00394565612077713
nomix,28,0,4,0.0029346339870244265
nomix,28,0,5,0.0021583279594779015
nomix,28,0,6,0.0016213265480473638
nomix,28,0,7,0.0013794041005894542
nomix,28,0,8,0.0007060641655698419
nomix,28,0,9,0.00030581510509364307
nomix,28,0,10,0.000139213414513506
nomix,28,0,11,0.0
nomix,28,100,0,0.01586822047829628
nomix,28,100,1,0.008352016098797321
nomix,28,100,2,0.005299428012222052
nomix,28,100,3,0.003988917451351881
nomix,28,100,4,0.003325816709548235
nomix,28,100,5,0.0024311342276632786
nomix,28,100,6,0.0017477895598858595
nomix,28,100,7,0.0014207683270797133
nomix,28,100,8,0.0007535609183833003
nomix,28,100,9,0.0002952560316771269
nomix,28,100,10,0.00015277987404260784
nomix,28,100,11,0.0
nomix,28,200,0,0.016069719567894936
nomix,28,200,1,0.008345692418515682
nomix,28,200,2,0.0057520330883562565
nomix,28,200,3,0.0040497733280062675
nomix,28,200,4,0.00340540730394423
nomix,28,200,5,0.0025842483155429363
nomix,28,200,6,0.0016956320032477379
nomix,28,200,7,0.001598991802893579
nomix,28,200,8,0.0007847144152037799
nomix,28,200,9,0.0003350182087160647
nomix,28,200,10,0.00016117034829221666
nomix,28,200,11,0.0
nomix,28,300,0,0.01832626760005951
nomix,28,300,1,0.008503620512783527
nomix,28,300,2,0.0055791111662983894
nomix,28,300,3,0.0039094360545277596
nomix,28,300,4,0.0030172381084412336
nomix,28,300,5,0.002494209911674261
nomix,28,300,6,0.0016920651542022824
nomix,28,300,7,0.0015081509482115507
nomix,28,300,8,0.0007702416623942554
nomix,28,300,9,0.0003314856148790568
nomix,28,300,10,0.00015008954505901784
nomix,28,300,11,0.0
nomix,28,400,0,0.01584920473396778
nomix,28,400,1,0.00796753540635109
nomix,28,400,2,0.005382699891924858
nomix,28,400,3,0.003941094037145376
nomix,28,400,4,0.0030862553976476192
nomix,28,400,5,0.0023956582881510258
nomix,28,400,6,0.0015596931334584951
nomix,28,400,7,0.001535097835585475
nomix,28,400,8,0.0007584180566482246
nomix,28,400,9,0.00029393384465947747
nomix,28,400,10,0.00015327153960242867
nomix,28,400,11,0.0
nomix,28,500,0,0.017121197655797005
nomix,28,500,1,0.008221332915127277
nomix,28,500,2,0.005262603517621756
nomix,28,500,3,0.004064271692186594
nomix,28,500,4,0.0030094794929027557
nomix,28,500,5,0.002191555919125676
nomix,28,500,6,0.0016659869579598308
nomix,28,500,7,0.0014238129369914532
nomix,28,500,8,0.0007654381333850324
nomix,28,500,9,0.00027832118212245405
nomix,28,500,10,0.0001538577926112339
nomix,28,500,11,0.0
nomix,28,600,0,0.0175066776573658
nomix,28,600,1,0.00891793705523014
nomix,28,600,2,0.005459034815430641
nomix,28,600,3,0.004045089706778526
nomix,28,600,4,0.0031609477009624243
nomix,28,600,5,0.002519147703424096
nomix,28,600,6,0.001645215437747538
nomix,28,600,7,0.0014244101475924253
nomix,28,600,8,0.0007522559026256204
nomix,28,600,9,0.0002894950157497078
nomix,28,600,10,0.00015284831169992685
nomix,28,600,11,0.0
nomix,28,700,0,0.01818009465932846
nomix,28,700,1,0.008575760759413242
nomix,28,700,2,0.005384254269301891
nomix,28,700,3,0.0043430086225271225
nomix,28,700,4,0.003128398209810257
nomix,28,700,5,0.0026319874450564384
nomix,28,700,6,0.0017583481967449188
nomix,28,700,7,0.0015164276119321585
nomix,28,700,8,0.0008573767845518887
nomix,28,700,9,0.0003171078278683126
nomix,28,700,10,0.00015889163478277624
nomix,28,700,11,0.0
nomix,28,800,0,0.016168534755706787
nomix,28,800,1,0.007712738122791052
nomix,28,800,2,0.005394507199525833
nomix,28,800,3,0.004102830309420824
nomix,28,800,4,0.0029773812275379896
nomix,28,800,5,0.002476816065609455
nomix,28,800,6,0.0017595564713701606
nomix,28,800,7,0.0015700607327744365
nomix,28,800,8,0.0007315669790841639
nomix,28,800,9,0.00030148413497954607
nomix,28,800,10,0.00015167075616773218
nomix,28,800,11,0.0
nomix,28,900,0,0.01781194843351841
nomix,28,900,1,0.00864090770483017
nomix,28,900,2,0.005688874516636133
nomix,28,900,3,0.003985634073615074
nomix,28,900,4,0.00316850608214736
nomix,28,900,5,0.0026036344934254885
nomix,28,900,6,0.0016993386670947075
nomix,28,900,7,0.001533288392238319
nomix,28,900,8,0.000782876624725759
nomix,28,900,9,0.00030192366102710366
nomix,28,900,10,0.000156211041030474
nomix,28,900,11,0.0
nomix,28,1000,0,0.018313584849238396
nomix,28,1000,1,0.008528324775397778
nomix,28,1000,2,0.00562333595007658
nomix,28,1000,3,0.004116762429475784
nomix,28,1000,4,0.0031046709045767784
nomix,28,1000,5,0.002401134232059121
nomix,28,1000,6,0.0017608283087611198
nomix,28,1000,7,0.001537818112410605
nomix,28,1000,8,0.0007721514557488263
nomix,28,1000,9,0.00035246374318376184
nomix,28,1000,10,0.00015002700092736632
nomix,28,1000,11,0.0
nomix,28,1100,0,0.01826435886323452
nomix,28,1100,1,0.008132820948958397
nomix,28,1100,2,0.0052953786216676235
nomix,28,1100,3,0.0041277226991951466
nomix,28,1100,4,0.002944061066955328
nomix,28,1100,5,0.0026174280792474747
nomix,28,1100,6,0.001619349350221455
nomix,28,1100,7,0.0014374367892742157
nomix,28,1100,8,0.0007929127314127982
nomix,28,1100,9,0.0002975214447360486
nomix,28,1100,10,0.00015844857261981815
nomix,28,1100,11,0.0
nomix,28,1200,0,0.017301185056567192
nomix,28,1200,1,0.007398361340165138
nomix,28,1200,2,0.005339528899639845
nomix,28,1200,3,0.0039581977762281895
nomix,28,1200,4,0.003033791668713093
nomix,28,1200,5,0.0024497846607118845
nomix,28,1200,6,0.0017205285839736462
nomix,28,1200,7,0.0014871660387143493
nomix,28,1200,8,0.0007334210677072406
nomix,28,1200,9,0.0002931537455879152
nomix,28,1200,10,0.00015105601050890982
nomix,28,1200,11,0.0
nomix,29,0,0,0.019833145663142204
nomix,29,0,1,0.009429220110177994
nomix,29,0,2,0.005244889762252569
nomix,29,0,3,0.003927809186279774
nomix,29,0,4,0.003022885648533702
nomix,29,0,5,0.00223587010987103
nomix,29,0,6,0.0016042460920289159
nomix,29,0,7,0.001503477105870843
nomix,29,0,8,0.0007717807893641293
nomix,29,0,9,0.000314326403895393
nomix,29,0,10,0.0001483743399148807
nomix,29,0,11,0.0
nomix,29,100,0,0.019047709181904793
nomix,29,100,1,0.008394545875489712
nomix,29,100,2,0.005682750139385462
nomix,29,100,3,0.004098118748515844
nomix,29,100,4,0.0032456782646477222
nomix,29,100,5,0.002345286775380373
nomix,29,100,6,0.0016287375474348664
nomix,29,100,7,0.0013687292812392116
nomix,29,100,8,0.0007821614271961153
nomix,29,100,9,0.0002988191554322839
nomix,29,100,10,0.0001554404734633863
nomix,29,100,11,0.0
nomix,29,200,0,0.018855534493923187
nomix,29,200,1,0.008401688188314438
nomix,29,200,2,0.005400015506893396
nomix,29,200,3,0.004261619411408901
nomix,29,200,4,0.0029787912499159575
nomix,29,200,5,0.002339722588658333
nomix,29,200,6,0.0015232773730531335
nomix,29,200,7,0.0013720481656491756
nomix,29,200,8,0.0007815969293005764
nomix,29,200,9,0.00028944783844053745
nomix,29,200,10,0.00015104567864909768
nomix,29,200,11,0.0
nomix,29,300,0,0.01942390203475952
nomix,29,300,1,0.00925289187580347
nomix,29,300,2,0.005873857997357845
nomix,29,300,3,0.0041520860977470875
nomix,29,300,4,0.003388740587979555
nomix,29,300,5,0.0026091940235346556
nomix,29,300,6,0.0017711487598717213
nomix,29,300,7,0.0015108803054317832
nomix,29,300,8,0.0007320691947825253
nomix,29,300,9,0.0003084187628701329
nomix,29,300,10,0.00015083185280673206
nomix,29,300,11,0.0
nomix,29,400,0,0.017812762409448624
nomix,29,400,1,0.008296230807900429
nomix,29,400,2,0.005491139832884073
nomix,29,400,3,0.004119269549846649
nomix,29,400,4,0.0031088804826140404
nomix,29,400,5,0.0024621349293738604
nomix,29,400,6,0.0016633740160614252
nomix,29,400,7,0.0014688394730910659
nomix,29,400,8,0.0007870332337915897
nomix,29,400,9,0.00030283656087704003
nomix,29,400,10,0.00014830270083621144
nomix,29,400,11,0.0
nomix,29,500,0,0.01952867954969406
nomix,29,500,1,0.009116925299167633
nomix,29,500,2,0.005669295322149992
nomix,29,500,3,0.004153306595981121
nomix,29,500,4,0.0031901965849101543
nomix,29,500,5,0.00253411871381104
nomix,29,500,6,0.0017211348749697208
nomix,29,500,7,0.0015519841108471155
nomix,29,500,8,0.0007831950788386166
nomix,29,500,9,0.00030914932722225785
nomix,29,500,10,0.00014643438044004142
nomix,29,500,11,0.0
nomix,29,600,0,0.019204409793019295
nomix,29,600,1,0.00795460119843483
nomix,29,600,2,0.0055069634690880775
nomix,29,600,3,0.004197161179035902
nomix,29,600,4,0.003328765509650111
nomix,29,600,5,0.002406227169558406
nomix,29,600,6,0.0018362430855631828
nomix,29,600,7,0.0015463309828191996
nomix,29,600,8,0.0008193288813345134
nomix,29,600,9,0.00030421619885601103
nomix,29,600,10,0.00016131233132909983
nomix,29,600,11,0.0
nomix,29,700,0,0.023444531485438347
nomix,29,700,1,0.009310932829976082
nomix,29,700,2,0.005538245663046837
nomix,29,700,3,0.0043416800908744335
nomix,29,700,4,0.003307189093902707
nomix,29,700,5,0.0025301212444901466
nomix,29,700,6,0.0016415114514529705
nomix,29,700,7,0.001561337965540588
nomix,29,700,8,0.0008137794793583453
nomix,29,700,9,0.00031601160299032927
nomix,29,700,10,0.00014343390648718923
nomix,29,700,11,0.0
nomix,29,800,0,0.021668074652552605
nomix,29,800,1,0.0094086779281497
nomix,29,800,2,0.005386511795222759
nomix,29,800,3,0.003999911714345217
nomix,29,800,4,0.003069219645112753
nomix,29,800,5,0.002322640037164092
nomix,29,800,6,0.0016498902114108205
nomix,29,800,7,0.0014316221931949258
nomix,29,800,8,0.0008199704461731017
nomix,29,800,9,0.00030949810752645135
nomix,29,800,10,0.00016398799198213965
nomix,29,800,11,0.0
nomix,29,900,0,0.020815560594201088
nomix,29,900,1,0.008751890622079372
nomix,29,900,2,0.005921528209000826
nomix,29,900,3,0.004296709317713976
nomix,29,900,4,0.0033263724762946367
nomix,29,900,5,0.002366469707340002
nomix,29,900,6,0.0016366388881579041
nomix,29,900,7,0.0016353997634723783
nomix,29,900,8,0.0008532856008969247
nomix,29,900,9,0.00029880384681746364
nomix,29,900,10,0.00015600585902575403
nomix,29,900,11,0.0
nomix,29,1000,0,0.020222702994942665
nomix,29,1000,1,0.008502875454723835
nomix,29,1000,2,0.005260234698653221
nomix,29,1000,3,0.004107948392629623
nomix,29,1000,4,0.0030028028413653374
nomix,29,1000,5,0.0021619684994220734
nomix,29,1000,6,0.0016993724275380373
nomix,29,1000,7,0.001518532051704824
nomix,29,1000,8,0.0007357309223152697
nomix,29,1000,9,0.00031420131563208997
nomix,29,1000,10,0.00014340970665216446
nomix,29,1000,11,0.0
nomix,29,1100,0,0.019274136051535606
nomix,29,1100,1,0.007717214524745941
nomix,29,1100,2,0.0054870108142495155
nomix,29,1100,3,0.004099685698747635
nomix,29,1100,4,0.00314124277792871
nomix,29,1100,5,0.0025050698313862085
nomix,29,1100,6,0.0016654334031045437
nomix,29,1100,7,0.0014524759026244283
nomix,29,1100,8,0.0008096135570667684
nomix,29,1100,9,0.0003164680674672127
nomix,29,1100,10,0.0001539462828077376
nomix,29,1100,11,0.0
nomix,29,1200,0,0.022673457860946655
nomix,29,1200,1,0.009743859991431236
nomix,29,1200,2,0.005597007926553488
nomix,29,1200,3,0.004040534142404795
nomix,29,1200,4,0.0030167538207024336
nomix,29,1200,5,0.0023853762540966272
nomix,29,1200,6,0.001695734797976911
nomix,29,1200,7,0.001585344085469842
nomix,29,1200,8,0.000784662610385567
nomix,29,1200,9,0.0002958119730465114
nomix,29,1200,10,0.00014964054571464658
nomix,29,1200,11,0.0
nomix,30,0,0,0.021755220368504524
nomix,30,0,1,0.008556077256798744
nomix,30,0,2,0.0053783804178237915
nomix,30,0,3,0.003920215182006359
nomix,30,0,4,0.0034180667717009783
nomix,30,0,5,0.002600574167445302
nomix,30,0,6,0.0017438882496207952
nomix,30,0,7,0.00157997477799654
nomix,30,0,8,0.00082171312533319
nomix,30,0,9,0.00029997332603670657
nomix,30,0,10,0.00014694550191052258
nomix,30,0,11,0.0
nomix,30,100,0,0.021102722734212875
nomix,30,100,1,0.00908153411000967
nomix,30,100,2,0.005469081923365593
nomix,30,100,3,0.0038355987053364515
nomix,30,100,4,0.0030036941170692444
nomix,30,100,5,0.002499409718438983
nomix,30,100,6,0.0016707527684047818
nomix,30,100,7,0.0017216410487890244
nomix,30,100,8,0.0008364793029613793
nomix,30,100,9,0.0003095902793575078
nomix,30,100,10,0.00015531221288256347
nomix,30,100,11,0.0
nomix,30,200,0,0.02164398320019245
nomix,30,200,1,0.009077225811779499
nomix,30,200,2,0.005649190861731768
nomix,30,200,3,0.0038854568265378475
nomix,30,200,4,0.0031185471452772617
nomix,30,200,5,0.0025995555333793163
nomix,30,200,6,0.0016290683997794986
nomix,30,200,7,0.0014254897832870483
nomix,30,200,8,0.0007628034218214452
nomix,30,200,9,0.0003230332804378122
nomix,30,200,10,0.0001475455501349643
nomix,30,200,11,0.0
nomix,30,300,0,0.022854583337903023
nomix,30,300,1,0.009045872837305069
nomix,30,300,2,0.0052936384454369545
nomix,30,300,3,0.0041045392863452435
nomix,30,300,4,0.0029707925859838724
nomix,30,300,5,0.0024537979625165462
nomix,30,300,6,0.0017706324579194188
nomix,30,300,7,0.0014600331196561456
nomix,30,300,8,0.000752034189645201
nomix,30,300,9,0.00031817349372431636
nomix,30,300,10,0.00016441242769360542
nomix,30,300,11,0.0
nomix,30,400,0,0.02163737639784813
nomix,30,400,1,0.009015447460114956
nomix,30,400,2,0.005568428430706263
nomix,30,400,3,0.003947898279875517
nomix,30,400,4,0.0030783365946263075
nomix,30,400,5,0.002534391125664115
nomix,30,400,6,0.001816092524677515
nomix,30,400,7,0.0014669342199340463
nomix,30,400,8,0.0007928237901069224
nomix,30,400,9,0.00030608364613726735
nomix,30,400,10,0.00014776673924643546
nomix,30,400,11,0.0
nomix,30,500,0,0.02165067195892334
nomix,30,500,1,0.009564829990267754
nomix,30,500,2,0.0057265376672148705
nomix,30,500,3,0.003927510231733322
nomix,30,500,4,0.0029408354312181473
nomix,30,500,5,0.002408066764473915
nomix,30,500,6,0.0016837118891999125
nomix,30,500,7,0.0013799566077068448
nomix,30,500,8,0.0007286337786354125
nomix,30,500,9,0.0002732207940425724
nomix,30,500,10,0.00014671498502139002
nomix,30,500,11,0.0
nomix,30,600,0,0.022581767290830612
nomix,30,600,1,0.009216701611876488
nomix,30,600,2,0.0055494485422968864
nomix,30,600,3,0.003933669999241829
nomix,30,600,4,0.0032006234396249056
nomix,30,600,5,0.0023340776097029448
nomix,30,600,6,0.0016927451360970736
nomix,30,600,7,0.0015396836679428816
nomix,30,600,8,0.0007709903875365853
nomix,30,600,9,0.0002976306132040918
nomix,30,600,10,0.0001579179079271853
nomix,30,600,11,0.0
nomix,30,700,0,0.023124463856220245
nomix,30,700,1,0.009582871571183205
nomix,30,700,2,0.00569844851270318
nomix,30,700,3,0.004473147913813591
nomix,30,700,4,0.0029201386496424675
nomix,30,700,5,0.002588643692433834
nomix,30,700,6,0.001808828441426158
nomix,30,700,7,0.0015904108295217156
nomix,30,700,8,0.000844163354486227
nomix,30,700,9,0.0003044319455511868
nomix,30,700,10,0.00015231977158691734
nomix,30,700,11,0.0
nomix,30,800,0,0.02152152732014656
nomix,30,800,1,0.008662118576467037
nomix,30,800,2,0.0053731296211481094
nomix,30,800,3,0.00400375435128808
nomix,30,800,4,0.002880541142076254
nomix,30,800,5,0.002399784279987216
nomix,30,800,6,0.0016010092804208398
nomix,30,800,7,0.0015047361375764012
nomix,30,800,8,0.0007750437362119555
nomix,30,800,9,0.0002882333646994084
nomix,30,800,10,0.00015892235387582332
nomix,30,800,11,0.0
nomix,30,900,0,0.023205989971756935
nomix,30,900,1,0.008689772337675095
nomix,30,900,2,0.00524233840405941
nomix,30,900,3,0.003927009180188179
nomix,30,900,4,0.002954802243039012
nomix,30,900,5,0.002287051873281598
nomix,30,900,6,0.0017174624372273684
nomix,30,900,7,0.0015538090374320745
nomix,30,900,8,0.0007489781710319221
nomix,30,900,9,0.0003072908439207822
nomix,30,900,10,0.00014877089415676892
nomix,30,900,11,0.0
nomix,30,1000,0,0.024299532175064087
nomix,30,1000,1,0.010120443999767303
nomix,30,1000,2,0.005593463312834501
nomix,30,1000,3,0.004117961507290602
nomix,30,1000,4,0.0031672108452767134
nomix,30,1000,5,0.0024990681558847427
nomix,30,1000,6,0.001758892321959138
nomix,30,1000,7,0.0014857129426673055
nomix,30,1000,8,0.0008342069340869784
nomix,30,1000,9,0.0003050156810786575
nomix,30,1000,10,0.00015614120638929307
nomix,30,1000,11,0.0
nomix,30,1100,0,0.022644104436039925
nomix,30,1100,1,0.010249927639961243
nomix,30,1100,2,0.005825838539749384
nomix,30,1100,3,0.00431482121348381
nomix,30,1100,4,0.003376529086381197
nomix,30,1100,5,0.0025399764999747276
nomix,30,1100,6,0.0017011439194902778
nomix,30,1100,7,0.001532752183265984
nomix,30,1100,8,0.0008086172165349126
nomix,30,1100,9,0.0003200675128027797
nomix,30,1100,10,0.00015317107317969203
nomix,30,1100,11,0.0
nomix,30,1200,0,0.025485143065452576
nomix,30,1200,1,0.00986931100487709
nomix,30,1200,2,0.005564727354794741
nomix,30,1200,3,0.004317707847803831
nomix,30,1200,4,0.0031763287261128426
nomix,30,1200,5,0.002729872241616249
nomix,30,1200,6,0.0017323399661108851
nomix,30,1200,7,0.0015258091734722257
nomix,30,1200,8,0.0008350373827852309
nomix,30,1200,9,0.0003172706929035485
nomix,30,1200,10,0.00015189958503469825
nomix,30,1200,11,0.0
